solid OpenSCAD_Model
  facet normal -0.629179 0.777261 0
    outer loop
      vertex -21.0632 -67.0404 3.8147e-07
      vertex -21.1771 -67.1326 2.4
      vertex -21.0632 -67.0404 2.4
    endloop
  endfacet
  facet normal -0.629179 0.777261 0
    outer loop
      vertex -21.1771 -67.1326 2.4
      vertex -21.0632 -67.0404 3.8147e-07
      vertex -21.1771 -67.1326 3.8147e-07
    endloop
  endfacet
  facet normal -0.629179 0.777261 0
    outer loop
      vertex -21.0632 -67.0404 18.9
      vertex -21.1771 -67.1326 20.4
      vertex -21.0632 -67.0404 20.4
    endloop
  endfacet
  facet normal -0.629179 0.777261 0
    outer loop
      vertex -21.1771 -67.1326 20.4
      vertex -21.0632 -67.0404 18.9
      vertex -21.1771 -67.1326 18.9
    endloop
  endfacet
  facet normal -0.707107 -0.707107 0
    outer loop
      vertex -20.9596 -65.0632 3.8147e-07
      vertex -21.0632 -64.9596 2.4
      vertex -21.0632 -64.9596 3.8147e-07
    endloop
  endfacet
  facet normal -0.707107 -0.707107 0
    outer loop
      vertex -21.0632 -64.9596 2.4
      vertex -20.9596 -65.0632 3.8147e-07
      vertex -20.9596 -65.0632 2.4
    endloop
  endfacet
  facet normal -0.707107 -0.707107 0
    outer loop
      vertex -20.9596 -65.0632 18.9
      vertex -21.0632 -64.9596 20.4
      vertex -21.0632 -64.9596 18.9
    endloop
  endfacet
  facet normal -0.707107 -0.707107 0
    outer loop
      vertex -21.0632 -64.9596 20.4
      vertex -20.9596 -65.0632 18.9
      vertex -20.9596 -65.0632 20.4
    endloop
  endfacet
  facet normal -0.987724 -0.156208 0
    outer loop
      vertex -20.6077 -65.8537 3.8147e-07
      vertex -20.6306 -65.7089 2.4
      vertex -20.6306 -65.7089 3.8147e-07
    endloop
  endfacet
  facet normal -0.987724 -0.156208 0
    outer loop
      vertex -20.6306 -65.7089 2.4
      vertex -20.6077 -65.8537 3.8147e-07
      vertex -20.6077 -65.8537 2.4
    endloop
  endfacet
  facet normal -0.987724 -0.156208 0
    outer loop
      vertex -20.6077 -65.8537 18.9
      vertex -20.6306 -65.7089 20.4
      vertex -20.6306 -65.7089 18.9
    endloop
  endfacet
  facet normal -0.987724 -0.156208 0
    outer loop
      vertex -20.6306 -65.7089 20.4
      vertex -20.6077 -65.8537 18.9
      vertex -20.6077 -65.8537 20.4
    endloop
  endfacet
  facet normal -0.998618 -0.0525588 0
    outer loop
      vertex -20.6 -66 3.8147e-07
      vertex -20.6077 -65.8537 2.4
      vertex -20.6077 -65.8537 3.8147e-07
    endloop
  endfacet
  facet normal -0.998618 -0.0525588 0
    outer loop
      vertex -20.6077 -65.8537 2.4
      vertex -20.6 -66 3.8147e-07
      vertex -20.6 -66 2.4
    endloop
  endfacet
  facet normal -0.998618 -0.0525588 0
    outer loop
      vertex -20.6 -66 18.9
      vertex -20.6077 -65.8537 20.4
      vertex -20.6077 -65.8537 18.9
    endloop
  endfacet
  facet normal -0.998618 -0.0525588 0
    outer loop
      vertex -20.6077 -65.8537 20.4
      vertex -20.6 -66 18.9
      vertex -20.6 -66 20.4
    endloop
  endfacet
  facet normal -0.965951 -0.258725 0
    outer loop
      vertex -20.6306 -65.7089 3.8147e-07
      vertex -20.6685 -65.5674 2.4
      vertex -20.6685 -65.5674 3.8147e-07
    endloop
  endfacet
  facet normal -0.965951 -0.258725 0
    outer loop
      vertex -20.6685 -65.5674 2.4
      vertex -20.6306 -65.7089 3.8147e-07
      vertex -20.6306 -65.7089 2.4
    endloop
  endfacet
  facet normal -0.965951 -0.258725 0
    outer loop
      vertex -20.6306 -65.7089 18.9
      vertex -20.6685 -65.5674 20.4
      vertex -20.6685 -65.5674 18.9
    endloop
  endfacet
  facet normal -0.965951 -0.258725 0
    outer loop
      vertex -20.6685 -65.5674 20.4
      vertex -20.6306 -65.7089 18.9
      vertex -20.6306 -65.7089 20.4
    endloop
  endfacet
  facet normal -0.838709 -0.544581 0
    outer loop
      vertex -20.7876 -65.3 3.8147e-07
      vertex -20.8674 -65.1771 2.4
      vertex -20.8674 -65.1771 3.8147e-07
    endloop
  endfacet
  facet normal -0.838709 -0.544581 0
    outer loop
      vertex -20.8674 -65.1771 2.4
      vertex -20.7876 -65.3 3.8147e-07
      vertex -20.7876 -65.3 2.4
    endloop
  endfacet
  facet normal -0.838709 -0.544581 0
    outer loop
      vertex -20.7876 -65.3 18.9
      vertex -20.8674 -65.1771 20.4
      vertex -20.8674 -65.1771 18.9
    endloop
  endfacet
  facet normal -0.838709 -0.544581 0
    outer loop
      vertex -20.8674 -65.1771 20.4
      vertex -20.7876 -65.3 18.9
      vertex -20.7876 -65.3 20.4
    endloop
  endfacet
  facet normal 0.777261 -0.629179 0
    outer loop
      vertex -23.1326 -65.1771 2.4
      vertex -23.0404 -65.0632 3.8147e-07
      vertex -23.0404 -65.0632 2.4
    endloop
  endfacet
  facet normal 0.777261 -0.629179 0
    outer loop
      vertex -23.0404 -65.0632 3.8147e-07
      vertex -23.1326 -65.1771 2.4
      vertex -23.1326 -65.1771 3.8147e-07
    endloop
  endfacet
  facet normal 0.777261 -0.629179 0
    outer loop
      vertex -23.1326 -65.1771 20.4
      vertex -23.0404 -65.0632 18.9
      vertex -23.0404 -65.0632 20.4
    endloop
  endfacet
  facet normal 0.777261 -0.629179 0
    outer loop
      vertex -23.0404 -65.0632 18.9
      vertex -23.1326 -65.1771 20.4
      vertex -23.1326 -65.1771 18.9
    endloop
  endfacet
  facet normal 0.965951 -0.258725 0
    outer loop
      vertex -23.3694 -65.7089 2.4
      vertex -23.3315 -65.5674 3.8147e-07
      vertex -23.3315 -65.5674 2.4
    endloop
  endfacet
  facet normal 0.965951 -0.258725 0
    outer loop
      vertex -23.3315 -65.5674 3.8147e-07
      vertex -23.3694 -65.7089 2.4
      vertex -23.3694 -65.7089 3.8147e-07
    endloop
  endfacet
  facet normal 0.965951 -0.258725 0
    outer loop
      vertex -23.3694 -65.7089 20.4
      vertex -23.3315 -65.5674 18.9
      vertex -23.3315 -65.5674 20.4
    endloop
  endfacet
  facet normal 0.965951 -0.258725 0
    outer loop
      vertex -23.3315 -65.5674 18.9
      vertex -23.3694 -65.7089 20.4
      vertex -23.3694 -65.7089 18.9
    endloop
  endfacet
  facet normal 0.358293 -0.933609 0
    outer loop
      vertex -22.5694 -64.721 3.8147e-07
      vertex -22.4326 -64.6685 2.4
      vertex -22.5694 -64.721 2.4
    endloop
  endfacet
  facet normal 0.358293 -0.933609 0
    outer loop
      vertex -22.4326 -64.6685 2.4
      vertex -22.5694 -64.721 3.8147e-07
      vertex -22.4326 -64.6685 3.8147e-07
    endloop
  endfacet
  facet normal 0.358293 -0.933609 0
    outer loop
      vertex -22.5694 -64.721 18.9
      vertex -22.4326 -64.6685 20.4
      vertex -22.5694 -64.721 20.4
    endloop
  endfacet
  facet normal 0.358293 -0.933609 0
    outer loop
      vertex -22.4326 -64.6685 20.4
      vertex -22.5694 -64.721 18.9
      vertex -22.4326 -64.6685 18.9
    endloop
  endfacet
  facet normal 0.987724 0.156208 0
    outer loop
      vertex -23.3694 -66.2911 2.4
      vertex -23.3923 -66.1463 3.8147e-07
      vertex -23.3923 -66.1463 2.4
    endloop
  endfacet
  facet normal 0.987724 0.156208 0
    outer loop
      vertex -23.3923 -66.1463 3.8147e-07
      vertex -23.3694 -66.2911 2.4
      vertex -23.3694 -66.2911 3.8147e-07
    endloop
  endfacet
  facet normal 0.987724 0.156208 0
    outer loop
      vertex -23.3694 -66.2911 20.4
      vertex -23.3923 -66.1463 18.9
      vertex -23.3923 -66.1463 20.4
    endloop
  endfacet
  facet normal 0.987724 0.156208 0
    outer loop
      vertex -23.3923 -66.1463 18.9
      vertex -23.3694 -66.2911 20.4
      vertex -23.3694 -66.2911 18.9
    endloop
  endfacet
  facet normal 0.838709 -0.544581 0
    outer loop
      vertex -23.2124 -65.3 2.4
      vertex -23.1326 -65.1771 3.8147e-07
      vertex -23.1326 -65.1771 2.4
    endloop
  endfacet
  facet normal 0.838709 -0.544581 0
    outer loop
      vertex -23.1326 -65.1771 3.8147e-07
      vertex -23.2124 -65.3 2.4
      vertex -23.2124 -65.3 3.8147e-07
    endloop
  endfacet
  facet normal 0.838709 -0.544581 0
    outer loop
      vertex -23.2124 -65.3 20.4
      vertex -23.1326 -65.1771 18.9
      vertex -23.1326 -65.1771 20.4
    endloop
  endfacet
  facet normal 0.838709 -0.544581 0
    outer loop
      vertex -23.1326 -65.1771 18.9
      vertex -23.2124 -65.3 20.4
      vertex -23.2124 -65.3 18.9
    endloop
  endfacet
  facet normal -0.258725 0.965951 0
    outer loop
      vertex -21.5674 -67.3315 3.8147e-07
      vertex -21.7089 -67.3694 2.4
      vertex -21.5674 -67.3315 2.4
    endloop
  endfacet
  facet normal -0.258725 0.965951 0
    outer loop
      vertex -21.7089 -67.3694 2.4
      vertex -21.5674 -67.3315 3.8147e-07
      vertex -21.7089 -67.3694 3.8147e-07
    endloop
  endfacet
  facet normal -0.258725 0.965951 0
    outer loop
      vertex -21.5674 -67.3315 18.9
      vertex -21.7089 -67.3694 20.4
      vertex -21.5674 -67.3315 20.4
    endloop
  endfacet
  facet normal -0.258725 0.965951 0
    outer loop
      vertex -21.7089 -67.3694 20.4
      vertex -21.5674 -67.3315 18.9
      vertex -21.7089 -67.3694 18.9
    endloop
  endfacet
  facet normal 0.0525588 0.998618 -0
    outer loop
      vertex -22 -67.4 3.8147e-07
      vertex -22.1463 -67.3923 2.4
      vertex -22 -67.4 2.4
    endloop
  endfacet
  facet normal 0.0525588 0.998618 0
    outer loop
      vertex -22.1463 -67.3923 2.4
      vertex -22 -67.4 3.8147e-07
      vertex -22.1463 -67.3923 3.8147e-07
    endloop
  endfacet
  facet normal 0.0525588 0.998618 -0
    outer loop
      vertex -22 -67.4 18.9
      vertex -22.1463 -67.3923 20.4
      vertex -22 -67.4 20.4
    endloop
  endfacet
  facet normal 0.0525588 0.998618 0
    outer loop
      vertex -22.1463 -67.3923 20.4
      vertex -22 -67.4 18.9
      vertex -22.1463 -67.3923 18.9
    endloop
  endfacet
  facet normal -0.358293 0.933609 0
    outer loop
      vertex -21.4306 -67.279 3.8147e-07
      vertex -21.5674 -67.3315 2.4
      vertex -21.4306 -67.279 2.4
    endloop
  endfacet
  facet normal -0.358293 0.933609 0
    outer loop
      vertex -21.5674 -67.3315 2.4
      vertex -21.4306 -67.279 3.8147e-07
      vertex -21.5674 -67.3315 3.8147e-07
    endloop
  endfacet
  facet normal -0.358293 0.933609 0
    outer loop
      vertex -21.4306 -67.279 18.9
      vertex -21.5674 -67.3315 20.4
      vertex -21.4306 -67.279 20.4
    endloop
  endfacet
  facet normal -0.358293 0.933609 0
    outer loop
      vertex -21.5674 -67.3315 20.4
      vertex -21.4306 -67.279 18.9
      vertex -21.5674 -67.3315 18.9
    endloop
  endfacet
  facet normal -0.838709 0.544581 0
    outer loop
      vertex -20.8674 -66.8229 3.8147e-07
      vertex -20.7876 -66.7 2.4
      vertex -20.7876 -66.7 3.8147e-07
    endloop
  endfacet
  facet normal -0.838709 0.544581 0
    outer loop
      vertex -20.7876 -66.7 2.4
      vertex -20.8674 -66.8229 3.8147e-07
      vertex -20.8674 -66.8229 2.4
    endloop
  endfacet
  facet normal -0.838709 0.544581 0
    outer loop
      vertex -20.8674 -66.8229 18.9
      vertex -20.7876 -66.7 20.4
      vertex -20.7876 -66.7 18.9
    endloop
  endfacet
  facet normal -0.838709 0.544581 0
    outer loop
      vertex -20.7876 -66.7 20.4
      vertex -20.8674 -66.8229 18.9
      vertex -20.8674 -66.8229 20.4
    endloop
  endfacet
  facet normal -0.156208 -0.987724 0
    outer loop
      vertex -21.8537 -64.6077 3.8147e-07
      vertex -21.7089 -64.6306 2.4
      vertex -21.8537 -64.6077 2.4
    endloop
  endfacet
  facet normal -0.156208 -0.987724 -0
    outer loop
      vertex -21.7089 -64.6306 2.4
      vertex -21.8537 -64.6077 3.8147e-07
      vertex -21.7089 -64.6306 3.8147e-07
    endloop
  endfacet
  facet normal -0.156208 -0.987724 0
    outer loop
      vertex -21.8537 -64.6077 18.9
      vertex -21.7089 -64.6306 20.4
      vertex -21.8537 -64.6077 20.4
    endloop
  endfacet
  facet normal -0.156208 -0.987724 -0
    outer loop
      vertex -21.7089 -64.6306 20.4
      vertex -21.8537 -64.6077 18.9
      vertex -21.7089 -64.6306 18.9
    endloop
  endfacet
  facet normal -0.987724 0.156208 0
    outer loop
      vertex -20.6306 -66.2911 3.8147e-07
      vertex -20.6077 -66.1463 2.4
      vertex -20.6077 -66.1463 3.8147e-07
    endloop
  endfacet
  facet normal -0.987724 0.156208 0
    outer loop
      vertex -20.6077 -66.1463 2.4
      vertex -20.6306 -66.2911 3.8147e-07
      vertex -20.6306 -66.2911 2.4
    endloop
  endfacet
  facet normal -0.987724 0.156208 0
    outer loop
      vertex -20.6306 -66.2911 18.9
      vertex -20.6077 -66.1463 20.4
      vertex -20.6077 -66.1463 18.9
    endloop
  endfacet
  facet normal -0.987724 0.156208 0
    outer loop
      vertex -20.6077 -66.1463 20.4
      vertex -20.6306 -66.2911 18.9
      vertex -20.6306 -66.2911 20.4
    endloop
  endfacet
  facet normal 0.454294 -0.890852 0
    outer loop
      vertex -22.7 -64.7876 3.8147e-07
      vertex -22.5694 -64.721 2.4
      vertex -22.7 -64.7876 2.4
    endloop
  endfacet
  facet normal 0.454294 -0.890852 0
    outer loop
      vertex -22.5694 -64.721 2.4
      vertex -22.7 -64.7876 3.8147e-07
      vertex -22.5694 -64.721 3.8147e-07
    endloop
  endfacet
  facet normal 0.454294 -0.890852 0
    outer loop
      vertex -22.7 -64.7876 18.9
      vertex -22.5694 -64.721 20.4
      vertex -22.7 -64.7876 20.4
    endloop
  endfacet
  facet normal 0.454294 -0.890852 0
    outer loop
      vertex -22.5694 -64.721 20.4
      vertex -22.7 -64.7876 18.9
      vertex -22.5694 -64.721 18.9
    endloop
  endfacet
  facet normal 0.707107 0.707107 0
    outer loop
      vertex -22.9368 -67.0404 2.4
      vertex -23.0404 -66.9368 3.8147e-07
      vertex -23.0404 -66.9368 2.4
    endloop
  endfacet
  facet normal 0.707107 0.707107 0
    outer loop
      vertex -23.0404 -66.9368 3.8147e-07
      vertex -22.9368 -67.0404 2.4
      vertex -22.9368 -67.0404 3.8147e-07
    endloop
  endfacet
  facet normal 0.707107 0.707107 0
    outer loop
      vertex -22.9368 -67.0404 20.4
      vertex -23.0404 -66.9368 18.9
      vertex -23.0404 -66.9368 20.4
    endloop
  endfacet
  facet normal 0.707107 0.707107 0
    outer loop
      vertex -23.0404 -66.9368 18.9
      vertex -22.9368 -67.0404 20.4
      vertex -22.9368 -67.0404 18.9
    endloop
  endfacet
  facet normal 0.933609 -0.358293 0
    outer loop
      vertex -23.3315 -65.5674 2.4
      vertex -23.279 -65.4306 3.8147e-07
      vertex -23.279 -65.4306 2.4
    endloop
  endfacet
  facet normal 0.933609 -0.358293 0
    outer loop
      vertex -23.279 -65.4306 3.8147e-07
      vertex -23.3315 -65.5674 2.4
      vertex -23.3315 -65.5674 3.8147e-07
    endloop
  endfacet
  facet normal 0.933609 -0.358293 0
    outer loop
      vertex -23.3315 -65.5674 20.4
      vertex -23.279 -65.4306 18.9
      vertex -23.279 -65.4306 20.4
    endloop
  endfacet
  facet normal 0.933609 -0.358293 0
    outer loop
      vertex -23.279 -65.4306 18.9
      vertex -23.3315 -65.5674 20.4
      vertex -23.3315 -65.5674 18.9
    endloop
  endfacet
  facet normal 0.890852 0.454294 0
    outer loop
      vertex -23.2124 -66.7 2.4
      vertex -23.279 -66.5694 3.8147e-07
      vertex -23.279 -66.5694 2.4
    endloop
  endfacet
  facet normal 0.890852 0.454294 0
    outer loop
      vertex -23.279 -66.5694 3.8147e-07
      vertex -23.2124 -66.7 2.4
      vertex -23.2124 -66.7 3.8147e-07
    endloop
  endfacet
  facet normal 0.890852 0.454294 0
    outer loop
      vertex -23.2124 -66.7 20.4
      vertex -23.279 -66.5694 18.9
      vertex -23.279 -66.5694 20.4
    endloop
  endfacet
  facet normal 0.890852 0.454294 0
    outer loop
      vertex -23.279 -66.5694 18.9
      vertex -23.2124 -66.7 20.4
      vertex -23.2124 -66.7 18.9
    endloop
  endfacet
  facet normal -0.258725 -0.965951 0
    outer loop
      vertex -21.7089 -64.6306 3.8147e-07
      vertex -21.5674 -64.6685 2.4
      vertex -21.7089 -64.6306 2.4
    endloop
  endfacet
  facet normal -0.258725 -0.965951 -0
    outer loop
      vertex -21.5674 -64.6685 2.4
      vertex -21.7089 -64.6306 3.8147e-07
      vertex -21.5674 -64.6685 3.8147e-07
    endloop
  endfacet
  facet normal -0.258725 -0.965951 0
    outer loop
      vertex -21.7089 -64.6306 18.9
      vertex -21.5674 -64.6685 20.4
      vertex -21.7089 -64.6306 20.4
    endloop
  endfacet
  facet normal -0.258725 -0.965951 -0
    outer loop
      vertex -21.5674 -64.6685 20.4
      vertex -21.7089 -64.6306 18.9
      vertex -21.5674 -64.6685 18.9
    endloop
  endfacet
  facet normal -0.0525588 0.998618 0
    outer loop
      vertex -21.8537 -67.3923 3.8147e-07
      vertex -22 -67.4 2.4
      vertex -21.8537 -67.3923 2.4
    endloop
  endfacet
  facet normal -0.0525588 0.998618 0
    outer loop
      vertex -22 -67.4 2.4
      vertex -21.8537 -67.3923 3.8147e-07
      vertex -22 -67.4 3.8147e-07
    endloop
  endfacet
  facet normal -0.0525588 0.998618 0
    outer loop
      vertex -21.8537 -67.3923 18.9
      vertex -22 -67.4 20.4
      vertex -21.8537 -67.3923 20.4
    endloop
  endfacet
  facet normal -0.0525588 0.998618 0
    outer loop
      vertex -22 -67.4 20.4
      vertex -21.8537 -67.3923 18.9
      vertex -22 -67.4 18.9
    endloop
  endfacet
  facet normal -0.998618 0.0525588 0
    outer loop
      vertex -20.6077 -66.1463 3.8147e-07
      vertex -20.6 -66 2.4
      vertex -20.6 -66 3.8147e-07
    endloop
  endfacet
  facet normal -0.998618 0.0525588 0
    outer loop
      vertex -20.6 -66 2.4
      vertex -20.6077 -66.1463 3.8147e-07
      vertex -20.6077 -66.1463 2.4
    endloop
  endfacet
  facet normal -0.998618 0.0525588 0
    outer loop
      vertex -20.6077 -66.1463 18.9
      vertex -20.6 -66 20.4
      vertex -20.6 -66 18.9
    endloop
  endfacet
  facet normal -0.998618 0.0525588 0
    outer loop
      vertex -20.6 -66 20.4
      vertex -20.6077 -66.1463 18.9
      vertex -20.6077 -66.1463 20.4
    endloop
  endfacet
  facet normal 0.258725 0.965951 -0
    outer loop
      vertex -22.2911 -67.3694 3.8147e-07
      vertex -22.4326 -67.3315 2.4
      vertex -22.2911 -67.3694 2.4
    endloop
  endfacet
  facet normal 0.258725 0.965951 0
    outer loop
      vertex -22.4326 -67.3315 2.4
      vertex -22.2911 -67.3694 3.8147e-07
      vertex -22.4326 -67.3315 3.8147e-07
    endloop
  endfacet
  facet normal 0.258725 0.965951 -0
    outer loop
      vertex -22.2911 -67.3694 18.9
      vertex -22.4326 -67.3315 20.4
      vertex -22.2911 -67.3694 20.4
    endloop
  endfacet
  facet normal 0.258725 0.965951 0
    outer loop
      vertex -22.4326 -67.3315 20.4
      vertex -22.2911 -67.3694 18.9
      vertex -22.4326 -67.3315 18.9
    endloop
  endfacet
  facet normal 0.998618 -0.0525588 0
    outer loop
      vertex -23.4 -66 2.4
      vertex -23.3923 -65.8537 3.8147e-07
      vertex -23.3923 -65.8537 2.4
    endloop
  endfacet
  facet normal 0.998618 -0.0525588 0
    outer loop
      vertex -23.3923 -65.8537 3.8147e-07
      vertex -23.4 -66 2.4
      vertex -23.4 -66 3.8147e-07
    endloop
  endfacet
  facet normal 0.998618 -0.0525588 0
    outer loop
      vertex -23.4 -66 20.4
      vertex -23.3923 -65.8537 18.9
      vertex -23.3923 -65.8537 20.4
    endloop
  endfacet
  facet normal 0.998618 -0.0525588 0
    outer loop
      vertex -23.3923 -65.8537 18.9
      vertex -23.4 -66 20.4
      vertex -23.4 -66 18.9
    endloop
  endfacet
  facet normal -0.544581 -0.838709 0
    outer loop
      vertex -21.3 -64.7876 3.8147e-07
      vertex -21.1771 -64.8674 2.4
      vertex -21.3 -64.7876 2.4
    endloop
  endfacet
  facet normal -0.544581 -0.838709 -0
    outer loop
      vertex -21.1771 -64.8674 2.4
      vertex -21.3 -64.7876 3.8147e-07
      vertex -21.1771 -64.8674 3.8147e-07
    endloop
  endfacet
  facet normal -0.544581 -0.838709 0
    outer loop
      vertex -21.3 -64.7876 18.9
      vertex -21.1771 -64.8674 20.4
      vertex -21.3 -64.7876 20.4
    endloop
  endfacet
  facet normal -0.544581 -0.838709 -0
    outer loop
      vertex -21.1771 -64.8674 20.4
      vertex -21.3 -64.7876 18.9
      vertex -21.1771 -64.8674 18.9
    endloop
  endfacet
  facet normal 0.544581 0.838709 -0
    outer loop
      vertex -22.7 -67.2124 3.8147e-07
      vertex -22.8229 -67.1326 2.4
      vertex -22.7 -67.2124 2.4
    endloop
  endfacet
  facet normal 0.544581 0.838709 0
    outer loop
      vertex -22.8229 -67.1326 2.4
      vertex -22.7 -67.2124 3.8147e-07
      vertex -22.8229 -67.1326 3.8147e-07
    endloop
  endfacet
  facet normal 0.544581 0.838709 -0
    outer loop
      vertex -22.7 -67.2124 18.9
      vertex -22.8229 -67.1326 20.4
      vertex -22.7 -67.2124 20.4
    endloop
  endfacet
  facet normal 0.544581 0.838709 0
    outer loop
      vertex -22.8229 -67.1326 20.4
      vertex -22.7 -67.2124 18.9
      vertex -22.8229 -67.1326 18.9
    endloop
  endfacet
  facet normal -0.0525588 -0.998618 0
    outer loop
      vertex -22 -64.6 3.8147e-07
      vertex -21.8537 -64.6077 2.4
      vertex -22 -64.6 2.4
    endloop
  endfacet
  facet normal -0.0525588 -0.998618 -0
    outer loop
      vertex -21.8537 -64.6077 2.4
      vertex -22 -64.6 3.8147e-07
      vertex -21.8537 -64.6077 3.8147e-07
    endloop
  endfacet
  facet normal -0.0525588 -0.998618 0
    outer loop
      vertex -22 -64.6 18.9
      vertex -21.8537 -64.6077 20.4
      vertex -22 -64.6 20.4
    endloop
  endfacet
  facet normal -0.0525588 -0.998618 -0
    outer loop
      vertex -21.8537 -64.6077 20.4
      vertex -22 -64.6 18.9
      vertex -21.8537 -64.6077 18.9
    endloop
  endfacet
  facet normal -0.358293 -0.933609 0
    outer loop
      vertex -21.5674 -64.6685 3.8147e-07
      vertex -21.4306 -64.721 2.4
      vertex -21.5674 -64.6685 2.4
    endloop
  endfacet
  facet normal -0.358293 -0.933609 -0
    outer loop
      vertex -21.4306 -64.721 2.4
      vertex -21.5674 -64.6685 3.8147e-07
      vertex -21.4306 -64.721 3.8147e-07
    endloop
  endfacet
  facet normal -0.358293 -0.933609 0
    outer loop
      vertex -21.5674 -64.6685 18.9
      vertex -21.4306 -64.721 20.4
      vertex -21.5674 -64.6685 20.4
    endloop
  endfacet
  facet normal -0.358293 -0.933609 -0
    outer loop
      vertex -21.4306 -64.721 20.4
      vertex -21.5674 -64.6685 18.9
      vertex -21.4306 -64.721 18.9
    endloop
  endfacet
  facet normal -0.965951 0.258725 0
    outer loop
      vertex -20.6685 -66.4326 3.8147e-07
      vertex -20.6306 -66.2911 2.4
      vertex -20.6306 -66.2911 3.8147e-07
    endloop
  endfacet
  facet normal -0.965951 0.258725 0
    outer loop
      vertex -20.6306 -66.2911 2.4
      vertex -20.6685 -66.4326 3.8147e-07
      vertex -20.6685 -66.4326 2.4
    endloop
  endfacet
  facet normal -0.965951 0.258725 0
    outer loop
      vertex -20.6685 -66.4326 18.9
      vertex -20.6306 -66.2911 20.4
      vertex -20.6306 -66.2911 18.9
    endloop
  endfacet
  facet normal -0.965951 0.258725 0
    outer loop
      vertex -20.6306 -66.2911 20.4
      vertex -20.6685 -66.4326 18.9
      vertex -20.6685 -66.4326 20.4
    endloop
  endfacet
  facet normal 0.890852 -0.454294 0
    outer loop
      vertex -23.279 -65.4306 2.4
      vertex -23.2124 -65.3 3.8147e-07
      vertex -23.2124 -65.3 2.4
    endloop
  endfacet
  facet normal 0.890852 -0.454294 0
    outer loop
      vertex -23.2124 -65.3 3.8147e-07
      vertex -23.279 -65.4306 2.4
      vertex -23.279 -65.4306 3.8147e-07
    endloop
  endfacet
  facet normal 0.890852 -0.454294 0
    outer loop
      vertex -23.279 -65.4306 20.4
      vertex -23.2124 -65.3 18.9
      vertex -23.2124 -65.3 20.4
    endloop
  endfacet
  facet normal 0.890852 -0.454294 0
    outer loop
      vertex -23.2124 -65.3 18.9
      vertex -23.279 -65.4306 20.4
      vertex -23.279 -65.4306 18.9
    endloop
  endfacet
  facet normal 0.0525588 -0.998618 0
    outer loop
      vertex -22.1463 -64.6077 3.8147e-07
      vertex -22 -64.6 2.4
      vertex -22.1463 -64.6077 2.4
    endloop
  endfacet
  facet normal 0.0525588 -0.998618 0
    outer loop
      vertex -22 -64.6 2.4
      vertex -22.1463 -64.6077 3.8147e-07
      vertex -22 -64.6 3.8147e-07
    endloop
  endfacet
  facet normal 0.0525588 -0.998618 0
    outer loop
      vertex -22.1463 -64.6077 18.9
      vertex -22 -64.6 20.4
      vertex -22.1463 -64.6077 20.4
    endloop
  endfacet
  facet normal 0.0525588 -0.998618 0
    outer loop
      vertex -22 -64.6 20.4
      vertex -22.1463 -64.6077 18.9
      vertex -22 -64.6 18.9
    endloop
  endfacet
  facet normal 0.629179 -0.777261 0
    outer loop
      vertex -22.9368 -64.9596 3.8147e-07
      vertex -22.8229 -64.8674 2.4
      vertex -22.9368 -64.9596 2.4
    endloop
  endfacet
  facet normal 0.629179 -0.777261 0
    outer loop
      vertex -22.8229 -64.8674 2.4
      vertex -22.9368 -64.9596 3.8147e-07
      vertex -22.8229 -64.8674 3.8147e-07
    endloop
  endfacet
  facet normal 0.629179 -0.777261 0
    outer loop
      vertex -22.9368 -64.9596 18.9
      vertex -22.8229 -64.8674 20.4
      vertex -22.9368 -64.9596 20.4
    endloop
  endfacet
  facet normal 0.629179 -0.777261 0
    outer loop
      vertex -22.8229 -64.8674 20.4
      vertex -22.9368 -64.9596 18.9
      vertex -22.8229 -64.8674 18.9
    endloop
  endfacet
  facet normal -0.454294 -0.890852 0
    outer loop
      vertex -21.4306 -64.721 3.8147e-07
      vertex -21.3 -64.7876 2.4
      vertex -21.4306 -64.721 2.4
    endloop
  endfacet
  facet normal -0.454294 -0.890852 -0
    outer loop
      vertex -21.3 -64.7876 2.4
      vertex -21.4306 -64.721 3.8147e-07
      vertex -21.3 -64.7876 3.8147e-07
    endloop
  endfacet
  facet normal -0.454294 -0.890852 0
    outer loop
      vertex -21.4306 -64.721 18.9
      vertex -21.3 -64.7876 20.4
      vertex -21.4306 -64.721 20.4
    endloop
  endfacet
  facet normal -0.454294 -0.890852 -0
    outer loop
      vertex -21.3 -64.7876 20.4
      vertex -21.4306 -64.721 18.9
      vertex -21.3 -64.7876 18.9
    endloop
  endfacet
  facet normal -0.777261 0.629179 0
    outer loop
      vertex -20.9596 -66.9368 3.8147e-07
      vertex -20.8674 -66.8229 2.4
      vertex -20.8674 -66.8229 3.8147e-07
    endloop
  endfacet
  facet normal -0.777261 0.629179 0
    outer loop
      vertex -20.8674 -66.8229 2.4
      vertex -20.9596 -66.9368 3.8147e-07
      vertex -20.9596 -66.9368 2.4
    endloop
  endfacet
  facet normal -0.777261 0.629179 0
    outer loop
      vertex -20.9596 -66.9368 18.9
      vertex -20.8674 -66.8229 20.4
      vertex -20.8674 -66.8229 18.9
    endloop
  endfacet
  facet normal -0.777261 0.629179 0
    outer loop
      vertex -20.8674 -66.8229 20.4
      vertex -20.9596 -66.9368 18.9
      vertex -20.9596 -66.9368 20.4
    endloop
  endfacet
  facet normal -0.629179 -0.777261 0
    outer loop
      vertex -21.1771 -64.8674 3.8147e-07
      vertex -21.0632 -64.9596 2.4
      vertex -21.1771 -64.8674 2.4
    endloop
  endfacet
  facet normal -0.629179 -0.777261 -0
    outer loop
      vertex -21.0632 -64.9596 2.4
      vertex -21.1771 -64.8674 3.8147e-07
      vertex -21.0632 -64.9596 3.8147e-07
    endloop
  endfacet
  facet normal -0.629179 -0.777261 0
    outer loop
      vertex -21.1771 -64.8674 18.9
      vertex -21.0632 -64.9596 20.4
      vertex -21.1771 -64.8674 20.4
    endloop
  endfacet
  facet normal -0.629179 -0.777261 -0
    outer loop
      vertex -21.0632 -64.9596 20.4
      vertex -21.1771 -64.8674 18.9
      vertex -21.0632 -64.9596 18.9
    endloop
  endfacet
  facet normal -0.890852 0.454294 0
    outer loop
      vertex -20.7876 -66.7 3.8147e-07
      vertex -20.721 -66.5694 2.4
      vertex -20.721 -66.5694 3.8147e-07
    endloop
  endfacet
  facet normal -0.890852 0.454294 0
    outer loop
      vertex -20.721 -66.5694 2.4
      vertex -20.7876 -66.7 3.8147e-07
      vertex -20.7876 -66.7 2.4
    endloop
  endfacet
  facet normal -0.890852 0.454294 0
    outer loop
      vertex -20.7876 -66.7 18.9
      vertex -20.721 -66.5694 20.4
      vertex -20.721 -66.5694 18.9
    endloop
  endfacet
  facet normal -0.890852 0.454294 0
    outer loop
      vertex -20.721 -66.5694 20.4
      vertex -20.7876 -66.7 18.9
      vertex -20.7876 -66.7 20.4
    endloop
  endfacet
  facet normal 0.965951 0.258725 0
    outer loop
      vertex -23.3315 -66.4326 2.4
      vertex -23.3694 -66.2911 3.8147e-07
      vertex -23.3694 -66.2911 2.4
    endloop
  endfacet
  facet normal 0.965951 0.258725 0
    outer loop
      vertex -23.3694 -66.2911 3.8147e-07
      vertex -23.3315 -66.4326 2.4
      vertex -23.3315 -66.4326 3.8147e-07
    endloop
  endfacet
  facet normal 0.965951 0.258725 0
    outer loop
      vertex -23.3315 -66.4326 20.4
      vertex -23.3694 -66.2911 18.9
      vertex -23.3694 -66.2911 20.4
    endloop
  endfacet
  facet normal 0.965951 0.258725 0
    outer loop
      vertex -23.3694 -66.2911 18.9
      vertex -23.3315 -66.4326 20.4
      vertex -23.3315 -66.4326 18.9
    endloop
  endfacet
  facet normal -0.454294 0.890852 0
    outer loop
      vertex -21.3 -67.2124 3.8147e-07
      vertex -21.4306 -67.279 2.4
      vertex -21.3 -67.2124 2.4
    endloop
  endfacet
  facet normal -0.454294 0.890852 0
    outer loop
      vertex -21.4306 -67.279 2.4
      vertex -21.3 -67.2124 3.8147e-07
      vertex -21.4306 -67.279 3.8147e-07
    endloop
  endfacet
  facet normal -0.454294 0.890852 0
    outer loop
      vertex -21.3 -67.2124 18.9
      vertex -21.4306 -67.279 20.4
      vertex -21.3 -67.2124 20.4
    endloop
  endfacet
  facet normal -0.454294 0.890852 0
    outer loop
      vertex -21.4306 -67.279 20.4
      vertex -21.3 -67.2124 18.9
      vertex -21.4306 -67.279 18.9
    endloop
  endfacet
  facet normal -0.156208 0.987724 0
    outer loop
      vertex -21.7089 -67.3694 3.8147e-07
      vertex -21.8537 -67.3923 2.4
      vertex -21.7089 -67.3694 2.4
    endloop
  endfacet
  facet normal -0.156208 0.987724 0
    outer loop
      vertex -21.8537 -67.3923 2.4
      vertex -21.7089 -67.3694 3.8147e-07
      vertex -21.8537 -67.3923 3.8147e-07
    endloop
  endfacet
  facet normal -0.156208 0.987724 0
    outer loop
      vertex -21.7089 -67.3694 18.9
      vertex -21.8537 -67.3923 20.4
      vertex -21.7089 -67.3694 20.4
    endloop
  endfacet
  facet normal -0.156208 0.987724 0
    outer loop
      vertex -21.8537 -67.3923 20.4
      vertex -21.7089 -67.3694 18.9
      vertex -21.8537 -67.3923 18.9
    endloop
  endfacet
  facet normal 0.156208 0.987724 -0
    outer loop
      vertex -22.1463 -67.3923 3.8147e-07
      vertex -22.2911 -67.3694 2.4
      vertex -22.1463 -67.3923 2.4
    endloop
  endfacet
  facet normal 0.156208 0.987724 0
    outer loop
      vertex -22.2911 -67.3694 2.4
      vertex -22.1463 -67.3923 3.8147e-07
      vertex -22.2911 -67.3694 3.8147e-07
    endloop
  endfacet
  facet normal 0.156208 0.987724 -0
    outer loop
      vertex -22.1463 -67.3923 18.9
      vertex -22.2911 -67.3694 20.4
      vertex -22.1463 -67.3923 20.4
    endloop
  endfacet
  facet normal 0.156208 0.987724 0
    outer loop
      vertex -22.2911 -67.3694 20.4
      vertex -22.1463 -67.3923 18.9
      vertex -22.2911 -67.3694 18.9
    endloop
  endfacet
  facet normal 0.707107 -0.707107 0
    outer loop
      vertex -23.0404 -65.0632 2.4
      vertex -22.9368 -64.9596 3.8147e-07
      vertex -22.9368 -64.9596 2.4
    endloop
  endfacet
  facet normal 0.707107 -0.707107 0
    outer loop
      vertex -22.9368 -64.9596 3.8147e-07
      vertex -23.0404 -65.0632 2.4
      vertex -23.0404 -65.0632 3.8147e-07
    endloop
  endfacet
  facet normal 0.707107 -0.707107 0
    outer loop
      vertex -23.0404 -65.0632 20.4
      vertex -22.9368 -64.9596 18.9
      vertex -22.9368 -64.9596 20.4
    endloop
  endfacet
  facet normal 0.707107 -0.707107 0
    outer loop
      vertex -22.9368 -64.9596 18.9
      vertex -23.0404 -65.0632 20.4
      vertex -23.0404 -65.0632 18.9
    endloop
  endfacet
  facet normal 0.258725 -0.965951 0
    outer loop
      vertex -22.4326 -64.6685 3.8147e-07
      vertex -22.2911 -64.6306 2.4
      vertex -22.4326 -64.6685 2.4
    endloop
  endfacet
  facet normal 0.258725 -0.965951 0
    outer loop
      vertex -22.2911 -64.6306 2.4
      vertex -22.4326 -64.6685 3.8147e-07
      vertex -22.2911 -64.6306 3.8147e-07
    endloop
  endfacet
  facet normal 0.258725 -0.965951 0
    outer loop
      vertex -22.4326 -64.6685 18.9
      vertex -22.2911 -64.6306 20.4
      vertex -22.4326 -64.6685 20.4
    endloop
  endfacet
  facet normal 0.258725 -0.965951 0
    outer loop
      vertex -22.2911 -64.6306 20.4
      vertex -22.4326 -64.6685 18.9
      vertex -22.2911 -64.6306 18.9
    endloop
  endfacet
  facet normal -0.933609 -0.358293 0
    outer loop
      vertex -20.6685 -65.5674 3.8147e-07
      vertex -20.721 -65.4306 2.4
      vertex -20.721 -65.4306 3.8147e-07
    endloop
  endfacet
  facet normal -0.933609 -0.358293 0
    outer loop
      vertex -20.721 -65.4306 2.4
      vertex -20.6685 -65.5674 3.8147e-07
      vertex -20.6685 -65.5674 2.4
    endloop
  endfacet
  facet normal -0.933609 -0.358293 0
    outer loop
      vertex -20.6685 -65.5674 18.9
      vertex -20.721 -65.4306 20.4
      vertex -20.721 -65.4306 18.9
    endloop
  endfacet
  facet normal -0.933609 -0.358293 0
    outer loop
      vertex -20.721 -65.4306 20.4
      vertex -20.6685 -65.5674 18.9
      vertex -20.6685 -65.5674 20.4
    endloop
  endfacet
  facet normal -0.933609 0.358293 0
    outer loop
      vertex -20.721 -66.5694 3.8147e-07
      vertex -20.6685 -66.4326 2.4
      vertex -20.6685 -66.4326 3.8147e-07
    endloop
  endfacet
  facet normal -0.933609 0.358293 0
    outer loop
      vertex -20.6685 -66.4326 2.4
      vertex -20.721 -66.5694 3.8147e-07
      vertex -20.721 -66.5694 2.4
    endloop
  endfacet
  facet normal -0.933609 0.358293 0
    outer loop
      vertex -20.721 -66.5694 18.9
      vertex -20.6685 -66.4326 20.4
      vertex -20.6685 -66.4326 18.9
    endloop
  endfacet
  facet normal -0.933609 0.358293 0
    outer loop
      vertex -20.6685 -66.4326 20.4
      vertex -20.721 -66.5694 18.9
      vertex -20.721 -66.5694 20.4
    endloop
  endfacet
  facet normal 0.998618 0.0525588 0
    outer loop
      vertex -23.3923 -66.1463 2.4
      vertex -23.4 -66 3.8147e-07
      vertex -23.4 -66 2.4
    endloop
  endfacet
  facet normal 0.998618 0.0525588 0
    outer loop
      vertex -23.4 -66 3.8147e-07
      vertex -23.3923 -66.1463 2.4
      vertex -23.3923 -66.1463 3.8147e-07
    endloop
  endfacet
  facet normal 0.998618 0.0525588 0
    outer loop
      vertex -23.3923 -66.1463 20.4
      vertex -23.4 -66 18.9
      vertex -23.4 -66 20.4
    endloop
  endfacet
  facet normal 0.998618 0.0525588 0
    outer loop
      vertex -23.4 -66 18.9
      vertex -23.3923 -66.1463 20.4
      vertex -23.3923 -66.1463 18.9
    endloop
  endfacet
  facet normal 0.544581 -0.838709 0
    outer loop
      vertex -22.8229 -64.8674 3.8147e-07
      vertex -22.7 -64.7876 2.4
      vertex -22.8229 -64.8674 2.4
    endloop
  endfacet
  facet normal 0.544581 -0.838709 0
    outer loop
      vertex -22.7 -64.7876 2.4
      vertex -22.8229 -64.8674 3.8147e-07
      vertex -22.7 -64.7876 3.8147e-07
    endloop
  endfacet
  facet normal 0.544581 -0.838709 0
    outer loop
      vertex -22.8229 -64.8674 18.9
      vertex -22.7 -64.7876 20.4
      vertex -22.8229 -64.8674 20.4
    endloop
  endfacet
  facet normal 0.544581 -0.838709 0
    outer loop
      vertex -22.7 -64.7876 20.4
      vertex -22.8229 -64.8674 18.9
      vertex -22.7 -64.7876 18.9
    endloop
  endfacet
  facet normal -0.777261 -0.629179 0
    outer loop
      vertex -20.8674 -65.1771 3.8147e-07
      vertex -20.9596 -65.0632 2.4
      vertex -20.9596 -65.0632 3.8147e-07
    endloop
  endfacet
  facet normal -0.777261 -0.629179 0
    outer loop
      vertex -20.9596 -65.0632 2.4
      vertex -20.8674 -65.1771 3.8147e-07
      vertex -20.8674 -65.1771 2.4
    endloop
  endfacet
  facet normal -0.777261 -0.629179 0
    outer loop
      vertex -20.8674 -65.1771 18.9
      vertex -20.9596 -65.0632 20.4
      vertex -20.9596 -65.0632 18.9
    endloop
  endfacet
  facet normal -0.777261 -0.629179 0
    outer loop
      vertex -20.9596 -65.0632 20.4
      vertex -20.8674 -65.1771 18.9
      vertex -20.8674 -65.1771 20.4
    endloop
  endfacet
  facet normal -0.890852 -0.454294 0
    outer loop
      vertex -20.721 -65.4306 3.8147e-07
      vertex -20.7876 -65.3 2.4
      vertex -20.7876 -65.3 3.8147e-07
    endloop
  endfacet
  facet normal -0.890852 -0.454294 0
    outer loop
      vertex -20.7876 -65.3 2.4
      vertex -20.721 -65.4306 3.8147e-07
      vertex -20.721 -65.4306 2.4
    endloop
  endfacet
  facet normal -0.890852 -0.454294 0
    outer loop
      vertex -20.721 -65.4306 18.9
      vertex -20.7876 -65.3 20.4
      vertex -20.7876 -65.3 18.9
    endloop
  endfacet
  facet normal -0.890852 -0.454294 0
    outer loop
      vertex -20.7876 -65.3 20.4
      vertex -20.721 -65.4306 18.9
      vertex -20.721 -65.4306 20.4
    endloop
  endfacet
  facet normal 0.838709 0.544581 0
    outer loop
      vertex -23.1326 -66.8229 2.4
      vertex -23.2124 -66.7 3.8147e-07
      vertex -23.2124 -66.7 2.4
    endloop
  endfacet
  facet normal 0.838709 0.544581 0
    outer loop
      vertex -23.2124 -66.7 3.8147e-07
      vertex -23.1326 -66.8229 2.4
      vertex -23.1326 -66.8229 3.8147e-07
    endloop
  endfacet
  facet normal 0.838709 0.544581 0
    outer loop
      vertex -23.1326 -66.8229 20.4
      vertex -23.2124 -66.7 18.9
      vertex -23.2124 -66.7 20.4
    endloop
  endfacet
  facet normal 0.838709 0.544581 0
    outer loop
      vertex -23.2124 -66.7 18.9
      vertex -23.1326 -66.8229 20.4
      vertex -23.1326 -66.8229 18.9
    endloop
  endfacet
  facet normal 0.629179 0.777261 -0
    outer loop
      vertex -22.8229 -67.1326 3.8147e-07
      vertex -22.9368 -67.0404 2.4
      vertex -22.8229 -67.1326 2.4
    endloop
  endfacet
  facet normal 0.629179 0.777261 0
    outer loop
      vertex -22.9368 -67.0404 2.4
      vertex -22.8229 -67.1326 3.8147e-07
      vertex -22.9368 -67.0404 3.8147e-07
    endloop
  endfacet
  facet normal 0.629179 0.777261 -0
    outer loop
      vertex -22.8229 -67.1326 18.9
      vertex -22.9368 -67.0404 20.4
      vertex -22.8229 -67.1326 20.4
    endloop
  endfacet
  facet normal 0.629179 0.777261 0
    outer loop
      vertex -22.9368 -67.0404 20.4
      vertex -22.8229 -67.1326 18.9
      vertex -22.9368 -67.0404 18.9
    endloop
  endfacet
  facet normal 0.987724 -0.156208 0
    outer loop
      vertex -23.3923 -65.8537 2.4
      vertex -23.3694 -65.7089 3.8147e-07
      vertex -23.3694 -65.7089 2.4
    endloop
  endfacet
  facet normal 0.987724 -0.156208 0
    outer loop
      vertex -23.3694 -65.7089 3.8147e-07
      vertex -23.3923 -65.8537 2.4
      vertex -23.3923 -65.8537 3.8147e-07
    endloop
  endfacet
  facet normal 0.987724 -0.156208 0
    outer loop
      vertex -23.3923 -65.8537 20.4
      vertex -23.3694 -65.7089 18.9
      vertex -23.3694 -65.7089 20.4
    endloop
  endfacet
  facet normal 0.987724 -0.156208 0
    outer loop
      vertex -23.3694 -65.7089 18.9
      vertex -23.3923 -65.8537 20.4
      vertex -23.3923 -65.8537 18.9
    endloop
  endfacet
  facet normal 0.933609 0.358293 0
    outer loop
      vertex -23.279 -66.5694 2.4
      vertex -23.3315 -66.4326 3.8147e-07
      vertex -23.3315 -66.4326 2.4
    endloop
  endfacet
  facet normal 0.933609 0.358293 0
    outer loop
      vertex -23.3315 -66.4326 3.8147e-07
      vertex -23.279 -66.5694 2.4
      vertex -23.279 -66.5694 3.8147e-07
    endloop
  endfacet
  facet normal 0.933609 0.358293 0
    outer loop
      vertex -23.279 -66.5694 20.4
      vertex -23.3315 -66.4326 18.9
      vertex -23.3315 -66.4326 20.4
    endloop
  endfacet
  facet normal 0.933609 0.358293 0
    outer loop
      vertex -23.3315 -66.4326 18.9
      vertex -23.279 -66.5694 20.4
      vertex -23.279 -66.5694 18.9
    endloop
  endfacet
  facet normal 0.454294 0.890852 -0
    outer loop
      vertex -22.5694 -67.279 3.8147e-07
      vertex -22.7 -67.2124 2.4
      vertex -22.5694 -67.279 2.4
    endloop
  endfacet
  facet normal 0.454294 0.890852 0
    outer loop
      vertex -22.7 -67.2124 2.4
      vertex -22.5694 -67.279 3.8147e-07
      vertex -22.7 -67.2124 3.8147e-07
    endloop
  endfacet
  facet normal 0.454294 0.890852 -0
    outer loop
      vertex -22.5694 -67.279 18.9
      vertex -22.7 -67.2124 20.4
      vertex -22.5694 -67.279 20.4
    endloop
  endfacet
  facet normal 0.454294 0.890852 0
    outer loop
      vertex -22.7 -67.2124 20.4
      vertex -22.5694 -67.279 18.9
      vertex -22.7 -67.2124 18.9
    endloop
  endfacet
  facet normal 0.156208 -0.987724 0
    outer loop
      vertex -22.2911 -64.6306 3.8147e-07
      vertex -22.1463 -64.6077 2.4
      vertex -22.2911 -64.6306 2.4
    endloop
  endfacet
  facet normal 0.156208 -0.987724 0
    outer loop
      vertex -22.1463 -64.6077 2.4
      vertex -22.2911 -64.6306 3.8147e-07
      vertex -22.1463 -64.6077 3.8147e-07
    endloop
  endfacet
  facet normal 0.156208 -0.987724 0
    outer loop
      vertex -22.2911 -64.6306 18.9
      vertex -22.1463 -64.6077 20.4
      vertex -22.2911 -64.6306 20.4
    endloop
  endfacet
  facet normal 0.156208 -0.987724 0
    outer loop
      vertex -22.1463 -64.6077 20.4
      vertex -22.2911 -64.6306 18.9
      vertex -22.1463 -64.6077 18.9
    endloop
  endfacet
  facet normal 0.358293 0.933609 -0
    outer loop
      vertex -22.4326 -67.3315 3.8147e-07
      vertex -22.5694 -67.279 2.4
      vertex -22.4326 -67.3315 2.4
    endloop
  endfacet
  facet normal 0.358293 0.933609 0
    outer loop
      vertex -22.5694 -67.279 2.4
      vertex -22.4326 -67.3315 3.8147e-07
      vertex -22.5694 -67.279 3.8147e-07
    endloop
  endfacet
  facet normal 0.358293 0.933609 -0
    outer loop
      vertex -22.4326 -67.3315 18.9
      vertex -22.5694 -67.279 20.4
      vertex -22.4326 -67.3315 20.4
    endloop
  endfacet
  facet normal 0.358293 0.933609 0
    outer loop
      vertex -22.5694 -67.279 20.4
      vertex -22.4326 -67.3315 18.9
      vertex -22.5694 -67.279 18.9
    endloop
  endfacet
  facet normal 0.777261 0.629179 0
    outer loop
      vertex -23.0404 -66.9368 2.4
      vertex -23.1326 -66.8229 3.8147e-07
      vertex -23.1326 -66.8229 2.4
    endloop
  endfacet
  facet normal 0.777261 0.629179 0
    outer loop
      vertex -23.1326 -66.8229 3.8147e-07
      vertex -23.0404 -66.9368 2.4
      vertex -23.0404 -66.9368 3.8147e-07
    endloop
  endfacet
  facet normal 0.777261 0.629179 0
    outer loop
      vertex -23.0404 -66.9368 20.4
      vertex -23.1326 -66.8229 18.9
      vertex -23.1326 -66.8229 20.4
    endloop
  endfacet
  facet normal 0.777261 0.629179 0
    outer loop
      vertex -23.1326 -66.8229 18.9
      vertex -23.0404 -66.9368 20.4
      vertex -23.0404 -66.9368 18.9
    endloop
  endfacet
  facet normal -0.544581 0.838709 0
    outer loop
      vertex -21.1771 -67.1326 3.8147e-07
      vertex -21.3 -67.2124 2.4
      vertex -21.1771 -67.1326 2.4
    endloop
  endfacet
  facet normal -0.544581 0.838709 0
    outer loop
      vertex -21.3 -67.2124 2.4
      vertex -21.1771 -67.1326 3.8147e-07
      vertex -21.3 -67.2124 3.8147e-07
    endloop
  endfacet
  facet normal -0.544581 0.838709 0
    outer loop
      vertex -21.1771 -67.1326 18.9
      vertex -21.3 -67.2124 20.4
      vertex -21.1771 -67.1326 20.4
    endloop
  endfacet
  facet normal -0.544581 0.838709 0
    outer loop
      vertex -21.3 -67.2124 20.4
      vertex -21.1771 -67.1326 18.9
      vertex -21.3 -67.2124 18.9
    endloop
  endfacet
  facet normal -0.707107 0.707107 0
    outer loop
      vertex -21.0632 -67.0404 3.8147e-07
      vertex -20.9596 -66.9368 2.4
      vertex -20.9596 -66.9368 3.8147e-07
    endloop
  endfacet
  facet normal -0.707107 0.707107 0
    outer loop
      vertex -20.9596 -66.9368 2.4
      vertex -21.0632 -67.0404 3.8147e-07
      vertex -21.0632 -67.0404 2.4
    endloop
  endfacet
  facet normal -0.707107 0.707107 0
    outer loop
      vertex -21.0632 -67.0404 18.9
      vertex -20.9596 -66.9368 20.4
      vertex -20.9596 -66.9368 18.9
    endloop
  endfacet
  facet normal -0.707107 0.707107 0
    outer loop
      vertex -20.9596 -66.9368 20.4
      vertex -21.0632 -67.0404 18.9
      vertex -21.0632 -67.0404 20.4
    endloop
  endfacet
  facet normal 0.258725 0.965951 -0
    outer loop
      vertex -22.2911 14.6306 3.8147e-07
      vertex -22.4326 14.6685 20.4
      vertex -22.2911 14.6306 20.4
    endloop
  endfacet
  facet normal 0.258725 0.965951 0
    outer loop
      vertex -22.4326 14.6685 20.4
      vertex -22.2911 14.6306 3.8147e-07
      vertex -22.4326 14.6685 3.8147e-07
    endloop
  endfacet
  facet normal -0.987724 -0.156208 0
    outer loop
      vertex -20.6077 16.1463 3.8147e-07
      vertex -20.6306 16.2911 20.4
      vertex -20.6306 16.2911 3.8147e-07
    endloop
  endfacet
  facet normal -0.987724 -0.156208 0
    outer loop
      vertex -20.6306 16.2911 20.4
      vertex -20.6077 16.1463 3.8147e-07
      vertex -20.6077 16.1463 20.4
    endloop
  endfacet
  facet normal -0.998618 -0.0525588 0
    outer loop
      vertex -20.6 16 3.8147e-07
      vertex -20.6077 16.1463 20.4
      vertex -20.6077 16.1463 3.8147e-07
    endloop
  endfacet
  facet normal -0.998618 -0.0525588 0
    outer loop
      vertex -20.6077 16.1463 20.4
      vertex -20.6 16 3.8147e-07
      vertex -20.6 16 20.4
    endloop
  endfacet
  facet normal -0.965951 -0.258725 0
    outer loop
      vertex -20.6306 16.2911 3.8147e-07
      vertex -20.6685 16.4326 20.4
      vertex -20.6685 16.4326 3.8147e-07
    endloop
  endfacet
  facet normal -0.965951 -0.258725 0
    outer loop
      vertex -20.6685 16.4326 20.4
      vertex -20.6306 16.2911 3.8147e-07
      vertex -20.6306 16.2911 20.4
    endloop
  endfacet
  facet normal -0.707107 -0.707107 0
    outer loop
      vertex -21.0632 17.0404 3.8147e-07
      vertex -20.9596 16.9368 20.4
      vertex -21.0632 17.0404 20.4
    endloop
  endfacet
  facet normal -0.707107 -0.707107 -0
    outer loop
      vertex -20.9596 16.9368 20.4
      vertex -21.0632 17.0404 3.8147e-07
      vertex -20.9596 16.9368 3.8147e-07
    endloop
  endfacet
  facet normal -0.998618 0.0525588 0
    outer loop
      vertex -20.6077 15.8537 3.8147e-07
      vertex -20.6 16 20.4
      vertex -20.6 16 3.8147e-07
    endloop
  endfacet
  facet normal -0.998618 0.0525588 0
    outer loop
      vertex -20.6 16 20.4
      vertex -20.6077 15.8537 3.8147e-07
      vertex -20.6077 15.8537 20.4
    endloop
  endfacet
  facet normal -0.838709 -0.544581 0
    outer loop
      vertex -20.7876 16.7 3.8147e-07
      vertex -20.8674 16.8229 20.4
      vertex -20.8674 16.8229 3.8147e-07
    endloop
  endfacet
  facet normal -0.838709 -0.544581 0
    outer loop
      vertex -20.8674 16.8229 20.4
      vertex -20.7876 16.7 3.8147e-07
      vertex -20.7876 16.7 20.4
    endloop
  endfacet
  facet normal 0.0525588 0.998618 -0
    outer loop
      vertex -22 14.6 3.8147e-07
      vertex -22.1463 14.6077 20.4
      vertex -22 14.6 20.4
    endloop
  endfacet
  facet normal 0.0525588 0.998618 0
    outer loop
      vertex -22.1463 14.6077 20.4
      vertex -22 14.6 3.8147e-07
      vertex -22.1463 14.6077 3.8147e-07
    endloop
  endfacet
  facet normal -0.156208 0.987724 0
    outer loop
      vertex -21.7089 14.6306 3.8147e-07
      vertex -21.8537 14.6077 20.4
      vertex -21.7089 14.6306 20.4
    endloop
  endfacet
  facet normal -0.156208 0.987724 0
    outer loop
      vertex -21.8537 14.6077 20.4
      vertex -21.7089 14.6306 3.8147e-07
      vertex -21.8537 14.6077 3.8147e-07
    endloop
  endfacet
  facet normal -0.258725 -0.965951 0
    outer loop
      vertex -21.7089 17.3694 3.8147e-07
      vertex -21.5674 17.3315 20.4
      vertex -21.7089 17.3694 20.4
    endloop
  endfacet
  facet normal -0.258725 -0.965951 -0
    outer loop
      vertex -21.5674 17.3315 20.4
      vertex -21.7089 17.3694 3.8147e-07
      vertex -21.5674 17.3315 3.8147e-07
    endloop
  endfacet
  facet normal -0.544581 0.838709 0
    outer loop
      vertex -21.1771 14.8674 3.8147e-07
      vertex -21.3 14.7876 20.4
      vertex -21.1771 14.8674 20.4
    endloop
  endfacet
  facet normal -0.544581 0.838709 0
    outer loop
      vertex -21.3 14.7876 20.4
      vertex -21.1771 14.8674 3.8147e-07
      vertex -21.3 14.7876 3.8147e-07
    endloop
  endfacet
  facet normal 0.707107 0.707107 0
    outer loop
      vertex -22.9368 14.9596 20.4
      vertex -23.0404 15.0632 3.8147e-07
      vertex -23.0404 15.0632 20.4
    endloop
  endfacet
  facet normal 0.707107 0.707107 0
    outer loop
      vertex -23.0404 15.0632 3.8147e-07
      vertex -22.9368 14.9596 20.4
      vertex -22.9368 14.9596 3.8147e-07
    endloop
  endfacet
  facet normal -0.933609 -0.358293 0
    outer loop
      vertex -20.6685 16.4326 3.8147e-07
      vertex -20.721 16.5694 20.4
      vertex -20.721 16.5694 3.8147e-07
    endloop
  endfacet
  facet normal -0.933609 -0.358293 0
    outer loop
      vertex -20.721 16.5694 20.4
      vertex -20.6685 16.4326 3.8147e-07
      vertex -20.6685 16.4326 20.4
    endloop
  endfacet
  facet normal -0.358293 0.933609 0
    outer loop
      vertex -21.4306 14.721 3.8147e-07
      vertex -21.5674 14.6685 20.4
      vertex -21.4306 14.721 20.4
    endloop
  endfacet
  facet normal -0.358293 0.933609 0
    outer loop
      vertex -21.5674 14.6685 20.4
      vertex -21.4306 14.721 3.8147e-07
      vertex -21.5674 14.6685 3.8147e-07
    endloop
  endfacet
  facet normal -0.707107 0.707107 0
    outer loop
      vertex -20.9596 15.0632 3.8147e-07
      vertex -21.0632 14.9596 20.4
      vertex -20.9596 15.0632 20.4
    endloop
  endfacet
  facet normal -0.707107 0.707107 0
    outer loop
      vertex -21.0632 14.9596 20.4
      vertex -20.9596 15.0632 3.8147e-07
      vertex -21.0632 14.9596 3.8147e-07
    endloop
  endfacet
  facet normal -0.454294 -0.890852 0
    outer loop
      vertex -21.4306 17.279 3.8147e-07
      vertex -21.3 17.2124 20.4
      vertex -21.4306 17.279 20.4
    endloop
  endfacet
  facet normal -0.454294 -0.890852 -0
    outer loop
      vertex -21.3 17.2124 20.4
      vertex -21.4306 17.279 3.8147e-07
      vertex -21.3 17.2124 3.8147e-07
    endloop
  endfacet
  facet normal -0.0543749 -0.998521 0
    outer loop
      vertex -21.8941 17.3945 3.8147e-07
      vertex -21.8537 17.3923 20.4
      vertex -21.8941 17.3945 20.4
    endloop
  endfacet
  facet normal -0.0543749 -0.998521 -0
    outer loop
      vertex -21.8537 17.3923 20.4
      vertex -21.8941 17.3945 3.8147e-07
      vertex -21.8537 17.3923 3.8147e-07
    endloop
  endfacet
  facet normal 0.933773 0.357867 0
    outer loop
      vertex -23.279 15.4306 20.4
      vertex -23.2941 15.47 3.8147e-07
      vertex -23.2941 15.47 20.4
    endloop
  endfacet
  facet normal 0.933773 0.357867 0
    outer loop
      vertex -23.2941 15.47 3.8147e-07
      vertex -23.279 15.4306 20.4
      vertex -23.279 15.4306 3.8147e-07
    endloop
  endfacet
  facet normal -0.965951 0.258725 0
    outer loop
      vertex -20.6685 15.5674 3.8147e-07
      vertex -20.6306 15.7089 20.4
      vertex -20.6306 15.7089 3.8147e-07
    endloop
  endfacet
  facet normal -0.965951 0.258725 0
    outer loop
      vertex -20.6306 15.7089 20.4
      vertex -20.6685 15.5674 3.8147e-07
      vertex -20.6685 15.5674 20.4
    endloop
  endfacet
  facet normal -0.890852 -0.454294 0
    outer loop
      vertex -20.721 16.5694 3.8147e-07
      vertex -20.7876 16.7 20.4
      vertex -20.7876 16.7 3.8147e-07
    endloop
  endfacet
  facet normal -0.890852 -0.454294 0
    outer loop
      vertex -20.7876 16.7 20.4
      vertex -20.721 16.5694 3.8147e-07
      vertex -20.721 16.5694 20.4
    endloop
  endfacet
  facet normal 0.358293 0.933609 -0
    outer loop
      vertex -22.4326 14.6685 3.8147e-07
      vertex -22.5694 14.721 20.4
      vertex -22.4326 14.6685 20.4
    endloop
  endfacet
  facet normal 0.358293 0.933609 0
    outer loop
      vertex -22.5694 14.721 20.4
      vertex -22.4326 14.6685 3.8147e-07
      vertex -22.5694 14.721 3.8147e-07
    endloop
  endfacet
  facet normal -0.629179 -0.777261 0
    outer loop
      vertex -21.1771 17.1326 3.8147e-07
      vertex -21.0632 17.0404 20.4
      vertex -21.1771 17.1326 20.4
    endloop
  endfacet
  facet normal -0.629179 -0.777261 -0
    outer loop
      vertex -21.0632 17.0404 20.4
      vertex -21.1771 17.1326 3.8147e-07
      vertex -21.0632 17.0404 3.8147e-07
    endloop
  endfacet
  facet normal 0.838709 0.544581 0
    outer loop
      vertex -23.1326 15.1771 20.4
      vertex -23.2124 15.3 3.8147e-07
      vertex -23.2124 15.3 20.4
    endloop
  endfacet
  facet normal 0.838709 0.544581 0
    outer loop
      vertex -23.2124 15.3 3.8147e-07
      vertex -23.1326 15.1771 20.4
      vertex -23.1326 15.1771 3.8147e-07
    endloop
  endfacet
  facet normal 0.629179 0.777261 -0
    outer loop
      vertex -22.8229 14.8674 3.8147e-07
      vertex -22.9368 14.9596 20.4
      vertex -22.8229 14.8674 20.4
    endloop
  endfacet
  facet normal 0.629179 0.777261 0
    outer loop
      vertex -22.9368 14.9596 20.4
      vertex -22.8229 14.8674 3.8147e-07
      vertex -22.9368 14.9596 3.8147e-07
    endloop
  endfacet
  facet normal -0.777261 0.629179 0
    outer loop
      vertex -20.9596 15.0632 3.8147e-07
      vertex -20.8674 15.1771 20.4
      vertex -20.8674 15.1771 3.8147e-07
    endloop
  endfacet
  facet normal -0.777261 0.629179 0
    outer loop
      vertex -20.8674 15.1771 20.4
      vertex -20.9596 15.0632 3.8147e-07
      vertex -20.9596 15.0632 20.4
    endloop
  endfacet
  facet normal 0.890852 0.454294 0
    outer loop
      vertex -23.2124 15.3 20.4
      vertex -23.279 15.4306 3.8147e-07
      vertex -23.279 15.4306 20.4
    endloop
  endfacet
  facet normal 0.890852 0.454294 0
    outer loop
      vertex -23.279 15.4306 3.8147e-07
      vertex -23.2124 15.3 20.4
      vertex -23.2124 15.3 3.8147e-07
    endloop
  endfacet
  facet normal -0.890852 0.454294 0
    outer loop
      vertex -20.7876 15.3 3.8147e-07
      vertex -20.721 15.4306 20.4
      vertex -20.721 15.4306 3.8147e-07
    endloop
  endfacet
  facet normal -0.890852 0.454294 0
    outer loop
      vertex -20.721 15.4306 20.4
      vertex -20.7876 15.3 3.8147e-07
      vertex -20.7876 15.3 20.4
    endloop
  endfacet
  facet normal -0.258725 0.965951 0
    outer loop
      vertex -21.5674 14.6685 3.8147e-07
      vertex -21.7089 14.6306 20.4
      vertex -21.5674 14.6685 20.4
    endloop
  endfacet
  facet normal -0.258725 0.965951 0
    outer loop
      vertex -21.7089 14.6306 20.4
      vertex -21.5674 14.6685 3.8147e-07
      vertex -21.7089 14.6306 3.8147e-07
    endloop
  endfacet
  facet normal -0.454294 0.890852 0
    outer loop
      vertex -21.3 14.7876 3.8147e-07
      vertex -21.4306 14.721 20.4
      vertex -21.3 14.7876 20.4
    endloop
  endfacet
  facet normal -0.454294 0.890852 0
    outer loop
      vertex -21.4306 14.721 20.4
      vertex -21.3 14.7876 3.8147e-07
      vertex -21.4306 14.721 3.8147e-07
    endloop
  endfacet
  facet normal -0.358293 -0.933609 0
    outer loop
      vertex -21.5674 17.3315 3.8147e-07
      vertex -21.4306 17.279 20.4
      vertex -21.5674 17.3315 20.4
    endloop
  endfacet
  facet normal -0.358293 -0.933609 -0
    outer loop
      vertex -21.4306 17.279 20.4
      vertex -21.5674 17.3315 3.8147e-07
      vertex -21.4306 17.279 3.8147e-07
    endloop
  endfacet
  facet normal 0.544581 0.838709 -0
    outer loop
      vertex -22.7 14.7876 3.8147e-07
      vertex -22.8229 14.8674 20.4
      vertex -22.7 14.7876 20.4
    endloop
  endfacet
  facet normal 0.544581 0.838709 0
    outer loop
      vertex -22.8229 14.8674 20.4
      vertex -22.7 14.7876 3.8147e-07
      vertex -22.8229 14.8674 3.8147e-07
    endloop
  endfacet
  facet normal -0.544581 -0.838709 0
    outer loop
      vertex -21.3 17.2124 3.8147e-07
      vertex -21.1771 17.1326 20.4
      vertex -21.3 17.2124 20.4
    endloop
  endfacet
  facet normal -0.544581 -0.838709 -0
    outer loop
      vertex -21.1771 17.1326 20.4
      vertex -21.3 17.2124 3.8147e-07
      vertex -21.1771 17.1326 3.8147e-07
    endloop
  endfacet
  facet normal -0.987724 0.156208 0
    outer loop
      vertex -20.6306 15.7089 3.8147e-07
      vertex -20.6077 15.8537 20.4
      vertex -20.6077 15.8537 3.8147e-07
    endloop
  endfacet
  facet normal -0.987724 0.156208 0
    outer loop
      vertex -20.6077 15.8537 20.4
      vertex -20.6306 15.7089 3.8147e-07
      vertex -20.6306 15.7089 20.4
    endloop
  endfacet
  facet normal -0.838709 0.544581 0
    outer loop
      vertex -20.8674 15.1771 3.8147e-07
      vertex -20.7876 15.3 20.4
      vertex -20.7876 15.3 3.8147e-07
    endloop
  endfacet
  facet normal -0.838709 0.544581 0
    outer loop
      vertex -20.7876 15.3 20.4
      vertex -20.8674 15.1771 3.8147e-07
      vertex -20.8674 15.1771 20.4
    endloop
  endfacet
  facet normal -0.777261 -0.629179 0
    outer loop
      vertex -20.8674 16.8229 3.8147e-07
      vertex -20.9596 16.9368 20.4
      vertex -20.9596 16.9368 3.8147e-07
    endloop
  endfacet
  facet normal -0.777261 -0.629179 0
    outer loop
      vertex -20.9596 16.9368 20.4
      vertex -20.8674 16.8229 3.8147e-07
      vertex -20.8674 16.8229 20.4
    endloop
  endfacet
  facet normal 0.777261 0.629179 0
    outer loop
      vertex -23.0404 15.0632 20.4
      vertex -23.1326 15.1771 3.8147e-07
      vertex -23.1326 15.1771 20.4
    endloop
  endfacet
  facet normal 0.777261 0.629179 0
    outer loop
      vertex -23.1326 15.1771 3.8147e-07
      vertex -23.0404 15.0632 20.4
      vertex -23.0404 15.0632 3.8147e-07
    endloop
  endfacet
  facet normal -0.0525588 0.998618 0
    outer loop
      vertex -21.8537 14.6077 3.8147e-07
      vertex -22 14.6 20.4
      vertex -21.8537 14.6077 20.4
    endloop
  endfacet
  facet normal -0.0525588 0.998618 0
    outer loop
      vertex -22 14.6 20.4
      vertex -21.8537 14.6077 3.8147e-07
      vertex -22 14.6 3.8147e-07
    endloop
  endfacet
  facet normal 0.454294 0.890852 -0
    outer loop
      vertex -22.5694 14.721 3.8147e-07
      vertex -22.7 14.7876 20.4
      vertex -22.5694 14.721 20.4
    endloop
  endfacet
  facet normal 0.454294 0.890852 0
    outer loop
      vertex -22.7 14.7876 20.4
      vertex -22.5694 14.721 3.8147e-07
      vertex -22.7 14.7876 3.8147e-07
    endloop
  endfacet
  facet normal -0.933609 0.358293 0
    outer loop
      vertex -20.721 15.4306 3.8147e-07
      vertex -20.6685 15.5674 20.4
      vertex -20.6685 15.5674 3.8147e-07
    endloop
  endfacet
  facet normal -0.933609 0.358293 0
    outer loop
      vertex -20.6685 15.5674 20.4
      vertex -20.721 15.4306 3.8147e-07
      vertex -20.721 15.4306 20.4
    endloop
  endfacet
  facet normal -0.156208 -0.987724 0
    outer loop
      vertex -21.8537 17.3923 3.8147e-07
      vertex -21.7089 17.3694 20.4
      vertex -21.8537 17.3923 20.4
    endloop
  endfacet
  facet normal -0.156208 -0.987724 -0
    outer loop
      vertex -21.7089 17.3694 20.4
      vertex -21.8537 17.3923 3.8147e-07
      vertex -21.7089 17.3694 3.8147e-07
    endloop
  endfacet
  facet normal 0.156208 0.987724 -0
    outer loop
      vertex -22.1463 14.6077 3.8147e-07
      vertex -22.2911 14.6306 20.4
      vertex -22.1463 14.6077 20.4
    endloop
  endfacet
  facet normal 0.156208 0.987724 0
    outer loop
      vertex -22.2911 14.6306 20.4
      vertex -22.1463 14.6077 3.8147e-07
      vertex -22.2911 14.6306 3.8147e-07
    endloop
  endfacet
  facet normal -0.629179 0.777261 0
    outer loop
      vertex -21.0632 14.9596 3.8147e-07
      vertex -21.1771 14.8674 20.4
      vertex -21.0632 14.9596 20.4
    endloop
  endfacet
  facet normal -0.629179 0.777261 0
    outer loop
      vertex -21.1771 14.8674 20.4
      vertex -21.0632 14.9596 3.8147e-07
      vertex -21.1771 14.8674 3.8147e-07
    endloop
  endfacet
  facet normal -0.987724 -0.156208 0
    outer loop
      vertex 23.3923 -65.8537 3.8147e-07
      vertex 23.3694 -65.7089 2.4
      vertex 23.3694 -65.7089 3.8147e-07
    endloop
  endfacet
  facet normal -0.987724 -0.156208 0
    outer loop
      vertex 23.3694 -65.7089 2.4
      vertex 23.3923 -65.8537 3.8147e-07
      vertex 23.3923 -65.8537 2.4
    endloop
  endfacet
  facet normal -0.987724 -0.156208 0
    outer loop
      vertex 23.3923 -65.8537 18.9
      vertex 23.3694 -65.7089 20.4
      vertex 23.3694 -65.7089 18.9
    endloop
  endfacet
  facet normal -0.987724 -0.156208 0
    outer loop
      vertex 23.3694 -65.7089 20.4
      vertex 23.3923 -65.8537 18.9
      vertex 23.3923 -65.8537 20.4
    endloop
  endfacet
  facet normal -0.998618 -0.0525588 0
    outer loop
      vertex 23.4 -66 3.8147e-07
      vertex 23.3923 -65.8537 2.4
      vertex 23.3923 -65.8537 3.8147e-07
    endloop
  endfacet
  facet normal -0.998618 -0.0525588 0
    outer loop
      vertex 23.3923 -65.8537 2.4
      vertex 23.4 -66 3.8147e-07
      vertex 23.4 -66 2.4
    endloop
  endfacet
  facet normal -0.998618 -0.0525588 0
    outer loop
      vertex 23.4 -66 18.9
      vertex 23.3923 -65.8537 20.4
      vertex 23.3923 -65.8537 18.9
    endloop
  endfacet
  facet normal -0.998618 -0.0525588 0
    outer loop
      vertex 23.3923 -65.8537 20.4
      vertex 23.4 -66 18.9
      vertex 23.4 -66 20.4
    endloop
  endfacet
  facet normal -0.965951 -0.258725 0
    outer loop
      vertex 23.3694 -65.7089 3.8147e-07
      vertex 23.3315 -65.5674 2.4
      vertex 23.3315 -65.5674 3.8147e-07
    endloop
  endfacet
  facet normal -0.965951 -0.258725 0
    outer loop
      vertex 23.3315 -65.5674 2.4
      vertex 23.3694 -65.7089 3.8147e-07
      vertex 23.3694 -65.7089 2.4
    endloop
  endfacet
  facet normal -0.965951 -0.258725 0
    outer loop
      vertex 23.3694 -65.7089 18.9
      vertex 23.3315 -65.5674 20.4
      vertex 23.3315 -65.5674 18.9
    endloop
  endfacet
  facet normal -0.965951 -0.258725 0
    outer loop
      vertex 23.3315 -65.5674 20.4
      vertex 23.3694 -65.7089 18.9
      vertex 23.3694 -65.7089 20.4
    endloop
  endfacet
  facet normal -0.258725 0.965951 0
    outer loop
      vertex 22.4326 -67.3315 3.8147e-07
      vertex 22.2911 -67.3694 2.4
      vertex 22.4326 -67.3315 2.4
    endloop
  endfacet
  facet normal -0.258725 0.965951 0
    outer loop
      vertex 22.2911 -67.3694 2.4
      vertex 22.4326 -67.3315 3.8147e-07
      vertex 22.2911 -67.3694 3.8147e-07
    endloop
  endfacet
  facet normal -0.258725 0.965951 0
    outer loop
      vertex 22.4326 -67.3315 18.9
      vertex 22.2911 -67.3694 20.4
      vertex 22.4326 -67.3315 20.4
    endloop
  endfacet
  facet normal -0.258725 0.965951 0
    outer loop
      vertex 22.2911 -67.3694 20.4
      vertex 22.4326 -67.3315 18.9
      vertex 22.2911 -67.3694 18.9
    endloop
  endfacet
  facet normal -0.838709 -0.544581 0
    outer loop
      vertex 23.2124 -65.3 3.8147e-07
      vertex 23.1326 -65.1771 2.4
      vertex 23.1326 -65.1771 3.8147e-07
    endloop
  endfacet
  facet normal -0.838709 -0.544581 0
    outer loop
      vertex 23.1326 -65.1771 2.4
      vertex 23.2124 -65.3 3.8147e-07
      vertex 23.2124 -65.3 2.4
    endloop
  endfacet
  facet normal -0.838709 -0.544581 0
    outer loop
      vertex 23.2124 -65.3 18.9
      vertex 23.1326 -65.1771 20.4
      vertex 23.1326 -65.1771 18.9
    endloop
  endfacet
  facet normal -0.838709 -0.544581 0
    outer loop
      vertex 23.1326 -65.1771 20.4
      vertex 23.2124 -65.3 18.9
      vertex 23.2124 -65.3 20.4
    endloop
  endfacet
  facet normal -0.156208 -0.987724 0
    outer loop
      vertex 22.1463 -64.6077 3.8147e-07
      vertex 22.2911 -64.6306 2.4
      vertex 22.1463 -64.6077 2.4
    endloop
  endfacet
  facet normal -0.156208 -0.987724 -0
    outer loop
      vertex 22.2911 -64.6306 2.4
      vertex 22.1463 -64.6077 3.8147e-07
      vertex 22.2911 -64.6306 3.8147e-07
    endloop
  endfacet
  facet normal -0.156208 -0.987724 0
    outer loop
      vertex 22.1463 -64.6077 18.9
      vertex 22.2911 -64.6306 20.4
      vertex 22.1463 -64.6077 20.4
    endloop
  endfacet
  facet normal -0.156208 -0.987724 -0
    outer loop
      vertex 22.2911 -64.6306 20.4
      vertex 22.1463 -64.6077 18.9
      vertex 22.2911 -64.6306 18.9
    endloop
  endfacet
  facet normal -0.933609 -0.358293 0
    outer loop
      vertex 23.3315 -65.5674 3.8147e-07
      vertex 23.279 -65.4306 2.4
      vertex 23.279 -65.4306 3.8147e-07
    endloop
  endfacet
  facet normal -0.933609 -0.358293 0
    outer loop
      vertex 23.279 -65.4306 2.4
      vertex 23.3315 -65.5674 3.8147e-07
      vertex 23.3315 -65.5674 2.4
    endloop
  endfacet
  facet normal -0.933609 -0.358293 0
    outer loop
      vertex 23.3315 -65.5674 18.9
      vertex 23.279 -65.4306 20.4
      vertex 23.279 -65.4306 18.9
    endloop
  endfacet
  facet normal -0.933609 -0.358293 0
    outer loop
      vertex 23.279 -65.4306 20.4
      vertex 23.3315 -65.5674 18.9
      vertex 23.3315 -65.5674 20.4
    endloop
  endfacet
  facet normal 0.0525588 0.998618 -0
    outer loop
      vertex 22 -67.4 3.8147e-07
      vertex 21.8537 -67.3923 2.4
      vertex 22 -67.4 2.4
    endloop
  endfacet
  facet normal 0.0525588 0.998618 0
    outer loop
      vertex 21.8537 -67.3923 2.4
      vertex 22 -67.4 3.8147e-07
      vertex 21.8537 -67.3923 3.8147e-07
    endloop
  endfacet
  facet normal 0.0525588 0.998618 -0
    outer loop
      vertex 22 -67.4 18.9
      vertex 21.8537 -67.3923 20.4
      vertex 22 -67.4 20.4
    endloop
  endfacet
  facet normal 0.0525588 0.998618 0
    outer loop
      vertex 21.8537 -67.3923 20.4
      vertex 22 -67.4 18.9
      vertex 21.8537 -67.3923 18.9
    endloop
  endfacet
  facet normal 0.965951 0.258725 0
    outer loop
      vertex 20.6685 -66.4326 2.4
      vertex 20.6306 -66.2911 3.8147e-07
      vertex 20.6306 -66.2911 2.4
    endloop
  endfacet
  facet normal 0.965951 0.258725 0
    outer loop
      vertex 20.6306 -66.2911 3.8147e-07
      vertex 20.6685 -66.4326 2.4
      vertex 20.6685 -66.4326 3.8147e-07
    endloop
  endfacet
  facet normal 0.965951 0.258725 0
    outer loop
      vertex 20.6685 -66.4326 20.4
      vertex 20.6306 -66.2911 18.9
      vertex 20.6306 -66.2911 20.4
    endloop
  endfacet
  facet normal 0.965951 0.258725 0
    outer loop
      vertex 20.6306 -66.2911 18.9
      vertex 20.6685 -66.4326 20.4
      vertex 20.6685 -66.4326 18.9
    endloop
  endfacet
  facet normal -0.707107 0.707107 0
    outer loop
      vertex 22.9368 -67.0404 3.8147e-07
      vertex 23.0404 -66.9368 2.4
      vertex 23.0404 -66.9368 3.8147e-07
    endloop
  endfacet
  facet normal -0.707107 0.707107 0
    outer loop
      vertex 23.0404 -66.9368 2.4
      vertex 22.9368 -67.0404 3.8147e-07
      vertex 22.9368 -67.0404 2.4
    endloop
  endfacet
  facet normal -0.707107 0.707107 0
    outer loop
      vertex 22.9368 -67.0404 18.9
      vertex 23.0404 -66.9368 20.4
      vertex 23.0404 -66.9368 18.9
    endloop
  endfacet
  facet normal -0.707107 0.707107 0
    outer loop
      vertex 23.0404 -66.9368 20.4
      vertex 22.9368 -67.0404 18.9
      vertex 22.9368 -67.0404 20.4
    endloop
  endfacet
  facet normal 0.838709 0.544581 0
    outer loop
      vertex 20.8674 -66.8229 2.4
      vertex 20.7876 -66.7 3.8147e-07
      vertex 20.7876 -66.7 2.4
    endloop
  endfacet
  facet normal 0.838709 0.544581 0
    outer loop
      vertex 20.7876 -66.7 3.8147e-07
      vertex 20.8674 -66.8229 2.4
      vertex 20.8674 -66.8229 3.8147e-07
    endloop
  endfacet
  facet normal 0.838709 0.544581 0
    outer loop
      vertex 20.8674 -66.8229 20.4
      vertex 20.7876 -66.7 18.9
      vertex 20.7876 -66.7 20.4
    endloop
  endfacet
  facet normal 0.838709 0.544581 0
    outer loop
      vertex 20.7876 -66.7 18.9
      vertex 20.8674 -66.8229 20.4
      vertex 20.8674 -66.8229 18.9
    endloop
  endfacet
  facet normal 0.998618 0.0525588 0
    outer loop
      vertex 20.6077 -66.1463 2.4
      vertex 20.6 -66 3.8147e-07
      vertex 20.6 -66 2.4
    endloop
  endfacet
  facet normal 0.998618 0.0525588 0
    outer loop
      vertex 20.6 -66 3.8147e-07
      vertex 20.6077 -66.1463 2.4
      vertex 20.6077 -66.1463 3.8147e-07
    endloop
  endfacet
  facet normal 0.998618 0.0525588 0
    outer loop
      vertex 20.6077 -66.1463 20.4
      vertex 20.6 -66 18.9
      vertex 20.6 -66 20.4
    endloop
  endfacet
  facet normal 0.998618 0.0525588 0
    outer loop
      vertex 20.6 -66 18.9
      vertex 20.6077 -66.1463 20.4
      vertex 20.6077 -66.1463 18.9
    endloop
  endfacet
  facet normal -0.544581 0.838709 0
    outer loop
      vertex 22.8229 -67.1326 3.8147e-07
      vertex 22.7 -67.2124 2.4
      vertex 22.8229 -67.1326 2.4
    endloop
  endfacet
  facet normal -0.544581 0.838709 0
    outer loop
      vertex 22.7 -67.2124 2.4
      vertex 22.8229 -67.1326 3.8147e-07
      vertex 22.7 -67.2124 3.8147e-07
    endloop
  endfacet
  facet normal -0.544581 0.838709 0
    outer loop
      vertex 22.8229 -67.1326 18.9
      vertex 22.7 -67.2124 20.4
      vertex 22.8229 -67.1326 20.4
    endloop
  endfacet
  facet normal -0.544581 0.838709 0
    outer loop
      vertex 22.7 -67.2124 20.4
      vertex 22.8229 -67.1326 18.9
      vertex 22.7 -67.2124 18.9
    endloop
  endfacet
  facet normal -0.987724 0.156208 0
    outer loop
      vertex 23.3694 -66.2911 3.8147e-07
      vertex 23.3923 -66.1463 2.4
      vertex 23.3923 -66.1463 3.8147e-07
    endloop
  endfacet
  facet normal -0.987724 0.156208 0
    outer loop
      vertex 23.3923 -66.1463 2.4
      vertex 23.3694 -66.2911 3.8147e-07
      vertex 23.3694 -66.2911 2.4
    endloop
  endfacet
  facet normal -0.987724 0.156208 0
    outer loop
      vertex 23.3694 -66.2911 18.9
      vertex 23.3923 -66.1463 20.4
      vertex 23.3923 -66.1463 18.9
    endloop
  endfacet
  facet normal -0.987724 0.156208 0
    outer loop
      vertex 23.3923 -66.1463 20.4
      vertex 23.3694 -66.2911 18.9
      vertex 23.3694 -66.2911 20.4
    endloop
  endfacet
  facet normal 0.454294 0.890852 -0
    outer loop
      vertex 21.4306 -67.279 3.8147e-07
      vertex 21.3 -67.2124 2.4
      vertex 21.4306 -67.279 2.4
    endloop
  endfacet
  facet normal 0.454294 0.890852 0
    outer loop
      vertex 21.3 -67.2124 2.4
      vertex 21.4306 -67.279 3.8147e-07
      vertex 21.3 -67.2124 3.8147e-07
    endloop
  endfacet
  facet normal 0.454294 0.890852 -0
    outer loop
      vertex 21.4306 -67.279 18.9
      vertex 21.3 -67.2124 20.4
      vertex 21.4306 -67.279 20.4
    endloop
  endfacet
  facet normal 0.454294 0.890852 0
    outer loop
      vertex 21.3 -67.2124 20.4
      vertex 21.4306 -67.279 18.9
      vertex 21.3 -67.2124 18.9
    endloop
  endfacet
  facet normal 0.454294 -0.890852 0
    outer loop
      vertex 21.3 -64.7876 3.8147e-07
      vertex 21.4306 -64.721 2.4
      vertex 21.3 -64.7876 2.4
    endloop
  endfacet
  facet normal 0.454294 -0.890852 0
    outer loop
      vertex 21.4306 -64.721 2.4
      vertex 21.3 -64.7876 3.8147e-07
      vertex 21.4306 -64.721 3.8147e-07
    endloop
  endfacet
  facet normal 0.454294 -0.890852 0
    outer loop
      vertex 21.3 -64.7876 18.9
      vertex 21.4306 -64.721 20.4
      vertex 21.3 -64.7876 20.4
    endloop
  endfacet
  facet normal 0.454294 -0.890852 0
    outer loop
      vertex 21.4306 -64.721 20.4
      vertex 21.3 -64.7876 18.9
      vertex 21.4306 -64.721 18.9
    endloop
  endfacet
  facet normal -0.998618 0.0525588 0
    outer loop
      vertex 23.3923 -66.1463 3.8147e-07
      vertex 23.4 -66 2.4
      vertex 23.4 -66 3.8147e-07
    endloop
  endfacet
  facet normal -0.998618 0.0525588 0
    outer loop
      vertex 23.4 -66 2.4
      vertex 23.3923 -66.1463 3.8147e-07
      vertex 23.3923 -66.1463 2.4
    endloop
  endfacet
  facet normal -0.998618 0.0525588 0
    outer loop
      vertex 23.3923 -66.1463 18.9
      vertex 23.4 -66 20.4
      vertex 23.4 -66 18.9
    endloop
  endfacet
  facet normal -0.998618 0.0525588 0
    outer loop
      vertex 23.4 -66 20.4
      vertex 23.3923 -66.1463 18.9
      vertex 23.3923 -66.1463 20.4
    endloop
  endfacet
  facet normal -0.629179 -0.777261 0
    outer loop
      vertex 22.8229 -64.8674 3.8147e-07
      vertex 22.9368 -64.9596 2.4
      vertex 22.8229 -64.8674 2.4
    endloop
  endfacet
  facet normal -0.629179 -0.777261 -0
    outer loop
      vertex 22.9368 -64.9596 2.4
      vertex 22.8229 -64.8674 3.8147e-07
      vertex 22.9368 -64.9596 3.8147e-07
    endloop
  endfacet
  facet normal -0.629179 -0.777261 0
    outer loop
      vertex 22.8229 -64.8674 18.9
      vertex 22.9368 -64.9596 20.4
      vertex 22.8229 -64.8674 20.4
    endloop
  endfacet
  facet normal -0.629179 -0.777261 -0
    outer loop
      vertex 22.9368 -64.9596 20.4
      vertex 22.8229 -64.8674 18.9
      vertex 22.9368 -64.9596 18.9
    endloop
  endfacet
  facet normal -0.0525588 0.998618 0
    outer loop
      vertex 22.1463 -67.3923 3.8147e-07
      vertex 22 -67.4 2.4
      vertex 22.1463 -67.3923 2.4
    endloop
  endfacet
  facet normal -0.0525588 0.998618 0
    outer loop
      vertex 22 -67.4 2.4
      vertex 22.1463 -67.3923 3.8147e-07
      vertex 22 -67.4 3.8147e-07
    endloop
  endfacet
  facet normal -0.0525588 0.998618 0
    outer loop
      vertex 22.1463 -67.3923 18.9
      vertex 22 -67.4 20.4
      vertex 22.1463 -67.3923 20.4
    endloop
  endfacet
  facet normal -0.0525588 0.998618 0
    outer loop
      vertex 22 -67.4 20.4
      vertex 22.1463 -67.3923 18.9
      vertex 22 -67.4 18.9
    endloop
  endfacet
  facet normal -0.544581 -0.838709 0
    outer loop
      vertex 22.7 -64.7876 3.8147e-07
      vertex 22.8229 -64.8674 2.4
      vertex 22.7 -64.7876 2.4
    endloop
  endfacet
  facet normal -0.544581 -0.838709 -0
    outer loop
      vertex 22.8229 -64.8674 2.4
      vertex 22.7 -64.7876 3.8147e-07
      vertex 22.8229 -64.8674 3.8147e-07
    endloop
  endfacet
  facet normal -0.544581 -0.838709 0
    outer loop
      vertex 22.7 -64.7876 18.9
      vertex 22.8229 -64.8674 20.4
      vertex 22.7 -64.7876 20.4
    endloop
  endfacet
  facet normal -0.544581 -0.838709 -0
    outer loop
      vertex 22.8229 -64.8674 20.4
      vertex 22.7 -64.7876 18.9
      vertex 22.8229 -64.8674 18.9
    endloop
  endfacet
  facet normal 0.258725 -0.965951 0
    outer loop
      vertex 21.5674 -64.6685 3.8147e-07
      vertex 21.7089 -64.6306 2.4
      vertex 21.5674 -64.6685 2.4
    endloop
  endfacet
  facet normal 0.258725 -0.965951 0
    outer loop
      vertex 21.7089 -64.6306 2.4
      vertex 21.5674 -64.6685 3.8147e-07
      vertex 21.7089 -64.6306 3.8147e-07
    endloop
  endfacet
  facet normal 0.258725 -0.965951 0
    outer loop
      vertex 21.5674 -64.6685 18.9
      vertex 21.7089 -64.6306 20.4
      vertex 21.5674 -64.6685 20.4
    endloop
  endfacet
  facet normal 0.258725 -0.965951 0
    outer loop
      vertex 21.7089 -64.6306 20.4
      vertex 21.5674 -64.6685 18.9
      vertex 21.7089 -64.6306 18.9
    endloop
  endfacet
  facet normal -0.0525588 -0.998618 0
    outer loop
      vertex 22 -64.6 3.8147e-07
      vertex 22.1463 -64.6077 2.4
      vertex 22 -64.6 2.4
    endloop
  endfacet
  facet normal -0.0525588 -0.998618 -0
    outer loop
      vertex 22.1463 -64.6077 2.4
      vertex 22 -64.6 3.8147e-07
      vertex 22.1463 -64.6077 3.8147e-07
    endloop
  endfacet
  facet normal -0.0525588 -0.998618 0
    outer loop
      vertex 22 -64.6 18.9
      vertex 22.1463 -64.6077 20.4
      vertex 22 -64.6 20.4
    endloop
  endfacet
  facet normal -0.0525588 -0.998618 -0
    outer loop
      vertex 22.1463 -64.6077 20.4
      vertex 22 -64.6 18.9
      vertex 22.1463 -64.6077 18.9
    endloop
  endfacet
  facet normal -0.358293 -0.933609 0
    outer loop
      vertex 22.4326 -64.6685 3.8147e-07
      vertex 22.5694 -64.721 2.4
      vertex 22.4326 -64.6685 2.4
    endloop
  endfacet
  facet normal -0.358293 -0.933609 -0
    outer loop
      vertex 22.5694 -64.721 2.4
      vertex 22.4326 -64.6685 3.8147e-07
      vertex 22.5694 -64.721 3.8147e-07
    endloop
  endfacet
  facet normal -0.358293 -0.933609 0
    outer loop
      vertex 22.4326 -64.6685 18.9
      vertex 22.5694 -64.721 20.4
      vertex 22.4326 -64.6685 20.4
    endloop
  endfacet
  facet normal -0.358293 -0.933609 -0
    outer loop
      vertex 22.5694 -64.721 20.4
      vertex 22.4326 -64.6685 18.9
      vertex 22.5694 -64.721 18.9
    endloop
  endfacet
  facet normal -0.965951 0.258725 0
    outer loop
      vertex 23.3315 -66.4326 3.8147e-07
      vertex 23.3694 -66.2911 2.4
      vertex 23.3694 -66.2911 3.8147e-07
    endloop
  endfacet
  facet normal -0.965951 0.258725 0
    outer loop
      vertex 23.3694 -66.2911 2.4
      vertex 23.3315 -66.4326 3.8147e-07
      vertex 23.3315 -66.4326 2.4
    endloop
  endfacet
  facet normal -0.965951 0.258725 0
    outer loop
      vertex 23.3315 -66.4326 18.9
      vertex 23.3694 -66.2911 20.4
      vertex 23.3694 -66.2911 18.9
    endloop
  endfacet
  facet normal -0.965951 0.258725 0
    outer loop
      vertex 23.3694 -66.2911 20.4
      vertex 23.3315 -66.4326 18.9
      vertex 23.3315 -66.4326 20.4
    endloop
  endfacet
  facet normal -0.777261 -0.629179 0
    outer loop
      vertex 23.1326 -65.1771 3.8147e-07
      vertex 23.0404 -65.0632 2.4
      vertex 23.0404 -65.0632 3.8147e-07
    endloop
  endfacet
  facet normal -0.777261 -0.629179 0
    outer loop
      vertex 23.0404 -65.0632 2.4
      vertex 23.1326 -65.1771 3.8147e-07
      vertex 23.1326 -65.1771 2.4
    endloop
  endfacet
  facet normal -0.777261 -0.629179 0
    outer loop
      vertex 23.1326 -65.1771 18.9
      vertex 23.0404 -65.0632 20.4
      vertex 23.0404 -65.0632 18.9
    endloop
  endfacet
  facet normal -0.777261 -0.629179 0
    outer loop
      vertex 23.0404 -65.0632 20.4
      vertex 23.1326 -65.1771 18.9
      vertex 23.1326 -65.1771 20.4
    endloop
  endfacet
  facet normal 0.544581 0.838709 -0
    outer loop
      vertex 21.3 -67.2124 3.8147e-07
      vertex 21.1771 -67.1326 2.4
      vertex 21.3 -67.2124 2.4
    endloop
  endfacet
  facet normal 0.544581 0.838709 0
    outer loop
      vertex 21.1771 -67.1326 2.4
      vertex 21.3 -67.2124 3.8147e-07
      vertex 21.1771 -67.1326 3.8147e-07
    endloop
  endfacet
  facet normal 0.544581 0.838709 -0
    outer loop
      vertex 21.3 -67.2124 18.9
      vertex 21.1771 -67.1326 20.4
      vertex 21.3 -67.2124 20.4
    endloop
  endfacet
  facet normal 0.544581 0.838709 0
    outer loop
      vertex 21.1771 -67.1326 20.4
      vertex 21.3 -67.2124 18.9
      vertex 21.1771 -67.1326 18.9
    endloop
  endfacet
  facet normal -0.454294 -0.890852 0
    outer loop
      vertex 22.5694 -64.721 3.8147e-07
      vertex 22.7 -64.7876 2.4
      vertex 22.5694 -64.721 2.4
    endloop
  endfacet
  facet normal -0.454294 -0.890852 -0
    outer loop
      vertex 22.7 -64.7876 2.4
      vertex 22.5694 -64.721 3.8147e-07
      vertex 22.7 -64.7876 3.8147e-07
    endloop
  endfacet
  facet normal -0.454294 -0.890852 0
    outer loop
      vertex 22.5694 -64.721 18.9
      vertex 22.7 -64.7876 20.4
      vertex 22.5694 -64.721 20.4
    endloop
  endfacet
  facet normal -0.454294 -0.890852 -0
    outer loop
      vertex 22.7 -64.7876 20.4
      vertex 22.5694 -64.721 18.9
      vertex 22.7 -64.7876 18.9
    endloop
  endfacet
  facet normal -0.707107 -0.707107 0
    outer loop
      vertex 23.0404 -65.0632 3.8147e-07
      vertex 22.9368 -64.9596 2.4
      vertex 22.9368 -64.9596 3.8147e-07
    endloop
  endfacet
  facet normal -0.707107 -0.707107 0
    outer loop
      vertex 22.9368 -64.9596 2.4
      vertex 23.0404 -65.0632 3.8147e-07
      vertex 23.0404 -65.0632 2.4
    endloop
  endfacet
  facet normal -0.707107 -0.707107 0
    outer loop
      vertex 23.0404 -65.0632 18.9
      vertex 22.9368 -64.9596 20.4
      vertex 22.9368 -64.9596 18.9
    endloop
  endfacet
  facet normal -0.707107 -0.707107 0
    outer loop
      vertex 22.9368 -64.9596 20.4
      vertex 23.0404 -65.0632 18.9
      vertex 23.0404 -65.0632 20.4
    endloop
  endfacet
  facet normal 0.890852 0.454294 0
    outer loop
      vertex 20.7876 -66.7 2.4
      vertex 20.721 -66.5694 3.8147e-07
      vertex 20.721 -66.5694 2.4
    endloop
  endfacet
  facet normal 0.890852 0.454294 0
    outer loop
      vertex 20.721 -66.5694 3.8147e-07
      vertex 20.7876 -66.7 2.4
      vertex 20.7876 -66.7 3.8147e-07
    endloop
  endfacet
  facet normal 0.890852 0.454294 0
    outer loop
      vertex 20.7876 -66.7 20.4
      vertex 20.721 -66.5694 18.9
      vertex 20.721 -66.5694 20.4
    endloop
  endfacet
  facet normal 0.890852 0.454294 0
    outer loop
      vertex 20.721 -66.5694 18.9
      vertex 20.7876 -66.7 20.4
      vertex 20.7876 -66.7 18.9
    endloop
  endfacet
  facet normal 0.933609 0.358293 0
    outer loop
      vertex 20.721 -66.5694 2.4
      vertex 20.6685 -66.4326 3.8147e-07
      vertex 20.6685 -66.4326 2.4
    endloop
  endfacet
  facet normal 0.933609 0.358293 0
    outer loop
      vertex 20.6685 -66.4326 3.8147e-07
      vertex 20.721 -66.5694 2.4
      vertex 20.721 -66.5694 3.8147e-07
    endloop
  endfacet
  facet normal 0.933609 0.358293 0
    outer loop
      vertex 20.721 -66.5694 20.4
      vertex 20.6685 -66.4326 18.9
      vertex 20.6685 -66.4326 20.4
    endloop
  endfacet
  facet normal 0.933609 0.358293 0
    outer loop
      vertex 20.6685 -66.4326 18.9
      vertex 20.721 -66.5694 20.4
      vertex 20.721 -66.5694 18.9
    endloop
  endfacet
  facet normal -0.890852 0.454294 0
    outer loop
      vertex 23.2124 -66.7 3.8147e-07
      vertex 23.279 -66.5694 2.4
      vertex 23.279 -66.5694 3.8147e-07
    endloop
  endfacet
  facet normal -0.890852 0.454294 0
    outer loop
      vertex 23.279 -66.5694 2.4
      vertex 23.2124 -66.7 3.8147e-07
      vertex 23.2124 -66.7 2.4
    endloop
  endfacet
  facet normal -0.890852 0.454294 0
    outer loop
      vertex 23.2124 -66.7 18.9
      vertex 23.279 -66.5694 20.4
      vertex 23.279 -66.5694 18.9
    endloop
  endfacet
  facet normal -0.890852 0.454294 0
    outer loop
      vertex 23.279 -66.5694 20.4
      vertex 23.2124 -66.7 18.9
      vertex 23.2124 -66.7 20.4
    endloop
  endfacet
  facet normal -0.358293 0.933609 0
    outer loop
      vertex 22.5694 -67.279 3.8147e-07
      vertex 22.4326 -67.3315 2.4
      vertex 22.5694 -67.279 2.4
    endloop
  endfacet
  facet normal -0.358293 0.933609 0
    outer loop
      vertex 22.4326 -67.3315 2.4
      vertex 22.5694 -67.279 3.8147e-07
      vertex 22.4326 -67.3315 3.8147e-07
    endloop
  endfacet
  facet normal -0.358293 0.933609 0
    outer loop
      vertex 22.5694 -67.279 18.9
      vertex 22.4326 -67.3315 20.4
      vertex 22.5694 -67.279 20.4
    endloop
  endfacet
  facet normal -0.358293 0.933609 0
    outer loop
      vertex 22.4326 -67.3315 20.4
      vertex 22.5694 -67.279 18.9
      vertex 22.4326 -67.3315 18.9
    endloop
  endfacet
  facet normal 0.0525588 -0.998618 0
    outer loop
      vertex 21.8537 -64.6077 3.8147e-07
      vertex 22 -64.6 2.4
      vertex 21.8537 -64.6077 2.4
    endloop
  endfacet
  facet normal 0.0525588 -0.998618 0
    outer loop
      vertex 22 -64.6 2.4
      vertex 21.8537 -64.6077 3.8147e-07
      vertex 22 -64.6 3.8147e-07
    endloop
  endfacet
  facet normal 0.0525588 -0.998618 0
    outer loop
      vertex 21.8537 -64.6077 18.9
      vertex 22 -64.6 20.4
      vertex 21.8537 -64.6077 20.4
    endloop
  endfacet
  facet normal 0.0525588 -0.998618 0
    outer loop
      vertex 22 -64.6 20.4
      vertex 21.8537 -64.6077 18.9
      vertex 22 -64.6 18.9
    endloop
  endfacet
  facet normal -0.454294 0.890852 0
    outer loop
      vertex 22.7 -67.2124 3.8147e-07
      vertex 22.5694 -67.279 2.4
      vertex 22.7 -67.2124 2.4
    endloop
  endfacet
  facet normal -0.454294 0.890852 0
    outer loop
      vertex 22.5694 -67.279 2.4
      vertex 22.7 -67.2124 3.8147e-07
      vertex 22.5694 -67.279 3.8147e-07
    endloop
  endfacet
  facet normal -0.454294 0.890852 0
    outer loop
      vertex 22.7 -67.2124 18.9
      vertex 22.5694 -67.279 20.4
      vertex 22.7 -67.2124 20.4
    endloop
  endfacet
  facet normal -0.454294 0.890852 0
    outer loop
      vertex 22.5694 -67.279 20.4
      vertex 22.7 -67.2124 18.9
      vertex 22.5694 -67.279 18.9
    endloop
  endfacet
  facet normal -0.258725 -0.965951 0
    outer loop
      vertex 22.2911 -64.6306 3.8147e-07
      vertex 22.4326 -64.6685 2.4
      vertex 22.2911 -64.6306 2.4
    endloop
  endfacet
  facet normal -0.258725 -0.965951 -0
    outer loop
      vertex 22.4326 -64.6685 2.4
      vertex 22.2911 -64.6306 3.8147e-07
      vertex 22.4326 -64.6685 3.8147e-07
    endloop
  endfacet
  facet normal -0.258725 -0.965951 0
    outer loop
      vertex 22.2911 -64.6306 18.9
      vertex 22.4326 -64.6685 20.4
      vertex 22.2911 -64.6306 20.4
    endloop
  endfacet
  facet normal -0.258725 -0.965951 -0
    outer loop
      vertex 22.4326 -64.6685 20.4
      vertex 22.2911 -64.6306 18.9
      vertex 22.4326 -64.6685 18.9
    endloop
  endfacet
  facet normal -0.838709 0.544581 0
    outer loop
      vertex 23.1326 -66.8229 3.8147e-07
      vertex 23.2124 -66.7 2.4
      vertex 23.2124 -66.7 3.8147e-07
    endloop
  endfacet
  facet normal -0.838709 0.544581 0
    outer loop
      vertex 23.2124 -66.7 2.4
      vertex 23.1326 -66.8229 3.8147e-07
      vertex 23.1326 -66.8229 2.4
    endloop
  endfacet
  facet normal -0.838709 0.544581 0
    outer loop
      vertex 23.1326 -66.8229 18.9
      vertex 23.2124 -66.7 20.4
      vertex 23.2124 -66.7 18.9
    endloop
  endfacet
  facet normal -0.838709 0.544581 0
    outer loop
      vertex 23.2124 -66.7 20.4
      vertex 23.1326 -66.8229 18.9
      vertex 23.1326 -66.8229 20.4
    endloop
  endfacet
  facet normal 0.629179 0.777261 -0
    outer loop
      vertex 21.1771 -67.1326 3.8147e-07
      vertex 21.0632 -67.0404 2.4
      vertex 21.1771 -67.1326 2.4
    endloop
  endfacet
  facet normal 0.629179 0.777261 0
    outer loop
      vertex 21.0632 -67.0404 2.4
      vertex 21.1771 -67.1326 3.8147e-07
      vertex 21.0632 -67.0404 3.8147e-07
    endloop
  endfacet
  facet normal 0.629179 0.777261 -0
    outer loop
      vertex 21.1771 -67.1326 18.9
      vertex 21.0632 -67.0404 20.4
      vertex 21.1771 -67.1326 20.4
    endloop
  endfacet
  facet normal 0.629179 0.777261 0
    outer loop
      vertex 21.0632 -67.0404 20.4
      vertex 21.1771 -67.1326 18.9
      vertex 21.0632 -67.0404 18.9
    endloop
  endfacet
  facet normal -0.156208 0.987724 0
    outer loop
      vertex 22.2911 -67.3694 3.8147e-07
      vertex 22.1463 -67.3923 2.4
      vertex 22.2911 -67.3694 2.4
    endloop
  endfacet
  facet normal -0.156208 0.987724 0
    outer loop
      vertex 22.1463 -67.3923 2.4
      vertex 22.2911 -67.3694 3.8147e-07
      vertex 22.1463 -67.3923 3.8147e-07
    endloop
  endfacet
  facet normal -0.156208 0.987724 0
    outer loop
      vertex 22.2911 -67.3694 18.9
      vertex 22.1463 -67.3923 20.4
      vertex 22.2911 -67.3694 20.4
    endloop
  endfacet
  facet normal -0.156208 0.987724 0
    outer loop
      vertex 22.1463 -67.3923 20.4
      vertex 22.2911 -67.3694 18.9
      vertex 22.1463 -67.3923 18.9
    endloop
  endfacet
  facet normal -0.933609 0.358293 0
    outer loop
      vertex 23.279 -66.5694 3.8147e-07
      vertex 23.3315 -66.4326 2.4
      vertex 23.3315 -66.4326 3.8147e-07
    endloop
  endfacet
  facet normal -0.933609 0.358293 0
    outer loop
      vertex 23.3315 -66.4326 2.4
      vertex 23.279 -66.5694 3.8147e-07
      vertex 23.279 -66.5694 2.4
    endloop
  endfacet
  facet normal -0.933609 0.358293 0
    outer loop
      vertex 23.279 -66.5694 18.9
      vertex 23.3315 -66.4326 20.4
      vertex 23.3315 -66.4326 18.9
    endloop
  endfacet
  facet normal -0.933609 0.358293 0
    outer loop
      vertex 23.3315 -66.4326 20.4
      vertex 23.279 -66.5694 18.9
      vertex 23.279 -66.5694 20.4
    endloop
  endfacet
  facet normal -0.777261 0.629179 0
    outer loop
      vertex 23.0404 -66.9368 3.8147e-07
      vertex 23.1326 -66.8229 2.4
      vertex 23.1326 -66.8229 3.8147e-07
    endloop
  endfacet
  facet normal -0.777261 0.629179 0
    outer loop
      vertex 23.1326 -66.8229 2.4
      vertex 23.0404 -66.9368 3.8147e-07
      vertex 23.0404 -66.9368 2.4
    endloop
  endfacet
  facet normal -0.777261 0.629179 0
    outer loop
      vertex 23.0404 -66.9368 18.9
      vertex 23.1326 -66.8229 20.4
      vertex 23.1326 -66.8229 18.9
    endloop
  endfacet
  facet normal -0.777261 0.629179 0
    outer loop
      vertex 23.1326 -66.8229 20.4
      vertex 23.0404 -66.9368 18.9
      vertex 23.0404 -66.9368 20.4
    endloop
  endfacet
  facet normal -0.629179 0.777261 0
    outer loop
      vertex 22.9368 -67.0404 3.8147e-07
      vertex 22.8229 -67.1326 2.4
      vertex 22.9368 -67.0404 2.4
    endloop
  endfacet
  facet normal -0.629179 0.777261 0
    outer loop
      vertex 22.8229 -67.1326 2.4
      vertex 22.9368 -67.0404 3.8147e-07
      vertex 22.8229 -67.1326 3.8147e-07
    endloop
  endfacet
  facet normal -0.629179 0.777261 0
    outer loop
      vertex 22.9368 -67.0404 18.9
      vertex 22.8229 -67.1326 20.4
      vertex 22.9368 -67.0404 20.4
    endloop
  endfacet
  facet normal -0.629179 0.777261 0
    outer loop
      vertex 22.8229 -67.1326 20.4
      vertex 22.9368 -67.0404 18.9
      vertex 22.8229 -67.1326 18.9
    endloop
  endfacet
  facet normal 0.987724 -0.156208 0
    outer loop
      vertex 20.6077 -65.8537 2.4
      vertex 20.6306 -65.7089 3.8147e-07
      vertex 20.6306 -65.7089 2.4
    endloop
  endfacet
  facet normal 0.987724 -0.156208 0
    outer loop
      vertex 20.6306 -65.7089 3.8147e-07
      vertex 20.6077 -65.8537 2.4
      vertex 20.6077 -65.8537 3.8147e-07
    endloop
  endfacet
  facet normal 0.987724 -0.156208 0
    outer loop
      vertex 20.6077 -65.8537 20.4
      vertex 20.6306 -65.7089 18.9
      vertex 20.6306 -65.7089 20.4
    endloop
  endfacet
  facet normal 0.987724 -0.156208 0
    outer loop
      vertex 20.6306 -65.7089 18.9
      vertex 20.6077 -65.8537 20.4
      vertex 20.6077 -65.8537 18.9
    endloop
  endfacet
  facet normal -0.890852 -0.454294 0
    outer loop
      vertex 23.279 -65.4306 3.8147e-07
      vertex 23.2124 -65.3 2.4
      vertex 23.2124 -65.3 3.8147e-07
    endloop
  endfacet
  facet normal -0.890852 -0.454294 0
    outer loop
      vertex 23.2124 -65.3 2.4
      vertex 23.279 -65.4306 3.8147e-07
      vertex 23.279 -65.4306 2.4
    endloop
  endfacet
  facet normal -0.890852 -0.454294 0
    outer loop
      vertex 23.279 -65.4306 18.9
      vertex 23.2124 -65.3 20.4
      vertex 23.2124 -65.3 18.9
    endloop
  endfacet
  facet normal -0.890852 -0.454294 0
    outer loop
      vertex 23.2124 -65.3 20.4
      vertex 23.279 -65.4306 18.9
      vertex 23.279 -65.4306 20.4
    endloop
  endfacet
  facet normal 0.998618 -0.0525588 0
    outer loop
      vertex 20.6 -66 2.4
      vertex 20.6077 -65.8537 3.8147e-07
      vertex 20.6077 -65.8537 2.4
    endloop
  endfacet
  facet normal 0.998618 -0.0525588 0
    outer loop
      vertex 20.6077 -65.8537 3.8147e-07
      vertex 20.6 -66 2.4
      vertex 20.6 -66 3.8147e-07
    endloop
  endfacet
  facet normal 0.998618 -0.0525588 0
    outer loop
      vertex 20.6 -66 20.4
      vertex 20.6077 -65.8537 18.9
      vertex 20.6077 -65.8537 20.4
    endloop
  endfacet
  facet normal 0.998618 -0.0525588 0
    outer loop
      vertex 20.6077 -65.8537 18.9
      vertex 20.6 -66 20.4
      vertex 20.6 -66 18.9
    endloop
  endfacet
  facet normal 0.777261 0.629179 0
    outer loop
      vertex 20.9596 -66.9368 2.4
      vertex 20.8674 -66.8229 3.8147e-07
      vertex 20.8674 -66.8229 2.4
    endloop
  endfacet
  facet normal 0.777261 0.629179 0
    outer loop
      vertex 20.8674 -66.8229 3.8147e-07
      vertex 20.9596 -66.9368 2.4
      vertex 20.9596 -66.9368 3.8147e-07
    endloop
  endfacet
  facet normal 0.777261 0.629179 0
    outer loop
      vertex 20.9596 -66.9368 20.4
      vertex 20.8674 -66.8229 18.9
      vertex 20.8674 -66.8229 20.4
    endloop
  endfacet
  facet normal 0.777261 0.629179 0
    outer loop
      vertex 20.8674 -66.8229 18.9
      vertex 20.9596 -66.9368 20.4
      vertex 20.9596 -66.9368 18.9
    endloop
  endfacet
  facet normal 0.777261 -0.629179 0
    outer loop
      vertex 20.8674 -65.1771 2.4
      vertex 20.9596 -65.0632 3.8147e-07
      vertex 20.9596 -65.0632 2.4
    endloop
  endfacet
  facet normal 0.777261 -0.629179 0
    outer loop
      vertex 20.9596 -65.0632 3.8147e-07
      vertex 20.8674 -65.1771 2.4
      vertex 20.8674 -65.1771 3.8147e-07
    endloop
  endfacet
  facet normal 0.777261 -0.629179 0
    outer loop
      vertex 20.8674 -65.1771 20.4
      vertex 20.9596 -65.0632 18.9
      vertex 20.9596 -65.0632 20.4
    endloop
  endfacet
  facet normal 0.777261 -0.629179 0
    outer loop
      vertex 20.9596 -65.0632 18.9
      vertex 20.8674 -65.1771 20.4
      vertex 20.8674 -65.1771 18.9
    endloop
  endfacet
  facet normal 0.629179 -0.777261 0
    outer loop
      vertex 21.0632 -64.9596 3.8147e-07
      vertex 21.1771 -64.8674 2.4
      vertex 21.0632 -64.9596 2.4
    endloop
  endfacet
  facet normal 0.629179 -0.777261 0
    outer loop
      vertex 21.1771 -64.8674 2.4
      vertex 21.0632 -64.9596 3.8147e-07
      vertex 21.1771 -64.8674 3.8147e-07
    endloop
  endfacet
  facet normal 0.629179 -0.777261 0
    outer loop
      vertex 21.0632 -64.9596 18.9
      vertex 21.1771 -64.8674 20.4
      vertex 21.0632 -64.9596 20.4
    endloop
  endfacet
  facet normal 0.629179 -0.777261 0
    outer loop
      vertex 21.1771 -64.8674 20.4
      vertex 21.0632 -64.9596 18.9
      vertex 21.1771 -64.8674 18.9
    endloop
  endfacet
  facet normal 0.544581 -0.838709 0
    outer loop
      vertex 21.1771 -64.8674 3.8147e-07
      vertex 21.3 -64.7876 2.4
      vertex 21.1771 -64.8674 2.4
    endloop
  endfacet
  facet normal 0.544581 -0.838709 0
    outer loop
      vertex 21.3 -64.7876 2.4
      vertex 21.1771 -64.8674 3.8147e-07
      vertex 21.3 -64.7876 3.8147e-07
    endloop
  endfacet
  facet normal 0.544581 -0.838709 0
    outer loop
      vertex 21.1771 -64.8674 18.9
      vertex 21.3 -64.7876 20.4
      vertex 21.1771 -64.8674 20.4
    endloop
  endfacet
  facet normal 0.544581 -0.838709 0
    outer loop
      vertex 21.3 -64.7876 20.4
      vertex 21.1771 -64.8674 18.9
      vertex 21.3 -64.7876 18.9
    endloop
  endfacet
  facet normal 0.965951 -0.258725 0
    outer loop
      vertex 20.6306 -65.7089 2.4
      vertex 20.6685 -65.5674 3.8147e-07
      vertex 20.6685 -65.5674 2.4
    endloop
  endfacet
  facet normal 0.965951 -0.258725 0
    outer loop
      vertex 20.6685 -65.5674 3.8147e-07
      vertex 20.6306 -65.7089 2.4
      vertex 20.6306 -65.7089 3.8147e-07
    endloop
  endfacet
  facet normal 0.965951 -0.258725 0
    outer loop
      vertex 20.6306 -65.7089 20.4
      vertex 20.6685 -65.5674 18.9
      vertex 20.6685 -65.5674 20.4
    endloop
  endfacet
  facet normal 0.965951 -0.258725 0
    outer loop
      vertex 20.6685 -65.5674 18.9
      vertex 20.6306 -65.7089 20.4
      vertex 20.6306 -65.7089 18.9
    endloop
  endfacet
  facet normal 0.156208 -0.987724 0
    outer loop
      vertex 21.7089 -64.6306 3.8147e-07
      vertex 21.8537 -64.6077 2.4
      vertex 21.7089 -64.6306 2.4
    endloop
  endfacet
  facet normal 0.156208 -0.987724 0
    outer loop
      vertex 21.8537 -64.6077 2.4
      vertex 21.7089 -64.6306 3.8147e-07
      vertex 21.8537 -64.6077 3.8147e-07
    endloop
  endfacet
  facet normal 0.156208 -0.987724 0
    outer loop
      vertex 21.7089 -64.6306 18.9
      vertex 21.8537 -64.6077 20.4
      vertex 21.7089 -64.6306 20.4
    endloop
  endfacet
  facet normal 0.156208 -0.987724 0
    outer loop
      vertex 21.8537 -64.6077 20.4
      vertex 21.7089 -64.6306 18.9
      vertex 21.8537 -64.6077 18.9
    endloop
  endfacet
  facet normal 0.838709 -0.544581 0
    outer loop
      vertex 20.7876 -65.3 2.4
      vertex 20.8674 -65.1771 3.8147e-07
      vertex 20.8674 -65.1771 2.4
    endloop
  endfacet
  facet normal 0.838709 -0.544581 0
    outer loop
      vertex 20.8674 -65.1771 3.8147e-07
      vertex 20.7876 -65.3 2.4
      vertex 20.7876 -65.3 3.8147e-07
    endloop
  endfacet
  facet normal 0.838709 -0.544581 0
    outer loop
      vertex 20.7876 -65.3 20.4
      vertex 20.8674 -65.1771 18.9
      vertex 20.8674 -65.1771 20.4
    endloop
  endfacet
  facet normal 0.838709 -0.544581 0
    outer loop
      vertex 20.8674 -65.1771 18.9
      vertex 20.7876 -65.3 20.4
      vertex 20.7876 -65.3 18.9
    endloop
  endfacet
  facet normal 0.358293 0.933609 -0
    outer loop
      vertex 21.5674 -67.3315 3.8147e-07
      vertex 21.4306 -67.279 2.4
      vertex 21.5674 -67.3315 2.4
    endloop
  endfacet
  facet normal 0.358293 0.933609 0
    outer loop
      vertex 21.4306 -67.279 2.4
      vertex 21.5674 -67.3315 3.8147e-07
      vertex 21.4306 -67.279 3.8147e-07
    endloop
  endfacet
  facet normal 0.358293 0.933609 -0
    outer loop
      vertex 21.5674 -67.3315 18.9
      vertex 21.4306 -67.279 20.4
      vertex 21.5674 -67.3315 20.4
    endloop
  endfacet
  facet normal 0.358293 0.933609 0
    outer loop
      vertex 21.4306 -67.279 20.4
      vertex 21.5674 -67.3315 18.9
      vertex 21.4306 -67.279 18.9
    endloop
  endfacet
  facet normal 0.707107 -0.707107 0
    outer loop
      vertex 20.9596 -65.0632 2.4
      vertex 21.0632 -64.9596 3.8147e-07
      vertex 21.0632 -64.9596 2.4
    endloop
  endfacet
  facet normal 0.707107 -0.707107 0
    outer loop
      vertex 21.0632 -64.9596 3.8147e-07
      vertex 20.9596 -65.0632 2.4
      vertex 20.9596 -65.0632 3.8147e-07
    endloop
  endfacet
  facet normal 0.707107 -0.707107 0
    outer loop
      vertex 20.9596 -65.0632 20.4
      vertex 21.0632 -64.9596 18.9
      vertex 21.0632 -64.9596 20.4
    endloop
  endfacet
  facet normal 0.707107 -0.707107 0
    outer loop
      vertex 21.0632 -64.9596 18.9
      vertex 20.9596 -65.0632 20.4
      vertex 20.9596 -65.0632 18.9
    endloop
  endfacet
  facet normal 0.707107 0.707107 0
    outer loop
      vertex 21.0632 -67.0404 2.4
      vertex 20.9596 -66.9368 3.8147e-07
      vertex 20.9596 -66.9368 2.4
    endloop
  endfacet
  facet normal 0.707107 0.707107 0
    outer loop
      vertex 20.9596 -66.9368 3.8147e-07
      vertex 21.0632 -67.0404 2.4
      vertex 21.0632 -67.0404 3.8147e-07
    endloop
  endfacet
  facet normal 0.707107 0.707107 0
    outer loop
      vertex 21.0632 -67.0404 20.4
      vertex 20.9596 -66.9368 18.9
      vertex 20.9596 -66.9368 20.4
    endloop
  endfacet
  facet normal 0.707107 0.707107 0
    outer loop
      vertex 20.9596 -66.9368 18.9
      vertex 21.0632 -67.0404 20.4
      vertex 21.0632 -67.0404 18.9
    endloop
  endfacet
  facet normal 0.358293 -0.933609 0
    outer loop
      vertex 21.4306 -64.721 3.8147e-07
      vertex 21.5674 -64.6685 2.4
      vertex 21.4306 -64.721 2.4
    endloop
  endfacet
  facet normal 0.358293 -0.933609 0
    outer loop
      vertex 21.5674 -64.6685 2.4
      vertex 21.4306 -64.721 3.8147e-07
      vertex 21.5674 -64.6685 3.8147e-07
    endloop
  endfacet
  facet normal 0.358293 -0.933609 0
    outer loop
      vertex 21.4306 -64.721 18.9
      vertex 21.5674 -64.6685 20.4
      vertex 21.4306 -64.721 20.4
    endloop
  endfacet
  facet normal 0.358293 -0.933609 0
    outer loop
      vertex 21.5674 -64.6685 20.4
      vertex 21.4306 -64.721 18.9
      vertex 21.5674 -64.6685 18.9
    endloop
  endfacet
  facet normal 0.987724 0.156208 0
    outer loop
      vertex 20.6306 -66.2911 2.4
      vertex 20.6077 -66.1463 3.8147e-07
      vertex 20.6077 -66.1463 2.4
    endloop
  endfacet
  facet normal 0.987724 0.156208 0
    outer loop
      vertex 20.6077 -66.1463 3.8147e-07
      vertex 20.6306 -66.2911 2.4
      vertex 20.6306 -66.2911 3.8147e-07
    endloop
  endfacet
  facet normal 0.987724 0.156208 0
    outer loop
      vertex 20.6306 -66.2911 20.4
      vertex 20.6077 -66.1463 18.9
      vertex 20.6077 -66.1463 20.4
    endloop
  endfacet
  facet normal 0.987724 0.156208 0
    outer loop
      vertex 20.6077 -66.1463 18.9
      vertex 20.6306 -66.2911 20.4
      vertex 20.6306 -66.2911 18.9
    endloop
  endfacet
  facet normal 0.933609 -0.358293 0
    outer loop
      vertex 20.6685 -65.5674 2.4
      vertex 20.721 -65.4306 3.8147e-07
      vertex 20.721 -65.4306 2.4
    endloop
  endfacet
  facet normal 0.933609 -0.358293 0
    outer loop
      vertex 20.721 -65.4306 3.8147e-07
      vertex 20.6685 -65.5674 2.4
      vertex 20.6685 -65.5674 3.8147e-07
    endloop
  endfacet
  facet normal 0.933609 -0.358293 0
    outer loop
      vertex 20.6685 -65.5674 20.4
      vertex 20.721 -65.4306 18.9
      vertex 20.721 -65.4306 20.4
    endloop
  endfacet
  facet normal 0.933609 -0.358293 0
    outer loop
      vertex 20.721 -65.4306 18.9
      vertex 20.6685 -65.5674 20.4
      vertex 20.6685 -65.5674 18.9
    endloop
  endfacet
  facet normal 0.890852 -0.454294 0
    outer loop
      vertex 20.721 -65.4306 2.4
      vertex 20.7876 -65.3 3.8147e-07
      vertex 20.7876 -65.3 2.4
    endloop
  endfacet
  facet normal 0.890852 -0.454294 0
    outer loop
      vertex 20.7876 -65.3 3.8147e-07
      vertex 20.721 -65.4306 2.4
      vertex 20.721 -65.4306 3.8147e-07
    endloop
  endfacet
  facet normal 0.890852 -0.454294 0
    outer loop
      vertex 20.721 -65.4306 20.4
      vertex 20.7876 -65.3 18.9
      vertex 20.7876 -65.3 20.4
    endloop
  endfacet
  facet normal 0.890852 -0.454294 0
    outer loop
      vertex 20.7876 -65.3 18.9
      vertex 20.721 -65.4306 20.4
      vertex 20.721 -65.4306 18.9
    endloop
  endfacet
  facet normal 0.258725 0.965951 -0
    outer loop
      vertex 21.7089 -67.3694 3.8147e-07
      vertex 21.5674 -67.3315 2.4
      vertex 21.7089 -67.3694 2.4
    endloop
  endfacet
  facet normal 0.258725 0.965951 0
    outer loop
      vertex 21.5674 -67.3315 2.4
      vertex 21.7089 -67.3694 3.8147e-07
      vertex 21.5674 -67.3315 3.8147e-07
    endloop
  endfacet
  facet normal 0.258725 0.965951 -0
    outer loop
      vertex 21.7089 -67.3694 18.9
      vertex 21.5674 -67.3315 20.4
      vertex 21.7089 -67.3694 20.4
    endloop
  endfacet
  facet normal 0.258725 0.965951 0
    outer loop
      vertex 21.5674 -67.3315 20.4
      vertex 21.7089 -67.3694 18.9
      vertex 21.5674 -67.3315 18.9
    endloop
  endfacet
  facet normal 0.156208 0.987724 -0
    outer loop
      vertex 21.8537 -67.3923 3.8147e-07
      vertex 21.7089 -67.3694 2.4
      vertex 21.8537 -67.3923 2.4
    endloop
  endfacet
  facet normal 0.156208 0.987724 0
    outer loop
      vertex 21.7089 -67.3694 2.4
      vertex 21.8537 -67.3923 3.8147e-07
      vertex 21.7089 -67.3694 3.8147e-07
    endloop
  endfacet
  facet normal 0.156208 0.987724 -0
    outer loop
      vertex 21.8537 -67.3923 18.9
      vertex 21.7089 -67.3694 20.4
      vertex 21.8537 -67.3923 20.4
    endloop
  endfacet
  facet normal 0.156208 0.987724 0
    outer loop
      vertex 21.7089 -67.3694 20.4
      vertex 21.8537 -67.3923 18.9
      vertex 21.7089 -67.3694 18.9
    endloop
  endfacet
  facet normal 0.258725 0.965951 -0
    outer loop
      vertex 21.7089 14.6306 3.8147e-07
      vertex 21.5674 14.6685 20.4
      vertex 21.7089 14.6306 20.4
    endloop
  endfacet
  facet normal 0.258725 0.965951 0
    outer loop
      vertex 21.5674 14.6685 20.4
      vertex 21.7089 14.6306 3.8147e-07
      vertex 21.5674 14.6685 3.8147e-07
    endloop
  endfacet
  facet normal 0.258725 -0.965951 0
    outer loop
      vertex 21.5674 17.3315 3.8147e-07
      vertex 21.7089 17.3694 20.4
      vertex 21.5674 17.3315 20.4
    endloop
  endfacet
  facet normal 0.258725 -0.965951 0
    outer loop
      vertex 21.7089 17.3694 20.4
      vertex 21.5674 17.3315 3.8147e-07
      vertex 21.7089 17.3694 3.8147e-07
    endloop
  endfacet
  facet normal 0.629179 -0.777261 0
    outer loop
      vertex 21.0632 17.0404 3.8147e-07
      vertex 21.1771 17.1326 20.4
      vertex 21.0632 17.0404 20.4
    endloop
  endfacet
  facet normal 0.629179 -0.777261 0
    outer loop
      vertex 21.1771 17.1326 20.4
      vertex 21.0632 17.0404 3.8147e-07
      vertex 21.1771 17.1326 3.8147e-07
    endloop
  endfacet
  facet normal 0.0525588 0.998618 -0
    outer loop
      vertex 22 14.6 3.8147e-07
      vertex 21.8537 14.6077 20.4
      vertex 22 14.6 20.4
    endloop
  endfacet
  facet normal 0.0525588 0.998618 0
    outer loop
      vertex 21.8537 14.6077 20.4
      vertex 22 14.6 3.8147e-07
      vertex 21.8537 14.6077 3.8147e-07
    endloop
  endfacet
  facet normal -0.156208 0.987724 0
    outer loop
      vertex 22.2911 14.6306 3.8147e-07
      vertex 22.1463 14.6077 20.4
      vertex 22.2911 14.6306 20.4
    endloop
  endfacet
  facet normal -0.156208 0.987724 0
    outer loop
      vertex 22.1463 14.6077 20.4
      vertex 22.2911 14.6306 3.8147e-07
      vertex 22.1463 14.6077 3.8147e-07
    endloop
  endfacet
  facet normal -0.544581 0.838709 0
    outer loop
      vertex 22.8229 14.8674 3.8147e-07
      vertex 22.7 14.7876 20.4
      vertex 22.8229 14.8674 20.4
    endloop
  endfacet
  facet normal -0.544581 0.838709 0
    outer loop
      vertex 22.7 14.7876 20.4
      vertex 22.8229 14.8674 3.8147e-07
      vertex 22.7 14.7876 3.8147e-07
    endloop
  endfacet
  facet normal 0.987724 0.156208 0
    outer loop
      vertex 20.6306 15.7089 20.4
      vertex 20.6077 15.8537 3.8147e-07
      vertex 20.6077 15.8537 20.4
    endloop
  endfacet
  facet normal 0.987724 0.156208 0
    outer loop
      vertex 20.6077 15.8537 3.8147e-07
      vertex 20.6306 15.7089 20.4
      vertex 20.6306 15.7089 3.8147e-07
    endloop
  endfacet
  facet normal 0.707107 0.707107 -0
    outer loop
      vertex 21.0632 14.9596 3.8147e-07
      vertex 20.9596 15.0632 20.4
      vertex 21.0632 14.9596 20.4
    endloop
  endfacet
  facet normal 0.707107 0.707107 0
    outer loop
      vertex 20.9596 15.0632 20.4
      vertex 21.0632 14.9596 3.8147e-07
      vertex 20.9596 15.0632 3.8147e-07
    endloop
  endfacet
  facet normal -0.358293 0.933609 0
    outer loop
      vertex 22.5694 14.721 3.8147e-07
      vertex 22.4326 14.6685 20.4
      vertex 22.5694 14.721 20.4
    endloop
  endfacet
  facet normal -0.358293 0.933609 0
    outer loop
      vertex 22.4326 14.6685 20.4
      vertex 22.5694 14.721 3.8147e-07
      vertex 22.4326 14.6685 3.8147e-07
    endloop
  endfacet
  facet normal -0.707107 0.707107 0
    outer loop
      vertex 22.9368 14.9596 3.8147e-07
      vertex 23.0404 15.0632 20.4
      vertex 23.0404 15.0632 3.8147e-07
    endloop
  endfacet
  facet normal -0.707107 0.707107 0
    outer loop
      vertex 23.0404 15.0632 20.4
      vertex 22.9368 14.9596 3.8147e-07
      vertex 22.9368 14.9596 20.4
    endloop
  endfacet
  facet normal 0.998618 -0.0525588 0
    outer loop
      vertex 20.6 16 20.4
      vertex 20.6077 16.1463 3.8147e-07
      vertex 20.6077 16.1463 20.4
    endloop
  endfacet
  facet normal 0.998618 -0.0525588 0
    outer loop
      vertex 20.6077 16.1463 3.8147e-07
      vertex 20.6 16 20.4
      vertex 20.6 16 3.8147e-07
    endloop
  endfacet
  facet normal 0.156208 -0.987724 0
    outer loop
      vertex 21.7089 17.3694 3.8147e-07
      vertex 21.8537 17.3923 20.4
      vertex 21.7089 17.3694 20.4
    endloop
  endfacet
  facet normal 0.156208 -0.987724 0
    outer loop
      vertex 21.8537 17.3923 20.4
      vertex 21.7089 17.3694 3.8147e-07
      vertex 21.8537 17.3923 3.8147e-07
    endloop
  endfacet
  facet normal 0.987724 -0.156208 0
    outer loop
      vertex 20.6077 16.1463 20.4
      vertex 20.6306 16.2911 3.8147e-07
      vertex 20.6306 16.2911 20.4
    endloop
  endfacet
  facet normal 0.987724 -0.156208 0
    outer loop
      vertex 20.6306 16.2911 3.8147e-07
      vertex 20.6077 16.1463 20.4
      vertex 20.6077 16.1463 3.8147e-07
    endloop
  endfacet
  facet normal 0.358293 -0.933609 0
    outer loop
      vertex 21.4306 17.279 3.8147e-07
      vertex 21.5674 17.3315 20.4
      vertex 21.4306 17.279 20.4
    endloop
  endfacet
  facet normal 0.358293 -0.933609 0
    outer loop
      vertex 21.5674 17.3315 20.4
      vertex 21.4306 17.279 3.8147e-07
      vertex 21.5674 17.3315 3.8147e-07
    endloop
  endfacet
  facet normal 0.0543749 -0.998521 0
    outer loop
      vertex 21.8537 17.3923 3.8147e-07
      vertex 21.8941 17.3945 20.4
      vertex 21.8537 17.3923 20.4
    endloop
  endfacet
  facet normal 0.0543749 -0.998521 0
    outer loop
      vertex 21.8941 17.3945 20.4
      vertex 21.8537 17.3923 3.8147e-07
      vertex 21.8941 17.3945 3.8147e-07
    endloop
  endfacet
  facet normal 0.544581 -0.838709 0
    outer loop
      vertex 21.1771 17.1326 3.8147e-07
      vertex 21.3 17.2124 20.4
      vertex 21.1771 17.1326 20.4
    endloop
  endfacet
  facet normal 0.544581 -0.838709 0
    outer loop
      vertex 21.3 17.2124 20.4
      vertex 21.1771 17.1326 3.8147e-07
      vertex 21.3 17.2124 3.8147e-07
    endloop
  endfacet
  facet normal 0.933609 0.358293 0
    outer loop
      vertex 20.721 15.4306 20.4
      vertex 20.6685 15.5674 3.8147e-07
      vertex 20.6685 15.5674 20.4
    endloop
  endfacet
  facet normal 0.933609 0.358293 0
    outer loop
      vertex 20.6685 15.5674 3.8147e-07
      vertex 20.721 15.4306 20.4
      vertex 20.721 15.4306 3.8147e-07
    endloop
  endfacet
  facet normal -0.933773 0.357867 0
    outer loop
      vertex 23.279 15.4306 3.8147e-07
      vertex 23.2941 15.47 20.4
      vertex 23.2941 15.47 3.8147e-07
    endloop
  endfacet
  facet normal -0.933773 0.357867 0
    outer loop
      vertex 23.2941 15.47 20.4
      vertex 23.279 15.4306 3.8147e-07
      vertex 23.279 15.4306 20.4
    endloop
  endfacet
  facet normal 0.777261 -0.629179 0
    outer loop
      vertex 20.8674 16.8229 20.4
      vertex 20.9596 16.9368 3.8147e-07
      vertex 20.9596 16.9368 20.4
    endloop
  endfacet
  facet normal 0.777261 -0.629179 0
    outer loop
      vertex 20.9596 16.9368 3.8147e-07
      vertex 20.8674 16.8229 20.4
      vertex 20.8674 16.8229 3.8147e-07
    endloop
  endfacet
  facet normal 0.358293 0.933609 -0
    outer loop
      vertex 21.5674 14.6685 3.8147e-07
      vertex 21.4306 14.721 20.4
      vertex 21.5674 14.6685 20.4
    endloop
  endfacet
  facet normal 0.358293 0.933609 0
    outer loop
      vertex 21.4306 14.721 20.4
      vertex 21.5674 14.6685 3.8147e-07
      vertex 21.4306 14.721 3.8147e-07
    endloop
  endfacet
  facet normal 0.838709 0.544581 0
    outer loop
      vertex 20.8674 15.1771 20.4
      vertex 20.7876 15.3 3.8147e-07
      vertex 20.7876 15.3 20.4
    endloop
  endfacet
  facet normal 0.838709 0.544581 0
    outer loop
      vertex 20.7876 15.3 3.8147e-07
      vertex 20.8674 15.1771 20.4
      vertex 20.8674 15.1771 3.8147e-07
    endloop
  endfacet
  facet normal 0.629179 0.777261 -0
    outer loop
      vertex 21.1771 14.8674 3.8147e-07
      vertex 21.0632 14.9596 20.4
      vertex 21.1771 14.8674 20.4
    endloop
  endfacet
  facet normal 0.629179 0.777261 0
    outer loop
      vertex 21.0632 14.9596 20.4
      vertex 21.1771 14.8674 3.8147e-07
      vertex 21.0632 14.9596 3.8147e-07
    endloop
  endfacet
  facet normal -0.777261 0.629179 0
    outer loop
      vertex 23.0404 15.0632 3.8147e-07
      vertex 23.1326 15.1771 20.4
      vertex 23.1326 15.1771 3.8147e-07
    endloop
  endfacet
  facet normal -0.777261 0.629179 0
    outer loop
      vertex 23.1326 15.1771 20.4
      vertex 23.0404 15.0632 3.8147e-07
      vertex 23.0404 15.0632 20.4
    endloop
  endfacet
  facet normal 0.890852 0.454294 0
    outer loop
      vertex 20.7876 15.3 20.4
      vertex 20.721 15.4306 3.8147e-07
      vertex 20.721 15.4306 20.4
    endloop
  endfacet
  facet normal 0.890852 0.454294 0
    outer loop
      vertex 20.721 15.4306 3.8147e-07
      vertex 20.7876 15.3 20.4
      vertex 20.7876 15.3 3.8147e-07
    endloop
  endfacet
  facet normal -0.890852 0.454294 0
    outer loop
      vertex 23.2124 15.3 3.8147e-07
      vertex 23.279 15.4306 20.4
      vertex 23.279 15.4306 3.8147e-07
    endloop
  endfacet
  facet normal -0.890852 0.454294 0
    outer loop
      vertex 23.279 15.4306 20.4
      vertex 23.2124 15.3 3.8147e-07
      vertex 23.2124 15.3 20.4
    endloop
  endfacet
  facet normal -0.454294 0.890852 0
    outer loop
      vertex 22.7 14.7876 3.8147e-07
      vertex 22.5694 14.721 20.4
      vertex 22.7 14.7876 20.4
    endloop
  endfacet
  facet normal -0.454294 0.890852 0
    outer loop
      vertex 22.5694 14.721 20.4
      vertex 22.7 14.7876 3.8147e-07
      vertex 22.5694 14.721 3.8147e-07
    endloop
  endfacet
  facet normal 0.544581 0.838709 -0
    outer loop
      vertex 21.3 14.7876 3.8147e-07
      vertex 21.1771 14.8674 20.4
      vertex 21.3 14.7876 20.4
    endloop
  endfacet
  facet normal 0.544581 0.838709 0
    outer loop
      vertex 21.1771 14.8674 20.4
      vertex 21.3 14.7876 3.8147e-07
      vertex 21.1771 14.8674 3.8147e-07
    endloop
  endfacet
  facet normal 0.454294 -0.890852 0
    outer loop
      vertex 21.3 17.2124 3.8147e-07
      vertex 21.4306 17.279 20.4
      vertex 21.3 17.2124 20.4
    endloop
  endfacet
  facet normal 0.454294 -0.890852 0
    outer loop
      vertex 21.4306 17.279 20.4
      vertex 21.3 17.2124 3.8147e-07
      vertex 21.4306 17.279 3.8147e-07
    endloop
  endfacet
  facet normal -0.838709 0.544581 0
    outer loop
      vertex 23.1326 15.1771 3.8147e-07
      vertex 23.2124 15.3 20.4
      vertex 23.2124 15.3 3.8147e-07
    endloop
  endfacet
  facet normal -0.838709 0.544581 0
    outer loop
      vertex 23.2124 15.3 20.4
      vertex 23.1326 15.1771 3.8147e-07
      vertex 23.1326 15.1771 20.4
    endloop
  endfacet
  facet normal -0.258725 0.965951 0
    outer loop
      vertex 22.4326 14.6685 3.8147e-07
      vertex 22.2911 14.6306 20.4
      vertex 22.4326 14.6685 20.4
    endloop
  endfacet
  facet normal -0.258725 0.965951 0
    outer loop
      vertex 22.2911 14.6306 20.4
      vertex 22.4326 14.6685 3.8147e-07
      vertex 22.2911 14.6306 3.8147e-07
    endloop
  endfacet
  facet normal 0.707107 -0.707107 0
    outer loop
      vertex 20.9596 16.9368 3.8147e-07
      vertex 21.0632 17.0404 20.4
      vertex 20.9596 16.9368 20.4
    endloop
  endfacet
  facet normal 0.707107 -0.707107 0
    outer loop
      vertex 21.0632 17.0404 20.4
      vertex 20.9596 16.9368 3.8147e-07
      vertex 21.0632 17.0404 3.8147e-07
    endloop
  endfacet
  facet normal 0.890852 -0.454294 0
    outer loop
      vertex 20.721 16.5694 20.4
      vertex 20.7876 16.7 3.8147e-07
      vertex 20.7876 16.7 20.4
    endloop
  endfacet
  facet normal 0.890852 -0.454294 0
    outer loop
      vertex 20.7876 16.7 3.8147e-07
      vertex 20.721 16.5694 20.4
      vertex 20.721 16.5694 3.8147e-07
    endloop
  endfacet
  facet normal 0.965951 0.258725 0
    outer loop
      vertex 20.6685 15.5674 20.4
      vertex 20.6306 15.7089 3.8147e-07
      vertex 20.6306 15.7089 20.4
    endloop
  endfacet
  facet normal 0.965951 0.258725 0
    outer loop
      vertex 20.6306 15.7089 3.8147e-07
      vertex 20.6685 15.5674 20.4
      vertex 20.6685 15.5674 3.8147e-07
    endloop
  endfacet
  facet normal 0.777261 0.629179 0
    outer loop
      vertex 20.9596 15.0632 20.4
      vertex 20.8674 15.1771 3.8147e-07
      vertex 20.8674 15.1771 20.4
    endloop
  endfacet
  facet normal 0.777261 0.629179 0
    outer loop
      vertex 20.8674 15.1771 3.8147e-07
      vertex 20.9596 15.0632 20.4
      vertex 20.9596 15.0632 3.8147e-07
    endloop
  endfacet
  facet normal -0.0525588 0.998618 0
    outer loop
      vertex 22.1463 14.6077 3.8147e-07
      vertex 22 14.6 20.4
      vertex 22.1463 14.6077 20.4
    endloop
  endfacet
  facet normal -0.0525588 0.998618 0
    outer loop
      vertex 22 14.6 20.4
      vertex 22.1463 14.6077 3.8147e-07
      vertex 22 14.6 3.8147e-07
    endloop
  endfacet
  facet normal 0.454294 0.890852 -0
    outer loop
      vertex 21.4306 14.721 3.8147e-07
      vertex 21.3 14.7876 20.4
      vertex 21.4306 14.721 20.4
    endloop
  endfacet
  facet normal 0.454294 0.890852 0
    outer loop
      vertex 21.3 14.7876 20.4
      vertex 21.4306 14.721 3.8147e-07
      vertex 21.3 14.7876 3.8147e-07
    endloop
  endfacet
  facet normal 0.965951 -0.258725 0
    outer loop
      vertex 20.6306 16.2911 20.4
      vertex 20.6685 16.4326 3.8147e-07
      vertex 20.6685 16.4326 20.4
    endloop
  endfacet
  facet normal 0.965951 -0.258725 0
    outer loop
      vertex 20.6685 16.4326 3.8147e-07
      vertex 20.6306 16.2911 20.4
      vertex 20.6306 16.2911 3.8147e-07
    endloop
  endfacet
  facet normal 0.933609 -0.358293 0
    outer loop
      vertex 20.6685 16.4326 20.4
      vertex 20.721 16.5694 3.8147e-07
      vertex 20.721 16.5694 20.4
    endloop
  endfacet
  facet normal 0.933609 -0.358293 0
    outer loop
      vertex 20.721 16.5694 3.8147e-07
      vertex 20.6685 16.4326 20.4
      vertex 20.6685 16.4326 3.8147e-07
    endloop
  endfacet
  facet normal 0.156208 0.987724 -0
    outer loop
      vertex 21.8537 14.6077 3.8147e-07
      vertex 21.7089 14.6306 20.4
      vertex 21.8537 14.6077 20.4
    endloop
  endfacet
  facet normal 0.156208 0.987724 0
    outer loop
      vertex 21.7089 14.6306 20.4
      vertex 21.8537 14.6077 3.8147e-07
      vertex 21.7089 14.6306 3.8147e-07
    endloop
  endfacet
  facet normal 0.998618 0.0525588 0
    outer loop
      vertex 20.6077 15.8537 20.4
      vertex 20.6 16 3.8147e-07
      vertex 20.6 16 20.4
    endloop
  endfacet
  facet normal 0.998618 0.0525588 0
    outer loop
      vertex 20.6 16 3.8147e-07
      vertex 20.6077 15.8537 20.4
      vertex 20.6077 15.8537 3.8147e-07
    endloop
  endfacet
  facet normal -0.629179 0.777261 0
    outer loop
      vertex 22.9368 14.9596 3.8147e-07
      vertex 22.8229 14.8674 20.4
      vertex 22.9368 14.9596 20.4
    endloop
  endfacet
  facet normal -0.629179 0.777261 0
    outer loop
      vertex 22.8229 14.8674 20.4
      vertex 22.9368 14.9596 3.8147e-07
      vertex 22.8229 14.8674 3.8147e-07
    endloop
  endfacet
  facet normal 0.838709 -0.544581 0
    outer loop
      vertex 20.7876 16.7 20.4
      vertex 20.8674 16.8229 3.8147e-07
      vertex 20.8674 16.8229 20.4
    endloop
  endfacet
  facet normal 0.838709 -0.544581 0
    outer loop
      vertex 20.8674 16.8229 3.8147e-07
      vertex 20.7876 16.7 20.4
      vertex 20.7876 16.7 3.8147e-07
    endloop
  endfacet
  facet normal -0.454294 0.890852 0
    outer loop
      vertex -19.3 -69.8124 3.8147e-07
      vertex -19.4306 -69.879 2.4
      vertex -19.3 -69.8124 2.4
    endloop
  endfacet
  facet normal -0.454294 0.890852 0
    outer loop
      vertex -19.4306 -69.879 2.4
      vertex -19.3 -69.8124 3.8147e-07
      vertex -19.4306 -69.879 3.8147e-07
    endloop
  endfacet
  facet normal -0.987724 -0.156208 0
    outer loop
      vertex -18.6077 -68.4537 3.8147e-07
      vertex -18.6306 -68.3089 2.4
      vertex -18.6306 -68.3089 3.8147e-07
    endloop
  endfacet
  facet normal -0.987724 -0.156208 0
    outer loop
      vertex -18.6306 -68.3089 2.4
      vertex -18.6077 -68.4537 3.8147e-07
      vertex -18.6077 -68.4537 2.4
    endloop
  endfacet
  facet normal -0.998618 -0.0525588 0
    outer loop
      vertex -18.6 -68.6 3.8147e-07
      vertex -18.6077 -68.4537 2.4
      vertex -18.6077 -68.4537 3.8147e-07
    endloop
  endfacet
  facet normal -0.998618 -0.0525588 0
    outer loop
      vertex -18.6077 -68.4537 2.4
      vertex -18.6 -68.6 3.8147e-07
      vertex -18.6 -68.6 2.4
    endloop
  endfacet
  facet normal -0.965951 -0.258725 0
    outer loop
      vertex -18.6306 -68.3089 3.8147e-07
      vertex -18.6685 -68.1674 2.4
      vertex -18.6685 -68.1674 3.8147e-07
    endloop
  endfacet
  facet normal -0.965951 -0.258725 0
    outer loop
      vertex -18.6685 -68.1674 2.4
      vertex -18.6306 -68.3089 3.8147e-07
      vertex -18.6306 -68.3089 2.4
    endloop
  endfacet
  facet normal 0.629179 0.777261 -0
    outer loop
      vertex -20.8229 -69.7326 3.8147e-07
      vertex -20.9368 -69.6404 2.4
      vertex -20.8229 -69.7326 2.4
    endloop
  endfacet
  facet normal 0.629179 0.777261 0
    outer loop
      vertex -20.9368 -69.6404 2.4
      vertex -20.8229 -69.7326 3.8147e-07
      vertex -20.9368 -69.6404 3.8147e-07
    endloop
  endfacet
  facet normal -0.358293 0.933609 0
    outer loop
      vertex -19.4306 -69.879 3.8147e-07
      vertex -19.5674 -69.9315 2.4
      vertex -19.4306 -69.879 2.4
    endloop
  endfacet
  facet normal -0.358293 0.933609 0
    outer loop
      vertex -19.5674 -69.9315 2.4
      vertex -19.4306 -69.879 3.8147e-07
      vertex -19.5674 -69.9315 3.8147e-07
    endloop
  endfacet
  facet normal -0.998618 0.0525588 0
    outer loop
      vertex -18.6077 -68.7463 3.8147e-07
      vertex -18.6 -68.6 2.4
      vertex -18.6 -68.6 3.8147e-07
    endloop
  endfacet
  facet normal -0.998618 0.0525588 0
    outer loop
      vertex -18.6 -68.6 2.4
      vertex -18.6077 -68.7463 3.8147e-07
      vertex -18.6077 -68.7463 2.4
    endloop
  endfacet
  facet normal -0.933609 -0.358293 0
    outer loop
      vertex -18.6685 -68.1674 3.8147e-07
      vertex -18.721 -68.0306 2.4
      vertex -18.721 -68.0306 3.8147e-07
    endloop
  endfacet
  facet normal -0.933609 -0.358293 0
    outer loop
      vertex -18.721 -68.0306 2.4
      vertex -18.6685 -68.1674 3.8147e-07
      vertex -18.6685 -68.1674 2.4
    endloop
  endfacet
  facet normal -0.777261 -0.629179 0
    outer loop
      vertex -18.8674 -67.7771 3.8147e-07
      vertex -18.9596 -67.6632 2.4
      vertex -18.9596 -67.6632 3.8147e-07
    endloop
  endfacet
  facet normal -0.777261 -0.629179 0
    outer loop
      vertex -18.9596 -67.6632 2.4
      vertex -18.8674 -67.7771 3.8147e-07
      vertex -18.8674 -67.7771 2.4
    endloop
  endfacet
  facet normal -0.258725 0.965951 0
    outer loop
      vertex -19.5674 -69.9315 3.8147e-07
      vertex -19.7089 -69.9694 2.4
      vertex -19.5674 -69.9315 2.4
    endloop
  endfacet
  facet normal -0.258725 0.965951 0
    outer loop
      vertex -19.7089 -69.9694 2.4
      vertex -19.5674 -69.9315 3.8147e-07
      vertex -19.7089 -69.9694 3.8147e-07
    endloop
  endfacet
  facet normal -0.707107 0.707107 0
    outer loop
      vertex -19.0632 -69.6404 3.8147e-07
      vertex -18.9596 -69.5368 2.4
      vertex -18.9596 -69.5368 3.8147e-07
    endloop
  endfacet
  facet normal -0.707107 0.707107 0
    outer loop
      vertex -18.9596 -69.5368 2.4
      vertex -19.0632 -69.6404 3.8147e-07
      vertex -19.0632 -69.6404 2.4
    endloop
  endfacet
  facet normal 0.258725 0.965951 -0
    outer loop
      vertex -20.2911 -69.9694 3.8147e-07
      vertex -20.4326 -69.9315 2.4
      vertex -20.2911 -69.9694 2.4
    endloop
  endfacet
  facet normal 0.258725 0.965951 0
    outer loop
      vertex -20.4326 -69.9315 2.4
      vertex -20.2911 -69.9694 3.8147e-07
      vertex -20.4326 -69.9315 3.8147e-07
    endloop
  endfacet
  facet normal 0.454294 0.890852 -0
    outer loop
      vertex -20.5694 -69.879 3.8147e-07
      vertex -20.7 -69.8124 2.4
      vertex -20.5694 -69.879 2.4
    endloop
  endfacet
  facet normal 0.454294 0.890852 0
    outer loop
      vertex -20.7 -69.8124 2.4
      vertex -20.5694 -69.879 3.8147e-07
      vertex -20.7 -69.8124 3.8147e-07
    endloop
  endfacet
  facet normal 0.358293 -0.933609 0
    outer loop
      vertex -20.5694 -67.321 3.8147e-07
      vertex -20.4326 -67.2685 2.4
      vertex -20.5694 -67.321 2.4
    endloop
  endfacet
  facet normal 0.358293 -0.933609 0
    outer loop
      vertex -20.4326 -67.2685 2.4
      vertex -20.5694 -67.321 3.8147e-07
      vertex -20.4326 -67.2685 3.8147e-07
    endloop
  endfacet
  facet normal 0.838709 0.544581 0
    outer loop
      vertex -21.1326 -69.4229 2.4
      vertex -21.2124 -69.3 3.8147e-07
      vertex -21.2124 -69.3 2.4
    endloop
  endfacet
  facet normal 0.838709 0.544581 0
    outer loop
      vertex -21.2124 -69.3 3.8147e-07
      vertex -21.1326 -69.4229 2.4
      vertex -21.1326 -69.4229 3.8147e-07
    endloop
  endfacet
  facet normal 0.707107 -0.707107 0
    outer loop
      vertex -21.0404 -67.6632 3.8147e-07
      vertex -20.9368 -67.5596 2.4
      vertex -21.0404 -67.6632 2.4
    endloop
  endfacet
  facet normal 0.707107 -0.707107 0
    outer loop
      vertex -20.9368 -67.5596 2.4
      vertex -21.0404 -67.6632 3.8147e-07
      vertex -20.9368 -67.5596 3.8147e-07
    endloop
  endfacet
  facet normal -0.933609 0.358293 0
    outer loop
      vertex -18.721 -69.1694 3.8147e-07
      vertex -18.6685 -69.0326 2.4
      vertex -18.6685 -69.0326 3.8147e-07
    endloop
  endfacet
  facet normal -0.933609 0.358293 0
    outer loop
      vertex -18.6685 -69.0326 2.4
      vertex -18.721 -69.1694 3.8147e-07
      vertex -18.721 -69.1694 2.4
    endloop
  endfacet
  facet normal 0.965951 0.258725 0
    outer loop
      vertex -21.3315 -69.0326 2.4
      vertex -21.3694 -68.8911 3.8147e-07
      vertex -21.3694 -68.8911 2.4
    endloop
  endfacet
  facet normal 0.965951 0.258725 0
    outer loop
      vertex -21.3694 -68.8911 3.8147e-07
      vertex -21.3315 -69.0326 2.4
      vertex -21.3315 -69.0326 3.8147e-07
    endloop
  endfacet
  facet normal -0.544581 -0.838709 0
    outer loop
      vertex -19.3 -67.3876 3.8147e-07
      vertex -19.1771 -67.4674 2.4
      vertex -19.3 -67.3876 2.4
    endloop
  endfacet
  facet normal -0.544581 -0.838709 -0
    outer loop
      vertex -19.1771 -67.4674 2.4
      vertex -19.3 -67.3876 3.8147e-07
      vertex -19.1771 -67.4674 3.8147e-07
    endloop
  endfacet
  facet normal 0.544581 -0.838709 0
    outer loop
      vertex -20.8229 -67.4674 3.8147e-07
      vertex -20.7 -67.3876 2.4
      vertex -20.8229 -67.4674 2.4
    endloop
  endfacet
  facet normal 0.544581 -0.838709 0
    outer loop
      vertex -20.7 -67.3876 2.4
      vertex -20.8229 -67.4674 3.8147e-07
      vertex -20.7 -67.3876 3.8147e-07
    endloop
  endfacet
  facet normal -0.838709 -0.544581 0
    outer loop
      vertex -18.7876 -67.9 3.8147e-07
      vertex -18.8674 -67.7771 2.4
      vertex -18.8674 -67.7771 3.8147e-07
    endloop
  endfacet
  facet normal -0.838709 -0.544581 0
    outer loop
      vertex -18.8674 -67.7771 2.4
      vertex -18.7876 -67.9 3.8147e-07
      vertex -18.7876 -67.9 2.4
    endloop
  endfacet
  facet normal 0.0525588 -0.998618 0
    outer loop
      vertex -20.1463 -67.2077 3.8147e-07
      vertex -20 -67.2 2.4
      vertex -20.1463 -67.2077 2.4
    endloop
  endfacet
  facet normal 0.0525588 -0.998618 0
    outer loop
      vertex -20 -67.2 2.4
      vertex -20.1463 -67.2077 3.8147e-07
      vertex -20 -67.2 3.8147e-07
    endloop
  endfacet
  facet normal -0.454294 -0.890852 0
    outer loop
      vertex -19.4306 -67.321 3.8147e-07
      vertex -19.3 -67.3876 2.4
      vertex -19.4306 -67.321 2.4
    endloop
  endfacet
  facet normal -0.454294 -0.890852 -0
    outer loop
      vertex -19.3 -67.3876 2.4
      vertex -19.4306 -67.321 3.8147e-07
      vertex -19.3 -67.3876 3.8147e-07
    endloop
  endfacet
  facet normal -0.156208 -0.987724 0
    outer loop
      vertex -19.8537 -67.2077 3.8147e-07
      vertex -19.7089 -67.2306 2.4
      vertex -19.8537 -67.2077 2.4
    endloop
  endfacet
  facet normal -0.156208 -0.987724 -0
    outer loop
      vertex -19.7089 -67.2306 2.4
      vertex -19.8537 -67.2077 3.8147e-07
      vertex -19.7089 -67.2306 3.8147e-07
    endloop
  endfacet
  facet normal 0.777261 -0.629179 0
    outer loop
      vertex -21.1326 -67.7771 2.4
      vertex -21.0404 -67.6632 3.8147e-07
      vertex -21.0404 -67.6632 2.4
    endloop
  endfacet
  facet normal 0.777261 -0.629179 0
    outer loop
      vertex -21.0404 -67.6632 3.8147e-07
      vertex -21.1326 -67.7771 2.4
      vertex -21.1326 -67.7771 3.8147e-07
    endloop
  endfacet
  facet normal 0.629179 -0.777261 0
    outer loop
      vertex -20.9368 -67.5596 3.8147e-07
      vertex -20.8229 -67.4674 2.4
      vertex -20.9368 -67.5596 2.4
    endloop
  endfacet
  facet normal 0.629179 -0.777261 0
    outer loop
      vertex -20.8229 -67.4674 2.4
      vertex -20.9368 -67.5596 3.8147e-07
      vertex -20.8229 -67.4674 3.8147e-07
    endloop
  endfacet
  facet normal 0.454294 -0.890852 0
    outer loop
      vertex -20.7 -67.3876 3.8147e-07
      vertex -20.5694 -67.321 2.4
      vertex -20.7 -67.3876 2.4
    endloop
  endfacet
  facet normal 0.454294 -0.890852 0
    outer loop
      vertex -20.5694 -67.321 2.4
      vertex -20.7 -67.3876 3.8147e-07
      vertex -20.5694 -67.321 3.8147e-07
    endloop
  endfacet
  facet normal 0.933609 -0.358293 0
    outer loop
      vertex -21.3315 -68.1674 2.4
      vertex -21.279 -68.0306 3.8147e-07
      vertex -21.279 -68.0306 2.4
    endloop
  endfacet
  facet normal 0.933609 -0.358293 0
    outer loop
      vertex -21.279 -68.0306 3.8147e-07
      vertex -21.3315 -68.1674 2.4
      vertex -21.3315 -68.1674 3.8147e-07
    endloop
  endfacet
  facet normal 0.258725 -0.965951 0
    outer loop
      vertex -20.4326 -67.2685 3.8147e-07
      vertex -20.2911 -67.2306 2.4
      vertex -20.4326 -67.2685 2.4
    endloop
  endfacet
  facet normal 0.258725 -0.965951 0
    outer loop
      vertex -20.2911 -67.2306 2.4
      vertex -20.4326 -67.2685 3.8147e-07
      vertex -20.2911 -67.2306 3.8147e-07
    endloop
  endfacet
  facet normal 0.156208 0.987724 -0
    outer loop
      vertex -20.1463 -69.9923 3.8147e-07
      vertex -20.2911 -69.9694 2.4
      vertex -20.1463 -69.9923 2.4
    endloop
  endfacet
  facet normal 0.156208 0.987724 0
    outer loop
      vertex -20.2911 -69.9694 2.4
      vertex -20.1463 -69.9923 3.8147e-07
      vertex -20.2911 -69.9694 3.8147e-07
    endloop
  endfacet
  facet normal 0.987724 -0.156208 0
    outer loop
      vertex -21.3923 -68.4537 2.4
      vertex -21.3694 -68.3089 3.8147e-07
      vertex -21.3694 -68.3089 2.4
    endloop
  endfacet
  facet normal 0.987724 -0.156208 0
    outer loop
      vertex -21.3694 -68.3089 3.8147e-07
      vertex -21.3923 -68.4537 2.4
      vertex -21.3923 -68.4537 3.8147e-07
    endloop
  endfacet
  facet normal 0.777261 0.629179 0
    outer loop
      vertex -21.0404 -69.5368 2.4
      vertex -21.1326 -69.4229 3.8147e-07
      vertex -21.1326 -69.4229 2.4
    endloop
  endfacet
  facet normal 0.777261 0.629179 0
    outer loop
      vertex -21.1326 -69.4229 3.8147e-07
      vertex -21.0404 -69.5368 2.4
      vertex -21.0404 -69.5368 3.8147e-07
    endloop
  endfacet
  facet normal -0.838709 0.544581 0
    outer loop
      vertex -18.8674 -69.4229 3.8147e-07
      vertex -18.7876 -69.3 2.4
      vertex -18.7876 -69.3 3.8147e-07
    endloop
  endfacet
  facet normal -0.838709 0.544581 0
    outer loop
      vertex -18.7876 -69.3 2.4
      vertex -18.8674 -69.4229 3.8147e-07
      vertex -18.8674 -69.4229 2.4
    endloop
  endfacet
  facet normal 0.933609 0.358293 0
    outer loop
      vertex -21.279 -69.1694 2.4
      vertex -21.3315 -69.0326 3.8147e-07
      vertex -21.3315 -69.0326 2.4
    endloop
  endfacet
  facet normal 0.933609 0.358293 0
    outer loop
      vertex -21.3315 -69.0326 3.8147e-07
      vertex -21.279 -69.1694 2.4
      vertex -21.279 -69.1694 3.8147e-07
    endloop
  endfacet
  facet normal -0.156208 0.987724 0
    outer loop
      vertex -19.7089 -69.9694 3.8147e-07
      vertex -19.8537 -69.9923 2.4
      vertex -19.7089 -69.9694 2.4
    endloop
  endfacet
  facet normal -0.156208 0.987724 0
    outer loop
      vertex -19.8537 -69.9923 2.4
      vertex -19.7089 -69.9694 3.8147e-07
      vertex -19.8537 -69.9923 3.8147e-07
    endloop
  endfacet
  facet normal 0.544581 0.838709 -0
    outer loop
      vertex -20.7 -69.8124 3.8147e-07
      vertex -20.8229 -69.7326 2.4
      vertex -20.7 -69.8124 2.4
    endloop
  endfacet
  facet normal 0.544581 0.838709 0
    outer loop
      vertex -20.8229 -69.7326 2.4
      vertex -20.7 -69.8124 3.8147e-07
      vertex -20.8229 -69.7326 3.8147e-07
    endloop
  endfacet
  facet normal -0.629179 -0.777261 0
    outer loop
      vertex -19.1771 -67.4674 3.8147e-07
      vertex -19.0632 -67.5596 2.4
      vertex -19.1771 -67.4674 2.4
    endloop
  endfacet
  facet normal -0.629179 -0.777261 -0
    outer loop
      vertex -19.0632 -67.5596 2.4
      vertex -19.1771 -67.4674 3.8147e-07
      vertex -19.0632 -67.5596 3.8147e-07
    endloop
  endfacet
  facet normal -0.965951 0.258725 0
    outer loop
      vertex -18.6685 -69.0326 3.8147e-07
      vertex -18.6306 -68.8911 2.4
      vertex -18.6306 -68.8911 3.8147e-07
    endloop
  endfacet
  facet normal -0.965951 0.258725 0
    outer loop
      vertex -18.6306 -68.8911 2.4
      vertex -18.6685 -69.0326 3.8147e-07
      vertex -18.6685 -69.0326 2.4
    endloop
  endfacet
  facet normal -0.0525588 -0.998618 0
    outer loop
      vertex -20 -67.2 3.8147e-07
      vertex -19.8537 -67.2077 2.4
      vertex -20 -67.2 2.4
    endloop
  endfacet
  facet normal -0.0525588 -0.998618 -0
    outer loop
      vertex -19.8537 -67.2077 2.4
      vertex -20 -67.2 3.8147e-07
      vertex -19.8537 -67.2077 3.8147e-07
    endloop
  endfacet
  facet normal 0.965951 -0.258725 0
    outer loop
      vertex -21.3694 -68.3089 2.4
      vertex -21.3315 -68.1674 3.8147e-07
      vertex -21.3315 -68.1674 2.4
    endloop
  endfacet
  facet normal 0.965951 -0.258725 0
    outer loop
      vertex -21.3315 -68.1674 3.8147e-07
      vertex -21.3694 -68.3089 2.4
      vertex -21.3694 -68.3089 3.8147e-07
    endloop
  endfacet
  facet normal 0.707107 0.707107 0
    outer loop
      vertex -20.9368 -69.6404 2.4
      vertex -21.0404 -69.5368 3.8147e-07
      vertex -21.0404 -69.5368 2.4
    endloop
  endfacet
  facet normal 0.707107 0.707107 0
    outer loop
      vertex -21.0404 -69.5368 3.8147e-07
      vertex -20.9368 -69.6404 2.4
      vertex -20.9368 -69.6404 3.8147e-07
    endloop
  endfacet
  facet normal -0.890852 -0.454294 0
    outer loop
      vertex -18.721 -68.0306 3.8147e-07
      vertex -18.7876 -67.9 2.4
      vertex -18.7876 -67.9 3.8147e-07
    endloop
  endfacet
  facet normal -0.890852 -0.454294 0
    outer loop
      vertex -18.7876 -67.9 2.4
      vertex -18.721 -68.0306 3.8147e-07
      vertex -18.721 -68.0306 2.4
    endloop
  endfacet
  facet normal -0.258725 -0.965951 0
    outer loop
      vertex -19.7089 -67.2306 3.8147e-07
      vertex -19.5674 -67.2685 2.4
      vertex -19.7089 -67.2306 2.4
    endloop
  endfacet
  facet normal -0.258725 -0.965951 -0
    outer loop
      vertex -19.5674 -67.2685 2.4
      vertex -19.7089 -67.2306 3.8147e-07
      vertex -19.5674 -67.2685 3.8147e-07
    endloop
  endfacet
  facet normal -0.358293 -0.933609 0
    outer loop
      vertex -19.5674 -67.2685 3.8147e-07
      vertex -19.4306 -67.321 2.4
      vertex -19.5674 -67.2685 2.4
    endloop
  endfacet
  facet normal -0.358293 -0.933609 -0
    outer loop
      vertex -19.4306 -67.321 2.4
      vertex -19.5674 -67.2685 3.8147e-07
      vertex -19.4306 -67.321 3.8147e-07
    endloop
  endfacet
  facet normal -0.629179 0.777261 0
    outer loop
      vertex -19.0632 -69.6404 3.8147e-07
      vertex -19.1771 -69.7326 2.4
      vertex -19.0632 -69.6404 2.4
    endloop
  endfacet
  facet normal -0.629179 0.777261 0
    outer loop
      vertex -19.1771 -69.7326 2.4
      vertex -19.0632 -69.6404 3.8147e-07
      vertex -19.1771 -69.7326 3.8147e-07
    endloop
  endfacet
  facet normal -0.544581 0.838709 0
    outer loop
      vertex -19.1771 -69.7326 3.8147e-07
      vertex -19.3 -69.8124 2.4
      vertex -19.1771 -69.7326 2.4
    endloop
  endfacet
  facet normal -0.544581 0.838709 0
    outer loop
      vertex -19.3 -69.8124 2.4
      vertex -19.1771 -69.7326 3.8147e-07
      vertex -19.3 -69.8124 3.8147e-07
    endloop
  endfacet
  facet normal 0.890852 -0.454294 0
    outer loop
      vertex -21.279 -68.0306 2.4
      vertex -21.2124 -67.9 3.8147e-07
      vertex -21.2124 -67.9 2.4
    endloop
  endfacet
  facet normal 0.890852 -0.454294 0
    outer loop
      vertex -21.2124 -67.9 3.8147e-07
      vertex -21.279 -68.0306 2.4
      vertex -21.279 -68.0306 3.8147e-07
    endloop
  endfacet
  facet normal 0.156208 -0.987724 0
    outer loop
      vertex -20.2911 -67.2306 3.8147e-07
      vertex -20.1463 -67.2077 2.4
      vertex -20.2911 -67.2306 2.4
    endloop
  endfacet
  facet normal 0.156208 -0.987724 0
    outer loop
      vertex -20.1463 -67.2077 2.4
      vertex -20.2911 -67.2306 3.8147e-07
      vertex -20.1463 -67.2077 3.8147e-07
    endloop
  endfacet
  facet normal 0.890852 0.454294 0
    outer loop
      vertex -21.2124 -69.3 2.4
      vertex -21.279 -69.1694 3.8147e-07
      vertex -21.279 -69.1694 2.4
    endloop
  endfacet
  facet normal 0.890852 0.454294 0
    outer loop
      vertex -21.279 -69.1694 3.8147e-07
      vertex -21.2124 -69.3 2.4
      vertex -21.2124 -69.3 3.8147e-07
    endloop
  endfacet
  facet normal -0.0525588 0.998618 0
    outer loop
      vertex -19.8537 -69.9923 3.8147e-07
      vertex -20 -70 2.4
      vertex -19.8537 -69.9923 2.4
    endloop
  endfacet
  facet normal -0.0525588 0.998618 0
    outer loop
      vertex -20 -70 2.4
      vertex -19.8537 -69.9923 3.8147e-07
      vertex -20 -70 3.8147e-07
    endloop
  endfacet
  facet normal 0.987724 0.156208 0
    outer loop
      vertex -21.3694 -68.8911 2.4
      vertex -21.3923 -68.7463 3.8147e-07
      vertex -21.3923 -68.7463 2.4
    endloop
  endfacet
  facet normal 0.987724 0.156208 0
    outer loop
      vertex -21.3923 -68.7463 3.8147e-07
      vertex -21.3694 -68.8911 2.4
      vertex -21.3694 -68.8911 3.8147e-07
    endloop
  endfacet
  facet normal -0.890852 0.454294 0
    outer loop
      vertex -18.7876 -69.3 3.8147e-07
      vertex -18.721 -69.1694 2.4
      vertex -18.721 -69.1694 3.8147e-07
    endloop
  endfacet
  facet normal -0.890852 0.454294 0
    outer loop
      vertex -18.721 -69.1694 2.4
      vertex -18.7876 -69.3 3.8147e-07
      vertex -18.7876 -69.3 2.4
    endloop
  endfacet
  facet normal -0.707107 -0.707107 0
    outer loop
      vertex -19.0632 -67.5596 3.8147e-07
      vertex -18.9596 -67.6632 2.4
      vertex -19.0632 -67.5596 2.4
    endloop
  endfacet
  facet normal -0.707107 -0.707107 -0
    outer loop
      vertex -18.9596 -67.6632 2.4
      vertex -19.0632 -67.5596 3.8147e-07
      vertex -18.9596 -67.6632 3.8147e-07
    endloop
  endfacet
  facet normal -0.777261 0.629179 0
    outer loop
      vertex -18.9596 -69.5368 3.8147e-07
      vertex -18.8674 -69.4229 2.4
      vertex -18.8674 -69.4229 3.8147e-07
    endloop
  endfacet
  facet normal -0.777261 0.629179 0
    outer loop
      vertex -18.8674 -69.4229 2.4
      vertex -18.9596 -69.5368 3.8147e-07
      vertex -18.9596 -69.5368 2.4
    endloop
  endfacet
  facet normal 0.358293 0.933609 -0
    outer loop
      vertex -20.4326 -69.9315 3.8147e-07
      vertex -20.5694 -69.879 2.4
      vertex -20.4326 -69.9315 2.4
    endloop
  endfacet
  facet normal 0.358293 0.933609 0
    outer loop
      vertex -20.5694 -69.879 2.4
      vertex -20.4326 -69.9315 3.8147e-07
      vertex -20.5694 -69.879 3.8147e-07
    endloop
  endfacet
  facet normal 0.838709 -0.544581 0
    outer loop
      vertex -21.2124 -67.9 2.4
      vertex -21.1326 -67.7771 3.8147e-07
      vertex -21.1326 -67.7771 2.4
    endloop
  endfacet
  facet normal 0.838709 -0.544581 0
    outer loop
      vertex -21.1326 -67.7771 3.8147e-07
      vertex -21.2124 -67.9 2.4
      vertex -21.2124 -67.9 3.8147e-07
    endloop
  endfacet
  facet normal -0.987724 0.156208 0
    outer loop
      vertex -18.6306 -68.8911 3.8147e-07
      vertex -18.6077 -68.7463 2.4
      vertex -18.6077 -68.7463 3.8147e-07
    endloop
  endfacet
  facet normal -0.987724 0.156208 0
    outer loop
      vertex -18.6077 -68.7463 2.4
      vertex -18.6306 -68.8911 3.8147e-07
      vertex -18.6306 -68.8911 2.4
    endloop
  endfacet
  facet normal 0.0525588 0.998618 -0
    outer loop
      vertex -20 -70 3.8147e-07
      vertex -20.1463 -69.9923 2.4
      vertex -20 -70 2.4
    endloop
  endfacet
  facet normal 0.0525588 0.998618 0
    outer loop
      vertex -20.1463 -69.9923 2.4
      vertex -20 -70 3.8147e-07
      vertex -20.1463 -69.9923 3.8147e-07
    endloop
  endfacet
  facet normal 0.998618 -0.0525588 0
    outer loop
      vertex -21.4 -68.6 2.4
      vertex -21.3923 -68.4537 3.8147e-07
      vertex -21.3923 -68.4537 2.4
    endloop
  endfacet
  facet normal 0.998618 -0.0525588 0
    outer loop
      vertex -21.3923 -68.4537 3.8147e-07
      vertex -21.4 -68.6 2.4
      vertex -21.4 -68.6 3.8147e-07
    endloop
  endfacet
  facet normal 0.998618 0.0525588 0
    outer loop
      vertex -21.3923 -68.7463 2.4
      vertex -21.4 -68.6 3.8147e-07
      vertex -21.4 -68.6 2.4
    endloop
  endfacet
  facet normal 0.998618 0.0525588 0
    outer loop
      vertex -21.4 -68.6 3.8147e-07
      vertex -21.3923 -68.7463 2.4
      vertex -21.3923 -68.7463 3.8147e-07
    endloop
  endfacet
  facet normal -0.987724 -0.156208 0
    outer loop
      vertex -18.6077 -27.9537 3.8147e-07
      vertex -18.6306 -27.8089 2.4
      vertex -18.6306 -27.8089 3.8147e-07
    endloop
  endfacet
  facet normal -0.987724 -0.156208 0
    outer loop
      vertex -18.6306 -27.8089 2.4
      vertex -18.6077 -27.9537 3.8147e-07
      vertex -18.6077 -27.9537 2.4
    endloop
  endfacet
  facet normal -0.998618 -0.0525588 0
    outer loop
      vertex -18.6 -28.1 3.8147e-07
      vertex -18.6077 -27.9537 2.4
      vertex -18.6077 -27.9537 3.8147e-07
    endloop
  endfacet
  facet normal -0.998618 -0.0525588 0
    outer loop
      vertex -18.6077 -27.9537 2.4
      vertex -18.6 -28.1 3.8147e-07
      vertex -18.6 -28.1 2.4
    endloop
  endfacet
  facet normal -0.965951 -0.258725 0
    outer loop
      vertex -18.6306 -27.8089 3.8147e-07
      vertex -18.6685 -27.6674 2.4
      vertex -18.6685 -27.6674 3.8147e-07
    endloop
  endfacet
  facet normal -0.965951 -0.258725 0
    outer loop
      vertex -18.6685 -27.6674 2.4
      vertex -18.6306 -27.8089 3.8147e-07
      vertex -18.6306 -27.8089 2.4
    endloop
  endfacet
  facet normal 0.998618 0.0525588 0
    outer loop
      vertex -21.3923 -28.2463 2.4
      vertex -21.4 -28.1 3.8147e-07
      vertex -21.4 -28.1 2.4
    endloop
  endfacet
  facet normal 0.998618 0.0525588 0
    outer loop
      vertex -21.4 -28.1 3.8147e-07
      vertex -21.3923 -28.2463 2.4
      vertex -21.3923 -28.2463 3.8147e-07
    endloop
  endfacet
  facet normal -0.707107 -0.707107 0
    outer loop
      vertex -19.0632 -27.0596 3.8147e-07
      vertex -18.9596 -27.1632 2.4
      vertex -19.0632 -27.0596 2.4
    endloop
  endfacet
  facet normal -0.707107 -0.707107 -0
    outer loop
      vertex -18.9596 -27.1632 2.4
      vertex -19.0632 -27.0596 3.8147e-07
      vertex -18.9596 -27.1632 3.8147e-07
    endloop
  endfacet
  facet normal 0.156208 -0.987724 0
    outer loop
      vertex -20.2911 -26.7306 3.8147e-07
      vertex -20.1463 -26.7077 2.4
      vertex -20.2911 -26.7306 2.4
    endloop
  endfacet
  facet normal 0.156208 -0.987724 0
    outer loop
      vertex -20.1463 -26.7077 2.4
      vertex -20.2911 -26.7306 3.8147e-07
      vertex -20.1463 -26.7077 3.8147e-07
    endloop
  endfacet
  facet normal -0.258725 0.965951 0
    outer loop
      vertex -19.5674 -29.4315 3.8147e-07
      vertex -19.7089 -29.4694 2.4
      vertex -19.5674 -29.4315 2.4
    endloop
  endfacet
  facet normal -0.258725 0.965951 0
    outer loop
      vertex -19.7089 -29.4694 2.4
      vertex -19.5674 -29.4315 3.8147e-07
      vertex -19.7089 -29.4694 3.8147e-07
    endloop
  endfacet
  facet normal -0.629179 -0.777261 0
    outer loop
      vertex -19.1771 -26.9674 3.8147e-07
      vertex -19.0632 -27.0596 2.4
      vertex -19.1771 -26.9674 2.4
    endloop
  endfacet
  facet normal -0.629179 -0.777261 -0
    outer loop
      vertex -19.0632 -27.0596 2.4
      vertex -19.1771 -26.9674 3.8147e-07
      vertex -19.0632 -27.0596 3.8147e-07
    endloop
  endfacet
  facet normal -0.933609 0.358293 0
    outer loop
      vertex -18.721 -28.6694 3.8147e-07
      vertex -18.6685 -28.5326 2.4
      vertex -18.6685 -28.5326 3.8147e-07
    endloop
  endfacet
  facet normal -0.933609 0.358293 0
    outer loop
      vertex -18.6685 -28.5326 2.4
      vertex -18.721 -28.6694 3.8147e-07
      vertex -18.721 -28.6694 2.4
    endloop
  endfacet
  facet normal 0.0525588 -0.998618 0
    outer loop
      vertex -20.1463 -26.7077 3.8147e-07
      vertex -20 -26.7 2.4
      vertex -20.1463 -26.7077 2.4
    endloop
  endfacet
  facet normal 0.0525588 -0.998618 0
    outer loop
      vertex -20 -26.7 2.4
      vertex -20.1463 -26.7077 3.8147e-07
      vertex -20 -26.7 3.8147e-07
    endloop
  endfacet
  facet normal -0.890852 0.454294 0
    outer loop
      vertex -18.7876 -28.8 3.8147e-07
      vertex -18.721 -28.6694 2.4
      vertex -18.721 -28.6694 3.8147e-07
    endloop
  endfacet
  facet normal -0.890852 0.454294 0
    outer loop
      vertex -18.721 -28.6694 2.4
      vertex -18.7876 -28.8 3.8147e-07
      vertex -18.7876 -28.8 2.4
    endloop
  endfacet
  facet normal -0.933609 -0.358293 0
    outer loop
      vertex -18.6685 -27.6674 3.8147e-07
      vertex -18.721 -27.5306 2.4
      vertex -18.721 -27.5306 3.8147e-07
    endloop
  endfacet
  facet normal -0.933609 -0.358293 0
    outer loop
      vertex -18.721 -27.5306 2.4
      vertex -18.6685 -27.6674 3.8147e-07
      vertex -18.6685 -27.6674 2.4
    endloop
  endfacet
  facet normal -0.707107 0.707107 0
    outer loop
      vertex -19.0632 -29.1404 3.8147e-07
      vertex -18.9596 -29.0368 2.4
      vertex -18.9596 -29.0368 3.8147e-07
    endloop
  endfacet
  facet normal -0.707107 0.707107 0
    outer loop
      vertex -18.9596 -29.0368 2.4
      vertex -19.0632 -29.1404 3.8147e-07
      vertex -19.0632 -29.1404 2.4
    endloop
  endfacet
  facet normal 0.890852 0.454294 0
    outer loop
      vertex -21.2124 -28.8 2.4
      vertex -21.279 -28.6694 3.8147e-07
      vertex -21.279 -28.6694 2.4
    endloop
  endfacet
  facet normal 0.890852 0.454294 0
    outer loop
      vertex -21.279 -28.6694 3.8147e-07
      vertex -21.2124 -28.8 2.4
      vertex -21.2124 -28.8 3.8147e-07
    endloop
  endfacet
  facet normal -0.258725 -0.965951 0
    outer loop
      vertex -19.7089 -26.7306 3.8147e-07
      vertex -19.5674 -26.7685 2.4
      vertex -19.7089 -26.7306 2.4
    endloop
  endfacet
  facet normal -0.258725 -0.965951 -0
    outer loop
      vertex -19.5674 -26.7685 2.4
      vertex -19.7089 -26.7306 3.8147e-07
      vertex -19.5674 -26.7685 3.8147e-07
    endloop
  endfacet
  facet normal 0.933609 0.358293 0
    outer loop
      vertex -21.279 -28.6694 2.4
      vertex -21.3315 -28.5326 3.8147e-07
      vertex -21.3315 -28.5326 2.4
    endloop
  endfacet
  facet normal 0.933609 0.358293 0
    outer loop
      vertex -21.3315 -28.5326 3.8147e-07
      vertex -21.279 -28.6694 2.4
      vertex -21.279 -28.6694 3.8147e-07
    endloop
  endfacet
  facet normal 0.838709 -0.544581 0
    outer loop
      vertex -21.2124 -27.4 2.4
      vertex -21.1326 -27.2771 3.8147e-07
      vertex -21.1326 -27.2771 2.4
    endloop
  endfacet
  facet normal 0.838709 -0.544581 0
    outer loop
      vertex -21.1326 -27.2771 3.8147e-07
      vertex -21.2124 -27.4 2.4
      vertex -21.2124 -27.4 3.8147e-07
    endloop
  endfacet
  facet normal -0.156208 -0.987724 0
    outer loop
      vertex -19.8537 -26.7077 3.8147e-07
      vertex -19.7089 -26.7306 2.4
      vertex -19.8537 -26.7077 2.4
    endloop
  endfacet
  facet normal -0.156208 -0.987724 -0
    outer loop
      vertex -19.7089 -26.7306 2.4
      vertex -19.8537 -26.7077 3.8147e-07
      vertex -19.7089 -26.7306 3.8147e-07
    endloop
  endfacet
  facet normal -0.454294 0.890852 0
    outer loop
      vertex -19.3 -29.3124 3.8147e-07
      vertex -19.4306 -29.379 2.4
      vertex -19.3 -29.3124 2.4
    endloop
  endfacet
  facet normal -0.454294 0.890852 0
    outer loop
      vertex -19.4306 -29.379 2.4
      vertex -19.3 -29.3124 3.8147e-07
      vertex -19.4306 -29.379 3.8147e-07
    endloop
  endfacet
  facet normal 0.707107 -0.707107 0
    outer loop
      vertex -21.0404 -27.1632 2.4
      vertex -20.9368 -27.0596 3.8147e-07
      vertex -20.9368 -27.0596 2.4
    endloop
  endfacet
  facet normal 0.707107 -0.707107 0
    outer loop
      vertex -20.9368 -27.0596 3.8147e-07
      vertex -21.0404 -27.1632 2.4
      vertex -21.0404 -27.1632 3.8147e-07
    endloop
  endfacet
  facet normal 0.987724 0.156208 0
    outer loop
      vertex -21.3694 -28.3911 2.4
      vertex -21.3923 -28.2463 3.8147e-07
      vertex -21.3923 -28.2463 2.4
    endloop
  endfacet
  facet normal 0.987724 0.156208 0
    outer loop
      vertex -21.3923 -28.2463 3.8147e-07
      vertex -21.3694 -28.3911 2.4
      vertex -21.3694 -28.3911 3.8147e-07
    endloop
  endfacet
  facet normal -0.777261 -0.629179 0
    outer loop
      vertex -18.8674 -27.2771 3.8147e-07
      vertex -18.9596 -27.1632 2.4
      vertex -18.9596 -27.1632 3.8147e-07
    endloop
  endfacet
  facet normal -0.777261 -0.629179 0
    outer loop
      vertex -18.9596 -27.1632 2.4
      vertex -18.8674 -27.2771 3.8147e-07
      vertex -18.8674 -27.2771 2.4
    endloop
  endfacet
  facet normal -0.0525588 -0.998618 0
    outer loop
      vertex -20 -26.7 3.8147e-07
      vertex -19.8537 -26.7077 2.4
      vertex -20 -26.7 2.4
    endloop
  endfacet
  facet normal -0.0525588 -0.998618 -0
    outer loop
      vertex -19.8537 -26.7077 2.4
      vertex -20 -26.7 3.8147e-07
      vertex -19.8537 -26.7077 3.8147e-07
    endloop
  endfacet
  facet normal -0.838709 -0.544581 0
    outer loop
      vertex -18.7876 -27.4 3.8147e-07
      vertex -18.8674 -27.2771 2.4
      vertex -18.8674 -27.2771 3.8147e-07
    endloop
  endfacet
  facet normal -0.838709 -0.544581 0
    outer loop
      vertex -18.8674 -27.2771 2.4
      vertex -18.7876 -27.4 3.8147e-07
      vertex -18.7876 -27.4 2.4
    endloop
  endfacet
  facet normal 0.0525588 0.998618 -0
    outer loop
      vertex -20 -29.5 3.8147e-07
      vertex -20.1463 -29.4923 2.4
      vertex -20 -29.5 2.4
    endloop
  endfacet
  facet normal 0.0525588 0.998618 0
    outer loop
      vertex -20.1463 -29.4923 2.4
      vertex -20 -29.5 3.8147e-07
      vertex -20.1463 -29.4923 3.8147e-07
    endloop
  endfacet
  facet normal 0.358293 -0.933609 0
    outer loop
      vertex -20.5694 -26.821 3.8147e-07
      vertex -20.4326 -26.7685 2.4
      vertex -20.5694 -26.821 2.4
    endloop
  endfacet
  facet normal 0.358293 -0.933609 0
    outer loop
      vertex -20.4326 -26.7685 2.4
      vertex -20.5694 -26.821 3.8147e-07
      vertex -20.4326 -26.7685 3.8147e-07
    endloop
  endfacet
  facet normal -0.156208 0.987724 0
    outer loop
      vertex -19.7089 -29.4694 3.8147e-07
      vertex -19.8537 -29.4923 2.4
      vertex -19.7089 -29.4694 2.4
    endloop
  endfacet
  facet normal -0.156208 0.987724 0
    outer loop
      vertex -19.8537 -29.4923 2.4
      vertex -19.7089 -29.4694 3.8147e-07
      vertex -19.8537 -29.4923 3.8147e-07
    endloop
  endfacet
  facet normal -0.890852 -0.454294 0
    outer loop
      vertex -18.721 -27.5306 3.8147e-07
      vertex -18.7876 -27.4 2.4
      vertex -18.7876 -27.4 3.8147e-07
    endloop
  endfacet
  facet normal -0.890852 -0.454294 0
    outer loop
      vertex -18.7876 -27.4 2.4
      vertex -18.721 -27.5306 3.8147e-07
      vertex -18.721 -27.5306 2.4
    endloop
  endfacet
  facet normal -0.965951 0.258725 0
    outer loop
      vertex -18.6685 -28.5326 3.8147e-07
      vertex -18.6306 -28.3911 2.4
      vertex -18.6306 -28.3911 3.8147e-07
    endloop
  endfacet
  facet normal -0.965951 0.258725 0
    outer loop
      vertex -18.6306 -28.3911 2.4
      vertex -18.6685 -28.5326 3.8147e-07
      vertex -18.6685 -28.5326 2.4
    endloop
  endfacet
  facet normal 0.258725 -0.965951 0
    outer loop
      vertex -20.4326 -26.7685 3.8147e-07
      vertex -20.2911 -26.7306 2.4
      vertex -20.4326 -26.7685 2.4
    endloop
  endfacet
  facet normal 0.258725 -0.965951 0
    outer loop
      vertex -20.2911 -26.7306 2.4
      vertex -20.4326 -26.7685 3.8147e-07
      vertex -20.2911 -26.7306 3.8147e-07
    endloop
  endfacet
  facet normal 0.454294 0.890852 -0
    outer loop
      vertex -20.5694 -29.379 3.8147e-07
      vertex -20.7 -29.3124 2.4
      vertex -20.5694 -29.379 2.4
    endloop
  endfacet
  facet normal 0.454294 0.890852 0
    outer loop
      vertex -20.7 -29.3124 2.4
      vertex -20.5694 -29.379 3.8147e-07
      vertex -20.7 -29.3124 3.8147e-07
    endloop
  endfacet
  facet normal 0.777261 0.629179 0
    outer loop
      vertex -21.0404 -29.0368 2.4
      vertex -21.1326 -28.9229 3.8147e-07
      vertex -21.1326 -28.9229 2.4
    endloop
  endfacet
  facet normal 0.777261 0.629179 0
    outer loop
      vertex -21.1326 -28.9229 3.8147e-07
      vertex -21.0404 -29.0368 2.4
      vertex -21.0404 -29.0368 3.8147e-07
    endloop
  endfacet
  facet normal 0.358293 0.933609 -0
    outer loop
      vertex -20.4326 -29.4315 3.8147e-07
      vertex -20.5694 -29.379 2.4
      vertex -20.4326 -29.4315 2.4
    endloop
  endfacet
  facet normal 0.358293 0.933609 0
    outer loop
      vertex -20.5694 -29.379 2.4
      vertex -20.4326 -29.4315 3.8147e-07
      vertex -20.5694 -29.379 3.8147e-07
    endloop
  endfacet
  facet normal 0.629179 -0.777261 0
    outer loop
      vertex -20.9368 -27.0596 3.8147e-07
      vertex -20.8229 -26.9674 2.4
      vertex -20.9368 -27.0596 2.4
    endloop
  endfacet
  facet normal 0.629179 -0.777261 0
    outer loop
      vertex -20.8229 -26.9674 2.4
      vertex -20.9368 -27.0596 3.8147e-07
      vertex -20.8229 -26.9674 3.8147e-07
    endloop
  endfacet
  facet normal 0.965951 -0.258725 0
    outer loop
      vertex -21.3694 -27.8089 2.4
      vertex -21.3315 -27.6674 3.8147e-07
      vertex -21.3315 -27.6674 2.4
    endloop
  endfacet
  facet normal 0.965951 -0.258725 0
    outer loop
      vertex -21.3315 -27.6674 3.8147e-07
      vertex -21.3694 -27.8089 2.4
      vertex -21.3694 -27.8089 3.8147e-07
    endloop
  endfacet
  facet normal 0.544581 0.838709 -0
    outer loop
      vertex -20.7 -29.3124 3.8147e-07
      vertex -20.8229 -29.2326 2.4
      vertex -20.7 -29.3124 2.4
    endloop
  endfacet
  facet normal 0.544581 0.838709 0
    outer loop
      vertex -20.8229 -29.2326 2.4
      vertex -20.7 -29.3124 3.8147e-07
      vertex -20.8229 -29.2326 3.8147e-07
    endloop
  endfacet
  facet normal -0.998618 0.0525588 0
    outer loop
      vertex -18.6077 -28.2463 3.8147e-07
      vertex -18.6 -28.1 2.4
      vertex -18.6 -28.1 3.8147e-07
    endloop
  endfacet
  facet normal -0.998618 0.0525588 0
    outer loop
      vertex -18.6 -28.1 2.4
      vertex -18.6077 -28.2463 3.8147e-07
      vertex -18.6077 -28.2463 2.4
    endloop
  endfacet
  facet normal -0.544581 0.838709 0
    outer loop
      vertex -19.1771 -29.2326 3.8147e-07
      vertex -19.3 -29.3124 2.4
      vertex -19.1771 -29.2326 2.4
    endloop
  endfacet
  facet normal -0.544581 0.838709 0
    outer loop
      vertex -19.3 -29.3124 2.4
      vertex -19.1771 -29.2326 3.8147e-07
      vertex -19.3 -29.3124 3.8147e-07
    endloop
  endfacet
  facet normal -0.454294 -0.890852 0
    outer loop
      vertex -19.4306 -26.821 3.8147e-07
      vertex -19.3 -26.8876 2.4
      vertex -19.4306 -26.821 2.4
    endloop
  endfacet
  facet normal -0.454294 -0.890852 -0
    outer loop
      vertex -19.3 -26.8876 2.4
      vertex -19.4306 -26.821 3.8147e-07
      vertex -19.3 -26.8876 3.8147e-07
    endloop
  endfacet
  facet normal -0.544581 -0.838709 0
    outer loop
      vertex -19.3 -26.8876 3.8147e-07
      vertex -19.1771 -26.9674 2.4
      vertex -19.3 -26.8876 2.4
    endloop
  endfacet
  facet normal -0.544581 -0.838709 -0
    outer loop
      vertex -19.1771 -26.9674 2.4
      vertex -19.3 -26.8876 3.8147e-07
      vertex -19.1771 -26.9674 3.8147e-07
    endloop
  endfacet
  facet normal 0.544581 -0.838709 0
    outer loop
      vertex -20.8229 -26.9674 3.8147e-07
      vertex -20.7 -26.8876 2.4
      vertex -20.8229 -26.9674 2.4
    endloop
  endfacet
  facet normal 0.544581 -0.838709 0
    outer loop
      vertex -20.7 -26.8876 2.4
      vertex -20.8229 -26.9674 3.8147e-07
      vertex -20.7 -26.8876 3.8147e-07
    endloop
  endfacet
  facet normal -0.987724 0.156208 0
    outer loop
      vertex -18.6306 -28.3911 3.8147e-07
      vertex -18.6077 -28.2463 2.4
      vertex -18.6077 -28.2463 3.8147e-07
    endloop
  endfacet
  facet normal -0.987724 0.156208 0
    outer loop
      vertex -18.6077 -28.2463 2.4
      vertex -18.6306 -28.3911 3.8147e-07
      vertex -18.6306 -28.3911 2.4
    endloop
  endfacet
  facet normal -0.838709 0.544581 0
    outer loop
      vertex -18.8674 -28.9229 3.8147e-07
      vertex -18.7876 -28.8 2.4
      vertex -18.7876 -28.8 3.8147e-07
    endloop
  endfacet
  facet normal -0.838709 0.544581 0
    outer loop
      vertex -18.7876 -28.8 2.4
      vertex -18.8674 -28.9229 3.8147e-07
      vertex -18.8674 -28.9229 2.4
    endloop
  endfacet
  facet normal -0.0525588 0.998618 0
    outer loop
      vertex -19.8537 -29.4923 3.8147e-07
      vertex -20 -29.5 2.4
      vertex -19.8537 -29.4923 2.4
    endloop
  endfacet
  facet normal -0.0525588 0.998618 0
    outer loop
      vertex -20 -29.5 2.4
      vertex -19.8537 -29.4923 3.8147e-07
      vertex -20 -29.5 3.8147e-07
    endloop
  endfacet
  facet normal 0.965951 0.258725 0
    outer loop
      vertex -21.3315 -28.5326 2.4
      vertex -21.3694 -28.3911 3.8147e-07
      vertex -21.3694 -28.3911 2.4
    endloop
  endfacet
  facet normal 0.965951 0.258725 0
    outer loop
      vertex -21.3694 -28.3911 3.8147e-07
      vertex -21.3315 -28.5326 2.4
      vertex -21.3315 -28.5326 3.8147e-07
    endloop
  endfacet
  facet normal 0.258725 0.965951 -0
    outer loop
      vertex -20.2911 -29.4694 3.8147e-07
      vertex -20.4326 -29.4315 2.4
      vertex -20.2911 -29.4694 2.4
    endloop
  endfacet
  facet normal 0.258725 0.965951 0
    outer loop
      vertex -20.4326 -29.4315 2.4
      vertex -20.2911 -29.4694 3.8147e-07
      vertex -20.4326 -29.4315 3.8147e-07
    endloop
  endfacet
  facet normal -0.358293 -0.933609 0
    outer loop
      vertex -19.5674 -26.7685 3.8147e-07
      vertex -19.4306 -26.821 2.4
      vertex -19.5674 -26.7685 2.4
    endloop
  endfacet
  facet normal -0.358293 -0.933609 -0
    outer loop
      vertex -19.4306 -26.821 2.4
      vertex -19.5674 -26.7685 3.8147e-07
      vertex -19.4306 -26.821 3.8147e-07
    endloop
  endfacet
  facet normal 0.890852 -0.454294 0
    outer loop
      vertex -21.279 -27.5306 2.4
      vertex -21.2124 -27.4 3.8147e-07
      vertex -21.2124 -27.4 2.4
    endloop
  endfacet
  facet normal 0.890852 -0.454294 0
    outer loop
      vertex -21.2124 -27.4 3.8147e-07
      vertex -21.279 -27.5306 2.4
      vertex -21.279 -27.5306 3.8147e-07
    endloop
  endfacet
  facet normal 0.777261 -0.629179 0
    outer loop
      vertex -21.1326 -27.2771 2.4
      vertex -21.0404 -27.1632 3.8147e-07
      vertex -21.0404 -27.1632 2.4
    endloop
  endfacet
  facet normal 0.777261 -0.629179 0
    outer loop
      vertex -21.0404 -27.1632 3.8147e-07
      vertex -21.1326 -27.2771 2.4
      vertex -21.1326 -27.2771 3.8147e-07
    endloop
  endfacet
  facet normal 0.454294 -0.890852 0
    outer loop
      vertex -20.7 -26.8876 3.8147e-07
      vertex -20.5694 -26.821 2.4
      vertex -20.7 -26.8876 2.4
    endloop
  endfacet
  facet normal 0.454294 -0.890852 0
    outer loop
      vertex -20.5694 -26.821 2.4
      vertex -20.7 -26.8876 3.8147e-07
      vertex -20.5694 -26.821 3.8147e-07
    endloop
  endfacet
  facet normal -0.358293 0.933609 0
    outer loop
      vertex -19.4306 -29.379 3.8147e-07
      vertex -19.5674 -29.4315 2.4
      vertex -19.4306 -29.379 2.4
    endloop
  endfacet
  facet normal -0.358293 0.933609 0
    outer loop
      vertex -19.5674 -29.4315 2.4
      vertex -19.4306 -29.379 3.8147e-07
      vertex -19.5674 -29.4315 3.8147e-07
    endloop
  endfacet
  facet normal 0.987724 -0.156208 0
    outer loop
      vertex -21.3923 -27.9537 2.4
      vertex -21.3694 -27.8089 3.8147e-07
      vertex -21.3694 -27.8089 2.4
    endloop
  endfacet
  facet normal 0.987724 -0.156208 0
    outer loop
      vertex -21.3694 -27.8089 3.8147e-07
      vertex -21.3923 -27.9537 2.4
      vertex -21.3923 -27.9537 3.8147e-07
    endloop
  endfacet
  facet normal 0.707107 0.707107 0
    outer loop
      vertex -20.9368 -29.1404 2.4
      vertex -21.0404 -29.0368 3.8147e-07
      vertex -21.0404 -29.0368 2.4
    endloop
  endfacet
  facet normal 0.707107 0.707107 0
    outer loop
      vertex -21.0404 -29.0368 3.8147e-07
      vertex -20.9368 -29.1404 2.4
      vertex -20.9368 -29.1404 3.8147e-07
    endloop
  endfacet
  facet normal 0.156208 0.987724 -0
    outer loop
      vertex -20.1463 -29.4923 3.8147e-07
      vertex -20.2911 -29.4694 2.4
      vertex -20.1463 -29.4923 2.4
    endloop
  endfacet
  facet normal 0.156208 0.987724 0
    outer loop
      vertex -20.2911 -29.4694 2.4
      vertex -20.1463 -29.4923 3.8147e-07
      vertex -20.2911 -29.4694 3.8147e-07
    endloop
  endfacet
  facet normal 0.629179 0.777261 -0
    outer loop
      vertex -20.8229 -29.2326 3.8147e-07
      vertex -20.9368 -29.1404 2.4
      vertex -20.8229 -29.2326 2.4
    endloop
  endfacet
  facet normal 0.629179 0.777261 0
    outer loop
      vertex -20.9368 -29.1404 2.4
      vertex -20.8229 -29.2326 3.8147e-07
      vertex -20.9368 -29.1404 3.8147e-07
    endloop
  endfacet
  facet normal -0.629179 0.777261 0
    outer loop
      vertex -19.0632 -29.1404 3.8147e-07
      vertex -19.1771 -29.2326 2.4
      vertex -19.0632 -29.1404 2.4
    endloop
  endfacet
  facet normal -0.629179 0.777261 0
    outer loop
      vertex -19.1771 -29.2326 2.4
      vertex -19.0632 -29.1404 3.8147e-07
      vertex -19.1771 -29.2326 3.8147e-07
    endloop
  endfacet
  facet normal 0.838709 0.544581 0
    outer loop
      vertex -21.1326 -28.9229 2.4
      vertex -21.2124 -28.8 3.8147e-07
      vertex -21.2124 -28.8 2.4
    endloop
  endfacet
  facet normal 0.838709 0.544581 0
    outer loop
      vertex -21.2124 -28.8 3.8147e-07
      vertex -21.1326 -28.9229 2.4
      vertex -21.1326 -28.9229 3.8147e-07
    endloop
  endfacet
  facet normal 0.998618 -0.0525588 0
    outer loop
      vertex -21.4 -28.1 2.4
      vertex -21.3923 -27.9537 3.8147e-07
      vertex -21.3923 -27.9537 2.4
    endloop
  endfacet
  facet normal 0.998618 -0.0525588 0
    outer loop
      vertex -21.3923 -27.9537 3.8147e-07
      vertex -21.4 -28.1 2.4
      vertex -21.4 -28.1 3.8147e-07
    endloop
  endfacet
  facet normal 0.933609 -0.358293 0
    outer loop
      vertex -21.3315 -27.6674 2.4
      vertex -21.279 -27.5306 3.8147e-07
      vertex -21.279 -27.5306 2.4
    endloop
  endfacet
  facet normal 0.933609 -0.358293 0
    outer loop
      vertex -21.279 -27.5306 3.8147e-07
      vertex -21.3315 -27.6674 2.4
      vertex -21.3315 -27.6674 3.8147e-07
    endloop
  endfacet
  facet normal -0.777261 0.629179 0
    outer loop
      vertex -18.9596 -29.0368 3.8147e-07
      vertex -18.8674 -28.9229 2.4
      vertex -18.8674 -28.9229 3.8147e-07
    endloop
  endfacet
  facet normal -0.777261 0.629179 0
    outer loop
      vertex -18.8674 -28.9229 2.4
      vertex -18.9596 -29.0368 3.8147e-07
      vertex -18.9596 -29.0368 2.4
    endloop
  endfacet
  facet normal -0.454294 0.890852 0
    outer loop
      vertex 20.7 -69.8124 3.8147e-07
      vertex 20.5694 -69.879 2.4
      vertex 20.7 -69.8124 2.4
    endloop
  endfacet
  facet normal -0.454294 0.890852 0
    outer loop
      vertex 20.5694 -69.879 2.4
      vertex 20.7 -69.8124 3.8147e-07
      vertex 20.5694 -69.879 3.8147e-07
    endloop
  endfacet
  facet normal -0.987724 -0.156208 0
    outer loop
      vertex 21.3923 -68.4537 3.8147e-07
      vertex 21.3694 -68.3089 2.4
      vertex 21.3694 -68.3089 3.8147e-07
    endloop
  endfacet
  facet normal -0.987724 -0.156208 0
    outer loop
      vertex 21.3694 -68.3089 2.4
      vertex 21.3923 -68.4537 3.8147e-07
      vertex 21.3923 -68.4537 2.4
    endloop
  endfacet
  facet normal -0.998618 -0.0525588 0
    outer loop
      vertex 21.4 -68.6 3.8147e-07
      vertex 21.3923 -68.4537 2.4
      vertex 21.3923 -68.4537 3.8147e-07
    endloop
  endfacet
  facet normal -0.998618 -0.0525588 0
    outer loop
      vertex 21.3923 -68.4537 2.4
      vertex 21.4 -68.6 3.8147e-07
      vertex 21.4 -68.6 2.4
    endloop
  endfacet
  facet normal -0.965951 -0.258725 0
    outer loop
      vertex 21.3694 -68.3089 3.8147e-07
      vertex 21.3315 -68.1674 2.4
      vertex 21.3315 -68.1674 3.8147e-07
    endloop
  endfacet
  facet normal -0.965951 -0.258725 0
    outer loop
      vertex 21.3315 -68.1674 2.4
      vertex 21.3694 -68.3089 3.8147e-07
      vertex 21.3694 -68.3089 2.4
    endloop
  endfacet
  facet normal 0.629179 0.777261 -0
    outer loop
      vertex 19.1771 -69.7326 3.8147e-07
      vertex 19.0632 -69.6404 2.4
      vertex 19.1771 -69.7326 2.4
    endloop
  endfacet
  facet normal 0.629179 0.777261 0
    outer loop
      vertex 19.0632 -69.6404 2.4
      vertex 19.1771 -69.7326 3.8147e-07
      vertex 19.0632 -69.6404 3.8147e-07
    endloop
  endfacet
  facet normal -0.358293 0.933609 0
    outer loop
      vertex 20.5694 -69.879 3.8147e-07
      vertex 20.4326 -69.9315 2.4
      vertex 20.5694 -69.879 2.4
    endloop
  endfacet
  facet normal -0.358293 0.933609 0
    outer loop
      vertex 20.4326 -69.9315 2.4
      vertex 20.5694 -69.879 3.8147e-07
      vertex 20.4326 -69.9315 3.8147e-07
    endloop
  endfacet
  facet normal -0.998618 0.0525588 0
    outer loop
      vertex 21.3923 -68.7463 3.8147e-07
      vertex 21.4 -68.6 2.4
      vertex 21.4 -68.6 3.8147e-07
    endloop
  endfacet
  facet normal -0.998618 0.0525588 0
    outer loop
      vertex 21.4 -68.6 2.4
      vertex 21.3923 -68.7463 3.8147e-07
      vertex 21.3923 -68.7463 2.4
    endloop
  endfacet
  facet normal -0.933609 -0.358293 0
    outer loop
      vertex 21.3315 -68.1674 3.8147e-07
      vertex 21.279 -68.0306 2.4
      vertex 21.279 -68.0306 3.8147e-07
    endloop
  endfacet
  facet normal -0.933609 -0.358293 0
    outer loop
      vertex 21.279 -68.0306 2.4
      vertex 21.3315 -68.1674 3.8147e-07
      vertex 21.3315 -68.1674 2.4
    endloop
  endfacet
  facet normal -0.777261 -0.629179 0
    outer loop
      vertex 21.1326 -67.7771 3.8147e-07
      vertex 21.0404 -67.6632 2.4
      vertex 21.0404 -67.6632 3.8147e-07
    endloop
  endfacet
  facet normal -0.777261 -0.629179 0
    outer loop
      vertex 21.0404 -67.6632 2.4
      vertex 21.1326 -67.7771 3.8147e-07
      vertex 21.1326 -67.7771 2.4
    endloop
  endfacet
  facet normal -0.258725 0.965951 0
    outer loop
      vertex 20.4326 -69.9315 3.8147e-07
      vertex 20.2911 -69.9694 2.4
      vertex 20.4326 -69.9315 2.4
    endloop
  endfacet
  facet normal -0.258725 0.965951 0
    outer loop
      vertex 20.2911 -69.9694 2.4
      vertex 20.4326 -69.9315 3.8147e-07
      vertex 20.2911 -69.9694 3.8147e-07
    endloop
  endfacet
  facet normal -0.707107 0.707107 0
    outer loop
      vertex 20.9368 -69.6404 3.8147e-07
      vertex 21.0404 -69.5368 2.4
      vertex 21.0404 -69.5368 3.8147e-07
    endloop
  endfacet
  facet normal -0.707107 0.707107 0
    outer loop
      vertex 21.0404 -69.5368 2.4
      vertex 20.9368 -69.6404 3.8147e-07
      vertex 20.9368 -69.6404 2.4
    endloop
  endfacet
  facet normal 0.258725 0.965951 -0
    outer loop
      vertex 19.7089 -69.9694 3.8147e-07
      vertex 19.5674 -69.9315 2.4
      vertex 19.7089 -69.9694 2.4
    endloop
  endfacet
  facet normal 0.258725 0.965951 0
    outer loop
      vertex 19.5674 -69.9315 2.4
      vertex 19.7089 -69.9694 3.8147e-07
      vertex 19.5674 -69.9315 3.8147e-07
    endloop
  endfacet
  facet normal 0.454294 0.890852 -0
    outer loop
      vertex 19.4306 -69.879 3.8147e-07
      vertex 19.3 -69.8124 2.4
      vertex 19.4306 -69.879 2.4
    endloop
  endfacet
  facet normal 0.454294 0.890852 0
    outer loop
      vertex 19.3 -69.8124 2.4
      vertex 19.4306 -69.879 3.8147e-07
      vertex 19.3 -69.8124 3.8147e-07
    endloop
  endfacet
  facet normal 0.358293 -0.933609 0
    outer loop
      vertex 19.4306 -67.321 3.8147e-07
      vertex 19.5674 -67.2685 2.4
      vertex 19.4306 -67.321 2.4
    endloop
  endfacet
  facet normal 0.358293 -0.933609 0
    outer loop
      vertex 19.5674 -67.2685 2.4
      vertex 19.4306 -67.321 3.8147e-07
      vertex 19.5674 -67.2685 3.8147e-07
    endloop
  endfacet
  facet normal 0.838709 0.544581 0
    outer loop
      vertex 18.8674 -69.4229 2.4
      vertex 18.7876 -69.3 3.8147e-07
      vertex 18.7876 -69.3 2.4
    endloop
  endfacet
  facet normal 0.838709 0.544581 0
    outer loop
      vertex 18.7876 -69.3 3.8147e-07
      vertex 18.8674 -69.4229 2.4
      vertex 18.8674 -69.4229 3.8147e-07
    endloop
  endfacet
  facet normal 0.707107 -0.707107 0
    outer loop
      vertex 18.9596 -67.6632 3.8147e-07
      vertex 19.0632 -67.5596 2.4
      vertex 18.9596 -67.6632 2.4
    endloop
  endfacet
  facet normal 0.707107 -0.707107 0
    outer loop
      vertex 19.0632 -67.5596 2.4
      vertex 18.9596 -67.6632 3.8147e-07
      vertex 19.0632 -67.5596 3.8147e-07
    endloop
  endfacet
  facet normal -0.933609 0.358293 0
    outer loop
      vertex 21.279 -69.1694 3.8147e-07
      vertex 21.3315 -69.0326 2.4
      vertex 21.3315 -69.0326 3.8147e-07
    endloop
  endfacet
  facet normal -0.933609 0.358293 0
    outer loop
      vertex 21.3315 -69.0326 2.4
      vertex 21.279 -69.1694 3.8147e-07
      vertex 21.279 -69.1694 2.4
    endloop
  endfacet
  facet normal 0.965951 0.258725 0
    outer loop
      vertex 18.6685 -69.0326 2.4
      vertex 18.6306 -68.8911 3.8147e-07
      vertex 18.6306 -68.8911 2.4
    endloop
  endfacet
  facet normal 0.965951 0.258725 0
    outer loop
      vertex 18.6306 -68.8911 3.8147e-07
      vertex 18.6685 -69.0326 2.4
      vertex 18.6685 -69.0326 3.8147e-07
    endloop
  endfacet
  facet normal -0.544581 -0.838709 0
    outer loop
      vertex 20.7 -67.3876 3.8147e-07
      vertex 20.8229 -67.4674 2.4
      vertex 20.7 -67.3876 2.4
    endloop
  endfacet
  facet normal -0.544581 -0.838709 -0
    outer loop
      vertex 20.8229 -67.4674 2.4
      vertex 20.7 -67.3876 3.8147e-07
      vertex 20.8229 -67.4674 3.8147e-07
    endloop
  endfacet
  facet normal 0.544581 -0.838709 0
    outer loop
      vertex 19.1771 -67.4674 3.8147e-07
      vertex 19.3 -67.3876 2.4
      vertex 19.1771 -67.4674 2.4
    endloop
  endfacet
  facet normal 0.544581 -0.838709 0
    outer loop
      vertex 19.3 -67.3876 2.4
      vertex 19.1771 -67.4674 3.8147e-07
      vertex 19.3 -67.3876 3.8147e-07
    endloop
  endfacet
  facet normal -0.838709 -0.544581 0
    outer loop
      vertex 21.2124 -67.9 3.8147e-07
      vertex 21.1326 -67.7771 2.4
      vertex 21.1326 -67.7771 3.8147e-07
    endloop
  endfacet
  facet normal -0.838709 -0.544581 0
    outer loop
      vertex 21.1326 -67.7771 2.4
      vertex 21.2124 -67.9 3.8147e-07
      vertex 21.2124 -67.9 2.4
    endloop
  endfacet
  facet normal 0.0525588 -0.998618 0
    outer loop
      vertex 19.8537 -67.2077 3.8147e-07
      vertex 20 -67.2 2.4
      vertex 19.8537 -67.2077 2.4
    endloop
  endfacet
  facet normal 0.0525588 -0.998618 0
    outer loop
      vertex 20 -67.2 2.4
      vertex 19.8537 -67.2077 3.8147e-07
      vertex 20 -67.2 3.8147e-07
    endloop
  endfacet
  facet normal -0.454294 -0.890852 0
    outer loop
      vertex 20.5694 -67.321 3.8147e-07
      vertex 20.7 -67.3876 2.4
      vertex 20.5694 -67.321 2.4
    endloop
  endfacet
  facet normal -0.454294 -0.890852 -0
    outer loop
      vertex 20.7 -67.3876 2.4
      vertex 20.5694 -67.321 3.8147e-07
      vertex 20.7 -67.3876 3.8147e-07
    endloop
  endfacet
  facet normal -0.156208 -0.987724 0
    outer loop
      vertex 20.1463 -67.2077 3.8147e-07
      vertex 20.2911 -67.2306 2.4
      vertex 20.1463 -67.2077 2.4
    endloop
  endfacet
  facet normal -0.156208 -0.987724 -0
    outer loop
      vertex 20.2911 -67.2306 2.4
      vertex 20.1463 -67.2077 3.8147e-07
      vertex 20.2911 -67.2306 3.8147e-07
    endloop
  endfacet
  facet normal 0.777261 -0.629179 0
    outer loop
      vertex 18.8674 -67.7771 2.4
      vertex 18.9596 -67.6632 3.8147e-07
      vertex 18.9596 -67.6632 2.4
    endloop
  endfacet
  facet normal 0.777261 -0.629179 0
    outer loop
      vertex 18.9596 -67.6632 3.8147e-07
      vertex 18.8674 -67.7771 2.4
      vertex 18.8674 -67.7771 3.8147e-07
    endloop
  endfacet
  facet normal 0.454294 -0.890852 0
    outer loop
      vertex 19.3 -67.3876 3.8147e-07
      vertex 19.4306 -67.321 2.4
      vertex 19.3 -67.3876 2.4
    endloop
  endfacet
  facet normal 0.454294 -0.890852 0
    outer loop
      vertex 19.4306 -67.321 2.4
      vertex 19.3 -67.3876 3.8147e-07
      vertex 19.4306 -67.321 3.8147e-07
    endloop
  endfacet
  facet normal 0.933609 -0.358293 0
    outer loop
      vertex 18.6685 -68.1674 2.4
      vertex 18.721 -68.0306 3.8147e-07
      vertex 18.721 -68.0306 2.4
    endloop
  endfacet
  facet normal 0.933609 -0.358293 0
    outer loop
      vertex 18.721 -68.0306 3.8147e-07
      vertex 18.6685 -68.1674 2.4
      vertex 18.6685 -68.1674 3.8147e-07
    endloop
  endfacet
  facet normal 0.629179 -0.777261 0
    outer loop
      vertex 19.0632 -67.5596 3.8147e-07
      vertex 19.1771 -67.4674 2.4
      vertex 19.0632 -67.5596 2.4
    endloop
  endfacet
  facet normal 0.629179 -0.777261 0
    outer loop
      vertex 19.1771 -67.4674 2.4
      vertex 19.0632 -67.5596 3.8147e-07
      vertex 19.1771 -67.4674 3.8147e-07
    endloop
  endfacet
  facet normal 0.258725 -0.965951 0
    outer loop
      vertex 19.5674 -67.2685 3.8147e-07
      vertex 19.7089 -67.2306 2.4
      vertex 19.5674 -67.2685 2.4
    endloop
  endfacet
  facet normal 0.258725 -0.965951 0
    outer loop
      vertex 19.7089 -67.2306 2.4
      vertex 19.5674 -67.2685 3.8147e-07
      vertex 19.7089 -67.2306 3.8147e-07
    endloop
  endfacet
  facet normal 0.156208 0.987724 -0
    outer loop
      vertex 19.8537 -69.9923 3.8147e-07
      vertex 19.7089 -69.9694 2.4
      vertex 19.8537 -69.9923 2.4
    endloop
  endfacet
  facet normal 0.156208 0.987724 0
    outer loop
      vertex 19.7089 -69.9694 2.4
      vertex 19.8537 -69.9923 3.8147e-07
      vertex 19.7089 -69.9694 3.8147e-07
    endloop
  endfacet
  facet normal 0.987724 -0.156208 0
    outer loop
      vertex 18.6077 -68.4537 2.4
      vertex 18.6306 -68.3089 3.8147e-07
      vertex 18.6306 -68.3089 2.4
    endloop
  endfacet
  facet normal 0.987724 -0.156208 0
    outer loop
      vertex 18.6306 -68.3089 3.8147e-07
      vertex 18.6077 -68.4537 2.4
      vertex 18.6077 -68.4537 3.8147e-07
    endloop
  endfacet
  facet normal 0.777261 0.629179 0
    outer loop
      vertex 18.9596 -69.5368 2.4
      vertex 18.8674 -69.4229 3.8147e-07
      vertex 18.8674 -69.4229 2.4
    endloop
  endfacet
  facet normal 0.777261 0.629179 0
    outer loop
      vertex 18.8674 -69.4229 3.8147e-07
      vertex 18.9596 -69.5368 2.4
      vertex 18.9596 -69.5368 3.8147e-07
    endloop
  endfacet
  facet normal -0.838709 0.544581 0
    outer loop
      vertex 21.1326 -69.4229 3.8147e-07
      vertex 21.2124 -69.3 2.4
      vertex 21.2124 -69.3 3.8147e-07
    endloop
  endfacet
  facet normal -0.838709 0.544581 0
    outer loop
      vertex 21.2124 -69.3 2.4
      vertex 21.1326 -69.4229 3.8147e-07
      vertex 21.1326 -69.4229 2.4
    endloop
  endfacet
  facet normal 0.933609 0.358293 0
    outer loop
      vertex 18.721 -69.1694 2.4
      vertex 18.6685 -69.0326 3.8147e-07
      vertex 18.6685 -69.0326 2.4
    endloop
  endfacet
  facet normal 0.933609 0.358293 0
    outer loop
      vertex 18.6685 -69.0326 3.8147e-07
      vertex 18.721 -69.1694 2.4
      vertex 18.721 -69.1694 3.8147e-07
    endloop
  endfacet
  facet normal -0.156208 0.987724 0
    outer loop
      vertex 20.2911 -69.9694 3.8147e-07
      vertex 20.1463 -69.9923 2.4
      vertex 20.2911 -69.9694 2.4
    endloop
  endfacet
  facet normal -0.156208 0.987724 0
    outer loop
      vertex 20.1463 -69.9923 2.4
      vertex 20.2911 -69.9694 3.8147e-07
      vertex 20.1463 -69.9923 3.8147e-07
    endloop
  endfacet
  facet normal 0.544581 0.838709 -0
    outer loop
      vertex 19.3 -69.8124 3.8147e-07
      vertex 19.1771 -69.7326 2.4
      vertex 19.3 -69.8124 2.4
    endloop
  endfacet
  facet normal 0.544581 0.838709 0
    outer loop
      vertex 19.1771 -69.7326 2.4
      vertex 19.3 -69.8124 3.8147e-07
      vertex 19.1771 -69.7326 3.8147e-07
    endloop
  endfacet
  facet normal -0.629179 -0.777261 0
    outer loop
      vertex 20.8229 -67.4674 3.8147e-07
      vertex 20.9368 -67.5596 2.4
      vertex 20.8229 -67.4674 2.4
    endloop
  endfacet
  facet normal -0.629179 -0.777261 -0
    outer loop
      vertex 20.9368 -67.5596 2.4
      vertex 20.8229 -67.4674 3.8147e-07
      vertex 20.9368 -67.5596 3.8147e-07
    endloop
  endfacet
  facet normal -0.965951 0.258725 0
    outer loop
      vertex 21.3315 -69.0326 3.8147e-07
      vertex 21.3694 -68.8911 2.4
      vertex 21.3694 -68.8911 3.8147e-07
    endloop
  endfacet
  facet normal -0.965951 0.258725 0
    outer loop
      vertex 21.3694 -68.8911 2.4
      vertex 21.3315 -69.0326 3.8147e-07
      vertex 21.3315 -69.0326 2.4
    endloop
  endfacet
  facet normal -0.0525588 -0.998618 0
    outer loop
      vertex 20 -67.2 3.8147e-07
      vertex 20.1463 -67.2077 2.4
      vertex 20 -67.2 2.4
    endloop
  endfacet
  facet normal -0.0525588 -0.998618 -0
    outer loop
      vertex 20.1463 -67.2077 2.4
      vertex 20 -67.2 3.8147e-07
      vertex 20.1463 -67.2077 3.8147e-07
    endloop
  endfacet
  facet normal 0.965951 -0.258725 0
    outer loop
      vertex 18.6306 -68.3089 2.4
      vertex 18.6685 -68.1674 3.8147e-07
      vertex 18.6685 -68.1674 2.4
    endloop
  endfacet
  facet normal 0.965951 -0.258725 0
    outer loop
      vertex 18.6685 -68.1674 3.8147e-07
      vertex 18.6306 -68.3089 2.4
      vertex 18.6306 -68.3089 3.8147e-07
    endloop
  endfacet
  facet normal 0.707107 0.707107 0
    outer loop
      vertex 19.0632 -69.6404 2.4
      vertex 18.9596 -69.5368 3.8147e-07
      vertex 18.9596 -69.5368 2.4
    endloop
  endfacet
  facet normal 0.707107 0.707107 0
    outer loop
      vertex 18.9596 -69.5368 3.8147e-07
      vertex 19.0632 -69.6404 2.4
      vertex 19.0632 -69.6404 3.8147e-07
    endloop
  endfacet
  facet normal -0.890852 -0.454294 0
    outer loop
      vertex 21.279 -68.0306 3.8147e-07
      vertex 21.2124 -67.9 2.4
      vertex 21.2124 -67.9 3.8147e-07
    endloop
  endfacet
  facet normal -0.890852 -0.454294 0
    outer loop
      vertex 21.2124 -67.9 2.4
      vertex 21.279 -68.0306 3.8147e-07
      vertex 21.279 -68.0306 2.4
    endloop
  endfacet
  facet normal -0.258725 -0.965951 0
    outer loop
      vertex 20.2911 -67.2306 3.8147e-07
      vertex 20.4326 -67.2685 2.4
      vertex 20.2911 -67.2306 2.4
    endloop
  endfacet
  facet normal -0.258725 -0.965951 -0
    outer loop
      vertex 20.4326 -67.2685 2.4
      vertex 20.2911 -67.2306 3.8147e-07
      vertex 20.4326 -67.2685 3.8147e-07
    endloop
  endfacet
  facet normal -0.358293 -0.933609 0
    outer loop
      vertex 20.4326 -67.2685 3.8147e-07
      vertex 20.5694 -67.321 2.4
      vertex 20.4326 -67.2685 2.4
    endloop
  endfacet
  facet normal -0.358293 -0.933609 -0
    outer loop
      vertex 20.5694 -67.321 2.4
      vertex 20.4326 -67.2685 3.8147e-07
      vertex 20.5694 -67.321 3.8147e-07
    endloop
  endfacet
  facet normal -0.629179 0.777261 0
    outer loop
      vertex 20.9368 -69.6404 3.8147e-07
      vertex 20.8229 -69.7326 2.4
      vertex 20.9368 -69.6404 2.4
    endloop
  endfacet
  facet normal -0.629179 0.777261 0
    outer loop
      vertex 20.8229 -69.7326 2.4
      vertex 20.9368 -69.6404 3.8147e-07
      vertex 20.8229 -69.7326 3.8147e-07
    endloop
  endfacet
  facet normal -0.544581 0.838709 0
    outer loop
      vertex 20.8229 -69.7326 3.8147e-07
      vertex 20.7 -69.8124 2.4
      vertex 20.8229 -69.7326 2.4
    endloop
  endfacet
  facet normal -0.544581 0.838709 0
    outer loop
      vertex 20.7 -69.8124 2.4
      vertex 20.8229 -69.7326 3.8147e-07
      vertex 20.7 -69.8124 3.8147e-07
    endloop
  endfacet
  facet normal 0.890852 -0.454294 0
    outer loop
      vertex 18.721 -68.0306 2.4
      vertex 18.7876 -67.9 3.8147e-07
      vertex 18.7876 -67.9 2.4
    endloop
  endfacet
  facet normal 0.890852 -0.454294 0
    outer loop
      vertex 18.7876 -67.9 3.8147e-07
      vertex 18.721 -68.0306 2.4
      vertex 18.721 -68.0306 3.8147e-07
    endloop
  endfacet
  facet normal 0.156208 -0.987724 0
    outer loop
      vertex 19.7089 -67.2306 3.8147e-07
      vertex 19.8537 -67.2077 2.4
      vertex 19.7089 -67.2306 2.4
    endloop
  endfacet
  facet normal 0.156208 -0.987724 0
    outer loop
      vertex 19.8537 -67.2077 2.4
      vertex 19.7089 -67.2306 3.8147e-07
      vertex 19.8537 -67.2077 3.8147e-07
    endloop
  endfacet
  facet normal 0.890852 0.454294 0
    outer loop
      vertex 18.7876 -69.3 2.4
      vertex 18.721 -69.1694 3.8147e-07
      vertex 18.721 -69.1694 2.4
    endloop
  endfacet
  facet normal 0.890852 0.454294 0
    outer loop
      vertex 18.721 -69.1694 3.8147e-07
      vertex 18.7876 -69.3 2.4
      vertex 18.7876 -69.3 3.8147e-07
    endloop
  endfacet
  facet normal -0.0525588 0.998618 0
    outer loop
      vertex 20.1463 -69.9923 3.8147e-07
      vertex 20 -70 2.4
      vertex 20.1463 -69.9923 2.4
    endloop
  endfacet
  facet normal -0.0525588 0.998618 0
    outer loop
      vertex 20 -70 2.4
      vertex 20.1463 -69.9923 3.8147e-07
      vertex 20 -70 3.8147e-07
    endloop
  endfacet
  facet normal 0.987724 0.156208 0
    outer loop
      vertex 18.6306 -68.8911 2.4
      vertex 18.6077 -68.7463 3.8147e-07
      vertex 18.6077 -68.7463 2.4
    endloop
  endfacet
  facet normal 0.987724 0.156208 0
    outer loop
      vertex 18.6077 -68.7463 3.8147e-07
      vertex 18.6306 -68.8911 2.4
      vertex 18.6306 -68.8911 3.8147e-07
    endloop
  endfacet
  facet normal -0.890852 0.454294 0
    outer loop
      vertex 21.2124 -69.3 3.8147e-07
      vertex 21.279 -69.1694 2.4
      vertex 21.279 -69.1694 3.8147e-07
    endloop
  endfacet
  facet normal -0.890852 0.454294 0
    outer loop
      vertex 21.279 -69.1694 2.4
      vertex 21.2124 -69.3 3.8147e-07
      vertex 21.2124 -69.3 2.4
    endloop
  endfacet
  facet normal -0.707107 -0.707107 0
    outer loop
      vertex 20.9368 -67.5596 3.8147e-07
      vertex 21.0404 -67.6632 2.4
      vertex 20.9368 -67.5596 2.4
    endloop
  endfacet
  facet normal -0.707107 -0.707107 -0
    outer loop
      vertex 21.0404 -67.6632 2.4
      vertex 20.9368 -67.5596 3.8147e-07
      vertex 21.0404 -67.6632 3.8147e-07
    endloop
  endfacet
  facet normal -0.777261 0.629179 0
    outer loop
      vertex 21.0404 -69.5368 3.8147e-07
      vertex 21.1326 -69.4229 2.4
      vertex 21.1326 -69.4229 3.8147e-07
    endloop
  endfacet
  facet normal -0.777261 0.629179 0
    outer loop
      vertex 21.1326 -69.4229 2.4
      vertex 21.0404 -69.5368 3.8147e-07
      vertex 21.0404 -69.5368 2.4
    endloop
  endfacet
  facet normal 0.358293 0.933609 -0
    outer loop
      vertex 19.5674 -69.9315 3.8147e-07
      vertex 19.4306 -69.879 2.4
      vertex 19.5674 -69.9315 2.4
    endloop
  endfacet
  facet normal 0.358293 0.933609 0
    outer loop
      vertex 19.4306 -69.879 2.4
      vertex 19.5674 -69.9315 3.8147e-07
      vertex 19.4306 -69.879 3.8147e-07
    endloop
  endfacet
  facet normal 0.838709 -0.544581 0
    outer loop
      vertex 18.7876 -67.9 2.4
      vertex 18.8674 -67.7771 3.8147e-07
      vertex 18.8674 -67.7771 2.4
    endloop
  endfacet
  facet normal 0.838709 -0.544581 0
    outer loop
      vertex 18.8674 -67.7771 3.8147e-07
      vertex 18.7876 -67.9 2.4
      vertex 18.7876 -67.9 3.8147e-07
    endloop
  endfacet
  facet normal -0.987724 0.156208 0
    outer loop
      vertex 21.3694 -68.8911 3.8147e-07
      vertex 21.3923 -68.7463 2.4
      vertex 21.3923 -68.7463 3.8147e-07
    endloop
  endfacet
  facet normal -0.987724 0.156208 0
    outer loop
      vertex 21.3923 -68.7463 2.4
      vertex 21.3694 -68.8911 3.8147e-07
      vertex 21.3694 -68.8911 2.4
    endloop
  endfacet
  facet normal 0.0525588 0.998618 -0
    outer loop
      vertex 20 -70 3.8147e-07
      vertex 19.8537 -69.9923 2.4
      vertex 20 -70 2.4
    endloop
  endfacet
  facet normal 0.0525588 0.998618 0
    outer loop
      vertex 19.8537 -69.9923 2.4
      vertex 20 -70 3.8147e-07
      vertex 19.8537 -69.9923 3.8147e-07
    endloop
  endfacet
  facet normal 0.998618 -0.0525588 0
    outer loop
      vertex 18.6 -68.6 2.4
      vertex 18.6077 -68.4537 3.8147e-07
      vertex 18.6077 -68.4537 2.4
    endloop
  endfacet
  facet normal 0.998618 -0.0525588 0
    outer loop
      vertex 18.6077 -68.4537 3.8147e-07
      vertex 18.6 -68.6 2.4
      vertex 18.6 -68.6 3.8147e-07
    endloop
  endfacet
  facet normal 0.998618 0.0525588 0
    outer loop
      vertex 18.6077 -68.7463 2.4
      vertex 18.6 -68.6 3.8147e-07
      vertex 18.6 -68.6 2.4
    endloop
  endfacet
  facet normal 0.998618 0.0525588 0
    outer loop
      vertex 18.6 -68.6 3.8147e-07
      vertex 18.6077 -68.7463 2.4
      vertex 18.6077 -68.7463 3.8147e-07
    endloop
  endfacet
  facet normal -0.987724 -0.156208 0
    outer loop
      vertex 21.3923 -27.9537 3.8147e-07
      vertex 21.3694 -27.8089 2.4
      vertex 21.3694 -27.8089 3.8147e-07
    endloop
  endfacet
  facet normal -0.987724 -0.156208 0
    outer loop
      vertex 21.3694 -27.8089 2.4
      vertex 21.3923 -27.9537 3.8147e-07
      vertex 21.3923 -27.9537 2.4
    endloop
  endfacet
  facet normal -0.998618 -0.0525588 0
    outer loop
      vertex 21.4 -28.1 3.8147e-07
      vertex 21.3923 -27.9537 2.4
      vertex 21.3923 -27.9537 3.8147e-07
    endloop
  endfacet
  facet normal -0.998618 -0.0525588 0
    outer loop
      vertex 21.3923 -27.9537 2.4
      vertex 21.4 -28.1 3.8147e-07
      vertex 21.4 -28.1 2.4
    endloop
  endfacet
  facet normal -0.965951 -0.258725 0
    outer loop
      vertex 21.3694 -27.8089 3.8147e-07
      vertex 21.3315 -27.6674 2.4
      vertex 21.3315 -27.6674 3.8147e-07
    endloop
  endfacet
  facet normal -0.965951 -0.258725 0
    outer loop
      vertex 21.3315 -27.6674 2.4
      vertex 21.3694 -27.8089 3.8147e-07
      vertex 21.3694 -27.8089 2.4
    endloop
  endfacet
  facet normal 0.998618 0.0525588 0
    outer loop
      vertex 18.6077 -28.2463 2.4
      vertex 18.6 -28.1 3.8147e-07
      vertex 18.6 -28.1 2.4
    endloop
  endfacet
  facet normal 0.998618 0.0525588 0
    outer loop
      vertex 18.6 -28.1 3.8147e-07
      vertex 18.6077 -28.2463 2.4
      vertex 18.6077 -28.2463 3.8147e-07
    endloop
  endfacet
  facet normal -0.707107 -0.707107 0
    outer loop
      vertex 21.0404 -27.1632 3.8147e-07
      vertex 20.9368 -27.0596 2.4
      vertex 20.9368 -27.0596 3.8147e-07
    endloop
  endfacet
  facet normal -0.707107 -0.707107 0
    outer loop
      vertex 20.9368 -27.0596 2.4
      vertex 21.0404 -27.1632 3.8147e-07
      vertex 21.0404 -27.1632 2.4
    endloop
  endfacet
  facet normal 0.156208 -0.987724 0
    outer loop
      vertex 19.7089 -26.7306 3.8147e-07
      vertex 19.8537 -26.7077 2.4
      vertex 19.7089 -26.7306 2.4
    endloop
  endfacet
  facet normal 0.156208 -0.987724 0
    outer loop
      vertex 19.8537 -26.7077 2.4
      vertex 19.7089 -26.7306 3.8147e-07
      vertex 19.8537 -26.7077 3.8147e-07
    endloop
  endfacet
  facet normal -0.258725 0.965951 0
    outer loop
      vertex 20.4326 -29.4315 3.8147e-07
      vertex 20.2911 -29.4694 2.4
      vertex 20.4326 -29.4315 2.4
    endloop
  endfacet
  facet normal -0.258725 0.965951 0
    outer loop
      vertex 20.2911 -29.4694 2.4
      vertex 20.4326 -29.4315 3.8147e-07
      vertex 20.2911 -29.4694 3.8147e-07
    endloop
  endfacet
  facet normal -0.629179 -0.777261 0
    outer loop
      vertex 20.8229 -26.9674 3.8147e-07
      vertex 20.9368 -27.0596 2.4
      vertex 20.8229 -26.9674 2.4
    endloop
  endfacet
  facet normal -0.629179 -0.777261 -0
    outer loop
      vertex 20.9368 -27.0596 2.4
      vertex 20.8229 -26.9674 3.8147e-07
      vertex 20.9368 -27.0596 3.8147e-07
    endloop
  endfacet
  facet normal -0.933609 0.358293 0
    outer loop
      vertex 21.279 -28.6694 3.8147e-07
      vertex 21.3315 -28.5326 2.4
      vertex 21.3315 -28.5326 3.8147e-07
    endloop
  endfacet
  facet normal -0.933609 0.358293 0
    outer loop
      vertex 21.3315 -28.5326 2.4
      vertex 21.279 -28.6694 3.8147e-07
      vertex 21.279 -28.6694 2.4
    endloop
  endfacet
  facet normal 0.0525588 -0.998618 0
    outer loop
      vertex 19.8537 -26.7077 3.8147e-07
      vertex 20 -26.7 2.4
      vertex 19.8537 -26.7077 2.4
    endloop
  endfacet
  facet normal 0.0525588 -0.998618 0
    outer loop
      vertex 20 -26.7 2.4
      vertex 19.8537 -26.7077 3.8147e-07
      vertex 20 -26.7 3.8147e-07
    endloop
  endfacet
  facet normal -0.890852 0.454294 0
    outer loop
      vertex 21.2124 -28.8 3.8147e-07
      vertex 21.279 -28.6694 2.4
      vertex 21.279 -28.6694 3.8147e-07
    endloop
  endfacet
  facet normal -0.890852 0.454294 0
    outer loop
      vertex 21.279 -28.6694 2.4
      vertex 21.2124 -28.8 3.8147e-07
      vertex 21.2124 -28.8 2.4
    endloop
  endfacet
  facet normal -0.933609 -0.358293 0
    outer loop
      vertex 21.3315 -27.6674 3.8147e-07
      vertex 21.279 -27.5306 2.4
      vertex 21.279 -27.5306 3.8147e-07
    endloop
  endfacet
  facet normal -0.933609 -0.358293 0
    outer loop
      vertex 21.279 -27.5306 2.4
      vertex 21.3315 -27.6674 3.8147e-07
      vertex 21.3315 -27.6674 2.4
    endloop
  endfacet
  facet normal -0.707107 0.707107 0
    outer loop
      vertex 20.9368 -29.1404 3.8147e-07
      vertex 21.0404 -29.0368 2.4
      vertex 21.0404 -29.0368 3.8147e-07
    endloop
  endfacet
  facet normal -0.707107 0.707107 0
    outer loop
      vertex 21.0404 -29.0368 2.4
      vertex 20.9368 -29.1404 3.8147e-07
      vertex 20.9368 -29.1404 2.4
    endloop
  endfacet
  facet normal 0.890852 0.454294 0
    outer loop
      vertex 18.7876 -28.8 2.4
      vertex 18.721 -28.6694 3.8147e-07
      vertex 18.721 -28.6694 2.4
    endloop
  endfacet
  facet normal 0.890852 0.454294 0
    outer loop
      vertex 18.721 -28.6694 3.8147e-07
      vertex 18.7876 -28.8 2.4
      vertex 18.7876 -28.8 3.8147e-07
    endloop
  endfacet
  facet normal -0.258725 -0.965951 0
    outer loop
      vertex 20.2911 -26.7306 3.8147e-07
      vertex 20.4326 -26.7685 2.4
      vertex 20.2911 -26.7306 2.4
    endloop
  endfacet
  facet normal -0.258725 -0.965951 -0
    outer loop
      vertex 20.4326 -26.7685 2.4
      vertex 20.2911 -26.7306 3.8147e-07
      vertex 20.4326 -26.7685 3.8147e-07
    endloop
  endfacet
  facet normal 0.933609 0.358293 0
    outer loop
      vertex 18.721 -28.6694 2.4
      vertex 18.6685 -28.5326 3.8147e-07
      vertex 18.6685 -28.5326 2.4
    endloop
  endfacet
  facet normal 0.933609 0.358293 0
    outer loop
      vertex 18.6685 -28.5326 3.8147e-07
      vertex 18.721 -28.6694 2.4
      vertex 18.721 -28.6694 3.8147e-07
    endloop
  endfacet
  facet normal 0.838709 -0.544581 0
    outer loop
      vertex 18.7876 -27.4 2.4
      vertex 18.8674 -27.2771 3.8147e-07
      vertex 18.8674 -27.2771 2.4
    endloop
  endfacet
  facet normal 0.838709 -0.544581 0
    outer loop
      vertex 18.8674 -27.2771 3.8147e-07
      vertex 18.7876 -27.4 2.4
      vertex 18.7876 -27.4 3.8147e-07
    endloop
  endfacet
  facet normal -0.156208 -0.987724 0
    outer loop
      vertex 20.1463 -26.7077 3.8147e-07
      vertex 20.2911 -26.7306 2.4
      vertex 20.1463 -26.7077 2.4
    endloop
  endfacet
  facet normal -0.156208 -0.987724 -0
    outer loop
      vertex 20.2911 -26.7306 2.4
      vertex 20.1463 -26.7077 3.8147e-07
      vertex 20.2911 -26.7306 3.8147e-07
    endloop
  endfacet
  facet normal -0.454294 0.890852 0
    outer loop
      vertex 20.7 -29.3124 3.8147e-07
      vertex 20.5694 -29.379 2.4
      vertex 20.7 -29.3124 2.4
    endloop
  endfacet
  facet normal -0.454294 0.890852 0
    outer loop
      vertex 20.5694 -29.379 2.4
      vertex 20.7 -29.3124 3.8147e-07
      vertex 20.5694 -29.379 3.8147e-07
    endloop
  endfacet
  facet normal 0.707107 -0.707107 0
    outer loop
      vertex 18.9596 -27.1632 3.8147e-07
      vertex 19.0632 -27.0596 2.4
      vertex 18.9596 -27.1632 2.4
    endloop
  endfacet
  facet normal 0.707107 -0.707107 0
    outer loop
      vertex 19.0632 -27.0596 2.4
      vertex 18.9596 -27.1632 3.8147e-07
      vertex 19.0632 -27.0596 3.8147e-07
    endloop
  endfacet
  facet normal 0.987724 0.156208 0
    outer loop
      vertex 18.6306 -28.3911 2.4
      vertex 18.6077 -28.2463 3.8147e-07
      vertex 18.6077 -28.2463 2.4
    endloop
  endfacet
  facet normal 0.987724 0.156208 0
    outer loop
      vertex 18.6077 -28.2463 3.8147e-07
      vertex 18.6306 -28.3911 2.4
      vertex 18.6306 -28.3911 3.8147e-07
    endloop
  endfacet
  facet normal -0.777261 -0.629179 0
    outer loop
      vertex 21.1326 -27.2771 3.8147e-07
      vertex 21.0404 -27.1632 2.4
      vertex 21.0404 -27.1632 3.8147e-07
    endloop
  endfacet
  facet normal -0.777261 -0.629179 0
    outer loop
      vertex 21.0404 -27.1632 2.4
      vertex 21.1326 -27.2771 3.8147e-07
      vertex 21.1326 -27.2771 2.4
    endloop
  endfacet
  facet normal -0.0525588 -0.998618 0
    outer loop
      vertex 20 -26.7 3.8147e-07
      vertex 20.1463 -26.7077 2.4
      vertex 20 -26.7 2.4
    endloop
  endfacet
  facet normal -0.0525588 -0.998618 -0
    outer loop
      vertex 20.1463 -26.7077 2.4
      vertex 20 -26.7 3.8147e-07
      vertex 20.1463 -26.7077 3.8147e-07
    endloop
  endfacet
  facet normal -0.838709 -0.544581 0
    outer loop
      vertex 21.2124 -27.4 3.8147e-07
      vertex 21.1326 -27.2771 2.4
      vertex 21.1326 -27.2771 3.8147e-07
    endloop
  endfacet
  facet normal -0.838709 -0.544581 0
    outer loop
      vertex 21.1326 -27.2771 2.4
      vertex 21.2124 -27.4 3.8147e-07
      vertex 21.2124 -27.4 2.4
    endloop
  endfacet
  facet normal 0.0525588 0.998618 -0
    outer loop
      vertex 20 -29.5 3.8147e-07
      vertex 19.8537 -29.4923 2.4
      vertex 20 -29.5 2.4
    endloop
  endfacet
  facet normal 0.0525588 0.998618 0
    outer loop
      vertex 19.8537 -29.4923 2.4
      vertex 20 -29.5 3.8147e-07
      vertex 19.8537 -29.4923 3.8147e-07
    endloop
  endfacet
  facet normal 0.358293 -0.933609 0
    outer loop
      vertex 19.4306 -26.821 3.8147e-07
      vertex 19.5674 -26.7685 2.4
      vertex 19.4306 -26.821 2.4
    endloop
  endfacet
  facet normal 0.358293 -0.933609 0
    outer loop
      vertex 19.5674 -26.7685 2.4
      vertex 19.4306 -26.821 3.8147e-07
      vertex 19.5674 -26.7685 3.8147e-07
    endloop
  endfacet
  facet normal -0.156208 0.987724 0
    outer loop
      vertex 20.2911 -29.4694 3.8147e-07
      vertex 20.1463 -29.4923 2.4
      vertex 20.2911 -29.4694 2.4
    endloop
  endfacet
  facet normal -0.156208 0.987724 0
    outer loop
      vertex 20.1463 -29.4923 2.4
      vertex 20.2911 -29.4694 3.8147e-07
      vertex 20.1463 -29.4923 3.8147e-07
    endloop
  endfacet
  facet normal -0.890852 -0.454294 0
    outer loop
      vertex 21.279 -27.5306 3.8147e-07
      vertex 21.2124 -27.4 2.4
      vertex 21.2124 -27.4 3.8147e-07
    endloop
  endfacet
  facet normal -0.890852 -0.454294 0
    outer loop
      vertex 21.2124 -27.4 2.4
      vertex 21.279 -27.5306 3.8147e-07
      vertex 21.279 -27.5306 2.4
    endloop
  endfacet
  facet normal -0.965951 0.258725 0
    outer loop
      vertex 21.3315 -28.5326 3.8147e-07
      vertex 21.3694 -28.3911 2.4
      vertex 21.3694 -28.3911 3.8147e-07
    endloop
  endfacet
  facet normal -0.965951 0.258725 0
    outer loop
      vertex 21.3694 -28.3911 2.4
      vertex 21.3315 -28.5326 3.8147e-07
      vertex 21.3315 -28.5326 2.4
    endloop
  endfacet
  facet normal 0.258725 -0.965951 0
    outer loop
      vertex 19.5674 -26.7685 3.8147e-07
      vertex 19.7089 -26.7306 2.4
      vertex 19.5674 -26.7685 2.4
    endloop
  endfacet
  facet normal 0.258725 -0.965951 0
    outer loop
      vertex 19.7089 -26.7306 2.4
      vertex 19.5674 -26.7685 3.8147e-07
      vertex 19.7089 -26.7306 3.8147e-07
    endloop
  endfacet
  facet normal 0.454294 0.890852 -0
    outer loop
      vertex 19.4306 -29.379 3.8147e-07
      vertex 19.3 -29.3124 2.4
      vertex 19.4306 -29.379 2.4
    endloop
  endfacet
  facet normal 0.454294 0.890852 0
    outer loop
      vertex 19.3 -29.3124 2.4
      vertex 19.4306 -29.379 3.8147e-07
      vertex 19.3 -29.3124 3.8147e-07
    endloop
  endfacet
  facet normal 0.777261 0.629179 0
    outer loop
      vertex 18.9596 -29.0368 2.4
      vertex 18.8674 -28.9229 3.8147e-07
      vertex 18.8674 -28.9229 2.4
    endloop
  endfacet
  facet normal 0.777261 0.629179 0
    outer loop
      vertex 18.8674 -28.9229 3.8147e-07
      vertex 18.9596 -29.0368 2.4
      vertex 18.9596 -29.0368 3.8147e-07
    endloop
  endfacet
  facet normal 0.358293 0.933609 -0
    outer loop
      vertex 19.5674 -29.4315 3.8147e-07
      vertex 19.4306 -29.379 2.4
      vertex 19.5674 -29.4315 2.4
    endloop
  endfacet
  facet normal 0.358293 0.933609 0
    outer loop
      vertex 19.4306 -29.379 2.4
      vertex 19.5674 -29.4315 3.8147e-07
      vertex 19.4306 -29.379 3.8147e-07
    endloop
  endfacet
  facet normal 0.629179 -0.777261 0
    outer loop
      vertex 19.0632 -27.0596 3.8147e-07
      vertex 19.1771 -26.9674 2.4
      vertex 19.0632 -27.0596 2.4
    endloop
  endfacet
  facet normal 0.629179 -0.777261 0
    outer loop
      vertex 19.1771 -26.9674 2.4
      vertex 19.0632 -27.0596 3.8147e-07
      vertex 19.1771 -26.9674 3.8147e-07
    endloop
  endfacet
  facet normal 0.965951 -0.258725 0
    outer loop
      vertex 18.6306 -27.8089 2.4
      vertex 18.6685 -27.6674 3.8147e-07
      vertex 18.6685 -27.6674 2.4
    endloop
  endfacet
  facet normal 0.965951 -0.258725 0
    outer loop
      vertex 18.6685 -27.6674 3.8147e-07
      vertex 18.6306 -27.8089 2.4
      vertex 18.6306 -27.8089 3.8147e-07
    endloop
  endfacet
  facet normal 0.544581 0.838709 -0
    outer loop
      vertex 19.3 -29.3124 3.8147e-07
      vertex 19.1771 -29.2326 2.4
      vertex 19.3 -29.3124 2.4
    endloop
  endfacet
  facet normal 0.544581 0.838709 0
    outer loop
      vertex 19.1771 -29.2326 2.4
      vertex 19.3 -29.3124 3.8147e-07
      vertex 19.1771 -29.2326 3.8147e-07
    endloop
  endfacet
  facet normal -0.998618 0.0525588 0
    outer loop
      vertex 21.3923 -28.2463 3.8147e-07
      vertex 21.4 -28.1 2.4
      vertex 21.4 -28.1 3.8147e-07
    endloop
  endfacet
  facet normal -0.998618 0.0525588 0
    outer loop
      vertex 21.4 -28.1 2.4
      vertex 21.3923 -28.2463 3.8147e-07
      vertex 21.3923 -28.2463 2.4
    endloop
  endfacet
  facet normal -0.544581 0.838709 0
    outer loop
      vertex 20.8229 -29.2326 3.8147e-07
      vertex 20.7 -29.3124 2.4
      vertex 20.8229 -29.2326 2.4
    endloop
  endfacet
  facet normal -0.544581 0.838709 0
    outer loop
      vertex 20.7 -29.3124 2.4
      vertex 20.8229 -29.2326 3.8147e-07
      vertex 20.7 -29.3124 3.8147e-07
    endloop
  endfacet
  facet normal -0.454294 -0.890852 0
    outer loop
      vertex 20.5694 -26.821 3.8147e-07
      vertex 20.7 -26.8876 2.4
      vertex 20.5694 -26.821 2.4
    endloop
  endfacet
  facet normal -0.454294 -0.890852 -0
    outer loop
      vertex 20.7 -26.8876 2.4
      vertex 20.5694 -26.821 3.8147e-07
      vertex 20.7 -26.8876 3.8147e-07
    endloop
  endfacet
  facet normal -0.544581 -0.838709 0
    outer loop
      vertex 20.7 -26.8876 3.8147e-07
      vertex 20.8229 -26.9674 2.4
      vertex 20.7 -26.8876 2.4
    endloop
  endfacet
  facet normal -0.544581 -0.838709 -0
    outer loop
      vertex 20.8229 -26.9674 2.4
      vertex 20.7 -26.8876 3.8147e-07
      vertex 20.8229 -26.9674 3.8147e-07
    endloop
  endfacet
  facet normal 0.544581 -0.838709 0
    outer loop
      vertex 19.1771 -26.9674 3.8147e-07
      vertex 19.3 -26.8876 2.4
      vertex 19.1771 -26.9674 2.4
    endloop
  endfacet
  facet normal 0.544581 -0.838709 0
    outer loop
      vertex 19.3 -26.8876 2.4
      vertex 19.1771 -26.9674 3.8147e-07
      vertex 19.3 -26.8876 3.8147e-07
    endloop
  endfacet
  facet normal -0.987724 0.156208 0
    outer loop
      vertex 21.3694 -28.3911 3.8147e-07
      vertex 21.3923 -28.2463 2.4
      vertex 21.3923 -28.2463 3.8147e-07
    endloop
  endfacet
  facet normal -0.987724 0.156208 0
    outer loop
      vertex 21.3923 -28.2463 2.4
      vertex 21.3694 -28.3911 3.8147e-07
      vertex 21.3694 -28.3911 2.4
    endloop
  endfacet
  facet normal -0.838709 0.544581 0
    outer loop
      vertex 21.1326 -28.9229 3.8147e-07
      vertex 21.2124 -28.8 2.4
      vertex 21.2124 -28.8 3.8147e-07
    endloop
  endfacet
  facet normal -0.838709 0.544581 0
    outer loop
      vertex 21.2124 -28.8 2.4
      vertex 21.1326 -28.9229 3.8147e-07
      vertex 21.1326 -28.9229 2.4
    endloop
  endfacet
  facet normal -0.0525588 0.998618 0
    outer loop
      vertex 20.1463 -29.4923 3.8147e-07
      vertex 20 -29.5 2.4
      vertex 20.1463 -29.4923 2.4
    endloop
  endfacet
  facet normal -0.0525588 0.998618 0
    outer loop
      vertex 20 -29.5 2.4
      vertex 20.1463 -29.4923 3.8147e-07
      vertex 20 -29.5 3.8147e-07
    endloop
  endfacet
  facet normal 0.965951 0.258725 0
    outer loop
      vertex 18.6685 -28.5326 2.4
      vertex 18.6306 -28.3911 3.8147e-07
      vertex 18.6306 -28.3911 2.4
    endloop
  endfacet
  facet normal 0.965951 0.258725 0
    outer loop
      vertex 18.6306 -28.3911 3.8147e-07
      vertex 18.6685 -28.5326 2.4
      vertex 18.6685 -28.5326 3.8147e-07
    endloop
  endfacet
  facet normal 0.777261 -0.629179 0
    outer loop
      vertex 18.8674 -27.2771 2.4
      vertex 18.9596 -27.1632 3.8147e-07
      vertex 18.9596 -27.1632 2.4
    endloop
  endfacet
  facet normal 0.777261 -0.629179 0
    outer loop
      vertex 18.9596 -27.1632 3.8147e-07
      vertex 18.8674 -27.2771 2.4
      vertex 18.8674 -27.2771 3.8147e-07
    endloop
  endfacet
  facet normal 0.258725 0.965951 -0
    outer loop
      vertex 19.7089 -29.4694 3.8147e-07
      vertex 19.5674 -29.4315 2.4
      vertex 19.7089 -29.4694 2.4
    endloop
  endfacet
  facet normal 0.258725 0.965951 0
    outer loop
      vertex 19.5674 -29.4315 2.4
      vertex 19.7089 -29.4694 3.8147e-07
      vertex 19.5674 -29.4315 3.8147e-07
    endloop
  endfacet
  facet normal -0.358293 -0.933609 0
    outer loop
      vertex 20.4326 -26.7685 3.8147e-07
      vertex 20.5694 -26.821 2.4
      vertex 20.4326 -26.7685 2.4
    endloop
  endfacet
  facet normal -0.358293 -0.933609 -0
    outer loop
      vertex 20.5694 -26.821 2.4
      vertex 20.4326 -26.7685 3.8147e-07
      vertex 20.5694 -26.821 3.8147e-07
    endloop
  endfacet
  facet normal 0.890852 -0.454294 0
    outer loop
      vertex 18.721 -27.5306 2.4
      vertex 18.7876 -27.4 3.8147e-07
      vertex 18.7876 -27.4 2.4
    endloop
  endfacet
  facet normal 0.890852 -0.454294 0
    outer loop
      vertex 18.7876 -27.4 3.8147e-07
      vertex 18.721 -27.5306 2.4
      vertex 18.721 -27.5306 3.8147e-07
    endloop
  endfacet
  facet normal 0.454294 -0.890852 0
    outer loop
      vertex 19.3 -26.8876 3.8147e-07
      vertex 19.4306 -26.821 2.4
      vertex 19.3 -26.8876 2.4
    endloop
  endfacet
  facet normal 0.454294 -0.890852 0
    outer loop
      vertex 19.4306 -26.821 2.4
      vertex 19.3 -26.8876 3.8147e-07
      vertex 19.4306 -26.821 3.8147e-07
    endloop
  endfacet
  facet normal -0.358293 0.933609 0
    outer loop
      vertex 20.5694 -29.379 3.8147e-07
      vertex 20.4326 -29.4315 2.4
      vertex 20.5694 -29.379 2.4
    endloop
  endfacet
  facet normal -0.358293 0.933609 0
    outer loop
      vertex 20.4326 -29.4315 2.4
      vertex 20.5694 -29.379 3.8147e-07
      vertex 20.4326 -29.4315 3.8147e-07
    endloop
  endfacet
  facet normal 0.987724 -0.156208 0
    outer loop
      vertex 18.6077 -27.9537 2.4
      vertex 18.6306 -27.8089 3.8147e-07
      vertex 18.6306 -27.8089 2.4
    endloop
  endfacet
  facet normal 0.987724 -0.156208 0
    outer loop
      vertex 18.6306 -27.8089 3.8147e-07
      vertex 18.6077 -27.9537 2.4
      vertex 18.6077 -27.9537 3.8147e-07
    endloop
  endfacet
  facet normal 0.707107 0.707107 0
    outer loop
      vertex 19.0632 -29.1404 2.4
      vertex 18.9596 -29.0368 3.8147e-07
      vertex 18.9596 -29.0368 2.4
    endloop
  endfacet
  facet normal 0.707107 0.707107 0
    outer loop
      vertex 18.9596 -29.0368 3.8147e-07
      vertex 19.0632 -29.1404 2.4
      vertex 19.0632 -29.1404 3.8147e-07
    endloop
  endfacet
  facet normal 0.156208 0.987724 -0
    outer loop
      vertex 19.8537 -29.4923 3.8147e-07
      vertex 19.7089 -29.4694 2.4
      vertex 19.8537 -29.4923 2.4
    endloop
  endfacet
  facet normal 0.156208 0.987724 0
    outer loop
      vertex 19.7089 -29.4694 2.4
      vertex 19.8537 -29.4923 3.8147e-07
      vertex 19.7089 -29.4694 3.8147e-07
    endloop
  endfacet
  facet normal 0.629179 0.777261 -0
    outer loop
      vertex 19.1771 -29.2326 3.8147e-07
      vertex 19.0632 -29.1404 2.4
      vertex 19.1771 -29.2326 2.4
    endloop
  endfacet
  facet normal 0.629179 0.777261 0
    outer loop
      vertex 19.0632 -29.1404 2.4
      vertex 19.1771 -29.2326 3.8147e-07
      vertex 19.0632 -29.1404 3.8147e-07
    endloop
  endfacet
  facet normal -0.629179 0.777261 0
    outer loop
      vertex 20.9368 -29.1404 3.8147e-07
      vertex 20.8229 -29.2326 2.4
      vertex 20.9368 -29.1404 2.4
    endloop
  endfacet
  facet normal -0.629179 0.777261 0
    outer loop
      vertex 20.8229 -29.2326 2.4
      vertex 20.9368 -29.1404 3.8147e-07
      vertex 20.8229 -29.2326 3.8147e-07
    endloop
  endfacet
  facet normal 0.838709 0.544581 0
    outer loop
      vertex 18.8674 -28.9229 2.4
      vertex 18.7876 -28.8 3.8147e-07
      vertex 18.7876 -28.8 2.4
    endloop
  endfacet
  facet normal 0.838709 0.544581 0
    outer loop
      vertex 18.7876 -28.8 3.8147e-07
      vertex 18.8674 -28.9229 2.4
      vertex 18.8674 -28.9229 3.8147e-07
    endloop
  endfacet
  facet normal 0.998618 -0.0525588 0
    outer loop
      vertex 18.6 -28.1 2.4
      vertex 18.6077 -27.9537 3.8147e-07
      vertex 18.6077 -27.9537 2.4
    endloop
  endfacet
  facet normal 0.998618 -0.0525588 0
    outer loop
      vertex 18.6077 -27.9537 3.8147e-07
      vertex 18.6 -28.1 2.4
      vertex 18.6 -28.1 3.8147e-07
    endloop
  endfacet
  facet normal 0.933609 -0.358293 0
    outer loop
      vertex 18.6685 -27.6674 2.4
      vertex 18.721 -27.5306 3.8147e-07
      vertex 18.721 -27.5306 2.4
    endloop
  endfacet
  facet normal 0.933609 -0.358293 0
    outer loop
      vertex 18.721 -27.5306 3.8147e-07
      vertex 18.6685 -27.6674 2.4
      vertex 18.6685 -27.6674 3.8147e-07
    endloop
  endfacet
  facet normal -0.777261 0.629179 0
    outer loop
      vertex 21.0404 -29.0368 3.8147e-07
      vertex 21.1326 -28.9229 2.4
      vertex 21.1326 -28.9229 3.8147e-07
    endloop
  endfacet
  facet normal -0.777261 0.629179 0
    outer loop
      vertex 21.1326 -28.9229 2.4
      vertex 21.0404 -29.0368 3.8147e-07
      vertex 21.0404 -29.0368 2.4
    endloop
  endfacet
  facet normal -0.9877 -0.156363 0
    outer loop
      vertex -27.8689 -71.2475 3.8147e-07
      vertex -27.9671 -70.6272 20.4
      vertex -27.9671 -70.6272 3.8147e-07
    endloop
  endfacet
  facet normal -0.9877 -0.156363 0
    outer loop
      vertex -27.9671 -70.6272 20.4
      vertex -27.8689 -71.2475 3.8147e-07
      vertex -27.8689 -71.2475 20.4
    endloop
  endfacet
  facet normal -0.93358 0.358369 0
    outer loop
      vertex -26.6296 8.65248 3.8147e-07
      vertex -25.5793 11.3886 20.4
      vertex -25.5793 11.3886 3.8147e-07
    endloop
  endfacet
  facet normal -0.93358 0.358369 0
    outer loop
      vertex -25.5793 11.3886 20.4
      vertex -26.6296 8.65248 3.8147e-07
      vertex -26.6296 8.65248 20.4
    endloop
  endfacet
  facet normal 0.998627 -0.0523833 0
    outer loop
      vertex 27.9671 -70.6272 20.4
      vertex 28 -70 3.8147e-07
      vertex 28 -70 20.4
    endloop
  endfacet
  facet normal 0.998627 -0.0523833 0
    outer loop
      vertex 28 -70 3.8147e-07
      vertex 27.9671 -70.6272 20.4
      vertex 27.9671 -70.6272 3.8147e-07
    endloop
  endfacet
  facet normal -0.998627 -0.0523833 0
    outer loop
      vertex -27.9671 -70.6272 3.8147e-07
      vertex -28 -70 20.4
      vertex -28 -70 3.8147e-07
    endloop
  endfacet
  facet normal -0.998627 -0.0523833 0
    outer loop
      vertex -28 -70 20.4
      vertex -27.9671 -70.6272 3.8147e-07
      vertex -27.9671 -70.6272 20.4
    endloop
  endfacet
  facet normal 0.891026 -0.453952 0
    outer loop
      vertex 27.1962 -73 20.4
      vertex 27.4813 -72.4404 3.8147e-07
      vertex 27.4813 -72.4404 20.4
    endloop
  endfacet
  facet normal 0.891026 -0.453952 0
    outer loop
      vertex 27.4813 -72.4404 3.8147e-07
      vertex 27.1962 -73 20.4
      vertex 27.1962 -73 3.8147e-07
    endloop
  endfacet
  facet normal -0.358285 -0.933612 0
    outer loop
      vertex -24.4404 -75.4813 3.8147e-07
      vertex -23.8541 -75.7063 20.4
      vertex -24.4404 -75.4813 20.4
    endloop
  endfacet
  facet normal -0.358285 -0.933612 -0
    outer loop
      vertex -23.8541 -75.7063 20.4
      vertex -24.4404 -75.4813 3.8147e-07
      vertex -23.8541 -75.7063 3.8147e-07
    endloop
  endfacet
  facet normal 0.544629 0.838677 -0
    outer loop
      vertex 16.458 22.6525 3.8147e-07
      vertex 14 24.2487 20.4
      vertex 16.458 22.6525 20.4
    endloop
  endfacet
  facet normal 0.544629 0.838677 0
    outer loop
      vertex 14 24.2487 20.4
      vertex 16.458 22.6525 3.8147e-07
      vertex 14 24.2487 3.8147e-07
    endloop
  endfacet
  facet normal -0.838678 0.544627 0
    outer loop
      vertex -24.2487 14 3.8147e-07
      vertex -23.2941 15.47 20.4
      vertex -23.2941 15.47 3.8147e-07
    endloop
  endfacet
  facet normal -0.838678 0.544627 0
    outer loop
      vertex -23.2941 15.47 20.4
      vertex -24.2487 14 3.8147e-07
      vertex -24.2487 14 20.4
    endloop
  endfacet
  facet normal -0.453997 0.891003 0
    outer loop
      vertex -11.3886 25.5793 3.8147e-07
      vertex -14 24.2487 20.4
      vertex -11.3886 25.5793 20.4
    endloop
  endfacet
  facet normal -0.453997 0.891003 0
    outer loop
      vertex -14 24.2487 20.4
      vertex -11.3886 25.5793 3.8147e-07
      vertex -14 24.2487 3.8147e-07
    endloop
  endfacet
  facet normal 0.93358 0.358369 0
    outer loop
      vertex 26.6296 8.65248 20.4
      vertex 25.5793 11.3886 3.8147e-07
      vertex 25.5793 11.3886 20.4
    endloop
  endfacet
  facet normal 0.93358 0.358369 0
    outer loop
      vertex 25.5793 11.3886 3.8147e-07
      vertex 26.6296 8.65248 20.4
      vertex 26.6296 8.65248 3.8147e-07
    endloop
  endfacet
  facet normal -0.544629 0.838677 0
    outer loop
      vertex -14 24.2487 3.8147e-07
      vertex -16.458 22.6525 20.4
      vertex -14 24.2487 20.4
    endloop
  endfacet
  facet normal -0.544629 0.838677 0
    outer loop
      vertex -16.458 22.6525 20.4
      vertex -14 24.2487 3.8147e-07
      vertex -16.458 22.6525 3.8147e-07
    endloop
  endfacet
  facet normal -0.96593 0.258803 0
    outer loop
      vertex -27.3881 5.82153 3.8147e-07
      vertex -26.6296 8.65248 20.4
      vertex -26.6296 8.65248 3.8147e-07
    endloop
  endfacet
  facet normal -0.96593 0.258803 0
    outer loop
      vertex -26.6296 8.65248 20.4
      vertex -27.3881 5.82153 3.8147e-07
      vertex -27.3881 5.82153 20.4
    endloop
  endfacet
  facet normal 1 -0 0
    outer loop
      vertex 28 -70 20.4
      vertex 28 0 3.8147e-07
      vertex 28 0 20.4
    endloop
  endfacet
  facet normal 1 0 0
    outer loop
      vertex 28 0 3.8147e-07
      vertex 28 -70 20.4
      vertex 28 -70 3.8147e-07
    endloop
  endfacet
  facet normal -0.998629 0.0523403 0
    outer loop
      vertex -28 0 3.8147e-07
      vertex -27.8466 2.9268 20.4
      vertex -27.8466 2.9268 3.8147e-07
    endloop
  endfacet
  facet normal -0.998629 0.0523403 0
    outer loop
      vertex -27.8466 2.9268 20.4
      vertex -28 0 3.8147e-07
      vertex -28 0 20.4
    endloop
  endfacet
  facet normal -0.629311 0.777153 0
    outer loop
      vertex -16.458 22.6525 3.8147e-07
      vertex -18.7357 20.8081 20.4
      vertex -16.458 22.6525 20.4
    endloop
  endfacet
  facet normal -0.629311 0.777153 0
    outer loop
      vertex -18.7357 20.8081 20.4
      vertex -16.458 22.6525 3.8147e-07
      vertex -18.7357 20.8081 3.8147e-07
    endloop
  endfacet
  facet normal -0.777169 0.629292 0
    outer loop
      vertex -21.8941 17.3945 3.8147e-07
      vertex -20.8081 18.7357 20.4
      vertex -20.8081 18.7357 3.8147e-07
    endloop
  endfacet
  facet normal -0.777169 0.629292 0
    outer loop
      vertex -20.8081 18.7357 20.4
      vertex -21.8941 17.3945 3.8147e-07
      vertex -21.8941 17.3945 20.4
    endloop
  endfacet
  facet normal -0.258911 -0.965901 0
    outer loop
      vertex -23.8541 -75.7063 3.8147e-07
      vertex -23.2475 -75.8689 20.4
      vertex -23.8541 -75.7063 20.4
    endloop
  endfacet
  facet normal -0.258911 -0.965901 -0
    outer loop
      vertex -23.2475 -75.8689 20.4
      vertex -23.8541 -75.7063 3.8147e-07
      vertex -23.2475 -75.8689 3.8147e-07
    endloop
  endfacet
  facet normal -0.0523403 0.998629 0
    outer loop
      vertex 0 28 3.8147e-07
      vertex -2.9268 27.8466 20.4
      vertex 0 28 20.4
    endloop
  endfacet
  facet normal -0.0523403 0.998629 0
    outer loop
      vertex -2.9268 27.8466 20.4
      vertex 0 28 3.8147e-07
      vertex -2.9268 27.8466 3.8147e-07
    endloop
  endfacet
  facet normal 0.707107 0.707107 0
    outer loop
      vertex 20.8081 18.7357 20.4
      vertex 18.7357 20.8081 3.8147e-07
      vertex 18.7357 20.8081 20.4
    endloop
  endfacet
  facet normal 0.707107 0.707107 0
    outer loop
      vertex 18.7357 20.8081 3.8147e-07
      vertex 20.8081 18.7357 20.4
      vertex 20.8081 18.7357 3.8147e-07
    endloop
  endfacet
  facet normal -0.629267 -0.777189 0
    outer loop
      vertex -26.0148 -74.4589 3.8147e-07
      vertex -25.5267 -74.8541 20.4
      vertex -26.0148 -74.4589 20.4
    endloop
  endfacet
  facet normal -0.629267 -0.777189 -0
    outer loop
      vertex -25.5267 -74.8541 20.4
      vertex -26.0148 -74.4589 3.8147e-07
      vertex -25.5267 -74.8541 3.8147e-07
    endloop
  endfacet
  facet normal -0.987687 0.156441 0
    outer loop
      vertex -27.8466 2.9268 3.8147e-07
      vertex -27.3881 5.82153 20.4
      vertex -27.3881 5.82153 3.8147e-07
    endloop
  endfacet
  facet normal -0.987687 0.156441 0
    outer loop
      vertex -27.3881 5.82153 20.4
      vertex -27.8466 2.9268 3.8147e-07
      vertex -27.8466 2.9268 20.4
    endloop
  endfacet
  facet normal -1 0 0
    outer loop
      vertex -28 -70 3.8147e-07
      vertex -28 0 20.4
      vertex -28 0 3.8147e-07
    endloop
  endfacet
  facet normal -1 -0 0
    outer loop
      vertex -28 0 20.4
      vertex -28 -70 3.8147e-07
      vertex -28 -70 20.4
    endloop
  endfacet
  facet normal 0.453952 -0.891026 0
    outer loop
      vertex 24.4404 -75.4813 3.8147e-07
      vertex 25 -75.1962 20.4
      vertex 24.4404 -75.4813 20.4
    endloop
  endfacet
  facet normal 0.453952 -0.891026 0
    outer loop
      vertex 25 -75.1962 20.4
      vertex 24.4404 -75.4813 3.8147e-07
      vertex 25 -75.1962 3.8147e-07
    endloop
  endfacet
  facet normal 0 -1 0
    outer loop
      vertex -22 -76 3.8147e-07
      vertex 22 -76 20.4
      vertex -22 -76 20.4
    endloop
  endfacet
  facet normal 0 -1 -0
    outer loop
      vertex 22 -76 20.4
      vertex -22 -76 3.8147e-07
      vertex 22 -76 3.8147e-07
    endloop
  endfacet
  facet normal -0.156363 -0.9877 0
    outer loop
      vertex -23.2475 -75.8689 3.8147e-07
      vertex -22.6272 -75.9671 20.4
      vertex -23.2475 -75.8689 20.4
    endloop
  endfacet
  facet normal -0.156363 -0.9877 -0
    outer loop
      vertex -22.6272 -75.9671 20.4
      vertex -23.2475 -75.8689 3.8147e-07
      vertex -22.6272 -75.9671 3.8147e-07
    endloop
  endfacet
  facet normal 0.998629 0.0523403 0
    outer loop
      vertex 28 0 20.4
      vertex 27.8466 2.9268 3.8147e-07
      vertex 27.8466 2.9268 20.4
    endloop
  endfacet
  facet normal 0.998629 0.0523403 0
    outer loop
      vertex 27.8466 2.9268 3.8147e-07
      vertex 28 0 20.4
      vertex 28 0 3.8147e-07
    endloop
  endfacet
  facet normal 0.987687 0.156441 0
    outer loop
      vertex 27.8466 2.9268 20.4
      vertex 27.3881 5.82153 3.8147e-07
      vertex 27.3881 5.82153 20.4
    endloop
  endfacet
  facet normal 0.987687 0.156441 0
    outer loop
      vertex 27.3881 5.82153 3.8147e-07
      vertex 27.8466 2.9268 20.4
      vertex 27.8466 2.9268 3.8147e-07
    endloop
  endfacet
  facet normal -0.358369 0.93358 0
    outer loop
      vertex -8.65248 26.6296 3.8147e-07
      vertex -11.3886 25.5793 20.4
      vertex -8.65248 26.6296 20.4
    endloop
  endfacet
  facet normal -0.358369 0.93358 0
    outer loop
      vertex -11.3886 25.5793 20.4
      vertex -8.65248 26.6296 3.8147e-07
      vertex -11.3886 25.5793 3.8147e-07
    endloop
  endfacet
  facet normal 0.777169 0.629292 0
    outer loop
      vertex 21.8941 17.3945 20.4
      vertex 20.8081 18.7357 3.8147e-07
      vertex 20.8081 18.7357 20.4
    endloop
  endfacet
  facet normal 0.777169 0.629292 0
    outer loop
      vertex 20.8081 18.7357 3.8147e-07
      vertex 21.8941 17.3945 20.4
      vertex 21.8941 17.3945 3.8147e-07
    endloop
  endfacet
  facet normal -0.891003 0.453997 0
    outer loop
      vertex -25.5793 11.3886 3.8147e-07
      vertex -24.2487 14 20.4
      vertex -24.2487 14 3.8147e-07
    endloop
  endfacet
  facet normal -0.891003 0.453997 0
    outer loop
      vertex -24.2487 14 20.4
      vertex -25.5793 11.3886 3.8147e-07
      vertex -25.5793 11.3886 20.4
    endloop
  endfacet
  facet normal -0.965901 -0.258911 0
    outer loop
      vertex -27.7063 -71.8541 3.8147e-07
      vertex -27.8689 -71.2475 20.4
      vertex -27.8689 -71.2475 3.8147e-07
    endloop
  endfacet
  facet normal -0.965901 -0.258911 0
    outer loop
      vertex -27.8689 -71.2475 20.4
      vertex -27.7063 -71.8541 3.8147e-07
      vertex -27.7063 -71.8541 20.4
    endloop
  endfacet
  facet normal 0.0523403 0.998629 -0
    outer loop
      vertex 2.9268 27.8466 3.8147e-07
      vertex 0 28 20.4
      vertex 2.9268 27.8466 20.4
    endloop
  endfacet
  facet normal 0.0523403 0.998629 0
    outer loop
      vertex 0 28 20.4
      vertex 2.9268 27.8466 3.8147e-07
      vertex 0 28 3.8147e-07
    endloop
  endfacet
  facet normal 0.258911 -0.965901 0
    outer loop
      vertex 23.2475 -75.8689 3.8147e-07
      vertex 23.8541 -75.7063 20.4
      vertex 23.2475 -75.8689 20.4
    endloop
  endfacet
  facet normal 0.258911 -0.965901 0
    outer loop
      vertex 23.8541 -75.7063 20.4
      vertex 23.2475 -75.8689 3.8147e-07
      vertex 23.8541 -75.7063 3.8147e-07
    endloop
  endfacet
  facet normal 0.933612 -0.358285 0
    outer loop
      vertex 27.4813 -72.4404 20.4
      vertex 27.7063 -71.8541 3.8147e-07
      vertex 27.7063 -71.8541 20.4
    endloop
  endfacet
  facet normal 0.933612 -0.358285 0
    outer loop
      vertex 27.7063 -71.8541 3.8147e-07
      vertex 27.4813 -72.4404 20.4
      vertex 27.4813 -72.4404 3.8147e-07
    endloop
  endfacet
  facet normal 0.891003 0.453997 0
    outer loop
      vertex 25.5793 11.3886 20.4
      vertex 24.2487 14 3.8147e-07
      vertex 24.2487 14 20.4
    endloop
  endfacet
  facet normal 0.891003 0.453997 0
    outer loop
      vertex 24.2487 14 3.8147e-07
      vertex 25.5793 11.3886 20.4
      vertex 25.5793 11.3886 3.8147e-07
    endloop
  endfacet
  facet normal -0.156441 0.987687 0
    outer loop
      vertex -2.9268 27.8466 3.8147e-07
      vertex -5.82153 27.3881 20.4
      vertex -2.9268 27.8466 20.4
    endloop
  endfacet
  facet normal -0.156441 0.987687 0
    outer loop
      vertex -5.82153 27.3881 20.4
      vertex -2.9268 27.8466 3.8147e-07
      vertex -5.82153 27.3881 3.8147e-07
    endloop
  endfacet
  facet normal -0.777189 -0.629267 0
    outer loop
      vertex -26.4589 -74.0148 3.8147e-07
      vertex -26.8541 -73.5267 20.4
      vertex -26.8541 -73.5267 3.8147e-07
    endloop
  endfacet
  facet normal -0.777189 -0.629267 0
    outer loop
      vertex -26.8541 -73.5267 20.4
      vertex -26.4589 -74.0148 3.8147e-07
      vertex -26.4589 -74.0148 20.4
    endloop
  endfacet
  facet normal 0.965901 -0.258911 0
    outer loop
      vertex 27.7063 -71.8541 20.4
      vertex 27.8689 -71.2475 3.8147e-07
      vertex 27.8689 -71.2475 20.4
    endloop
  endfacet
  facet normal 0.965901 -0.258911 0
    outer loop
      vertex 27.8689 -71.2475 3.8147e-07
      vertex 27.7063 -71.8541 20.4
      vertex 27.7063 -71.8541 3.8147e-07
    endloop
  endfacet
  facet normal 0.358285 -0.933612 0
    outer loop
      vertex 23.8541 -75.7063 3.8147e-07
      vertex 24.4404 -75.4813 20.4
      vertex 23.8541 -75.7063 20.4
    endloop
  endfacet
  facet normal 0.358285 -0.933612 0
    outer loop
      vertex 24.4404 -75.4813 20.4
      vertex 23.8541 -75.7063 3.8147e-07
      vertex 24.4404 -75.4813 3.8147e-07
    endloop
  endfacet
  facet normal -0.258803 0.96593 0
    outer loop
      vertex -5.82153 27.3881 3.8147e-07
      vertex -8.65248 26.6296 20.4
      vertex -5.82153 27.3881 20.4
    endloop
  endfacet
  facet normal -0.258803 0.96593 0
    outer loop
      vertex -8.65248 26.6296 20.4
      vertex -5.82153 27.3881 3.8147e-07
      vertex -8.65248 26.6296 3.8147e-07
    endloop
  endfacet
  facet normal -0.0523833 -0.998627 0
    outer loop
      vertex -22.6272 -75.9671 3.8147e-07
      vertex -22 -76 20.4
      vertex -22.6272 -75.9671 20.4
    endloop
  endfacet
  facet normal -0.0523833 -0.998627 -0
    outer loop
      vertex -22 -76 20.4
      vertex -22.6272 -75.9671 3.8147e-07
      vertex -22 -76 3.8147e-07
    endloop
  endfacet
  facet normal -0.891026 -0.453952 0
    outer loop
      vertex -27.1962 -73 3.8147e-07
      vertex -27.4813 -72.4404 20.4
      vertex -27.4813 -72.4404 3.8147e-07
    endloop
  endfacet
  facet normal -0.891026 -0.453952 0
    outer loop
      vertex -27.4813 -72.4404 20.4
      vertex -27.1962 -73 3.8147e-07
      vertex -27.1962 -73 20.4
    endloop
  endfacet
  facet normal -0.707107 -0.707107 0
    outer loop
      vertex -26.4589 -74.0148 3.8147e-07
      vertex -26.0148 -74.4589 20.4
      vertex -26.4589 -74.0148 20.4
    endloop
  endfacet
  facet normal -0.707107 -0.707107 -0
    outer loop
      vertex -26.0148 -74.4589 20.4
      vertex -26.4589 -74.0148 3.8147e-07
      vertex -26.0148 -74.4589 3.8147e-07
    endloop
  endfacet
  facet normal 0.838629 -0.544703 0
    outer loop
      vertex 26.8541 -73.5267 20.4
      vertex 27.1962 -73 3.8147e-07
      vertex 27.1962 -73 20.4
    endloop
  endfacet
  facet normal 0.838629 -0.544703 0
    outer loop
      vertex 27.1962 -73 3.8147e-07
      vertex 26.8541 -73.5267 20.4
      vertex 26.8541 -73.5267 3.8147e-07
    endloop
  endfacet
  facet normal 0.544703 -0.838629 0
    outer loop
      vertex 25 -75.1962 3.8147e-07
      vertex 25.5267 -74.8541 20.4
      vertex 25 -75.1962 20.4
    endloop
  endfacet
  facet normal 0.544703 -0.838629 0
    outer loop
      vertex 25.5267 -74.8541 20.4
      vertex 25 -75.1962 3.8147e-07
      vertex 25.5267 -74.8541 3.8147e-07
    endloop
  endfacet
  facet normal 0.0523833 -0.998627 0
    outer loop
      vertex 22 -76 3.8147e-07
      vertex 22.6272 -75.9671 20.4
      vertex 22 -76 20.4
    endloop
  endfacet
  facet normal 0.0523833 -0.998627 0
    outer loop
      vertex 22.6272 -75.9671 20.4
      vertex 22 -76 3.8147e-07
      vertex 22.6272 -75.9671 3.8147e-07
    endloop
  endfacet
  facet normal 0.156441 0.987687 -0
    outer loop
      vertex 5.82153 27.3881 3.8147e-07
      vertex 2.9268 27.8466 20.4
      vertex 5.82153 27.3881 20.4
    endloop
  endfacet
  facet normal 0.156441 0.987687 0
    outer loop
      vertex 2.9268 27.8466 20.4
      vertex 5.82153 27.3881 3.8147e-07
      vertex 2.9268 27.8466 3.8147e-07
    endloop
  endfacet
  facet normal 0.258803 0.96593 -0
    outer loop
      vertex 8.65248 26.6296 3.8147e-07
      vertex 5.82153 27.3881 20.4
      vertex 8.65248 26.6296 20.4
    endloop
  endfacet
  facet normal 0.258803 0.96593 0
    outer loop
      vertex 5.82153 27.3881 20.4
      vertex 8.65248 26.6296 3.8147e-07
      vertex 5.82153 27.3881 3.8147e-07
    endloop
  endfacet
  facet normal 0.9877 -0.156363 0
    outer loop
      vertex 27.8689 -71.2475 20.4
      vertex 27.9671 -70.6272 3.8147e-07
      vertex 27.9671 -70.6272 20.4
    endloop
  endfacet
  facet normal 0.9877 -0.156363 0
    outer loop
      vertex 27.9671 -70.6272 3.8147e-07
      vertex 27.8689 -71.2475 20.4
      vertex 27.8689 -71.2475 3.8147e-07
    endloop
  endfacet
  facet normal 0.453997 0.891003 -0
    outer loop
      vertex 14 24.2487 3.8147e-07
      vertex 11.3886 25.5793 20.4
      vertex 14 24.2487 20.4
    endloop
  endfacet
  facet normal 0.453997 0.891003 0
    outer loop
      vertex 11.3886 25.5793 20.4
      vertex 14 24.2487 3.8147e-07
      vertex 11.3886 25.5793 3.8147e-07
    endloop
  endfacet
  facet normal -0.453952 -0.891026 0
    outer loop
      vertex -25 -75.1962 3.8147e-07
      vertex -24.4404 -75.4813 20.4
      vertex -25 -75.1962 20.4
    endloop
  endfacet
  facet normal -0.453952 -0.891026 -0
    outer loop
      vertex -24.4404 -75.4813 20.4
      vertex -25 -75.1962 3.8147e-07
      vertex -24.4404 -75.4813 3.8147e-07
    endloop
  endfacet
  facet normal 0 0 -1
    outer loop
      vertex 21.8537 17.3923 3.8147e-07
      vertex 20.8081 18.7357 3.8147e-07
      vertex 21.8941 17.3945 3.8147e-07
    endloop
  endfacet
  facet normal 0 0 -1
    outer loop
      vertex 21.7089 17.3694 3.8147e-07
      vertex 20.8081 18.7357 3.8147e-07
      vertex 21.8537 17.3923 3.8147e-07
    endloop
  endfacet
  facet normal 0 0 -1
    outer loop
      vertex 21.5674 17.3315 3.8147e-07
      vertex 20.8081 18.7357 3.8147e-07
      vertex 21.7089 17.3694 3.8147e-07
    endloop
  endfacet
  facet normal 0 0 -1
    outer loop
      vertex 21.4306 17.279 3.8147e-07
      vertex 20.8081 18.7357 3.8147e-07
      vertex 21.5674 17.3315 3.8147e-07
    endloop
  endfacet
  facet normal 0 0 -1
    outer loop
      vertex 21.3 17.2124 3.8147e-07
      vertex 20.8081 18.7357 3.8147e-07
      vertex 21.4306 17.279 3.8147e-07
    endloop
  endfacet
  facet normal 0 0 -1
    outer loop
      vertex 21.1771 17.1326 3.8147e-07
      vertex 20.8081 18.7357 3.8147e-07
      vertex 21.3 17.2124 3.8147e-07
    endloop
  endfacet
  facet normal 0 0 -1
    outer loop
      vertex 21.0632 17.0404 3.8147e-07
      vertex 20.8081 18.7357 3.8147e-07
      vertex 21.1771 17.1326 3.8147e-07
    endloop
  endfacet
  facet normal 0 0 -1
    outer loop
      vertex 20.9596 16.9368 3.8147e-07
      vertex 20.8081 18.7357 3.8147e-07
      vertex 21.0632 17.0404 3.8147e-07
    endloop
  endfacet
  facet normal 0 0 -1
    outer loop
      vertex 20.8674 16.8229 3.8147e-07
      vertex 20.8081 18.7357 3.8147e-07
      vertex 20.9596 16.9368 3.8147e-07
    endloop
  endfacet
  facet normal 0 0 -1
    outer loop
      vertex 20.7876 16.7 3.8147e-07
      vertex 20.8081 18.7357 3.8147e-07
      vertex 20.8674 16.8229 3.8147e-07
    endloop
  endfacet
  facet normal 0 0 -1
    outer loop
      vertex 20.721 16.5694 3.8147e-07
      vertex 20.8081 18.7357 3.8147e-07
      vertex 20.7876 16.7 3.8147e-07
    endloop
  endfacet
  facet normal 0 0 -1
    outer loop
      vertex 18.7357 20.8081 3.8147e-07
      vertex 20.721 16.5694 3.8147e-07
      vertex 20.6685 16.4326 3.8147e-07
    endloop
  endfacet
  facet normal 0 0 -1
    outer loop
      vertex 13.8199 16.47 3.8147e-07
      vertex 20.6685 16.4326 3.8147e-07
      vertex 20.6306 16.2911 3.8147e-07
    endloop
  endfacet
  facet normal 0 0 -1
    outer loop
      vertex 13.8199 16.47 3.8147e-07
      vertex 20.6306 16.2911 3.8147e-07
      vertex 20.6077 16.1463 3.8147e-07
    endloop
  endfacet
  facet normal 0 0 -1
    outer loop
      vertex 20.7876 15.3 3.8147e-07
      vertex 13.8199 16.47 3.8147e-07
      vertex 20.721 15.4306 3.8147e-07
    endloop
  endfacet
  facet normal 0 0 -1
    outer loop
      vertex 20.721 15.4306 3.8147e-07
      vertex 13.8199 16.47 3.8147e-07
      vertex 20.6685 15.5674 3.8147e-07
    endloop
  endfacet
  facet normal 0 0 -1
    outer loop
      vertex 20.6685 15.5674 3.8147e-07
      vertex 13.8199 16.47 3.8147e-07
      vertex 20.6306 15.7089 3.8147e-07
    endloop
  endfacet
  facet normal 0 0 -1
    outer loop
      vertex 4.49951 5.36231 3.8147e-07
      vertex 20.1463 -26.7077 3.8147e-07
      vertex 20 -26.7 3.8147e-07
    endloop
  endfacet
  facet normal 0 0 -1
    outer loop
      vertex 4.49951 5.36231 3.8147e-07
      vertex 20 -26.7 3.8147e-07
      vertex 19.8537 -26.7077 3.8147e-07
    endloop
  endfacet
  facet normal 0 0 -1
    outer loop
      vertex 4.49951 5.36231 3.8147e-07
      vertex 19.8537 -26.7077 3.8147e-07
      vertex 19.7089 -26.7306 3.8147e-07
    endloop
  endfacet
  facet normal 0 0 -1
    outer loop
      vertex 4.49951 5.36231 3.8147e-07
      vertex 19.7089 -26.7306 3.8147e-07
      vertex 19.5674 -26.7685 3.8147e-07
    endloop
  endfacet
  facet normal 0 0 -1
    outer loop
      vertex 4.49951 5.36231 3.8147e-07
      vertex 19.5674 -26.7685 3.8147e-07
      vertex 19.4306 -26.821 3.8147e-07
    endloop
  endfacet
  facet normal 0 0 -1
    outer loop
      vertex 4.49951 5.36231 3.8147e-07
      vertex 19.4306 -26.821 3.8147e-07
      vertex 19.3 -26.8876 3.8147e-07
    endloop
  endfacet
  facet normal 0 0 -1
    outer loop
      vertex 4.49951 5.36231 3.8147e-07
      vertex 19.3 -26.8876 3.8147e-07
      vertex 19.1771 -26.9674 3.8147e-07
    endloop
  endfacet
  facet normal 0 0 -1
    outer loop
      vertex 4.49951 5.36231 3.8147e-07
      vertex 19.1771 -26.9674 3.8147e-07
      vertex 19.0632 -27.0596 3.8147e-07
    endloop
  endfacet
  facet normal 0 0 -1
    outer loop
      vertex 3.43054 -32.2106 3.8147e-07
      vertex 19.0632 -27.0596 3.8147e-07
      vertex 18.9596 -27.1632 3.8147e-07
    endloop
  endfacet
  facet normal 0 0 -1
    outer loop
      vertex 3.43054 -32.2106 3.8147e-07
      vertex 18.9596 -27.1632 3.8147e-07
      vertex 18.8674 -27.2771 3.8147e-07
    endloop
  endfacet
  facet normal 0 0 -1
    outer loop
      vertex 5.09878 -32.6576 3.8147e-07
      vertex 18.8674 -27.2771 3.8147e-07
      vertex 18.7876 -27.4 3.8147e-07
    endloop
  endfacet
  facet normal 0 0 -1
    outer loop
      vertex 20.721 16.5694 3.8147e-07
      vertex 18.7357 20.8081 3.8147e-07
      vertex 20.8081 18.7357 3.8147e-07
    endloop
  endfacet
  facet normal 0 0 -1
    outer loop
      vertex 13.8199 16.47 3.8147e-07
      vertex 20.6077 16.1463 3.8147e-07
      vertex 20.6 16 3.8147e-07
    endloop
  endfacet
  facet normal 0 0 -1
    outer loop
      vertex 20.6306 15.7089 3.8147e-07
      vertex 13.8199 16.47 3.8147e-07
      vertex 20.6077 15.8537 3.8147e-07
    endloop
  endfacet
  facet normal 0 0 -1
    outer loop
      vertex 5.09878 -32.6576 3.8147e-07
      vertex 18.7876 -27.4 3.8147e-07
      vertex 18.721 -27.5306 3.8147e-07
    endloop
  endfacet
  facet normal 0 0 -1
    outer loop
      vertex 6.71115 -33.2765 3.8147e-07
      vertex 18.721 -27.5306 3.8147e-07
      vertex 18.6685 -27.6674 3.8147e-07
    endloop
  endfacet
  facet normal 0 0 -1
    outer loop
      vertex 6.71115 -33.2765 3.8147e-07
      vertex 18.6685 -27.6674 3.8147e-07
      vertex 18.6306 -27.8089 3.8147e-07
    endloop
  endfacet
  facet normal 0 0 -1
    outer loop
      vertex 6.71115 -33.2765 3.8147e-07
      vertex 18.6306 -27.8089 3.8147e-07
      vertex 18.6077 -27.9537 3.8147e-07
    endloop
  endfacet
  facet normal 0 0 -1
    outer loop
      vertex 8.25 -34.0606 3.8147e-07
      vertex 18.6077 -27.9537 3.8147e-07
      vertex 18.6 -28.1 3.8147e-07
    endloop
  endfacet
  facet normal -0 0 -1
    outer loop
      vertex 19.0632 -29.1404 3.8147e-07
      vertex 11.0407 -36.0881 3.8147e-07
      vertex 18.9596 -29.0368 3.8147e-07
    endloop
  endfacet
  facet normal -0 0 -1
    outer loop
      vertex 18.9596 -29.0368 3.8147e-07
      vertex 11.0407 -36.0881 3.8147e-07
      vertex 18.8674 -28.9229 3.8147e-07
    endloop
  endfacet
  facet normal -0 0 -1
    outer loop
      vertex 18.8674 -28.9229 3.8147e-07
      vertex 11.0407 -36.0881 3.8147e-07
      vertex 18.7876 -28.8 3.8147e-07
    endloop
  endfacet
  facet normal -0 0 -1
    outer loop
      vertex 18.7876 -28.8 3.8147e-07
      vertex 11.0407 -36.0881 3.8147e-07
      vertex 18.721 -28.6694 3.8147e-07
    endloop
  endfacet
  facet normal 0 0 -1
    outer loop
      vertex 9.69846 -35.0012 3.8147e-07
      vertex 18.721 -28.6694 3.8147e-07
      vertex 11.0407 -36.0881 3.8147e-07
    endloop
  endfacet
  facet normal -0 0 -1
    outer loop
      vertex 18.721 -28.6694 3.8147e-07
      vertex 9.69846 -35.0012 3.8147e-07
      vertex 18.6685 -28.5326 3.8147e-07
    endloop
  endfacet
  facet normal -0 0 -1
    outer loop
      vertex 18.6685 -28.5326 3.8147e-07
      vertex 9.69846 -35.0012 3.8147e-07
      vertex 18.6306 -28.3911 3.8147e-07
    endloop
  endfacet
  facet normal -0 0 -1
    outer loop
      vertex 18.7357 20.8081 3.8147e-07
      vertex 13.8199 16.47 3.8147e-07
      vertex 16.458 22.6525 3.8147e-07
    endloop
  endfacet
  facet normal 0 0 -1
    outer loop
      vertex 11.9747 17.8565 3.8147e-07
      vertex 16.458 22.6525 3.8147e-07
      vertex 13.8199 16.47 3.8147e-07
    endloop
  endfacet
  facet normal -0 0 -1
    outer loop
      vertex 18.6306 -28.3911 3.8147e-07
      vertex 9.69846 -35.0012 3.8147e-07
      vertex 18.6077 -28.2463 3.8147e-07
    endloop
  endfacet
  facet normal 0 0 -1
    outer loop
      vertex 20.6685 16.4326 3.8147e-07
      vertex 13.8199 16.47 3.8147e-07
      vertex 18.7357 20.8081 3.8147e-07
    endloop
  endfacet
  facet normal 0 0 -1
    outer loop
      vertex 8.25 -34.0606 3.8147e-07
      vertex 18.6077 -28.2463 3.8147e-07
      vertex 9.69846 -35.0012 3.8147e-07
    endloop
  endfacet
  facet normal -0 0 -1
    outer loop
      vertex 18.6077 -28.2463 3.8147e-07
      vertex 8.25 -34.0606 3.8147e-07
      vertex 18.6 -28.1 3.8147e-07
    endloop
  endfacet
  facet normal 0 0 -1
    outer loop
      vertex 18.6077 -27.9537 3.8147e-07
      vertex 8.25 -34.0606 3.8147e-07
      vertex 6.71115 -33.2765 3.8147e-07
    endloop
  endfacet
  facet normal 0 0 -1
    outer loop
      vertex 18.721 -27.5306 3.8147e-07
      vertex 6.71115 -33.2765 3.8147e-07
      vertex 5.09878 -32.6576 3.8147e-07
    endloop
  endfacet
  facet normal 0 0 -1
    outer loop
      vertex 18.8674 -27.2771 3.8147e-07
      vertex 5.09878 -32.6576 3.8147e-07
      vertex 3.43054 -32.2106 3.8147e-07
    endloop
  endfacet
  facet normal 0 0 -1
    outer loop
      vertex 20.6077 15.8537 3.8147e-07
      vertex 13.8199 16.47 3.8147e-07
      vertex 20.6 16 3.8147e-07
    endloop
  endfacet
  facet normal -0 0 -1
    outer loop
      vertex 19.0632 -27.0596 3.8147e-07
      vertex 3.43054 -32.2106 3.8147e-07
      vertex 4.49951 5.36231 3.8147e-07
    endloop
  endfacet
  facet normal 0 0 -1
    outer loop
      vertex 1.72472 -31.9404 3.8147e-07
      vertex 4.49951 5.36231 3.8147e-07
      vertex 3.43054 -32.2106 3.8147e-07
    endloop
  endfacet
  facet normal 0 0 -1
    outer loop
      vertex 0 -31.85 3.8147e-07
      vertex 4.49951 5.36231 3.8147e-07
      vertex 1.72472 -31.9404 3.8147e-07
    endloop
  endfacet
  facet normal 0 0 -1
    outer loop
      vertex -4.49951 5.36231 3.8147e-07
      vertex 4.49951 5.36231 3.8147e-07
      vertex 0 -31.85 3.8147e-07
    endloop
  endfacet
  facet normal 0 0 -1
    outer loop
      vertex 4.49951 5.36231 3.8147e-07
      vertex -4.49951 5.36231 3.8147e-07
      vertex 3.89875 5.81375 3.8147e-07
    endloop
  endfacet
  facet normal -0 0 -1
    outer loop
      vertex 3.25306 6.19819 3.8147e-07
      vertex -4.49951 5.36231 3.8147e-07
      vertex 2.56988 6.5112 3.8147e-07
    endloop
  endfacet
  facet normal -0 0 -1
    outer loop
      vertex 2.56988 6.5112 3.8147e-07
      vertex -4.49951 5.36231 3.8147e-07
      vertex 1.85708 6.74917 3.8147e-07
    endloop
  endfacet
  facet normal -0 0 -1
    outer loop
      vertex 1.85708 6.74917 3.8147e-07
      vertex -4.49951 5.36231 3.8147e-07
      vertex 1.12288 6.90935 3.8147e-07
    endloop
  endfacet
  facet normal -0 0 -1
    outer loop
      vertex 3.89875 5.81375 3.8147e-07
      vertex -4.49951 5.36231 3.8147e-07
      vertex 3.25306 6.19819 3.8147e-07
    endloop
  endfacet
  facet normal -0 0 -1
    outer loop
      vertex 1.12288 6.90935 3.8147e-07
      vertex -4.49951 5.36231 3.8147e-07
      vertex 0.375736 6.98991 3.8147e-07
    endloop
  endfacet
  facet normal -0 0 -1
    outer loop
      vertex 0.375736 6.98991 3.8147e-07
      vertex -4.49951 5.36231 3.8147e-07
      vertex -0.375736 6.98991 3.8147e-07
    endloop
  endfacet
  facet normal 0 0 -1
    outer loop
      vertex -4.49951 5.36231 3.8147e-07
      vertex 0 -31.85 3.8147e-07
      vertex -1.72472 -31.9404 3.8147e-07
    endloop
  endfacet
  facet normal 0 0 -1
    outer loop
      vertex -0.375736 6.98991 3.8147e-07
      vertex -4.49951 5.36231 3.8147e-07
      vertex -1.12288 6.90935 3.8147e-07
    endloop
  endfacet
  facet normal 0 0 -1
    outer loop
      vertex -1.12288 6.90935 3.8147e-07
      vertex -4.49951 5.36231 3.8147e-07
      vertex -1.85708 6.74917 3.8147e-07
    endloop
  endfacet
  facet normal 0 0 -1
    outer loop
      vertex -1.85708 6.74917 3.8147e-07
      vertex -4.49951 5.36231 3.8147e-07
      vertex -2.56988 6.5112 3.8147e-07
    endloop
  endfacet
  facet normal 0 0 -1
    outer loop
      vertex -4.49951 5.36231 3.8147e-07
      vertex -1.72472 -31.9404 3.8147e-07
      vertex -3.43054 -32.2106 3.8147e-07
    endloop
  endfacet
  facet normal 0 0 -1
    outer loop
      vertex -2.56988 6.5112 3.8147e-07
      vertex -4.49951 5.36231 3.8147e-07
      vertex -3.25306 6.19819 3.8147e-07
    endloop
  endfacet
  facet normal 0 0 -1
    outer loop
      vertex -3.25306 6.19819 3.8147e-07
      vertex -4.49951 5.36231 3.8147e-07
      vertex -3.89875 5.81375 3.8147e-07
    endloop
  endfacet
  facet normal 0 0 -1
    outer loop
      vertex -18.8674 -27.2771 3.8147e-07
      vertex -3.43054 -32.2106 3.8147e-07
      vertex -5.09878 -32.6576 3.8147e-07
    endloop
  endfacet
  facet normal 0 0 -1
    outer loop
      vertex -18.721 -27.5306 3.8147e-07
      vertex -5.09878 -32.6576 3.8147e-07
      vertex -6.71115 -33.2765 3.8147e-07
    endloop
  endfacet
  facet normal 0 0 -1
    outer loop
      vertex -18.6077 -27.9537 3.8147e-07
      vertex -6.71115 -33.2765 3.8147e-07
      vertex -8.25 -34.0606 3.8147e-07
    endloop
  endfacet
  facet normal 0 0 -1
    outer loop
      vertex -18.6077 -28.2463 3.8147e-07
      vertex -8.25 -34.0606 3.8147e-07
      vertex -9.69846 -35.0012 3.8147e-07
    endloop
  endfacet
  facet normal 0 0 -1
    outer loop
      vertex -18.721 -28.6694 3.8147e-07
      vertex -9.69846 -35.0012 3.8147e-07
      vertex -11.0407 -36.0881 3.8147e-07
    endloop
  endfacet
  facet normal 0 0 -1
    outer loop
      vertex -19.0632 -29.1404 3.8147e-07
      vertex -11.0407 -36.0881 3.8147e-07
      vertex -12.2619 -37.3093 3.8147e-07
    endloop
  endfacet
  facet normal 0 0 -1
    outer loop
      vertex -19.4306 -29.379 3.8147e-07
      vertex -12.2619 -37.3093 3.8147e-07
      vertex -13.3488 -38.6515 3.8147e-07
    endloop
  endfacet
  facet normal 0 0 -1
    outer loop
      vertex -6.71115 -33.2765 3.8147e-07
      vertex -18.6306 -27.8089 3.8147e-07
      vertex -18.6685 -27.6674 3.8147e-07
    endloop
  endfacet
  facet normal 0 0 -1
    outer loop
      vertex -5.09878 -32.6576 3.8147e-07
      vertex -18.721 -27.5306 3.8147e-07
      vertex -18.7876 -27.4 3.8147e-07
    endloop
  endfacet
  facet normal 0 0 -1
    outer loop
      vertex -19.8537 -29.4923 3.8147e-07
      vertex -13.3488 -38.6515 3.8147e-07
      vertex -14.2894 -40.1 3.8147e-07
    endloop
  endfacet
  facet normal 0 0 -1
    outer loop
      vertex -20.2911 -29.4694 3.8147e-07
      vertex -14.2894 -40.1 3.8147e-07
      vertex -15.0735 -41.6388 3.8147e-07
    endloop
  endfacet
  facet normal 0 0 -1
    outer loop
      vertex -20.5694 -29.379 3.8147e-07
      vertex -15.0735 -41.6388 3.8147e-07
      vertex -15.6924 -43.2512 3.8147e-07
    endloop
  endfacet
  facet normal 0 0 -1
    outer loop
      vertex -20.8229 -29.2326 3.8147e-07
      vertex -15.6924 -43.2512 3.8147e-07
      vertex -16.1394 -44.9195 3.8147e-07
    endloop
  endfacet
  facet normal 0 0 -1
    outer loop
      vertex -21.0404 -29.0368 3.8147e-07
      vertex -16.1394 -44.9195 3.8147e-07
      vertex -16.4096 -46.6253 3.8147e-07
    endloop
  endfacet
  facet normal 0 0 -1
    outer loop
      vertex -6.71115 -33.2765 3.8147e-07
      vertex -18.6077 -27.9537 3.8147e-07
      vertex -18.6306 -27.8089 3.8147e-07
    endloop
  endfacet
  facet normal 0 0 -1
    outer loop
      vertex -21.2124 -28.8 3.8147e-07
      vertex -16.4096 -46.6253 3.8147e-07
      vertex -16.5 -48.35 3.8147e-07
    endloop
  endfacet
  facet normal -0 0 -1
    outer loop
      vertex -11.0407 -60.6119 3.8147e-07
      vertex -19.0632 -67.5596 3.8147e-07
      vertex -12.2619 -59.3907 3.8147e-07
    endloop
  endfacet
  facet normal 0 0 -1
    outer loop
      vertex -8.25 -34.0606 3.8147e-07
      vertex -18.6 -28.1 3.8147e-07
      vertex -18.6077 -27.9537 3.8147e-07
    endloop
  endfacet
  facet normal 0 0 -1
    outer loop
      vertex -6.71115 -33.2765 3.8147e-07
      vertex -18.6685 -27.6674 3.8147e-07
      vertex -18.721 -27.5306 3.8147e-07
    endloop
  endfacet
  facet normal 0 0 -1
    outer loop
      vertex -5.09878 -32.6576 3.8147e-07
      vertex -18.7876 -27.4 3.8147e-07
      vertex -18.8674 -27.2771 3.8147e-07
    endloop
  endfacet
  facet normal 0 0 -1
    outer loop
      vertex -3.43054 -32.2106 3.8147e-07
      vertex -18.8674 -27.2771 3.8147e-07
      vertex -18.9596 -27.1632 3.8147e-07
    endloop
  endfacet
  facet normal 0 0 -1
    outer loop
      vertex -19.0632 -27.0596 3.8147e-07
      vertex -3.43054 -32.2106 3.8147e-07
      vertex -18.9596 -27.1632 3.8147e-07
    endloop
  endfacet
  facet normal 0 0 -1
    outer loop
      vertex -3.43054 -32.2106 3.8147e-07
      vertex -19.0632 -27.0596 3.8147e-07
      vertex -4.49951 5.36231 3.8147e-07
    endloop
  endfacet
  facet normal 0 -0 -1
    outer loop
      vertex -20.6306 15.7089 3.8147e-07
      vertex -13.8199 16.47 3.8147e-07
      vertex -20.6685 15.5674 3.8147e-07
    endloop
  endfacet
  facet normal 0 -0 -1
    outer loop
      vertex -20.721 15.4306 3.8147e-07
      vertex -13.8199 16.47 3.8147e-07
      vertex -20.7876 15.3 3.8147e-07
    endloop
  endfacet
  facet normal 0 0 -1
    outer loop
      vertex -19.1771 -26.9674 3.8147e-07
      vertex -4.49951 5.36231 3.8147e-07
      vertex -19.0632 -27.0596 3.8147e-07
    endloop
  endfacet
  facet normal 0 0 -1
    outer loop
      vertex -19.3 -26.8876 3.8147e-07
      vertex -4.49951 5.36231 3.8147e-07
      vertex -19.1771 -26.9674 3.8147e-07
    endloop
  endfacet
  facet normal 0 -0 -1
    outer loop
      vertex -27.8466 2.9268 3.8147e-07
      vertex -4.49951 5.36231 3.8147e-07
      vertex -28 0 3.8147e-07
    endloop
  endfacet
  facet normal 0 0 -1
    outer loop
      vertex -19.4306 -26.821 3.8147e-07
      vertex -4.49951 5.36231 3.8147e-07
      vertex -19.3 -26.8876 3.8147e-07
    endloop
  endfacet
  facet normal 0 0 -1
    outer loop
      vertex -19.5674 -26.7685 3.8147e-07
      vertex -4.49951 5.36231 3.8147e-07
      vertex -19.4306 -26.821 3.8147e-07
    endloop
  endfacet
  facet normal 0 0 -1
    outer loop
      vertex -4.49951 5.36231 3.8147e-07
      vertex -19.5674 -26.7685 3.8147e-07
      vertex -28 0 3.8147e-07
    endloop
  endfacet
  facet normal 0 0 -1
    outer loop
      vertex -28 0 3.8147e-07
      vertex -19.5674 -26.7685 3.8147e-07
      vertex -19.7089 -26.7306 3.8147e-07
    endloop
  endfacet
  facet normal 0 0 -1
    outer loop
      vertex -28 0 3.8147e-07
      vertex -19.7089 -26.7306 3.8147e-07
      vertex -19.8537 -26.7077 3.8147e-07
    endloop
  endfacet
  facet normal 0 0 -1
    outer loop
      vertex -28 0 3.8147e-07
      vertex -19.8537 -26.7077 3.8147e-07
      vertex -20 -26.7 3.8147e-07
    endloop
  endfacet
  facet normal 0 0 -1
    outer loop
      vertex -28 0 3.8147e-07
      vertex -20 -26.7 3.8147e-07
      vertex -20.1463 -26.7077 3.8147e-07
    endloop
  endfacet
  facet normal 0 0 -1
    outer loop
      vertex -28 0 3.8147e-07
      vertex -20.1463 -26.7077 3.8147e-07
      vertex -20.2911 -26.7306 3.8147e-07
    endloop
  endfacet
  facet normal 0 0 -1
    outer loop
      vertex -28 0 3.8147e-07
      vertex -20.2911 -26.7306 3.8147e-07
      vertex -20.4326 -26.7685 3.8147e-07
    endloop
  endfacet
  facet normal 0 0 -1
    outer loop
      vertex -28 0 3.8147e-07
      vertex -20.4326 -26.7685 3.8147e-07
      vertex -20.5694 -26.821 3.8147e-07
    endloop
  endfacet
  facet normal 0 0 -1
    outer loop
      vertex -13.8199 16.47 3.8147e-07
      vertex -16.458 22.6525 3.8147e-07
      vertex -14 24.2487 3.8147e-07
    endloop
  endfacet
  facet normal 0 0 -1
    outer loop
      vertex -20.6306 16.2911 3.8147e-07
      vertex -13.8199 16.47 3.8147e-07
      vertex -20.6077 16.1463 3.8147e-07
    endloop
  endfacet
  facet normal 0 0 -1
    outer loop
      vertex -20.6685 16.4326 3.8147e-07
      vertex -13.8199 16.47 3.8147e-07
      vertex -20.6306 16.2911 3.8147e-07
    endloop
  endfacet
  facet normal -0 0 -1
    outer loop
      vertex -13.8199 16.47 3.8147e-07
      vertex -20.6685 16.4326 3.8147e-07
      vertex -18.7357 20.8081 3.8147e-07
    endloop
  endfacet
  facet normal 0 0 -1
    outer loop
      vertex -20.721 16.5694 3.8147e-07
      vertex -18.7357 20.8081 3.8147e-07
      vertex -20.6685 16.4326 3.8147e-07
    endloop
  endfacet
  facet normal 0 0 -1
    outer loop
      vertex -20.8081 18.7357 3.8147e-07
      vertex -20.721 16.5694 3.8147e-07
      vertex -20.7876 16.7 3.8147e-07
    endloop
  endfacet
  facet normal 0 0 -1
    outer loop
      vertex -20.721 16.5694 3.8147e-07
      vertex -20.8081 18.7357 3.8147e-07
      vertex -18.7357 20.8081 3.8147e-07
    endloop
  endfacet
  facet normal 0 0 -1
    outer loop
      vertex -20.8674 16.8229 3.8147e-07
      vertex -20.8081 18.7357 3.8147e-07
      vertex -20.7876 16.7 3.8147e-07
    endloop
  endfacet
  facet normal 0 0 -1
    outer loop
      vertex -20.9596 16.9368 3.8147e-07
      vertex -20.8081 18.7357 3.8147e-07
      vertex -20.8674 16.8229 3.8147e-07
    endloop
  endfacet
  facet normal 0 0 -1
    outer loop
      vertex -21.0632 17.0404 3.8147e-07
      vertex -20.8081 18.7357 3.8147e-07
      vertex -20.9596 16.9368 3.8147e-07
    endloop
  endfacet
  facet normal 0 0 -1
    outer loop
      vertex -21.1771 17.1326 3.8147e-07
      vertex -20.8081 18.7357 3.8147e-07
      vertex -21.0632 17.0404 3.8147e-07
    endloop
  endfacet
  facet normal 0 0 -1
    outer loop
      vertex -21.3 17.2124 3.8147e-07
      vertex -20.8081 18.7357 3.8147e-07
      vertex -21.1771 17.1326 3.8147e-07
    endloop
  endfacet
  facet normal 0 0 -1
    outer loop
      vertex -21.4306 17.279 3.8147e-07
      vertex -20.8081 18.7357 3.8147e-07
      vertex -21.3 17.2124 3.8147e-07
    endloop
  endfacet
  facet normal 0 0 -1
    outer loop
      vertex -21.5674 17.3315 3.8147e-07
      vertex -20.8081 18.7357 3.8147e-07
      vertex -21.4306 17.279 3.8147e-07
    endloop
  endfacet
  facet normal 0 0 -1
    outer loop
      vertex -21.7089 17.3694 3.8147e-07
      vertex -20.8081 18.7357 3.8147e-07
      vertex -21.5674 17.3315 3.8147e-07
    endloop
  endfacet
  facet normal 0 0 -1
    outer loop
      vertex -21.8537 17.3923 3.8147e-07
      vertex -20.8081 18.7357 3.8147e-07
      vertex -21.7089 17.3694 3.8147e-07
    endloop
  endfacet
  facet normal 0 0 -1
    outer loop
      vertex -20.8081 18.7357 3.8147e-07
      vertex -21.8537 17.3923 3.8147e-07
      vertex -21.8941 17.3945 3.8147e-07
    endloop
  endfacet
  facet normal 0 0 -1
    outer loop
      vertex -13.8199 16.47 3.8147e-07
      vertex -18.7357 20.8081 3.8147e-07
      vertex -16.458 22.6525 3.8147e-07
    endloop
  endfacet
  facet normal 0 0 -1
    outer loop
      vertex -20.6077 16.1463 3.8147e-07
      vertex -13.8199 16.47 3.8147e-07
      vertex -20.6 16 3.8147e-07
    endloop
  endfacet
  facet normal 0 -0 -1
    outer loop
      vertex -20.6 16 3.8147e-07
      vertex -13.8199 16.47 3.8147e-07
      vertex -20.6077 15.8537 3.8147e-07
    endloop
  endfacet
  facet normal 0 0 -1
    outer loop
      vertex -28 0 3.8147e-07
      vertex -20.5694 -26.821 3.8147e-07
      vertex -20.7 -26.8876 3.8147e-07
    endloop
  endfacet
  facet normal 0 -0 -1
    outer loop
      vertex -20.6077 15.8537 3.8147e-07
      vertex -13.8199 16.47 3.8147e-07
      vertex -20.6306 15.7089 3.8147e-07
    endloop
  endfacet
  facet normal 0 -0 -1
    outer loop
      vertex -20.6685 15.5674 3.8147e-07
      vertex -13.8199 16.47 3.8147e-07
      vertex -20.721 15.4306 3.8147e-07
    endloop
  endfacet
  facet normal 0 0 -1
    outer loop
      vertex -28 0 3.8147e-07
      vertex -20.7 -26.8876 3.8147e-07
      vertex -20.8229 -26.9674 3.8147e-07
    endloop
  endfacet
  facet normal 0 0 -1
    outer loop
      vertex -13.8199 16.47 3.8147e-07
      vertex -20.8674 15.1771 3.8147e-07
      vertex -20.7876 15.3 3.8147e-07
    endloop
  endfacet
  facet normal 0 0 -1
    outer loop
      vertex -28 0 3.8147e-07
      vertex -20.8229 -26.9674 3.8147e-07
      vertex -20.9368 -27.0596 3.8147e-07
    endloop
  endfacet
  facet normal 0 0 -1
    outer loop
      vertex -13.8199 16.47 3.8147e-07
      vertex -20.9596 15.0632 3.8147e-07
      vertex -20.8674 15.1771 3.8147e-07
    endloop
  endfacet
  facet normal 0 0 -1
    outer loop
      vertex -28 0 3.8147e-07
      vertex -20.9368 -27.0596 3.8147e-07
      vertex -21.0404 -27.1632 3.8147e-07
    endloop
  endfacet
  facet normal 0 -0 -1
    outer loop
      vertex -27.3881 5.82153 3.8147e-07
      vertex -4.49951 5.36231 3.8147e-07
      vertex -27.8466 2.9268 3.8147e-07
    endloop
  endfacet
  facet normal 0 0 -1
    outer loop
      vertex -28 0 3.8147e-07
      vertex -21.0404 -27.1632 3.8147e-07
      vertex -21.1326 -27.2771 3.8147e-07
    endloop
  endfacet
  facet normal 0 0 -1
    outer loop
      vertex -13.8199 16.47 3.8147e-07
      vertex -21.0632 14.9596 3.8147e-07
      vertex -20.9596 15.0632 3.8147e-07
    endloop
  endfacet
  facet normal 0 0 -1
    outer loop
      vertex -28 0 3.8147e-07
      vertex -21.1326 -27.2771 3.8147e-07
      vertex -21.2124 -27.4 3.8147e-07
    endloop
  endfacet
  facet normal 0 0 -1
    outer loop
      vertex -28 0 3.8147e-07
      vertex -21.2124 -27.4 3.8147e-07
      vertex -21.279 -27.5306 3.8147e-07
    endloop
  endfacet
  facet normal 0 0 -1
    outer loop
      vertex -13.8199 16.47 3.8147e-07
      vertex -21.1771 14.8674 3.8147e-07
      vertex -21.0632 14.9596 3.8147e-07
    endloop
  endfacet
  facet normal 0 0 -1
    outer loop
      vertex -28 0 3.8147e-07
      vertex -21.279 -27.5306 3.8147e-07
      vertex -21.3315 -27.6674 3.8147e-07
    endloop
  endfacet
  facet normal 0 0 -1
    outer loop
      vertex -28 0 3.8147e-07
      vertex -21.3315 -27.6674 3.8147e-07
      vertex -21.3694 -27.8089 3.8147e-07
    endloop
  endfacet
  facet normal 0 0 -1
    outer loop
      vertex -28 0 3.8147e-07
      vertex -21.3694 -27.8089 3.8147e-07
      vertex -21.3923 -27.9537 3.8147e-07
    endloop
  endfacet
  facet normal 0 0 -1
    outer loop
      vertex -28 0 3.8147e-07
      vertex -21.3923 -27.9537 3.8147e-07
      vertex -21.4 -28.1 3.8147e-07
    endloop
  endfacet
  facet normal 0 -0 -1
    outer loop
      vertex -26.6296 8.65248 3.8147e-07
      vertex -4.49951 5.36231 3.8147e-07
      vertex -27.3881 5.82153 3.8147e-07
    endloop
  endfacet
  facet normal 0 0 -1
    outer loop
      vertex -16.1394 -44.9195 3.8147e-07
      vertex -20.9368 -29.1404 3.8147e-07
      vertex -20.8229 -29.2326 3.8147e-07
    endloop
  endfacet
  facet normal -0 0 -1
    outer loop
      vertex -16.4096 -50.0747 3.8147e-07
      vertex -22.9368 -64.9596 3.8147e-07
      vertex -16.5 -48.35 3.8147e-07
    endloop
  endfacet
  facet normal 0 0 -1
    outer loop
      vertex -4.49951 5.36231 3.8147e-07
      vertex -21.3 14.7876 3.8147e-07
      vertex -13.8199 16.47 3.8147e-07
    endloop
  endfacet
  facet normal 0 0 -1
    outer loop
      vertex -16.1394 -44.9195 3.8147e-07
      vertex -21.0404 -29.0368 3.8147e-07
      vertex -20.9368 -29.1404 3.8147e-07
    endloop
  endfacet
  facet normal 0 0 -1
    outer loop
      vertex -13.8199 16.47 3.8147e-07
      vertex -21.3 14.7876 3.8147e-07
      vertex -21.1771 14.8674 3.8147e-07
    endloop
  endfacet
  facet normal 0 0 -1
    outer loop
      vertex -23.0404 -65.0632 3.8147e-07
      vertex -16.5 -48.35 3.8147e-07
      vertex -22.9368 -64.9596 3.8147e-07
    endloop
  endfacet
  facet normal 0 0 -1
    outer loop
      vertex -4.49951 5.36231 3.8147e-07
      vertex -26.6296 8.65248 3.8147e-07
      vertex -21.3 14.7876 3.8147e-07
    endloop
  endfacet
  facet normal 0 0 -1
    outer loop
      vertex -16.4096 -46.6253 3.8147e-07
      vertex -21.1326 -28.9229 3.8147e-07
      vertex -21.0404 -29.0368 3.8147e-07
    endloop
  endfacet
  facet normal 0 0 -1
    outer loop
      vertex -21.3 14.7876 3.8147e-07
      vertex -26.6296 8.65248 3.8147e-07
      vertex -21.4306 14.721 3.8147e-07
    endloop
  endfacet
  facet normal 0 0 -1
    outer loop
      vertex -28 -70 3.8147e-07
      vertex -16.5 -48.35 3.8147e-07
      vertex -23.0404 -65.0632 3.8147e-07
    endloop
  endfacet
  facet normal 0 0 -1
    outer loop
      vertex -21.4306 14.721 3.8147e-07
      vertex -26.6296 8.65248 3.8147e-07
      vertex -21.5674 14.6685 3.8147e-07
    endloop
  endfacet
  facet normal 0 0 -1
    outer loop
      vertex -16.4096 -46.6253 3.8147e-07
      vertex -21.2124 -28.8 3.8147e-07
      vertex -21.1326 -28.9229 3.8147e-07
    endloop
  endfacet
  facet normal 0 -0 -1
    outer loop
      vertex -25.5793 11.3886 3.8147e-07
      vertex -21.5674 14.6685 3.8147e-07
      vertex -26.6296 8.65248 3.8147e-07
    endloop
  endfacet
  facet normal -0 0 -1
    outer loop
      vertex -16.5 -48.35 3.8147e-07
      vertex -28 -70 3.8147e-07
      vertex -21.2124 -28.8 3.8147e-07
    endloop
  endfacet
  facet normal 0 0 -1
    outer loop
      vertex -21.5674 14.6685 3.8147e-07
      vertex -25.5793 11.3886 3.8147e-07
      vertex -21.7089 14.6306 3.8147e-07
    endloop
  endfacet
  facet normal -0 0 -1
    outer loop
      vertex -21.2124 -28.8 3.8147e-07
      vertex -28 -70 3.8147e-07
      vertex -21.279 -28.6694 3.8147e-07
    endloop
  endfacet
  facet normal 0 0 -1
    outer loop
      vertex -21.7089 14.6306 3.8147e-07
      vertex -25.5793 11.3886 3.8147e-07
      vertex -21.8537 14.6077 3.8147e-07
    endloop
  endfacet
  facet normal -0 0 -1
    outer loop
      vertex -21.279 -28.6694 3.8147e-07
      vertex -28 -70 3.8147e-07
      vertex -21.3315 -28.5326 3.8147e-07
    endloop
  endfacet
  facet normal 0 0 -1
    outer loop
      vertex -21.8537 14.6077 3.8147e-07
      vertex -25.5793 11.3886 3.8147e-07
      vertex -22 14.6 3.8147e-07
    endloop
  endfacet
  facet normal -0 0 -1
    outer loop
      vertex -21.3315 -28.5326 3.8147e-07
      vertex -28 -70 3.8147e-07
      vertex -21.3694 -28.3911 3.8147e-07
    endloop
  endfacet
  facet normal -0 0 -1
    outer loop
      vertex -22 14.6 3.8147e-07
      vertex -25.5793 11.3886 3.8147e-07
      vertex -22.1463 14.6077 3.8147e-07
    endloop
  endfacet
  facet normal -0 0 -1
    outer loop
      vertex -21.3694 -28.3911 3.8147e-07
      vertex -28 -70 3.8147e-07
      vertex -21.3923 -28.2463 3.8147e-07
    endloop
  endfacet
  facet normal 0 -0 -1
    outer loop
      vertex -24.2487 14 3.8147e-07
      vertex -22.1463 14.6077 3.8147e-07
      vertex -25.5793 11.3886 3.8147e-07
    endloop
  endfacet
  facet normal 0 0 -1
    outer loop
      vertex -28 0 3.8147e-07
      vertex -21.3923 -28.2463 3.8147e-07
      vertex -28 -70 3.8147e-07
    endloop
  endfacet
  facet normal -0 0 -1
    outer loop
      vertex -22.1463 14.6077 3.8147e-07
      vertex -24.2487 14 3.8147e-07
      vertex -22.2911 14.6306 3.8147e-07
    endloop
  endfacet
  facet normal 0 0 -1
    outer loop
      vertex -28 -70 3.8147e-07
      vertex -23.0404 -65.0632 3.8147e-07
      vertex -23.1326 -65.1771 3.8147e-07
    endloop
  endfacet
  facet normal -0 0 -1
    outer loop
      vertex -22.2911 14.6306 3.8147e-07
      vertex -24.2487 14 3.8147e-07
      vertex -22.4326 14.6685 3.8147e-07
    endloop
  endfacet
  facet normal 0 0 -1
    outer loop
      vertex -28 -70 3.8147e-07
      vertex -23.1326 -65.1771 3.8147e-07
      vertex -23.2124 -65.3 3.8147e-07
    endloop
  endfacet
  facet normal -0 0 -1
    outer loop
      vertex -22.4326 14.6685 3.8147e-07
      vertex -24.2487 14 3.8147e-07
      vertex -22.5694 14.721 3.8147e-07
    endloop
  endfacet
  facet normal 0 0 -1
    outer loop
      vertex -28 -70 3.8147e-07
      vertex -23.2124 -65.3 3.8147e-07
      vertex -23.279 -65.4306 3.8147e-07
    endloop
  endfacet
  facet normal -0 0 -1
    outer loop
      vertex -22.5694 14.721 3.8147e-07
      vertex -24.2487 14 3.8147e-07
      vertex -22.7 14.7876 3.8147e-07
    endloop
  endfacet
  facet normal -0 0 -1
    outer loop
      vertex -22.8229 14.8674 3.8147e-07
      vertex -24.2487 14 3.8147e-07
      vertex -22.9368 14.9596 3.8147e-07
    endloop
  endfacet
  facet normal 0 0 -1
    outer loop
      vertex -28 -70 3.8147e-07
      vertex -23.279 -65.4306 3.8147e-07
      vertex -23.3315 -65.5674 3.8147e-07
    endloop
  endfacet
  facet normal 0 0 -1
    outer loop
      vertex -28 -70 3.8147e-07
      vertex -23.3315 -65.5674 3.8147e-07
      vertex -23.3694 -65.7089 3.8147e-07
    endloop
  endfacet
  facet normal 0 0 -1
    outer loop
      vertex -28 -70 3.8147e-07
      vertex -23.3694 -65.7089 3.8147e-07
      vertex -23.3923 -65.8537 3.8147e-07
    endloop
  endfacet
  facet normal 0 0 -1
    outer loop
      vertex -28 -70 3.8147e-07
      vertex -23.3923 -65.8537 3.8147e-07
      vertex -23.4 -66 3.8147e-07
    endloop
  endfacet
  facet normal -0 0 -1
    outer loop
      vertex -21.279 -69.1694 3.8147e-07
      vertex -27.9671 -70.6272 3.8147e-07
      vertex -21.3315 -69.0326 3.8147e-07
    endloop
  endfacet
  facet normal -0 0 -1
    outer loop
      vertex -23.0404 15.0632 3.8147e-07
      vertex -24.2487 14 3.8147e-07
      vertex -23.1326 15.1771 3.8147e-07
    endloop
  endfacet
  facet normal 0 0 -1
    outer loop
      vertex -28 -70 3.8147e-07
      vertex -21.3315 -69.0326 3.8147e-07
      vertex -27.9671 -70.6272 3.8147e-07
    endloop
  endfacet
  facet normal -0 0 -1
    outer loop
      vertex -21.3315 -69.0326 3.8147e-07
      vertex -28 -70 3.8147e-07
      vertex -22.8229 -67.1326 3.8147e-07
    endloop
  endfacet
  facet normal -0 0 -1
    outer loop
      vertex -22.8229 -67.1326 3.8147e-07
      vertex -28 -70 3.8147e-07
      vertex -22.9368 -67.0404 3.8147e-07
    endloop
  endfacet
  facet normal -0 0 -1
    outer loop
      vertex -23.2124 15.3 3.8147e-07
      vertex -24.2487 14 3.8147e-07
      vertex -23.279 15.4306 3.8147e-07
    endloop
  endfacet
  facet normal -0 0 -1
    outer loop
      vertex -22.9368 -67.0404 3.8147e-07
      vertex -28 -70 3.8147e-07
      vertex -23.0404 -66.9368 3.8147e-07
    endloop
  endfacet
  facet normal -0 0 -1
    outer loop
      vertex -23.0404 -66.9368 3.8147e-07
      vertex -28 -70 3.8147e-07
      vertex -23.1326 -66.8229 3.8147e-07
    endloop
  endfacet
  facet normal -0 0 -1
    outer loop
      vertex -23.279 15.4306 3.8147e-07
      vertex -24.2487 14 3.8147e-07
      vertex -23.2941 15.47 3.8147e-07
    endloop
  endfacet
  facet normal -0 0 -1
    outer loop
      vertex -23.1326 -66.8229 3.8147e-07
      vertex -28 -70 3.8147e-07
      vertex -23.2124 -66.7 3.8147e-07
    endloop
  endfacet
  facet normal -0 0 -1
    outer loop
      vertex -23.2124 -66.7 3.8147e-07
      vertex -28 -70 3.8147e-07
      vertex -23.279 -66.5694 3.8147e-07
    endloop
  endfacet
  facet normal -0 0 -1
    outer loop
      vertex -23.1326 15.1771 3.8147e-07
      vertex -24.2487 14 3.8147e-07
      vertex -23.2124 15.3 3.8147e-07
    endloop
  endfacet
  facet normal -0 0 -1
    outer loop
      vertex -23.279 -66.5694 3.8147e-07
      vertex -28 -70 3.8147e-07
      vertex -23.3315 -66.4326 3.8147e-07
    endloop
  endfacet
  facet normal -0 0 -1
    outer loop
      vertex -23.3315 -66.4326 3.8147e-07
      vertex -28 -70 3.8147e-07
      vertex -23.3694 -66.2911 3.8147e-07
    endloop
  endfacet
  facet normal -0 0 -1
    outer loop
      vertex -22.9368 14.9596 3.8147e-07
      vertex -24.2487 14 3.8147e-07
      vertex -23.0404 15.0632 3.8147e-07
    endloop
  endfacet
  facet normal -0 0 -1
    outer loop
      vertex -23.3694 -66.2911 3.8147e-07
      vertex -28 -70 3.8147e-07
      vertex -23.3923 -66.1463 3.8147e-07
    endloop
  endfacet
  facet normal -0 0 -1
    outer loop
      vertex -23.3923 -66.1463 3.8147e-07
      vertex -28 -70 3.8147e-07
      vertex -23.4 -66 3.8147e-07
    endloop
  endfacet
  facet normal 0 0 -1
    outer loop
      vertex -21.3923 -28.2463 3.8147e-07
      vertex -28 0 3.8147e-07
      vertex -21.4 -28.1 3.8147e-07
    endloop
  endfacet
  facet normal -0 0 -1
    outer loop
      vertex -22.7 14.7876 3.8147e-07
      vertex -24.2487 14 3.8147e-07
      vertex -22.8229 14.8674 3.8147e-07
    endloop
  endfacet
  facet normal 0 0 -1
    outer loop
      vertex -19.1771 -67.4674 3.8147e-07
      vertex -12.2619 -59.3907 3.8147e-07
      vertex -19.0632 -67.5596 3.8147e-07
    endloop
  endfacet
  facet normal 0 0 -1
    outer loop
      vertex -8.25 -34.0606 3.8147e-07
      vertex -18.6077 -28.2463 3.8147e-07
      vertex -18.6 -28.1 3.8147e-07
    endloop
  endfacet
  facet normal 0 0 -1
    outer loop
      vertex -20.7876 -65.3 3.8147e-07
      vertex -12.2619 -59.3907 3.8147e-07
      vertex -20.721 -65.4306 3.8147e-07
    endloop
  endfacet
  facet normal 0 0 -1
    outer loop
      vertex -9.69846 -35.0012 3.8147e-07
      vertex -18.6306 -28.3911 3.8147e-07
      vertex -18.6077 -28.2463 3.8147e-07
    endloop
  endfacet
  facet normal 0 0 -1
    outer loop
      vertex -20.8674 -65.1771 3.8147e-07
      vertex -12.2619 -59.3907 3.8147e-07
      vertex -20.7876 -65.3 3.8147e-07
    endloop
  endfacet
  facet normal 0 0 -1
    outer loop
      vertex -9.69846 -35.0012 3.8147e-07
      vertex -18.6685 -28.5326 3.8147e-07
      vertex -18.6306 -28.3911 3.8147e-07
    endloop
  endfacet
  facet normal 0 0 -1
    outer loop
      vertex -20.9596 -65.0632 3.8147e-07
      vertex -13.3488 -58.0485 3.8147e-07
      vertex -20.8674 -65.1771 3.8147e-07
    endloop
  endfacet
  facet normal 0 0 -1
    outer loop
      vertex -9.69846 -35.0012 3.8147e-07
      vertex -18.721 -28.6694 3.8147e-07
      vertex -18.6685 -28.5326 3.8147e-07
    endloop
  endfacet
  facet normal 0 0 -1
    outer loop
      vertex -21.0632 -64.9596 3.8147e-07
      vertex -13.3488 -58.0485 3.8147e-07
      vertex -20.9596 -65.0632 3.8147e-07
    endloop
  endfacet
  facet normal 0 0 -1
    outer loop
      vertex -11.0407 -36.0881 3.8147e-07
      vertex -18.7876 -28.8 3.8147e-07
      vertex -18.721 -28.6694 3.8147e-07
    endloop
  endfacet
  facet normal -0 0 -1
    outer loop
      vertex -13.3488 -58.0485 3.8147e-07
      vertex -21.1771 -64.8674 3.8147e-07
      vertex -14.2894 -56.6 3.8147e-07
    endloop
  endfacet
  facet normal 0 0 -1
    outer loop
      vertex -11.0407 -36.0881 3.8147e-07
      vertex -18.8674 -28.9229 3.8147e-07
      vertex -18.7876 -28.8 3.8147e-07
    endloop
  endfacet
  facet normal 0 0 -1
    outer loop
      vertex -21.3 -64.7876 3.8147e-07
      vertex -14.2894 -56.6 3.8147e-07
      vertex -21.1771 -64.8674 3.8147e-07
    endloop
  endfacet
  facet normal 0 0 -1
    outer loop
      vertex -11.0407 -36.0881 3.8147e-07
      vertex -18.9596 -29.0368 3.8147e-07
      vertex -18.8674 -28.9229 3.8147e-07
    endloop
  endfacet
  facet normal 0 0 -1
    outer loop
      vertex -21.1771 -64.8674 3.8147e-07
      vertex -13.3488 -58.0485 3.8147e-07
      vertex -21.0632 -64.9596 3.8147e-07
    endloop
  endfacet
  facet normal 0 0 -1
    outer loop
      vertex -21.5674 -64.6685 3.8147e-07
      vertex -14.2894 -56.6 3.8147e-07
      vertex -21.4306 -64.721 3.8147e-07
    endloop
  endfacet
  facet normal 0 0 -1
    outer loop
      vertex -12.2619 -59.3907 3.8147e-07
      vertex -19.1771 -67.4674 3.8147e-07
      vertex -20.721 -65.4306 3.8147e-07
    endloop
  endfacet
  facet normal 0 0 -1
    outer loop
      vertex -11.0407 -36.0881 3.8147e-07
      vertex -19.0632 -29.1404 3.8147e-07
      vertex -18.9596 -29.0368 3.8147e-07
    endloop
  endfacet
  facet normal 0 0 -1
    outer loop
      vertex -20.6685 -65.5674 3.8147e-07
      vertex -19.1771 -67.4674 3.8147e-07
      vertex -19.3 -67.3876 3.8147e-07
    endloop
  endfacet
  facet normal 0 0 -1
    outer loop
      vertex -21.4306 -64.721 3.8147e-07
      vertex -14.2894 -56.6 3.8147e-07
      vertex -21.3 -64.7876 3.8147e-07
    endloop
  endfacet
  facet normal 0 0 -1
    outer loop
      vertex -20.6306 -65.7089 3.8147e-07
      vertex -19.3 -67.3876 3.8147e-07
      vertex -19.4306 -67.321 3.8147e-07
    endloop
  endfacet
  facet normal 0 0 -1
    outer loop
      vertex -21.7089 -64.6306 3.8147e-07
      vertex -14.2894 -56.6 3.8147e-07
      vertex -21.5674 -64.6685 3.8147e-07
    endloop
  endfacet
  facet normal 0 0 -1
    outer loop
      vertex -20.6077 -65.8537 3.8147e-07
      vertex -19.4306 -67.321 3.8147e-07
      vertex -19.5674 -67.2685 3.8147e-07
    endloop
  endfacet
  facet normal 0 0 -1
    outer loop
      vertex -12.2619 -37.3093 3.8147e-07
      vertex -19.1771 -29.2326 3.8147e-07
      vertex -19.0632 -29.1404 3.8147e-07
    endloop
  endfacet
  facet normal 0 0 -1
    outer loop
      vertex -20.6 -66 3.8147e-07
      vertex -19.5674 -67.2685 3.8147e-07
      vertex -19.7089 -67.2306 3.8147e-07
    endloop
  endfacet
  facet normal -0 0 -1
    outer loop
      vertex -14.2894 -56.6 3.8147e-07
      vertex -21.7089 -64.6306 3.8147e-07
      vertex -15.0735 -55.0612 3.8147e-07
    endloop
  endfacet
  facet normal 0 0 -1
    outer loop
      vertex -20.6077 -66.1463 3.8147e-07
      vertex -19.7089 -67.2306 3.8147e-07
      vertex -19.8537 -67.2077 3.8147e-07
    endloop
  endfacet
  facet normal -0 0 -1
    outer loop
      vertex -12.2619 -59.3907 3.8147e-07
      vertex -20.8674 -65.1771 3.8147e-07
      vertex -13.3488 -58.0485 3.8147e-07
    endloop
  endfacet
  facet normal 0 0 -1
    outer loop
      vertex -20.6306 -66.2911 3.8147e-07
      vertex -19.8537 -67.2077 3.8147e-07
      vertex -20 -67.2 3.8147e-07
    endloop
  endfacet
  facet normal 0 0 -1
    outer loop
      vertex -19.1771 -67.4674 3.8147e-07
      vertex -20.6685 -65.5674 3.8147e-07
      vertex -20.721 -65.4306 3.8147e-07
    endloop
  endfacet
  facet normal 0 0 -1
    outer loop
      vertex -20.6685 -66.4326 3.8147e-07
      vertex -20 -67.2 3.8147e-07
      vertex -20.1463 -67.2077 3.8147e-07
    endloop
  endfacet
  facet normal 0 0 -1
    outer loop
      vertex -12.2619 -37.3093 3.8147e-07
      vertex -19.3 -29.3124 3.8147e-07
      vertex -19.1771 -29.2326 3.8147e-07
    endloop
  endfacet
  facet normal 0 0 -1
    outer loop
      vertex -20.721 -66.5694 3.8147e-07
      vertex -20.1463 -67.2077 3.8147e-07
      vertex -20.2911 -67.2306 3.8147e-07
    endloop
  endfacet
  facet normal 0 0 -1
    outer loop
      vertex -19.3 -67.3876 3.8147e-07
      vertex -20.6306 -65.7089 3.8147e-07
      vertex -20.6685 -65.5674 3.8147e-07
    endloop
  endfacet
  facet normal 0 0 -1
    outer loop
      vertex -20.7876 -66.7 3.8147e-07
      vertex -20.2911 -67.2306 3.8147e-07
      vertex -20.4326 -67.2685 3.8147e-07
    endloop
  endfacet
  facet normal 0 0 -1
    outer loop
      vertex -19.4306 -67.321 3.8147e-07
      vertex -20.6077 -65.8537 3.8147e-07
      vertex -20.6306 -65.7089 3.8147e-07
    endloop
  endfacet
  facet normal 0 0 -1
    outer loop
      vertex -20.8674 -66.8229 3.8147e-07
      vertex -20.4326 -67.2685 3.8147e-07
      vertex -20.5694 -67.321 3.8147e-07
    endloop
  endfacet
  facet normal 0 0 -1
    outer loop
      vertex -19.5674 -67.2685 3.8147e-07
      vertex -20.6 -66 3.8147e-07
      vertex -20.6077 -65.8537 3.8147e-07
    endloop
  endfacet
  facet normal 0 0 -1
    outer loop
      vertex -21.8537 -64.6077 3.8147e-07
      vertex -15.0735 -55.0612 3.8147e-07
      vertex -21.7089 -64.6306 3.8147e-07
    endloop
  endfacet
  facet normal 0 0 -1
    outer loop
      vertex -19.7089 -67.2306 3.8147e-07
      vertex -20.6077 -66.1463 3.8147e-07
      vertex -20.6 -66 3.8147e-07
    endloop
  endfacet
  facet normal 0 0 -1
    outer loop
      vertex -19.8537 -67.2077 3.8147e-07
      vertex -20.6306 -66.2911 3.8147e-07
      vertex -20.6077 -66.1463 3.8147e-07
    endloop
  endfacet
  facet normal 0 0 -1
    outer loop
      vertex -20 -67.2 3.8147e-07
      vertex -20.6685 -66.4326 3.8147e-07
      vertex -20.6306 -66.2911 3.8147e-07
    endloop
  endfacet
  facet normal 0 0 -1
    outer loop
      vertex -20.9596 -66.9368 3.8147e-07
      vertex -20.5694 -67.321 3.8147e-07
      vertex -20.7 -67.3876 3.8147e-07
    endloop
  endfacet
  facet normal 0 0 -1
    outer loop
      vertex -20.1463 -67.2077 3.8147e-07
      vertex -20.721 -66.5694 3.8147e-07
      vertex -20.6685 -66.4326 3.8147e-07
    endloop
  endfacet
  facet normal 0 0 -1
    outer loop
      vertex -20.2911 -67.2306 3.8147e-07
      vertex -20.7876 -66.7 3.8147e-07
      vertex -20.721 -66.5694 3.8147e-07
    endloop
  endfacet
  facet normal 0 0 -1
    outer loop
      vertex -21.0632 -67.0404 3.8147e-07
      vertex -20.7 -67.3876 3.8147e-07
      vertex -20.8229 -67.4674 3.8147e-07
    endloop
  endfacet
  facet normal 0 0 -1
    outer loop
      vertex -20.4326 -67.2685 3.8147e-07
      vertex -20.8674 -66.8229 3.8147e-07
      vertex -20.7876 -66.7 3.8147e-07
    endloop
  endfacet
  facet normal 0 0 -1
    outer loop
      vertex -21.1771 -67.1326 3.8147e-07
      vertex -20.8229 -67.4674 3.8147e-07
      vertex -20.9368 -67.5596 3.8147e-07
    endloop
  endfacet
  facet normal 0 0 -1
    outer loop
      vertex -20.5694 -67.321 3.8147e-07
      vertex -20.9596 -66.9368 3.8147e-07
      vertex -20.8674 -66.8229 3.8147e-07
    endloop
  endfacet
  facet normal 0 0 -1
    outer loop
      vertex -21.3 -67.2124 3.8147e-07
      vertex -20.9368 -67.5596 3.8147e-07
      vertex -21.0404 -67.6632 3.8147e-07
    endloop
  endfacet
  facet normal 0 0 -1
    outer loop
      vertex -20.7 -67.3876 3.8147e-07
      vertex -21.0632 -67.0404 3.8147e-07
      vertex -20.9596 -66.9368 3.8147e-07
    endloop
  endfacet
  facet normal 0 0 -1
    outer loop
      vertex -21.4306 -67.279 3.8147e-07
      vertex -21.0404 -67.6632 3.8147e-07
      vertex -21.1326 -67.7771 3.8147e-07
    endloop
  endfacet
  facet normal 0 0 -1
    outer loop
      vertex -20.8229 -67.4674 3.8147e-07
      vertex -21.1771 -67.1326 3.8147e-07
      vertex -21.0632 -67.0404 3.8147e-07
    endloop
  endfacet
  facet normal 0 0 -1
    outer loop
      vertex -21.5674 -67.3315 3.8147e-07
      vertex -21.1326 -67.7771 3.8147e-07
      vertex -21.2124 -67.9 3.8147e-07
    endloop
  endfacet
  facet normal 0 0 -1
    outer loop
      vertex -21.7089 -67.3694 3.8147e-07
      vertex -21.2124 -67.9 3.8147e-07
      vertex -21.279 -68.0306 3.8147e-07
    endloop
  endfacet
  facet normal 0 0 -1
    outer loop
      vertex -20.9368 -67.5596 3.8147e-07
      vertex -21.3 -67.2124 3.8147e-07
      vertex -21.1771 -67.1326 3.8147e-07
    endloop
  endfacet
  facet normal 0 0 -1
    outer loop
      vertex -21.8537 -67.3923 3.8147e-07
      vertex -21.279 -68.0306 3.8147e-07
      vertex -21.3315 -68.1674 3.8147e-07
    endloop
  endfacet
  facet normal 0 0 -1
    outer loop
      vertex -22 -67.4 3.8147e-07
      vertex -21.3315 -68.1674 3.8147e-07
      vertex -21.3694 -68.3089 3.8147e-07
    endloop
  endfacet
  facet normal 0 0 -1
    outer loop
      vertex -22.1463 -67.3923 3.8147e-07
      vertex -21.3694 -68.3089 3.8147e-07
      vertex -21.3923 -68.4537 3.8147e-07
    endloop
  endfacet
  facet normal 0 0 -1
    outer loop
      vertex -21.0404 -67.6632 3.8147e-07
      vertex -21.4306 -67.279 3.8147e-07
      vertex -21.3 -67.2124 3.8147e-07
    endloop
  endfacet
  facet normal 0 0 -1
    outer loop
      vertex -22.2911 -67.3694 3.8147e-07
      vertex -21.3923 -68.4537 3.8147e-07
      vertex -21.4 -68.6 3.8147e-07
    endloop
  endfacet
  facet normal -0 0 -1
    outer loop
      vertex 16.458 22.6525 3.8147e-07
      vertex 11.9747 17.8565 3.8147e-07
      vertex 14 24.2487 3.8147e-07
    endloop
  endfacet
  facet normal 0 0 -1
    outer loop
      vertex 9.99155 19.0373 3.8147e-07
      vertex 14 24.2487 3.8147e-07
      vertex 11.9747 17.8565 3.8147e-07
    endloop
  endfacet
  facet normal -0 0 -1
    outer loop
      vertex 14 24.2487 3.8147e-07
      vertex 9.99155 19.0373 3.8147e-07
      vertex 11.3886 25.5793 3.8147e-07
    endloop
  endfacet
  facet normal 0 0 -1
    outer loop
      vertex 7.8932 19.9987 3.8147e-07
      vertex 11.3886 25.5793 3.8147e-07
      vertex 9.99155 19.0373 3.8147e-07
    endloop
  endfacet
  facet normal -0 0 -1
    outer loop
      vertex 11.3886 25.5793 3.8147e-07
      vertex 7.8932 19.9987 3.8147e-07
      vertex 8.65248 26.6296 3.8147e-07
    endloop
  endfacet
  facet normal 0 0 -1
    outer loop
      vertex 5.70389 20.7296 3.8147e-07
      vertex 8.65248 26.6296 3.8147e-07
      vertex 7.8932 19.9987 3.8147e-07
    endloop
  endfacet
  facet normal -0 0 -1
    outer loop
      vertex 8.65248 26.6296 3.8147e-07
      vertex 5.70389 20.7296 3.8147e-07
      vertex 5.82153 27.3881 3.8147e-07
    endloop
  endfacet
  facet normal 0 0 -1
    outer loop
      vertex 3.44884 21.2216 3.8147e-07
      vertex 5.82153 27.3881 3.8147e-07
      vertex 5.70389 20.7296 3.8147e-07
    endloop
  endfacet
  facet normal 0 0 -1
    outer loop
      vertex 3.44884 21.2216 3.8147e-07
      vertex 2.9268 27.8466 3.8147e-07
      vertex 5.82153 27.3881 3.8147e-07
    endloop
  endfacet
  facet normal 0 0 -1
    outer loop
      vertex 1.15405 21.469 3.8147e-07
      vertex 2.9268 27.8466 3.8147e-07
      vertex 3.44884 21.2216 3.8147e-07
    endloop
  endfacet
  facet normal 0 0 -1
    outer loop
      vertex 1.15405 21.469 3.8147e-07
      vertex 0 28 3.8147e-07
      vertex 2.9268 27.8466 3.8147e-07
    endloop
  endfacet
  facet normal 0 0 -1
    outer loop
      vertex -1.15405 21.469 3.8147e-07
      vertex 0 28 3.8147e-07
      vertex 1.15405 21.469 3.8147e-07
    endloop
  endfacet
  facet normal 0 0 -1
    outer loop
      vertex -1.15405 21.469 3.8147e-07
      vertex -2.9268 27.8466 3.8147e-07
      vertex 0 28 3.8147e-07
    endloop
  endfacet
  facet normal 0 0 -1
    outer loop
      vertex -3.44884 21.2216 3.8147e-07
      vertex -2.9268 27.8466 3.8147e-07
      vertex -1.15405 21.469 3.8147e-07
    endloop
  endfacet
  facet normal 0 0 -1
    outer loop
      vertex -5.82153 27.3881 3.8147e-07
      vertex -3.44884 21.2216 3.8147e-07
      vertex -5.70389 20.7296 3.8147e-07
    endloop
  endfacet
  facet normal 0 0 -1
    outer loop
      vertex -3.44884 21.2216 3.8147e-07
      vertex -5.82153 27.3881 3.8147e-07
      vertex -2.9268 27.8466 3.8147e-07
    endloop
  endfacet
  facet normal 0 0 -1
    outer loop
      vertex -8.65248 26.6296 3.8147e-07
      vertex -5.70389 20.7296 3.8147e-07
      vertex -7.8932 19.9987 3.8147e-07
    endloop
  endfacet
  facet normal 0 0 -1
    outer loop
      vertex -5.70389 20.7296 3.8147e-07
      vertex -8.65248 26.6296 3.8147e-07
      vertex -5.82153 27.3881 3.8147e-07
    endloop
  endfacet
  facet normal 0 0 -1
    outer loop
      vertex -11.3886 25.5793 3.8147e-07
      vertex -7.8932 19.9987 3.8147e-07
      vertex -9.99155 19.0373 3.8147e-07
    endloop
  endfacet
  facet normal 0 0 -1
    outer loop
      vertex -7.8932 19.9987 3.8147e-07
      vertex -11.3886 25.5793 3.8147e-07
      vertex -8.65248 26.6296 3.8147e-07
    endloop
  endfacet
  facet normal 0 0 -1
    outer loop
      vertex -14 24.2487 3.8147e-07
      vertex -9.99155 19.0373 3.8147e-07
      vertex -11.9747 17.8565 3.8147e-07
    endloop
  endfacet
  facet normal 0 0 -1
    outer loop
      vertex -14 24.2487 3.8147e-07
      vertex -11.9747 17.8565 3.8147e-07
      vertex -13.8199 16.47 3.8147e-07
    endloop
  endfacet
  facet normal 0 0 -1
    outer loop
      vertex -9.99155 19.0373 3.8147e-07
      vertex -14 24.2487 3.8147e-07
      vertex -11.3886 25.5793 3.8147e-07
    endloop
  endfacet
  facet normal 0 0 -1
    outer loop
      vertex -12.2619 -37.3093 3.8147e-07
      vertex -19.4306 -29.379 3.8147e-07
      vertex -19.3 -29.3124 3.8147e-07
    endloop
  endfacet
  facet normal 0 0 -1
    outer loop
      vertex -22 -64.6 3.8147e-07
      vertex -15.0735 -55.0612 3.8147e-07
      vertex -21.8537 -64.6077 3.8147e-07
    endloop
  endfacet
  facet normal 0 0 -1
    outer loop
      vertex -13.3488 -38.6515 3.8147e-07
      vertex -19.5674 -29.4315 3.8147e-07
      vertex -19.4306 -29.379 3.8147e-07
    endloop
  endfacet
  facet normal -0 0 -1
    outer loop
      vertex -15.0735 -55.0612 3.8147e-07
      vertex -22 -64.6 3.8147e-07
      vertex -15.6924 -53.4488 3.8147e-07
    endloop
  endfacet
  facet normal 0 0 -1
    outer loop
      vertex -13.3488 -38.6515 3.8147e-07
      vertex -19.7089 -29.4694 3.8147e-07
      vertex -19.5674 -29.4315 3.8147e-07
    endloop
  endfacet
  facet normal 0 0 -1
    outer loop
      vertex -22.1463 -64.6077 3.8147e-07
      vertex -15.6924 -53.4488 3.8147e-07
      vertex -22 -64.6 3.8147e-07
    endloop
  endfacet
  facet normal 0 0 -1
    outer loop
      vertex -13.3488 -38.6515 3.8147e-07
      vertex -19.8537 -29.4923 3.8147e-07
      vertex -19.7089 -29.4694 3.8147e-07
    endloop
  endfacet
  facet normal 0 0 -1
    outer loop
      vertex -22.2911 -64.6306 3.8147e-07
      vertex -15.6924 -53.4488 3.8147e-07
      vertex -22.1463 -64.6077 3.8147e-07
    endloop
  endfacet
  facet normal 0 0 -1
    outer loop
      vertex -14.2894 -40.1 3.8147e-07
      vertex -20 -29.5 3.8147e-07
      vertex -19.8537 -29.4923 3.8147e-07
    endloop
  endfacet
  facet normal 0 0 -1
    outer loop
      vertex -22.4326 -64.6685 3.8147e-07
      vertex -15.6924 -53.4488 3.8147e-07
      vertex -22.2911 -64.6306 3.8147e-07
    endloop
  endfacet
  facet normal 0 0 -1
    outer loop
      vertex -14.2894 -40.1 3.8147e-07
      vertex -20.1463 -29.4923 3.8147e-07
      vertex -20 -29.5 3.8147e-07
    endloop
  endfacet
  facet normal -0 0 -1
    outer loop
      vertex -15.6924 -53.4488 3.8147e-07
      vertex -22.4326 -64.6685 3.8147e-07
      vertex -16.1394 -51.7805 3.8147e-07
    endloop
  endfacet
  facet normal 0 0 -1
    outer loop
      vertex -14.2894 -40.1 3.8147e-07
      vertex -20.2911 -29.4694 3.8147e-07
      vertex -20.1463 -29.4923 3.8147e-07
    endloop
  endfacet
  facet normal 0 0 -1
    outer loop
      vertex -22.5694 -64.721 3.8147e-07
      vertex -16.1394 -51.7805 3.8147e-07
      vertex -22.4326 -64.6685 3.8147e-07
    endloop
  endfacet
  facet normal 0 0 -1
    outer loop
      vertex -15.0735 -41.6388 3.8147e-07
      vertex -20.4326 -29.4315 3.8147e-07
      vertex -20.2911 -29.4694 3.8147e-07
    endloop
  endfacet
  facet normal 0 0 -1
    outer loop
      vertex -22.7 -64.7876 3.8147e-07
      vertex -16.1394 -51.7805 3.8147e-07
      vertex -22.5694 -64.721 3.8147e-07
    endloop
  endfacet
  facet normal 0 0 -1
    outer loop
      vertex -15.0735 -41.6388 3.8147e-07
      vertex -20.5694 -29.379 3.8147e-07
      vertex -20.4326 -29.4315 3.8147e-07
    endloop
  endfacet
  facet normal -0 0 -1
    outer loop
      vertex -16.1394 -51.7805 3.8147e-07
      vertex -22.7 -64.7876 3.8147e-07
      vertex -16.4096 -50.0747 3.8147e-07
    endloop
  endfacet
  facet normal 0 0 -1
    outer loop
      vertex -15.6924 -43.2512 3.8147e-07
      vertex -20.7 -29.3124 3.8147e-07
      vertex -20.5694 -29.379 3.8147e-07
    endloop
  endfacet
  facet normal 0 0 -1
    outer loop
      vertex -22.8229 -64.8674 3.8147e-07
      vertex -16.4096 -50.0747 3.8147e-07
      vertex -22.7 -64.7876 3.8147e-07
    endloop
  endfacet
  facet normal 0 0 -1
    outer loop
      vertex -15.6924 -43.2512 3.8147e-07
      vertex -20.8229 -29.2326 3.8147e-07
      vertex -20.7 -29.3124 3.8147e-07
    endloop
  endfacet
  facet normal 0 0 -1
    outer loop
      vertex -22.9368 -64.9596 3.8147e-07
      vertex -16.4096 -50.0747 3.8147e-07
      vertex -22.8229 -64.8674 3.8147e-07
    endloop
  endfacet
  facet normal 0 0 -1
    outer loop
      vertex 28 -70 3.8147e-07
      vertex 23.3923 -66.1463 3.8147e-07
      vertex 23.4 -66 3.8147e-07
    endloop
  endfacet
  facet normal 0 0 -1
    outer loop
      vertex 24.4404 -75.4813 3.8147e-07
      vertex 23.3694 -66.2911 3.8147e-07
      vertex 23.3923 -66.1463 3.8147e-07
    endloop
  endfacet
  facet normal 0 0 -1
    outer loop
      vertex 24.4404 -75.4813 3.8147e-07
      vertex 23.3315 -66.4326 3.8147e-07
      vertex 23.3694 -66.2911 3.8147e-07
    endloop
  endfacet
  facet normal 0 0 -1
    outer loop
      vertex 24.4404 -75.4813 3.8147e-07
      vertex 23.279 -66.5694 3.8147e-07
      vertex 23.3315 -66.4326 3.8147e-07
    endloop
  endfacet
  facet normal 0 0 -1
    outer loop
      vertex 20.8229 -69.7326 3.8147e-07
      vertex 23.8541 -75.7063 3.8147e-07
      vertex 23.2475 -75.8689 3.8147e-07
    endloop
  endfacet
  facet normal 0 0 -1
    outer loop
      vertex 24.4404 -75.4813 3.8147e-07
      vertex 23.2124 -66.7 3.8147e-07
      vertex 23.279 -66.5694 3.8147e-07
    endloop
  endfacet
  facet normal 0 0 -1
    outer loop
      vertex 24.4404 -75.4813 3.8147e-07
      vertex 23.1326 -66.8229 3.8147e-07
      vertex 23.2124 -66.7 3.8147e-07
    endloop
  endfacet
  facet normal 0 0 -1
    outer loop
      vertex 24.4404 -75.4813 3.8147e-07
      vertex 23.0404 -66.9368 3.8147e-07
      vertex 23.1326 -66.8229 3.8147e-07
    endloop
  endfacet
  facet normal 0 0 -1
    outer loop
      vertex 24.4404 -75.4813 3.8147e-07
      vertex 22.9368 -67.0404 3.8147e-07
      vertex 23.0404 -66.9368 3.8147e-07
    endloop
  endfacet
  facet normal 0 0 -1
    outer loop
      vertex 24.4404 -75.4813 3.8147e-07
      vertex 22.8229 -67.1326 3.8147e-07
      vertex 22.9368 -67.0404 3.8147e-07
    endloop
  endfacet
  facet normal 0 0 -1
    outer loop
      vertex 24.4404 -75.4813 3.8147e-07
      vertex 21.279 -69.1694 3.8147e-07
      vertex 22.8229 -67.1326 3.8147e-07
    endloop
  endfacet
  facet normal 0 0 -1
    outer loop
      vertex 20.7 -69.8124 3.8147e-07
      vertex 23.2475 -75.8689 3.8147e-07
      vertex 22.6272 -75.9671 3.8147e-07
    endloop
  endfacet
  facet normal 0 -0 -1
    outer loop
      vertex 21.3315 -69.0326 3.8147e-07
      vertex 22.8229 -67.1326 3.8147e-07
      vertex 21.279 -69.1694 3.8147e-07
    endloop
  endfacet
  facet normal 0 0 -1
    outer loop
      vertex 22.8229 -67.1326 3.8147e-07
      vertex 21.3315 -69.0326 3.8147e-07
      vertex 22.7 -67.2124 3.8147e-07
    endloop
  endfacet
  facet normal 0 -0 -1
    outer loop
      vertex 21.3694 -68.8911 3.8147e-07
      vertex 22.7 -67.2124 3.8147e-07
      vertex 21.3315 -69.0326 3.8147e-07
    endloop
  endfacet
  facet normal 0 -0 -1
    outer loop
      vertex 21.3923 -68.7463 3.8147e-07
      vertex 22.5694 -67.279 3.8147e-07
      vertex 21.3694 -68.8911 3.8147e-07
    endloop
  endfacet
  facet normal 0 0 -1
    outer loop
      vertex 20.7 -69.8124 3.8147e-07
      vertex 22.6272 -75.9671 3.8147e-07
      vertex 22 -76 3.8147e-07
    endloop
  endfacet
  facet normal 0 0 -1
    outer loop
      vertex 22.5694 -67.279 3.8147e-07
      vertex 21.3923 -68.7463 3.8147e-07
      vertex 22.4326 -67.3315 3.8147e-07
    endloop
  endfacet
  facet normal 0 -0 -1
    outer loop
      vertex 21.4 -68.6 3.8147e-07
      vertex 22.4326 -67.3315 3.8147e-07
      vertex 21.3923 -68.7463 3.8147e-07
    endloop
  endfacet
  facet normal 0 0 -1
    outer loop
      vertex 21.3923 -68.4537 3.8147e-07
      vertex 22.2911 -67.3694 3.8147e-07
      vertex 21.4 -68.6 3.8147e-07
    endloop
  endfacet
  facet normal 0 0 -1
    outer loop
      vertex 22.2911 -67.3694 3.8147e-07
      vertex 21.3923 -68.4537 3.8147e-07
      vertex 22.1463 -67.3923 3.8147e-07
    endloop
  endfacet
  facet normal 0 0 -1
    outer loop
      vertex 22.1463 -67.3923 3.8147e-07
      vertex 21.3694 -68.3089 3.8147e-07
      vertex 22 -67.4 3.8147e-07
    endloop
  endfacet
  facet normal -0 0 -1
    outer loop
      vertex 22 -67.4 3.8147e-07
      vertex 21.3315 -68.1674 3.8147e-07
      vertex 21.8537 -67.3923 3.8147e-07
    endloop
  endfacet
  facet normal 0 0 -1
    outer loop
      vertex 21.3315 -68.1674 3.8147e-07
      vertex 22 -67.4 3.8147e-07
      vertex 21.3694 -68.3089 3.8147e-07
    endloop
  endfacet
  facet normal 0 0 -1
    outer loop
      vertex 21.3694 -68.3089 3.8147e-07
      vertex 22.1463 -67.3923 3.8147e-07
      vertex 21.3923 -68.4537 3.8147e-07
    endloop
  endfacet
  facet normal 0 0 -1
    outer loop
      vertex 22.4326 -67.3315 3.8147e-07
      vertex 21.4 -68.6 3.8147e-07
      vertex 22.2911 -67.3694 3.8147e-07
    endloop
  endfacet
  facet normal 0 0 -1
    outer loop
      vertex 22.7 -67.2124 3.8147e-07
      vertex 21.3694 -68.8911 3.8147e-07
      vertex 22.5694 -67.279 3.8147e-07
    endloop
  endfacet
  facet normal 0 0 -1
    outer loop
      vertex 24.4404 -75.4813 3.8147e-07
      vertex 21.2124 -69.3 3.8147e-07
      vertex 21.279 -69.1694 3.8147e-07
    endloop
  endfacet
  facet normal 0 0 -1
    outer loop
      vertex 24.4404 -75.4813 3.8147e-07
      vertex 21.1326 -69.4229 3.8147e-07
      vertex 21.2124 -69.3 3.8147e-07
    endloop
  endfacet
  facet normal 0 0 -1
    outer loop
      vertex 24.4404 -75.4813 3.8147e-07
      vertex 21.0404 -69.5368 3.8147e-07
      vertex 21.1326 -69.4229 3.8147e-07
    endloop
  endfacet
  facet normal 0 0 -1
    outer loop
      vertex 24.4404 -75.4813 3.8147e-07
      vertex 20.9368 -69.6404 3.8147e-07
      vertex 21.0404 -69.5368 3.8147e-07
    endloop
  endfacet
  facet normal 0 0 -1
    outer loop
      vertex 24.4404 -75.4813 3.8147e-07
      vertex 20.8229 -69.7326 3.8147e-07
      vertex 20.9368 -69.6404 3.8147e-07
    endloop
  endfacet
  facet normal 0 0 -1
    outer loop
      vertex 23.2475 -75.8689 3.8147e-07
      vertex 20.7 -69.8124 3.8147e-07
      vertex 20.8229 -69.7326 3.8147e-07
    endloop
  endfacet
  facet normal 0 0 -1
    outer loop
      vertex 22 -76 3.8147e-07
      vertex 20.5694 -69.879 3.8147e-07
      vertex 20.7 -69.8124 3.8147e-07
    endloop
  endfacet
  facet normal 0 0 -1
    outer loop
      vertex 22 -76 3.8147e-07
      vertex 20.4326 -69.9315 3.8147e-07
      vertex 20.5694 -69.879 3.8147e-07
    endloop
  endfacet
  facet normal 0 0 -1
    outer loop
      vertex 22 -76 3.8147e-07
      vertex 20.2911 -69.9694 3.8147e-07
      vertex 20.4326 -69.9315 3.8147e-07
    endloop
  endfacet
  facet normal 0 0 -1
    outer loop
      vertex 22 -76 3.8147e-07
      vertex 20.1463 -69.9923 3.8147e-07
      vertex 20.2911 -69.9694 3.8147e-07
    endloop
  endfacet
  facet normal 0 0 -1
    outer loop
      vertex 22 -76 3.8147e-07
      vertex 20 -70 3.8147e-07
      vertex 20.1463 -69.9923 3.8147e-07
    endloop
  endfacet
  facet normal 0 0 -1
    outer loop
      vertex 22 -76 3.8147e-07
      vertex 19.8537 -69.9923 3.8147e-07
      vertex 20 -70 3.8147e-07
    endloop
  endfacet
  facet normal 0 0 -1
    outer loop
      vertex 22 -76 3.8147e-07
      vertex 19.7089 -69.9694 3.8147e-07
      vertex 19.8537 -69.9923 3.8147e-07
    endloop
  endfacet
  facet normal 0 0 -1
    outer loop
      vertex 22 -76 3.8147e-07
      vertex 19.5674 -69.9315 3.8147e-07
      vertex 19.7089 -69.9694 3.8147e-07
    endloop
  endfacet
  facet normal 0 0 -1
    outer loop
      vertex 22 -76 3.8147e-07
      vertex 19.4306 -69.879 3.8147e-07
      vertex 19.5674 -69.9315 3.8147e-07
    endloop
  endfacet
  facet normal 0 0 -1
    outer loop
      vertex 22 -76 3.8147e-07
      vertex 19.3 -69.8124 3.8147e-07
      vertex 19.4306 -69.879 3.8147e-07
    endloop
  endfacet
  facet normal 0 0 -1
    outer loop
      vertex 22 -76 3.8147e-07
      vertex 19.1771 -69.7326 3.8147e-07
      vertex 19.3 -69.8124 3.8147e-07
    endloop
  endfacet
  facet normal 0 0 -1
    outer loop
      vertex 22 -76 3.8147e-07
      vertex 19.0632 -69.6404 3.8147e-07
      vertex 19.1771 -69.7326 3.8147e-07
    endloop
  endfacet
  facet normal 0 0 -1
    outer loop
      vertex 22 -76 3.8147e-07
      vertex 18.9596 -69.5368 3.8147e-07
      vertex 19.0632 -69.6404 3.8147e-07
    endloop
  endfacet
  facet normal 0 0 -1
    outer loop
      vertex 22 -76 3.8147e-07
      vertex 18.8674 -69.4229 3.8147e-07
      vertex 18.9596 -69.5368 3.8147e-07
    endloop
  endfacet
  facet normal 0 0 -1
    outer loop
      vertex 3.43054 -64.4894 3.8147e-07
      vertex 18.8674 -69.4229 3.8147e-07
      vertex 22 -76 3.8147e-07
    endloop
  endfacet
  facet normal 0 -0 -1
    outer loop
      vertex 5.09878 -64.0424 3.8147e-07
      vertex 18.8674 -69.4229 3.8147e-07
      vertex 3.43054 -64.4894 3.8147e-07
    endloop
  endfacet
  facet normal 0 0 -1
    outer loop
      vertex 11.0407 -36.0881 3.8147e-07
      vertex 19.0632 -29.1404 3.8147e-07
      vertex 12.2619 -37.3093 3.8147e-07
    endloop
  endfacet
  facet normal 0 0 -1
    outer loop
      vertex 8.25 -62.6394 3.8147e-07
      vertex 18.6 -68.6 3.8147e-07
      vertex 18.6077 -68.7463 3.8147e-07
    endloop
  endfacet
  facet normal 0 0 -1
    outer loop
      vertex 18.6077 -68.4537 3.8147e-07
      vertex 16.4096 -50.0747 3.8147e-07
      vertex 16.5 -48.35 3.8147e-07
    endloop
  endfacet
  facet normal 0 0 -1
    outer loop
      vertex 18.6077 -68.4537 3.8147e-07
      vertex 16.1394 -51.7805 3.8147e-07
      vertex 16.4096 -50.0747 3.8147e-07
    endloop
  endfacet
  facet normal 0 0 -1
    outer loop
      vertex 18.6077 -68.4537 3.8147e-07
      vertex 15.6924 -53.4488 3.8147e-07
      vertex 16.1394 -51.7805 3.8147e-07
    endloop
  endfacet
  facet normal 0 0 -1
    outer loop
      vertex 6.71115 -63.4235 3.8147e-07
      vertex 18.6077 -68.7463 3.8147e-07
      vertex 18.6306 -68.8911 3.8147e-07
    endloop
  endfacet
  facet normal 0 0 -1
    outer loop
      vertex 18.6077 -68.4537 3.8147e-07
      vertex 15.0735 -55.0612 3.8147e-07
      vertex 15.6924 -53.4488 3.8147e-07
    endloop
  endfacet
  facet normal 0 0 -1
    outer loop
      vertex 18.6077 -68.4537 3.8147e-07
      vertex 14.2894 -56.6 3.8147e-07
      vertex 15.0735 -55.0612 3.8147e-07
    endloop
  endfacet
  facet normal 0 0 -1
    outer loop
      vertex 6.71115 -63.4235 3.8147e-07
      vertex 18.6306 -68.8911 3.8147e-07
      vertex 18.6685 -69.0326 3.8147e-07
    endloop
  endfacet
  facet normal 0 0 -1
    outer loop
      vertex 18.6077 -68.4537 3.8147e-07
      vertex 13.3488 -58.0485 3.8147e-07
      vertex 14.2894 -56.6 3.8147e-07
    endloop
  endfacet
  facet normal 0 0 -1
    outer loop
      vertex 6.71115 -63.4235 3.8147e-07
      vertex 18.6685 -69.0326 3.8147e-07
      vertex 18.721 -69.1694 3.8147e-07
    endloop
  endfacet
  facet normal 0 0 -1
    outer loop
      vertex 18.8674 -69.4229 3.8147e-07
      vertex 5.09878 -64.0424 3.8147e-07
      vertex 18.7876 -69.3 3.8147e-07
    endloop
  endfacet
  facet normal 0 0 -1
    outer loop
      vertex 18.6077 -68.4537 3.8147e-07
      vertex 12.2619 -59.3907 3.8147e-07
      vertex 13.3488 -58.0485 3.8147e-07
    endloop
  endfacet
  facet normal 0 0 -1
    outer loop
      vertex 18.6077 -68.4537 3.8147e-07
      vertex 11.0407 -60.6119 3.8147e-07
      vertex 12.2619 -59.3907 3.8147e-07
    endloop
  endfacet
  facet normal 0 0 -1
    outer loop
      vertex 18.6077 -68.4537 3.8147e-07
      vertex 9.69846 -61.6988 3.8147e-07
      vertex 11.0407 -60.6119 3.8147e-07
    endloop
  endfacet
  facet normal 0 0 -1
    outer loop
      vertex 18.6077 -68.4537 3.8147e-07
      vertex 8.25 -62.6394 3.8147e-07
      vertex 9.69846 -61.6988 3.8147e-07
    endloop
  endfacet
  facet normal 0 0 -1
    outer loop
      vertex 18.6077 -68.7463 3.8147e-07
      vertex 6.71115 -63.4235 3.8147e-07
      vertex 8.25 -62.6394 3.8147e-07
    endloop
  endfacet
  facet normal 0 0 -1
    outer loop
      vertex 18.721 -69.1694 3.8147e-07
      vertex 5.09878 -64.0424 3.8147e-07
      vertex 6.71115 -63.4235 3.8147e-07
    endloop
  endfacet
  facet normal 0 0 -1
    outer loop
      vertex 18.7876 -69.3 3.8147e-07
      vertex 5.09878 -64.0424 3.8147e-07
      vertex 18.721 -69.1694 3.8147e-07
    endloop
  endfacet
  facet normal 0 0 -1
    outer loop
      vertex 22 -76 3.8147e-07
      vertex 1.72472 -64.7596 3.8147e-07
      vertex 3.43054 -64.4894 3.8147e-07
    endloop
  endfacet
  facet normal 0 0 -1
    outer loop
      vertex 22 -76 3.8147e-07
      vertex 0 -64.85 3.8147e-07
      vertex 1.72472 -64.7596 3.8147e-07
    endloop
  endfacet
  facet normal 0 0 -1
    outer loop
      vertex -22 -76 3.8147e-07
      vertex 0 -64.85 3.8147e-07
      vertex 22 -76 3.8147e-07
    endloop
  endfacet
  facet normal -0 0 -1
    outer loop
      vertex 0 -64.85 3.8147e-07
      vertex -22 -76 3.8147e-07
      vertex -1.72472 -64.7596 3.8147e-07
    endloop
  endfacet
  facet normal -0 0 -1
    outer loop
      vertex -1.72472 -64.7596 3.8147e-07
      vertex -22 -76 3.8147e-07
      vertex -3.43054 -64.4894 3.8147e-07
    endloop
  endfacet
  facet normal 0 -0 -1
    outer loop
      vertex -18.8674 -69.4229 3.8147e-07
      vertex -3.43054 -64.4894 3.8147e-07
      vertex -22 -76 3.8147e-07
    endloop
  endfacet
  facet normal 0 0 -1
    outer loop
      vertex -19.0632 -67.5596 3.8147e-07
      vertex -11.0407 -60.6119 3.8147e-07
      vertex -18.9596 -67.6632 3.8147e-07
    endloop
  endfacet
  facet normal 0 0 -1
    outer loop
      vertex -18.9596 -67.6632 3.8147e-07
      vertex -11.0407 -60.6119 3.8147e-07
      vertex -18.8674 -67.7771 3.8147e-07
    endloop
  endfacet
  facet normal 0 0 -1
    outer loop
      vertex -18.8674 -67.7771 3.8147e-07
      vertex -11.0407 -60.6119 3.8147e-07
      vertex -18.7876 -67.9 3.8147e-07
    endloop
  endfacet
  facet normal 0 0 -1
    outer loop
      vertex -18.7876 -67.9 3.8147e-07
      vertex -11.0407 -60.6119 3.8147e-07
      vertex -18.721 -68.0306 3.8147e-07
    endloop
  endfacet
  facet normal -0 0 -1
    outer loop
      vertex -9.69846 -61.6988 3.8147e-07
      vertex -18.721 -68.0306 3.8147e-07
      vertex -11.0407 -60.6119 3.8147e-07
    endloop
  endfacet
  facet normal 0 0 -1
    outer loop
      vertex -18.721 -68.0306 3.8147e-07
      vertex -9.69846 -61.6988 3.8147e-07
      vertex -18.6685 -68.1674 3.8147e-07
    endloop
  endfacet
  facet normal 0 0 -1
    outer loop
      vertex -18.6685 -68.1674 3.8147e-07
      vertex -9.69846 -61.6988 3.8147e-07
      vertex -18.6306 -68.3089 3.8147e-07
    endloop
  endfacet
  facet normal 0 0 -1
    outer loop
      vertex -18.6306 -68.3089 3.8147e-07
      vertex -9.69846 -61.6988 3.8147e-07
      vertex -18.6077 -68.4537 3.8147e-07
    endloop
  endfacet
  facet normal -0 0 -1
    outer loop
      vertex -8.25 -62.6394 3.8147e-07
      vertex -18.6077 -68.4537 3.8147e-07
      vertex -9.69846 -61.6988 3.8147e-07
    endloop
  endfacet
  facet normal 0 0 -1
    outer loop
      vertex -18.6077 -68.4537 3.8147e-07
      vertex -8.25 -62.6394 3.8147e-07
      vertex -18.6 -68.6 3.8147e-07
    endloop
  endfacet
  facet normal 0 0 -1
    outer loop
      vertex -18.6077 -68.7463 3.8147e-07
      vertex -8.25 -62.6394 3.8147e-07
      vertex -6.71115 -63.4235 3.8147e-07
    endloop
  endfacet
  facet normal -0 0 -1
    outer loop
      vertex -3.43054 -64.4894 3.8147e-07
      vertex -18.8674 -69.4229 3.8147e-07
      vertex -5.09878 -64.0424 3.8147e-07
    endloop
  endfacet
  facet normal 0 0 -1
    outer loop
      vertex -8.25 -62.6394 3.8147e-07
      vertex -18.6077 -68.7463 3.8147e-07
      vertex -18.6 -68.6 3.8147e-07
    endloop
  endfacet
  facet normal 0 0 -1
    outer loop
      vertex -6.71115 -63.4235 3.8147e-07
      vertex -18.6306 -68.8911 3.8147e-07
      vertex -18.6077 -68.7463 3.8147e-07
    endloop
  endfacet
  facet normal 0 0 -1
    outer loop
      vertex -6.71115 -63.4235 3.8147e-07
      vertex -18.6685 -69.0326 3.8147e-07
      vertex -18.6306 -68.8911 3.8147e-07
    endloop
  endfacet
  facet normal 0 0 -1
    outer loop
      vertex -6.71115 -63.4235 3.8147e-07
      vertex -18.721 -69.1694 3.8147e-07
      vertex -18.6685 -69.0326 3.8147e-07
    endloop
  endfacet
  facet normal -0 0 -1
    outer loop
      vertex -5.09878 -64.0424 3.8147e-07
      vertex -18.721 -69.1694 3.8147e-07
      vertex -6.71115 -63.4235 3.8147e-07
    endloop
  endfacet
  facet normal 0 -0 -1
    outer loop
      vertex -18.721 -69.1694 3.8147e-07
      vertex -5.09878 -64.0424 3.8147e-07
      vertex -18.7876 -69.3 3.8147e-07
    endloop
  endfacet
  facet normal 0 -0 -1
    outer loop
      vertex -18.7876 -69.3 3.8147e-07
      vertex -5.09878 -64.0424 3.8147e-07
      vertex -18.8674 -69.4229 3.8147e-07
    endloop
  endfacet
  facet normal 0 0 -1
    outer loop
      vertex -18.8674 -69.4229 3.8147e-07
      vertex -22 -76 3.8147e-07
      vertex -18.9596 -69.5368 3.8147e-07
    endloop
  endfacet
  facet normal 0 0 -1
    outer loop
      vertex -18.9596 -69.5368 3.8147e-07
      vertex -22 -76 3.8147e-07
      vertex -19.0632 -69.6404 3.8147e-07
    endloop
  endfacet
  facet normal 0 0 -1
    outer loop
      vertex -19.0632 -69.6404 3.8147e-07
      vertex -22 -76 3.8147e-07
      vertex -19.1771 -69.7326 3.8147e-07
    endloop
  endfacet
  facet normal 0 0 -1
    outer loop
      vertex -19.1771 -69.7326 3.8147e-07
      vertex -22 -76 3.8147e-07
      vertex -19.3 -69.8124 3.8147e-07
    endloop
  endfacet
  facet normal 0 0 -1
    outer loop
      vertex -19.3 -69.8124 3.8147e-07
      vertex -22 -76 3.8147e-07
      vertex -19.4306 -69.879 3.8147e-07
    endloop
  endfacet
  facet normal 0 0 -1
    outer loop
      vertex -19.4306 -69.879 3.8147e-07
      vertex -22 -76 3.8147e-07
      vertex -19.5674 -69.9315 3.8147e-07
    endloop
  endfacet
  facet normal 0 0 -1
    outer loop
      vertex -19.5674 -69.9315 3.8147e-07
      vertex -22 -76 3.8147e-07
      vertex -19.7089 -69.9694 3.8147e-07
    endloop
  endfacet
  facet normal 0 0 -1
    outer loop
      vertex -19.7089 -69.9694 3.8147e-07
      vertex -22 -76 3.8147e-07
      vertex -19.8537 -69.9923 3.8147e-07
    endloop
  endfacet
  facet normal 0 0 -1
    outer loop
      vertex -19.8537 -69.9923 3.8147e-07
      vertex -22 -76 3.8147e-07
      vertex -20 -70 3.8147e-07
    endloop
  endfacet
  facet normal 0 0 -1
    outer loop
      vertex -21.1326 -67.7771 3.8147e-07
      vertex -21.5674 -67.3315 3.8147e-07
      vertex -21.4306 -67.279 3.8147e-07
    endloop
  endfacet
  facet normal 0 0 -1
    outer loop
      vertex -22.4326 -67.3315 3.8147e-07
      vertex -21.4 -68.6 3.8147e-07
      vertex -21.3923 -68.7463 3.8147e-07
    endloop
  endfacet
  facet normal 0 0 -1
    outer loop
      vertex -21.2124 -67.9 3.8147e-07
      vertex -21.7089 -67.3694 3.8147e-07
      vertex -21.5674 -67.3315 3.8147e-07
    endloop
  endfacet
  facet normal 0 0 -1
    outer loop
      vertex -22.5694 -67.279 3.8147e-07
      vertex -21.3923 -68.7463 3.8147e-07
      vertex -21.3694 -68.8911 3.8147e-07
    endloop
  endfacet
  facet normal 0 0 -1
    outer loop
      vertex -21.279 -68.0306 3.8147e-07
      vertex -21.8537 -67.3923 3.8147e-07
      vertex -21.7089 -67.3694 3.8147e-07
    endloop
  endfacet
  facet normal 0 0 -1
    outer loop
      vertex -22.7 -67.2124 3.8147e-07
      vertex -21.3694 -68.8911 3.8147e-07
      vertex -21.3315 -69.0326 3.8147e-07
    endloop
  endfacet
  facet normal -0 0 -1
    outer loop
      vertex -20 -70 3.8147e-07
      vertex -22 -76 3.8147e-07
      vertex -20.1463 -69.9923 3.8147e-07
    endloop
  endfacet
  facet normal 0 0 -1
    outer loop
      vertex -22 -76 3.8147e-07
      vertex -20.2911 -69.9694 3.8147e-07
      vertex -20.1463 -69.9923 3.8147e-07
    endloop
  endfacet
  facet normal 0 0 -1
    outer loop
      vertex -22 -76 3.8147e-07
      vertex -20.4326 -69.9315 3.8147e-07
      vertex -20.2911 -69.9694 3.8147e-07
    endloop
  endfacet
  facet normal 0 0 -1
    outer loop
      vertex -22 -76 3.8147e-07
      vertex -20.5694 -69.879 3.8147e-07
      vertex -20.4326 -69.9315 3.8147e-07
    endloop
  endfacet
  facet normal 0 0 -1
    outer loop
      vertex -22 -76 3.8147e-07
      vertex -20.7 -69.8124 3.8147e-07
      vertex -20.5694 -69.879 3.8147e-07
    endloop
  endfacet
  facet normal 0 0 -1
    outer loop
      vertex -22.6272 -75.9671 3.8147e-07
      vertex -20.7 -69.8124 3.8147e-07
      vertex -22 -76 3.8147e-07
    endloop
  endfacet
  facet normal 0 0 -1
    outer loop
      vertex -23.2475 -75.8689 3.8147e-07
      vertex -20.7 -69.8124 3.8147e-07
      vertex -22.6272 -75.9671 3.8147e-07
    endloop
  endfacet
  facet normal -0 0 -1
    outer loop
      vertex -20.7 -69.8124 3.8147e-07
      vertex -23.2475 -75.8689 3.8147e-07
      vertex -20.8229 -69.7326 3.8147e-07
    endloop
  endfacet
  facet normal 0 0 -1
    outer loop
      vertex -23.8541 -75.7063 3.8147e-07
      vertex -20.8229 -69.7326 3.8147e-07
      vertex -23.2475 -75.8689 3.8147e-07
    endloop
  endfacet
  facet normal 0 0 -1
    outer loop
      vertex -24.4404 -75.4813 3.8147e-07
      vertex -20.8229 -69.7326 3.8147e-07
      vertex -23.8541 -75.7063 3.8147e-07
    endloop
  endfacet
  facet normal -0 0 -1
    outer loop
      vertex -20.8229 -69.7326 3.8147e-07
      vertex -24.4404 -75.4813 3.8147e-07
      vertex -20.9368 -69.6404 3.8147e-07
    endloop
  endfacet
  facet normal 0 0 -1
    outer loop
      vertex -25 -75.1962 3.8147e-07
      vertex -20.9368 -69.6404 3.8147e-07
      vertex -24.4404 -75.4813 3.8147e-07
    endloop
  endfacet
  facet normal 0 0 -1
    outer loop
      vertex -25.5267 -74.8541 3.8147e-07
      vertex -20.9368 -69.6404 3.8147e-07
      vertex -25 -75.1962 3.8147e-07
    endloop
  endfacet
  facet normal 0 0 -1
    outer loop
      vertex -21.3315 -68.1674 3.8147e-07
      vertex -22 -67.4 3.8147e-07
      vertex -21.8537 -67.3923 3.8147e-07
    endloop
  endfacet
  facet normal -0 0 -1
    outer loop
      vertex -20.9368 -69.6404 3.8147e-07
      vertex -25.5267 -74.8541 3.8147e-07
      vertex -21.0404 -69.5368 3.8147e-07
    endloop
  endfacet
  facet normal 0 0 -1
    outer loop
      vertex -21.3694 -68.3089 3.8147e-07
      vertex -22.1463 -67.3923 3.8147e-07
      vertex -22 -67.4 3.8147e-07
    endloop
  endfacet
  facet normal 0 0 -1
    outer loop
      vertex -26.0148 -74.4589 3.8147e-07
      vertex -21.0404 -69.5368 3.8147e-07
      vertex -25.5267 -74.8541 3.8147e-07
    endloop
  endfacet
  facet normal 0 0 -1
    outer loop
      vertex -27.1962 -73 3.8147e-07
      vertex -21.1326 -69.4229 3.8147e-07
      vertex -26.8541 -73.5267 3.8147e-07
    endloop
  endfacet
  facet normal 0 0 -1
    outer loop
      vertex -21.3923 -68.4537 3.8147e-07
      vertex -22.2911 -67.3694 3.8147e-07
      vertex -22.1463 -67.3923 3.8147e-07
    endloop
  endfacet
  facet normal 0 0 -1
    outer loop
      vertex -21.4 -68.6 3.8147e-07
      vertex -22.4326 -67.3315 3.8147e-07
      vertex -22.2911 -67.3694 3.8147e-07
    endloop
  endfacet
  facet normal 0 0 -1
    outer loop
      vertex -21.3923 -68.7463 3.8147e-07
      vertex -22.5694 -67.279 3.8147e-07
      vertex -22.4326 -67.3315 3.8147e-07
    endloop
  endfacet
  facet normal 0 0 -1
    outer loop
      vertex -21.3694 -68.8911 3.8147e-07
      vertex -22.7 -67.2124 3.8147e-07
      vertex -22.5694 -67.279 3.8147e-07
    endloop
  endfacet
  facet normal 0 0 -1
    outer loop
      vertex -21.3315 -69.0326 3.8147e-07
      vertex -22.8229 -67.1326 3.8147e-07
      vertex -22.7 -67.2124 3.8147e-07
    endloop
  endfacet
  facet normal 0 0 -1
    outer loop
      vertex -26.4589 -74.0148 3.8147e-07
      vertex -21.0404 -69.5368 3.8147e-07
      vertex -26.0148 -74.4589 3.8147e-07
    endloop
  endfacet
  facet normal -0 0 -1
    outer loop
      vertex -21.0404 -69.5368 3.8147e-07
      vertex -26.4589 -74.0148 3.8147e-07
      vertex -21.1326 -69.4229 3.8147e-07
    endloop
  endfacet
  facet normal 0 0 -1
    outer loop
      vertex -26.8541 -73.5267 3.8147e-07
      vertex -21.1326 -69.4229 3.8147e-07
      vertex -26.4589 -74.0148 3.8147e-07
    endloop
  endfacet
  facet normal -0 0 -1
    outer loop
      vertex -21.1326 -69.4229 3.8147e-07
      vertex -27.1962 -73 3.8147e-07
      vertex -21.2124 -69.3 3.8147e-07
    endloop
  endfacet
  facet normal 0 0 -1
    outer loop
      vertex -27.4813 -72.4404 3.8147e-07
      vertex -21.2124 -69.3 3.8147e-07
      vertex -27.1962 -73 3.8147e-07
    endloop
  endfacet
  facet normal 0 0 -1
    outer loop
      vertex -27.7063 -71.8541 3.8147e-07
      vertex -21.2124 -69.3 3.8147e-07
      vertex -27.4813 -72.4404 3.8147e-07
    endloop
  endfacet
  facet normal -0 0 -1
    outer loop
      vertex -21.2124 -69.3 3.8147e-07
      vertex -27.7063 -71.8541 3.8147e-07
      vertex -21.279 -69.1694 3.8147e-07
    endloop
  endfacet
  facet normal 0 0 -1
    outer loop
      vertex -27.8689 -71.2475 3.8147e-07
      vertex -21.279 -69.1694 3.8147e-07
      vertex -27.7063 -71.8541 3.8147e-07
    endloop
  endfacet
  facet normal 0 0 -1
    outer loop
      vertex -27.9671 -70.6272 3.8147e-07
      vertex -21.279 -69.1694 3.8147e-07
      vertex -27.8689 -71.2475 3.8147e-07
    endloop
  endfacet
  facet normal 0 0 -1
    outer loop
      vertex 23.3923 -66.1463 3.8147e-07
      vertex 28 -70 3.8147e-07
      vertex 27.9671 -70.6272 3.8147e-07
    endloop
  endfacet
  facet normal 0 0 -1
    outer loop
      vertex 23.3923 -66.1463 3.8147e-07
      vertex 27.9671 -70.6272 3.8147e-07
      vertex 27.8689 -71.2475 3.8147e-07
    endloop
  endfacet
  facet normal 0 0 -1
    outer loop
      vertex 28 -70 3.8147e-07
      vertex 21.3923 -28.2463 3.8147e-07
      vertex 28 0 3.8147e-07
    endloop
  endfacet
  facet normal 0 0 -1
    outer loop
      vertex 23.3923 -66.1463 3.8147e-07
      vertex 27.8689 -71.2475 3.8147e-07
      vertex 27.7063 -71.8541 3.8147e-07
    endloop
  endfacet
  facet normal 0 0 -1
    outer loop
      vertex 23.3923 -66.1463 3.8147e-07
      vertex 27.7063 -71.8541 3.8147e-07
      vertex 27.4813 -72.4404 3.8147e-07
    endloop
  endfacet
  facet normal 0 -0 -1
    outer loop
      vertex 21.4 -28.1 3.8147e-07
      vertex 28 0 3.8147e-07
      vertex 21.3923 -28.2463 3.8147e-07
    endloop
  endfacet
  facet normal 0 0 -1
    outer loop
      vertex 23.3923 -66.1463 3.8147e-07
      vertex 27.4813 -72.4404 3.8147e-07
      vertex 27.1962 -73 3.8147e-07
    endloop
  endfacet
  facet normal 0 0 -1
    outer loop
      vertex 23.3923 -66.1463 3.8147e-07
      vertex 27.1962 -73 3.8147e-07
      vertex 26.8541 -73.5267 3.8147e-07
    endloop
  endfacet
  facet normal 0 0 -1
    outer loop
      vertex 21.3694 -27.8089 3.8147e-07
      vertex 28 0 3.8147e-07
      vertex 21.3923 -27.9537 3.8147e-07
    endloop
  endfacet
  facet normal 0 0 -1
    outer loop
      vertex 23.3923 -66.1463 3.8147e-07
      vertex 26.8541 -73.5267 3.8147e-07
      vertex 26.4589 -74.0148 3.8147e-07
    endloop
  endfacet
  facet normal 0 0 -1
    outer loop
      vertex 23.3923 -66.1463 3.8147e-07
      vertex 26.4589 -74.0148 3.8147e-07
      vertex 26.0148 -74.4589 3.8147e-07
    endloop
  endfacet
  facet normal 0 0 -1
    outer loop
      vertex 21.3315 -27.6674 3.8147e-07
      vertex 28 0 3.8147e-07
      vertex 21.3694 -27.8089 3.8147e-07
    endloop
  endfacet
  facet normal 0 0 -1
    outer loop
      vertex 23.3923 -66.1463 3.8147e-07
      vertex 26.0148 -74.4589 3.8147e-07
      vertex 25.5267 -74.8541 3.8147e-07
    endloop
  endfacet
  facet normal 0 0 -1
    outer loop
      vertex 23.3923 -66.1463 3.8147e-07
      vertex 25.5267 -74.8541 3.8147e-07
      vertex 25 -75.1962 3.8147e-07
    endloop
  endfacet
  facet normal 0 0 -1
    outer loop
      vertex 23.3923 -66.1463 3.8147e-07
      vertex 25 -75.1962 3.8147e-07
      vertex 24.4404 -75.4813 3.8147e-07
    endloop
  endfacet
  facet normal 0 0 -1
    outer loop
      vertex 28 -70 3.8147e-07
      vertex 23.3923 -65.8537 3.8147e-07
      vertex 23.3694 -65.7089 3.8147e-07
    endloop
  endfacet
  facet normal 0 0 -1
    outer loop
      vertex 20.8229 -69.7326 3.8147e-07
      vertex 24.4404 -75.4813 3.8147e-07
      vertex 23.8541 -75.7063 3.8147e-07
    endloop
  endfacet
  facet normal 0 0 -1
    outer loop
      vertex 28 -70 3.8147e-07
      vertex 23.4 -66 3.8147e-07
      vertex 23.3923 -65.8537 3.8147e-07
    endloop
  endfacet
  facet normal 0 0 -1
    outer loop
      vertex 21.279 -27.5306 3.8147e-07
      vertex 28 0 3.8147e-07
      vertex 21.3315 -27.6674 3.8147e-07
    endloop
  endfacet
  facet normal 0 0 -1
    outer loop
      vertex 28 -70 3.8147e-07
      vertex 23.3694 -65.7089 3.8147e-07
      vertex 23.3315 -65.5674 3.8147e-07
    endloop
  endfacet
  facet normal 0 0 -1
    outer loop
      vertex 28 -70 3.8147e-07
      vertex 23.3315 -65.5674 3.8147e-07
      vertex 23.279 -65.4306 3.8147e-07
    endloop
  endfacet
  facet normal 0 0 -1
    outer loop
      vertex 21.2124 -27.4 3.8147e-07
      vertex 28 0 3.8147e-07
      vertex 21.279 -27.5306 3.8147e-07
    endloop
  endfacet
  facet normal 0 0 -1
    outer loop
      vertex 28 -70 3.8147e-07
      vertex 23.279 -65.4306 3.8147e-07
      vertex 23.2124 -65.3 3.8147e-07
    endloop
  endfacet
  facet normal 0 0 -1
    outer loop
      vertex 21.1326 -27.2771 3.8147e-07
      vertex 28 0 3.8147e-07
      vertex 21.2124 -27.4 3.8147e-07
    endloop
  endfacet
  facet normal 0 0 -1
    outer loop
      vertex 28 -70 3.8147e-07
      vertex 23.2124 -65.3 3.8147e-07
      vertex 23.1326 -65.1771 3.8147e-07
    endloop
  endfacet
  facet normal 0 0 -1
    outer loop
      vertex 21.0404 -27.1632 3.8147e-07
      vertex 28 0 3.8147e-07
      vertex 21.1326 -27.2771 3.8147e-07
    endloop
  endfacet
  facet normal 0 0 -1
    outer loop
      vertex 16.5 -48.35 3.8147e-07
      vertex 28 -70 3.8147e-07
      vertex 23.1326 -65.1771 3.8147e-07
    endloop
  endfacet
  facet normal 0 0 -1
    outer loop
      vertex 20.9368 -27.0596 3.8147e-07
      vertex 28 0 3.8147e-07
      vertex 21.0404 -27.1632 3.8147e-07
    endloop
  endfacet
  facet normal 0 0 -1
    outer loop
      vertex 16.5 -48.35 3.8147e-07
      vertex 23.1326 -65.1771 3.8147e-07
      vertex 23.0404 -65.0632 3.8147e-07
    endloop
  endfacet
  facet normal 0 0 -1
    outer loop
      vertex 20.8229 -26.9674 3.8147e-07
      vertex 28 0 3.8147e-07
      vertex 20.9368 -27.0596 3.8147e-07
    endloop
  endfacet
  facet normal 0 0 -1
    outer loop
      vertex 16.5 -48.35 3.8147e-07
      vertex 23.0404 -65.0632 3.8147e-07
      vertex 22.9368 -64.9596 3.8147e-07
    endloop
  endfacet
  facet normal 0 0 -1
    outer loop
      vertex 24.2487 14 3.8147e-07
      vertex 23.279 15.4306 3.8147e-07
      vertex 23.2941 15.47 3.8147e-07
    endloop
  endfacet
  facet normal 0 0 -1
    outer loop
      vertex 16.5 -48.35 3.8147e-07
      vertex 22.9368 -64.9596 3.8147e-07
      vertex 22.8229 -64.8674 3.8147e-07
    endloop
  endfacet
  facet normal 0 0 -1
    outer loop
      vertex 20.7 -26.8876 3.8147e-07
      vertex 28 0 3.8147e-07
      vertex 20.8229 -26.9674 3.8147e-07
    endloop
  endfacet
  facet normal 0 0 -1
    outer loop
      vertex 16.5 -48.35 3.8147e-07
      vertex 22.8229 -64.8674 3.8147e-07
      vertex 22.7 -64.7876 3.8147e-07
    endloop
  endfacet
  facet normal 0 0 -1
    outer loop
      vertex 24.2487 14 3.8147e-07
      vertex 23.2124 15.3 3.8147e-07
      vertex 23.279 15.4306 3.8147e-07
    endloop
  endfacet
  facet normal 0 0 -1
    outer loop
      vertex 16.5 -48.35 3.8147e-07
      vertex 22.7 -64.7876 3.8147e-07
      vertex 22.5694 -64.721 3.8147e-07
    endloop
  endfacet
  facet normal 0 0 -1
    outer loop
      vertex 20.5694 -26.821 3.8147e-07
      vertex 28 0 3.8147e-07
      vertex 20.7 -26.8876 3.8147e-07
    endloop
  endfacet
  facet normal 0 0 -1
    outer loop
      vertex 16.5 -48.35 3.8147e-07
      vertex 22.5694 -64.721 3.8147e-07
      vertex 22.4326 -64.6685 3.8147e-07
    endloop
  endfacet
  facet normal 0 0 -1
    outer loop
      vertex 24.2487 14 3.8147e-07
      vertex 23.1326 15.1771 3.8147e-07
      vertex 23.2124 15.3 3.8147e-07
    endloop
  endfacet
  facet normal 0 0 -1
    outer loop
      vertex 16.5 -48.35 3.8147e-07
      vertex 22.4326 -64.6685 3.8147e-07
      vertex 22.2911 -64.6306 3.8147e-07
    endloop
  endfacet
  facet normal 0 0 -1
    outer loop
      vertex 20.4326 -26.7685 3.8147e-07
      vertex 28 0 3.8147e-07
      vertex 20.5694 -26.821 3.8147e-07
    endloop
  endfacet
  facet normal 0 0 -1
    outer loop
      vertex 16.5 -48.35 3.8147e-07
      vertex 22.2911 -64.6306 3.8147e-07
      vertex 22.1463 -64.6077 3.8147e-07
    endloop
  endfacet
  facet normal 0 0 -1
    outer loop
      vertex 24.2487 14 3.8147e-07
      vertex 23.0404 15.0632 3.8147e-07
      vertex 23.1326 15.1771 3.8147e-07
    endloop
  endfacet
  facet normal 0 0 -1
    outer loop
      vertex 16.5 -48.35 3.8147e-07
      vertex 22.1463 -64.6077 3.8147e-07
      vertex 22 -64.6 3.8147e-07
    endloop
  endfacet
  facet normal 0 -0 -1
    outer loop
      vertex 13.8199 16.47 3.8147e-07
      vertex 21.1771 14.8674 3.8147e-07
      vertex 4.49951 5.36231 3.8147e-07
    endloop
  endfacet
  facet normal 0 0 -1
    outer loop
      vertex 16.5 -48.35 3.8147e-07
      vertex 22 -64.6 3.8147e-07
      vertex 21.8537 -64.6077 3.8147e-07
    endloop
  endfacet
  facet normal 0 0 -1
    outer loop
      vertex 24.2487 14 3.8147e-07
      vertex 22.9368 14.9596 3.8147e-07
      vertex 23.0404 15.0632 3.8147e-07
    endloop
  endfacet
  facet normal 0 0 -1
    outer loop
      vertex 16.5 -48.35 3.8147e-07
      vertex 21.8537 -64.6077 3.8147e-07
      vertex 21.7089 -64.6306 3.8147e-07
    endloop
  endfacet
  facet normal -0 0 -1
    outer loop
      vertex 21.3 14.7876 3.8147e-07
      vertex 4.49951 5.36231 3.8147e-07
      vertex 21.1771 14.8674 3.8147e-07
    endloop
  endfacet
  facet normal 0 0 -1
    outer loop
      vertex 16.5 -48.35 3.8147e-07
      vertex 21.7089 -64.6306 3.8147e-07
      vertex 21.5674 -64.6685 3.8147e-07
    endloop
  endfacet
  facet normal 0 0 -1
    outer loop
      vertex 24.2487 14 3.8147e-07
      vertex 22.8229 14.8674 3.8147e-07
      vertex 22.9368 14.9596 3.8147e-07
    endloop
  endfacet
  facet normal 0 0 -1
    outer loop
      vertex 16.5 -48.35 3.8147e-07
      vertex 21.5674 -64.6685 3.8147e-07
      vertex 21.4306 -64.721 3.8147e-07
    endloop
  endfacet
  facet normal 0 0 -1
    outer loop
      vertex 4.49951 5.36231 3.8147e-07
      vertex 27.3881 5.82153 3.8147e-07
      vertex 27.8466 2.9268 3.8147e-07
    endloop
  endfacet
  facet normal 0 0 -1
    outer loop
      vertex 24.2487 14 3.8147e-07
      vertex 22.7 14.7876 3.8147e-07
      vertex 22.8229 14.8674 3.8147e-07
    endloop
  endfacet
  facet normal 0 0 -1
    outer loop
      vertex 21.3923 -27.9537 3.8147e-07
      vertex 28 0 3.8147e-07
      vertex 21.4 -28.1 3.8147e-07
    endloop
  endfacet
  facet normal 0 0 -1
    outer loop
      vertex 28 -70 3.8147e-07
      vertex 21.3694 -28.3911 3.8147e-07
      vertex 21.3923 -28.2463 3.8147e-07
    endloop
  endfacet
  facet normal 0 0 -1
    outer loop
      vertex 28 -70 3.8147e-07
      vertex 21.3315 -28.5326 3.8147e-07
      vertex 21.3694 -28.3911 3.8147e-07
    endloop
  endfacet
  facet normal 0 0 -1
    outer loop
      vertex 16.5 -48.35 3.8147e-07
      vertex 21.4306 -64.721 3.8147e-07
      vertex 21.3 -64.7876 3.8147e-07
    endloop
  endfacet
  facet normal 0 0 -1
    outer loop
      vertex 28 -70 3.8147e-07
      vertex 21.279 -28.6694 3.8147e-07
      vertex 21.3315 -28.5326 3.8147e-07
    endloop
  endfacet
  facet normal 0 0 -1
    outer loop
      vertex 28 -70 3.8147e-07
      vertex 21.2124 -28.8 3.8147e-07
      vertex 21.279 -28.6694 3.8147e-07
    endloop
  endfacet
  facet normal 0 0 -1
    outer loop
      vertex 16.5 -48.35 3.8147e-07
      vertex 21.3 -64.7876 3.8147e-07
      vertex 21.1771 -64.8674 3.8147e-07
    endloop
  endfacet
  facet normal 0 0 -1
    outer loop
      vertex 28 -70 3.8147e-07
      vertex 16.5 -48.35 3.8147e-07
      vertex 21.2124 -28.8 3.8147e-07
    endloop
  endfacet
  facet normal 0 0 -1
    outer loop
      vertex 16.5 -48.35 3.8147e-07
      vertex 21.1771 -64.8674 3.8147e-07
      vertex 21.0632 -64.9596 3.8147e-07
    endloop
  endfacet
  facet normal 0 0 -1
    outer loop
      vertex 16.4096 -46.6253 3.8147e-07
      vertex 21.2124 -28.8 3.8147e-07
      vertex 16.5 -48.35 3.8147e-07
    endloop
  endfacet
  facet normal 0 0 -1
    outer loop
      vertex 16.5 -48.35 3.8147e-07
      vertex 21.0632 -64.9596 3.8147e-07
      vertex 20.9596 -65.0632 3.8147e-07
    endloop
  endfacet
  facet normal 0 0 -1
    outer loop
      vertex 21.2124 -28.8 3.8147e-07
      vertex 16.4096 -46.6253 3.8147e-07
      vertex 21.1326 -28.9229 3.8147e-07
    endloop
  endfacet
  facet normal 0 0 -1
    outer loop
      vertex 16.5 -48.35 3.8147e-07
      vertex 20.9596 -65.0632 3.8147e-07
      vertex 20.8674 -65.1771 3.8147e-07
    endloop
  endfacet
  facet normal 0 0 -1
    outer loop
      vertex 21.1326 -28.9229 3.8147e-07
      vertex 16.4096 -46.6253 3.8147e-07
      vertex 21.0404 -29.0368 3.8147e-07
    endloop
  endfacet
  facet normal 0 0 -1
    outer loop
      vertex 16.5 -48.35 3.8147e-07
      vertex 20.7876 -65.3 3.8147e-07
      vertex 18.9596 -67.6632 3.8147e-07
    endloop
  endfacet
  facet normal 0 0 -1
    outer loop
      vertex 19.0632 -67.5596 3.8147e-07
      vertex 20.7876 -65.3 3.8147e-07
      vertex 20.721 -65.4306 3.8147e-07
    endloop
  endfacet
  facet normal 0 0 -1
    outer loop
      vertex 16.1394 -44.9195 3.8147e-07
      vertex 21.0404 -29.0368 3.8147e-07
      vertex 16.4096 -46.6253 3.8147e-07
    endloop
  endfacet
  facet normal 0 0 -1
    outer loop
      vertex 19.1771 -67.4674 3.8147e-07
      vertex 20.721 -65.4306 3.8147e-07
      vertex 20.6685 -65.5674 3.8147e-07
    endloop
  endfacet
  facet normal 0 0 -1
    outer loop
      vertex 19.3 -67.3876 3.8147e-07
      vertex 20.6685 -65.5674 3.8147e-07
      vertex 20.6306 -65.7089 3.8147e-07
    endloop
  endfacet
  facet normal 0 0 -1
    outer loop
      vertex 19.4306 -67.321 3.8147e-07
      vertex 20.6306 -65.7089 3.8147e-07
      vertex 20.6077 -65.8537 3.8147e-07
    endloop
  endfacet
  facet normal 0 0 -1
    outer loop
      vertex 19.5674 -67.2685 3.8147e-07
      vertex 20.6077 -65.8537 3.8147e-07
      vertex 20.6 -66 3.8147e-07
    endloop
  endfacet
  facet normal 0 0 -1
    outer loop
      vertex 20 -67.2 3.8147e-07
      vertex 20.6685 -66.4326 3.8147e-07
      vertex 20.1463 -67.2077 3.8147e-07
    endloop
  endfacet
  facet normal 0 0 -1
    outer loop
      vertex 21.0404 -29.0368 3.8147e-07
      vertex 16.1394 -44.9195 3.8147e-07
      vertex 20.9368 -29.1404 3.8147e-07
    endloop
  endfacet
  facet normal -0 0 -1
    outer loop
      vertex 20.6685 -66.4326 3.8147e-07
      vertex 20 -67.2 3.8147e-07
      vertex 20.6306 -66.2911 3.8147e-07
    endloop
  endfacet
  facet normal 0 0 -1
    outer loop
      vertex 20.9368 -29.1404 3.8147e-07
      vertex 16.1394 -44.9195 3.8147e-07
      vertex 20.8229 -29.2326 3.8147e-07
    endloop
  endfacet
  facet normal 0 0 -1
    outer loop
      vertex 19.8537 -67.2077 3.8147e-07
      vertex 20.6306 -66.2911 3.8147e-07
      vertex 20 -67.2 3.8147e-07
    endloop
  endfacet
  facet normal 0 0 -1
    outer loop
      vertex 15.6924 -43.2512 3.8147e-07
      vertex 20.8229 -29.2326 3.8147e-07
      vertex 16.1394 -44.9195 3.8147e-07
    endloop
  endfacet
  facet normal -0 0 -1
    outer loop
      vertex 20.6306 -66.2911 3.8147e-07
      vertex 19.8537 -67.2077 3.8147e-07
      vertex 20.6077 -66.1463 3.8147e-07
    endloop
  endfacet
  facet normal 0 0 -1
    outer loop
      vertex 20.8229 -29.2326 3.8147e-07
      vertex 15.6924 -43.2512 3.8147e-07
      vertex 20.7 -29.3124 3.8147e-07
    endloop
  endfacet
  facet normal 0 0 -1
    outer loop
      vertex 19.7089 -67.2306 3.8147e-07
      vertex 20.6077 -66.1463 3.8147e-07
      vertex 19.8537 -67.2077 3.8147e-07
    endloop
  endfacet
  facet normal 0 0 -1
    outer loop
      vertex 20.7 -29.3124 3.8147e-07
      vertex 15.6924 -43.2512 3.8147e-07
      vertex 20.5694 -29.379 3.8147e-07
    endloop
  endfacet
  facet normal -0 0 -1
    outer loop
      vertex 20.6077 -66.1463 3.8147e-07
      vertex 19.7089 -67.2306 3.8147e-07
      vertex 20.6 -66 3.8147e-07
    endloop
  endfacet
  facet normal 0 0 -1
    outer loop
      vertex 15.0735 -41.6388 3.8147e-07
      vertex 20.5694 -29.379 3.8147e-07
      vertex 15.6924 -43.2512 3.8147e-07
    endloop
  endfacet
  facet normal 0 0 -1
    outer loop
      vertex 19.5674 -67.2685 3.8147e-07
      vertex 20.6 -66 3.8147e-07
      vertex 19.7089 -67.2306 3.8147e-07
    endloop
  endfacet
  facet normal 0 0 -1
    outer loop
      vertex 20.5694 -29.379 3.8147e-07
      vertex 15.0735 -41.6388 3.8147e-07
      vertex 20.4326 -29.4315 3.8147e-07
    endloop
  endfacet
  facet normal 0 0 -1
    outer loop
      vertex 20.6077 -65.8537 3.8147e-07
      vertex 19.5674 -67.2685 3.8147e-07
      vertex 19.4306 -67.321 3.8147e-07
    endloop
  endfacet
  facet normal 0 0 -1
    outer loop
      vertex 20.4326 -29.4315 3.8147e-07
      vertex 15.0735 -41.6388 3.8147e-07
      vertex 20.2911 -29.4694 3.8147e-07
    endloop
  endfacet
  facet normal 0 0 -1
    outer loop
      vertex 20.6306 -65.7089 3.8147e-07
      vertex 19.4306 -67.321 3.8147e-07
      vertex 19.3 -67.3876 3.8147e-07
    endloop
  endfacet
  facet normal 0 0 -1
    outer loop
      vertex 14.2894 -40.1 3.8147e-07
      vertex 20.2911 -29.4694 3.8147e-07
      vertex 15.0735 -41.6388 3.8147e-07
    endloop
  endfacet
  facet normal 0 0 -1
    outer loop
      vertex 20.6685 -65.5674 3.8147e-07
      vertex 19.3 -67.3876 3.8147e-07
      vertex 19.1771 -67.4674 3.8147e-07
    endloop
  endfacet
  facet normal 0 0 -1
    outer loop
      vertex 20.2911 -29.4694 3.8147e-07
      vertex 14.2894 -40.1 3.8147e-07
      vertex 20.1463 -29.4923 3.8147e-07
    endloop
  endfacet
  facet normal 0 0 -1
    outer loop
      vertex 20.721 -65.4306 3.8147e-07
      vertex 19.1771 -67.4674 3.8147e-07
      vertex 19.0632 -67.5596 3.8147e-07
    endloop
  endfacet
  facet normal 0 0 -1
    outer loop
      vertex 20.1463 -29.4923 3.8147e-07
      vertex 14.2894 -40.1 3.8147e-07
      vertex 20 -29.5 3.8147e-07
    endloop
  endfacet
  facet normal 0 0 -1
    outer loop
      vertex 20.7876 -65.3 3.8147e-07
      vertex 19.0632 -67.5596 3.8147e-07
      vertex 18.9596 -67.6632 3.8147e-07
    endloop
  endfacet
  facet normal -0 0 -1
    outer loop
      vertex 20 -29.5 3.8147e-07
      vertex 14.2894 -40.1 3.8147e-07
      vertex 19.8537 -29.4923 3.8147e-07
    endloop
  endfacet
  facet normal 0 0 -1
    outer loop
      vertex 20.7876 -65.3 3.8147e-07
      vertex 16.5 -48.35 3.8147e-07
      vertex 20.8674 -65.1771 3.8147e-07
    endloop
  endfacet
  facet normal 0 0 -1
    outer loop
      vertex 13.3488 -38.6515 3.8147e-07
      vertex 19.8537 -29.4923 3.8147e-07
      vertex 14.2894 -40.1 3.8147e-07
    endloop
  endfacet
  facet normal 0 0 -1
    outer loop
      vertex 16.5 -48.35 3.8147e-07
      vertex 18.9596 -67.6632 3.8147e-07
      vertex 18.8674 -67.7771 3.8147e-07
    endloop
  endfacet
  facet normal -0 0 -1
    outer loop
      vertex 19.8537 -29.4923 3.8147e-07
      vertex 13.3488 -38.6515 3.8147e-07
      vertex 19.7089 -29.4694 3.8147e-07
    endloop
  endfacet
  facet normal 0 0 -1
    outer loop
      vertex 16.5 -48.35 3.8147e-07
      vertex 18.8674 -67.7771 3.8147e-07
      vertex 18.7876 -67.9 3.8147e-07
    endloop
  endfacet
  facet normal -0 0 -1
    outer loop
      vertex 19.7089 -29.4694 3.8147e-07
      vertex 13.3488 -38.6515 3.8147e-07
      vertex 19.5674 -29.4315 3.8147e-07
    endloop
  endfacet
  facet normal 0 0 -1
    outer loop
      vertex 16.5 -48.35 3.8147e-07
      vertex 18.7876 -67.9 3.8147e-07
      vertex 18.721 -68.0306 3.8147e-07
    endloop
  endfacet
  facet normal -0 0 -1
    outer loop
      vertex 19.5674 -29.4315 3.8147e-07
      vertex 13.3488 -38.6515 3.8147e-07
      vertex 19.4306 -29.379 3.8147e-07
    endloop
  endfacet
  facet normal 0 0 -1
    outer loop
      vertex 16.5 -48.35 3.8147e-07
      vertex 18.721 -68.0306 3.8147e-07
      vertex 18.6685 -68.1674 3.8147e-07
    endloop
  endfacet
  facet normal 0 0 -1
    outer loop
      vertex 12.2619 -37.3093 3.8147e-07
      vertex 19.4306 -29.379 3.8147e-07
      vertex 13.3488 -38.6515 3.8147e-07
    endloop
  endfacet
  facet normal 0 0 -1
    outer loop
      vertex 16.5 -48.35 3.8147e-07
      vertex 18.6685 -68.1674 3.8147e-07
      vertex 18.6306 -68.3089 3.8147e-07
    endloop
  endfacet
  facet normal -0 0 -1
    outer loop
      vertex 19.4306 -29.379 3.8147e-07
      vertex 12.2619 -37.3093 3.8147e-07
      vertex 19.3 -29.3124 3.8147e-07
    endloop
  endfacet
  facet normal 0 0 -1
    outer loop
      vertex 16.5 -48.35 3.8147e-07
      vertex 18.6306 -68.3089 3.8147e-07
      vertex 18.6077 -68.4537 3.8147e-07
    endloop
  endfacet
  facet normal -0 0 -1
    outer loop
      vertex 19.3 -29.3124 3.8147e-07
      vertex 12.2619 -37.3093 3.8147e-07
      vertex 19.1771 -29.2326 3.8147e-07
    endloop
  endfacet
  facet normal 0 0 -1
    outer loop
      vertex 8.25 -62.6394 3.8147e-07
      vertex 18.6077 -68.4537 3.8147e-07
      vertex 18.6 -68.6 3.8147e-07
    endloop
  endfacet
  facet normal -0 0 -1
    outer loop
      vertex 19.1771 -29.2326 3.8147e-07
      vertex 12.2619 -37.3093 3.8147e-07
      vertex 19.0632 -29.1404 3.8147e-07
    endloop
  endfacet
  facet normal 0 0 -1
    outer loop
      vertex 21.279 -68.0306 3.8147e-07
      vertex 21.8537 -67.3923 3.8147e-07
      vertex 21.3315 -68.1674 3.8147e-07
    endloop
  endfacet
  facet normal -0 0 -1
    outer loop
      vertex 21.8537 -67.3923 3.8147e-07
      vertex 21.279 -68.0306 3.8147e-07
      vertex 21.7089 -67.3694 3.8147e-07
    endloop
  endfacet
  facet normal 0 0 -1
    outer loop
      vertex 21.2124 -67.9 3.8147e-07
      vertex 21.7089 -67.3694 3.8147e-07
      vertex 21.279 -68.0306 3.8147e-07
    endloop
  endfacet
  facet normal -0 0 -1
    outer loop
      vertex 21.7089 -67.3694 3.8147e-07
      vertex 21.2124 -67.9 3.8147e-07
      vertex 21.5674 -67.3315 3.8147e-07
    endloop
  endfacet
  facet normal 0 0 -1
    outer loop
      vertex 21.1326 -67.7771 3.8147e-07
      vertex 21.5674 -67.3315 3.8147e-07
      vertex 21.2124 -67.9 3.8147e-07
    endloop
  endfacet
  facet normal -0 0 -1
    outer loop
      vertex 21.5674 -67.3315 3.8147e-07
      vertex 21.1326 -67.7771 3.8147e-07
      vertex 21.4306 -67.279 3.8147e-07
    endloop
  endfacet
  facet normal 0 0 -1
    outer loop
      vertex 21.0404 -67.6632 3.8147e-07
      vertex 21.4306 -67.279 3.8147e-07
      vertex 21.1326 -67.7771 3.8147e-07
    endloop
  endfacet
  facet normal -0 0 -1
    outer loop
      vertex 21.4306 -67.279 3.8147e-07
      vertex 21.0404 -67.6632 3.8147e-07
      vertex 21.3 -67.2124 3.8147e-07
    endloop
  endfacet
  facet normal 0 0 -1
    outer loop
      vertex 20.9368 -67.5596 3.8147e-07
      vertex 21.3 -67.2124 3.8147e-07
      vertex 21.0404 -67.6632 3.8147e-07
    endloop
  endfacet
  facet normal -0 0 -1
    outer loop
      vertex 21.3 -67.2124 3.8147e-07
      vertex 20.9368 -67.5596 3.8147e-07
      vertex 21.1771 -67.1326 3.8147e-07
    endloop
  endfacet
  facet normal 0 0 -1
    outer loop
      vertex 20.8229 -67.4674 3.8147e-07
      vertex 21.1771 -67.1326 3.8147e-07
      vertex 20.9368 -67.5596 3.8147e-07
    endloop
  endfacet
  facet normal -0 0 -1
    outer loop
      vertex 21.1771 -67.1326 3.8147e-07
      vertex 20.8229 -67.4674 3.8147e-07
      vertex 21.0632 -67.0404 3.8147e-07
    endloop
  endfacet
  facet normal 0 0 -1
    outer loop
      vertex 20.7 -67.3876 3.8147e-07
      vertex 21.0632 -67.0404 3.8147e-07
      vertex 20.8229 -67.4674 3.8147e-07
    endloop
  endfacet
  facet normal -0 0 -1
    outer loop
      vertex 21.0632 -67.0404 3.8147e-07
      vertex 20.7 -67.3876 3.8147e-07
      vertex 20.9596 -66.9368 3.8147e-07
    endloop
  endfacet
  facet normal 0 0 -1
    outer loop
      vertex 20.5694 -67.321 3.8147e-07
      vertex 20.9596 -66.9368 3.8147e-07
      vertex 20.7 -67.3876 3.8147e-07
    endloop
  endfacet
  facet normal -0 0 -1
    outer loop
      vertex 20.9596 -66.9368 3.8147e-07
      vertex 20.5694 -67.321 3.8147e-07
      vertex 20.8674 -66.8229 3.8147e-07
    endloop
  endfacet
  facet normal 0 0 -1
    outer loop
      vertex 20.4326 -67.2685 3.8147e-07
      vertex 20.8674 -66.8229 3.8147e-07
      vertex 20.5694 -67.321 3.8147e-07
    endloop
  endfacet
  facet normal -0 0 -1
    outer loop
      vertex 20.8674 -66.8229 3.8147e-07
      vertex 20.4326 -67.2685 3.8147e-07
      vertex 20.7876 -66.7 3.8147e-07
    endloop
  endfacet
  facet normal 0 0 -1
    outer loop
      vertex 20.2911 -67.2306 3.8147e-07
      vertex 20.7876 -66.7 3.8147e-07
      vertex 20.4326 -67.2685 3.8147e-07
    endloop
  endfacet
  facet normal -0 0 -1
    outer loop
      vertex 20.7876 -66.7 3.8147e-07
      vertex 20.2911 -67.2306 3.8147e-07
      vertex 20.721 -66.5694 3.8147e-07
    endloop
  endfacet
  facet normal -0 0 -1
    outer loop
      vertex 20.721 -66.5694 3.8147e-07
      vertex 20.1463 -67.2077 3.8147e-07
      vertex 20.6685 -66.4326 3.8147e-07
    endloop
  endfacet
  facet normal 0 0 -1
    outer loop
      vertex 20.1463 -67.2077 3.8147e-07
      vertex 20.721 -66.5694 3.8147e-07
      vertex 20.2911 -67.2306 3.8147e-07
    endloop
  endfacet
  facet normal -0 -0 -1
    outer loop
      vertex 21.4306 14.721 3.8147e-07
      vertex 26.6296 8.65248 3.8147e-07
      vertex 21.3 14.7876 3.8147e-07
    endloop
  endfacet
  facet normal 0 0 -1
    outer loop
      vertex 24.2487 14 3.8147e-07
      vertex 22.5694 14.721 3.8147e-07
      vertex 22.7 14.7876 3.8147e-07
    endloop
  endfacet
  facet normal -0 -0 -1
    outer loop
      vertex 21.8537 14.6077 3.8147e-07
      vertex 25.5793 11.3886 3.8147e-07
      vertex 21.7089 14.6306 3.8147e-07
    endloop
  endfacet
  facet normal 0 0 -1
    outer loop
      vertex 24.2487 14 3.8147e-07
      vertex 22.4326 14.6685 3.8147e-07
      vertex 22.5694 14.721 3.8147e-07
    endloop
  endfacet
  facet normal 0 0 -1
    outer loop
      vertex 24.2487 14 3.8147e-07
      vertex 22.2911 14.6306 3.8147e-07
      vertex 22.4326 14.6685 3.8147e-07
    endloop
  endfacet
  facet normal 0 0 -1
    outer loop
      vertex 24.2487 14 3.8147e-07
      vertex 22.1463 14.6077 3.8147e-07
      vertex 22.2911 14.6306 3.8147e-07
    endloop
  endfacet
  facet normal 0 0 -1
    outer loop
      vertex 25.5793 11.3886 3.8147e-07
      vertex 22.1463 14.6077 3.8147e-07
      vertex 24.2487 14 3.8147e-07
    endloop
  endfacet
  facet normal 0 -0 -1
    outer loop
      vertex 22.1463 14.6077 3.8147e-07
      vertex 25.5793 11.3886 3.8147e-07
      vertex 22 14.6 3.8147e-07
    endloop
  endfacet
  facet normal -0 -0 -1
    outer loop
      vertex 22 14.6 3.8147e-07
      vertex 25.5793 11.3886 3.8147e-07
      vertex 21.8537 14.6077 3.8147e-07
    endloop
  endfacet
  facet normal 0 0 -1
    outer loop
      vertex 25.5793 11.3886 3.8147e-07
      vertex 21.5674 14.6685 3.8147e-07
      vertex 21.7089 14.6306 3.8147e-07
    endloop
  endfacet
  facet normal 0 0 -1
    outer loop
      vertex 26.6296 8.65248 3.8147e-07
      vertex 21.5674 14.6685 3.8147e-07
      vertex 25.5793 11.3886 3.8147e-07
    endloop
  endfacet
  facet normal -0 -0 -1
    outer loop
      vertex 21.5674 14.6685 3.8147e-07
      vertex 26.6296 8.65248 3.8147e-07
      vertex 21.4306 14.721 3.8147e-07
    endloop
  endfacet
  facet normal 0 0 -1
    outer loop
      vertex 4.49951 5.36231 3.8147e-07
      vertex 26.6296 8.65248 3.8147e-07
      vertex 27.3881 5.82153 3.8147e-07
    endloop
  endfacet
  facet normal -0 0 -1
    outer loop
      vertex 26.6296 8.65248 3.8147e-07
      vertex 4.49951 5.36231 3.8147e-07
      vertex 21.3 14.7876 3.8147e-07
    endloop
  endfacet
  facet normal 0 0 -1
    outer loop
      vertex 4.49951 5.36231 3.8147e-07
      vertex 27.8466 2.9268 3.8147e-07
      vertex 28 0 3.8147e-07
    endloop
  endfacet
  facet normal 0 0 -1
    outer loop
      vertex 20.2911 -26.7306 3.8147e-07
      vertex 28 0 3.8147e-07
      vertex 20.4326 -26.7685 3.8147e-07
    endloop
  endfacet
  facet normal 0 0 -1
    outer loop
      vertex 20.1463 -26.7077 3.8147e-07
      vertex 28 0 3.8147e-07
      vertex 20.2911 -26.7306 3.8147e-07
    endloop
  endfacet
  facet normal 0 0 -1
    outer loop
      vertex 4.49951 5.36231 3.8147e-07
      vertex 28 0 3.8147e-07
      vertex 20.1463 -26.7077 3.8147e-07
    endloop
  endfacet
  facet normal 0 0 -1
    outer loop
      vertex 21.1771 14.8674 3.8147e-07
      vertex 13.8199 16.47 3.8147e-07
      vertex 21.0632 14.9596 3.8147e-07
    endloop
  endfacet
  facet normal 0 0 -1
    outer loop
      vertex 21.0632 14.9596 3.8147e-07
      vertex 13.8199 16.47 3.8147e-07
      vertex 20.9596 15.0632 3.8147e-07
    endloop
  endfacet
  facet normal 0 0 -1
    outer loop
      vertex 20.9596 15.0632 3.8147e-07
      vertex 13.8199 16.47 3.8147e-07
      vertex 20.8674 15.1771 3.8147e-07
    endloop
  endfacet
  facet normal 0 0 -1
    outer loop
      vertex 20.8674 15.1771 3.8147e-07
      vertex 13.8199 16.47 3.8147e-07
      vertex 20.7876 15.3 3.8147e-07
    endloop
  endfacet
  facet normal 0.96593 0.258803 0
    outer loop
      vertex 27.3881 5.82153 20.4
      vertex 26.6296 8.65248 3.8147e-07
      vertex 26.6296 8.65248 20.4
    endloop
  endfacet
  facet normal 0.96593 0.258803 0
    outer loop
      vertex 26.6296 8.65248 3.8147e-07
      vertex 27.3881 5.82153 20.4
      vertex 27.3881 5.82153 3.8147e-07
    endloop
  endfacet
  facet normal -0.544703 -0.838629 0
    outer loop
      vertex -25.5267 -74.8541 3.8147e-07
      vertex -25 -75.1962 20.4
      vertex -25.5267 -74.8541 20.4
    endloop
  endfacet
  facet normal -0.544703 -0.838629 -0
    outer loop
      vertex -25 -75.1962 20.4
      vertex -25.5267 -74.8541 3.8147e-07
      vertex -25 -75.1962 3.8147e-07
    endloop
  endfacet
  facet normal -0.838629 -0.544703 0
    outer loop
      vertex -26.8541 -73.5267 3.8147e-07
      vertex -27.1962 -73 20.4
      vertex -27.1962 -73 3.8147e-07
    endloop
  endfacet
  facet normal -0.838629 -0.544703 0
    outer loop
      vertex -27.1962 -73 20.4
      vertex -26.8541 -73.5267 3.8147e-07
      vertex -26.8541 -73.5267 20.4
    endloop
  endfacet
  facet normal 0.838678 0.544627 0
    outer loop
      vertex 24.2487 14 20.4
      vertex 23.2941 15.47 3.8147e-07
      vertex 23.2941 15.47 20.4
    endloop
  endfacet
  facet normal 0.838678 0.544627 0
    outer loop
      vertex 23.2941 15.47 3.8147e-07
      vertex 24.2487 14 20.4
      vertex 24.2487 14 3.8147e-07
    endloop
  endfacet
  facet normal -0.707107 0.707107 0
    outer loop
      vertex -20.8081 18.7357 3.8147e-07
      vertex -18.7357 20.8081 20.4
      vertex -18.7357 20.8081 3.8147e-07
    endloop
  endfacet
  facet normal -0.707107 0.707107 0
    outer loop
      vertex -18.7357 20.8081 20.4
      vertex -20.8081 18.7357 3.8147e-07
      vertex -20.8081 18.7357 20.4
    endloop
  endfacet
  facet normal -0.933612 -0.358285 0
    outer loop
      vertex -27.4813 -72.4404 3.8147e-07
      vertex -27.7063 -71.8541 20.4
      vertex -27.7063 -71.8541 3.8147e-07
    endloop
  endfacet
  facet normal -0.933612 -0.358285 0
    outer loop
      vertex -27.7063 -71.8541 20.4
      vertex -27.4813 -72.4404 3.8147e-07
      vertex -27.4813 -72.4404 20.4
    endloop
  endfacet
  facet normal 0.629267 -0.777189 0
    outer loop
      vertex 25.5267 -74.8541 3.8147e-07
      vertex 26.0148 -74.4589 20.4
      vertex 25.5267 -74.8541 20.4
    endloop
  endfacet
  facet normal 0.629267 -0.777189 0
    outer loop
      vertex 26.0148 -74.4589 20.4
      vertex 25.5267 -74.8541 3.8147e-07
      vertex 26.0148 -74.4589 3.8147e-07
    endloop
  endfacet
  facet normal 0.156363 -0.9877 0
    outer loop
      vertex 22.6272 -75.9671 3.8147e-07
      vertex 23.2475 -75.8689 20.4
      vertex 22.6272 -75.9671 20.4
    endloop
  endfacet
  facet normal 0.156363 -0.9877 0
    outer loop
      vertex 23.2475 -75.8689 20.4
      vertex 22.6272 -75.9671 3.8147e-07
      vertex 23.2475 -75.8689 3.8147e-07
    endloop
  endfacet
  facet normal 0.629311 0.777153 -0
    outer loop
      vertex 18.7357 20.8081 3.8147e-07
      vertex 16.458 22.6525 20.4
      vertex 18.7357 20.8081 20.4
    endloop
  endfacet
  facet normal 0.629311 0.777153 0
    outer loop
      vertex 16.458 22.6525 20.4
      vertex 18.7357 20.8081 3.8147e-07
      vertex 16.458 22.6525 3.8147e-07
    endloop
  endfacet
  facet normal 0.707107 -0.707107 0
    outer loop
      vertex 26.0148 -74.4589 3.8147e-07
      vertex 26.4589 -74.0148 20.4
      vertex 26.0148 -74.4589 20.4
    endloop
  endfacet
  facet normal 0.707107 -0.707107 0
    outer loop
      vertex 26.4589 -74.0148 20.4
      vertex 26.0148 -74.4589 3.8147e-07
      vertex 26.4589 -74.0148 3.8147e-07
    endloop
  endfacet
  facet normal 0.777189 -0.629267 0
    outer loop
      vertex 26.4589 -74.0148 20.4
      vertex 26.8541 -73.5267 3.8147e-07
      vertex 26.8541 -73.5267 20.4
    endloop
  endfacet
  facet normal 0.777189 -0.629267 0
    outer loop
      vertex 26.8541 -73.5267 3.8147e-07
      vertex 26.4589 -74.0148 20.4
      vertex 26.4589 -74.0148 3.8147e-07
    endloop
  endfacet
  facet normal 0.358369 0.93358 -0
    outer loop
      vertex 11.3886 25.5793 3.8147e-07
      vertex 8.65248 26.6296 20.4
      vertex 11.3886 25.5793 20.4
    endloop
  endfacet
  facet normal 0.358369 0.93358 0
    outer loop
      vertex 8.65248 26.6296 20.4
      vertex 11.3886 25.5793 3.8147e-07
      vertex 8.65248 26.6296 3.8147e-07
    endloop
  endfacet
  facet normal 0 0 1
    outer loop
      vertex 20.6077 -65.8537 20.4
      vertex -20.6077 -65.8537 20.4
      vertex -20.6 -66 20.4
    endloop
  endfacet
  facet normal 0 0 1
    outer loop
      vertex -18.43 -16.5944 20.4
      vertex -20.6306 -65.7089 20.4
      vertex -20.6077 -65.8537 20.4
    endloop
  endfacet
  facet normal 0 0 1
    outer loop
      vertex -18.43 -16.5944 20.4
      vertex -20.6685 -65.5674 20.4
      vertex -20.6306 -65.7089 20.4
    endloop
  endfacet
  facet normal 0 0 1
    outer loop
      vertex -18.43 -16.5944 20.4
      vertex -20.721 -65.4306 20.4
      vertex -20.6685 -65.5674 20.4
    endloop
  endfacet
  facet normal 0 0 1
    outer loop
      vertex -18.43 -16.5944 20.4
      vertex -20.7876 -65.3 20.4
      vertex -20.721 -65.4306 20.4
    endloop
  endfacet
  facet normal 0 0 1
    outer loop
      vertex -18.43 -16.5944 20.4
      vertex -20.8674 -65.1771 20.4
      vertex -20.7876 -65.3 20.4
    endloop
  endfacet
  facet normal 0 0 1
    outer loop
      vertex -18.43 -16.5944 20.4
      vertex -20.9596 -65.0632 20.4
      vertex -20.8674 -65.1771 20.4
    endloop
  endfacet
  facet normal 0 0 1
    outer loop
      vertex -18.43 -16.5944 20.4
      vertex -21.0632 -64.9596 20.4
      vertex -20.9596 -65.0632 20.4
    endloop
  endfacet
  facet normal 0 0 1
    outer loop
      vertex -18.43 -16.5944 20.4
      vertex -21.1771 -64.8674 20.4
      vertex -21.0632 -64.9596 20.4
    endloop
  endfacet
  facet normal 0 0 1
    outer loop
      vertex -18.43 -16.5944 20.4
      vertex -21.3 -64.7876 20.4
      vertex -21.1771 -64.8674 20.4
    endloop
  endfacet
  facet normal 0 0 1
    outer loop
      vertex -18.43 -16.5944 20.4
      vertex -21.4306 -64.721 20.4
      vertex -21.3 -64.7876 20.4
    endloop
  endfacet
  facet normal 0 0 1
    outer loop
      vertex -23.1326 -65.1771 20.4
      vertex -20.0636 -14.5771 20.4
      vertex -21.4774 -12.4 20.4
    endloop
  endfacet
  facet normal 0 0 1
    outer loop
      vertex -18.43 -16.5944 20.4
      vertex -21.5674 -64.6685 20.4
      vertex -21.4306 -64.721 20.4
    endloop
  endfacet
  facet normal 0 0 1
    outer loop
      vertex -18.43 -16.5944 20.4
      vertex -21.7089 -64.6306 20.4
      vertex -21.5674 -64.6685 20.4
    endloop
  endfacet
  facet normal 0 0 1
    outer loop
      vertex -18.43 -16.5944 20.4
      vertex -21.8537 -64.6077 20.4
      vertex -21.7089 -64.6306 20.4
    endloop
  endfacet
  facet normal 0 0 1
    outer loop
      vertex -18.43 -16.5944 20.4
      vertex -22 -64.6 20.4
      vertex -21.8537 -64.6077 20.4
    endloop
  endfacet
  facet normal 0 0 1
    outer loop
      vertex -18.43 -16.5944 20.4
      vertex -22.1463 -64.6077 20.4
      vertex -22 -64.6 20.4
    endloop
  endfacet
  facet normal 0 0 1
    outer loop
      vertex -18.43 -16.5944 20.4
      vertex -22.2911 -64.6306 20.4
      vertex -22.1463 -64.6077 20.4
    endloop
  endfacet
  facet normal 0 0 1
    outer loop
      vertex -18.43 -16.5944 20.4
      vertex -22.4326 -64.6685 20.4
      vertex -22.2911 -64.6306 20.4
    endloop
  endfacet
  facet normal 0 0 1
    outer loop
      vertex -18.43 -16.5944 20.4
      vertex -22.5694 -64.721 20.4
      vertex -22.4326 -64.6685 20.4
    endloop
  endfacet
  facet normal 0 0 1
    outer loop
      vertex -23.2124 -65.3 20.4
      vertex -21.4774 -12.4 20.4
      vertex -22.6559 -10.0871 20.4
    endloop
  endfacet
  facet normal 0 0 1
    outer loop
      vertex -18.43 -16.5944 20.4
      vertex -22.7 -64.7876 20.4
      vertex -22.5694 -64.721 20.4
    endloop
  endfacet
  facet normal 0 0 1
    outer loop
      vertex -18.43 -16.5944 20.4
      vertex -22.8229 -64.8674 20.4
      vertex -22.7 -64.7876 20.4
    endloop
  endfacet
  facet normal 0 0 1
    outer loop
      vertex -18.43 -16.5944 20.4
      vertex -22.9368 -64.9596 20.4
      vertex -22.8229 -64.8674 20.4
    endloop
  endfacet
  facet normal 0 0 1
    outer loop
      vertex -20.0636 -14.5771 20.4
      vertex -23.0404 -65.0632 20.4
      vertex -22.9368 -64.9596 20.4
    endloop
  endfacet
  facet normal 0 0 1
    outer loop
      vertex -20.0636 -14.5771 20.4
      vertex -23.1326 -65.1771 20.4
      vertex -23.0404 -65.0632 20.4
    endloop
  endfacet
  facet normal 0 0 1
    outer loop
      vertex -21.4774 -12.4 20.4
      vertex -23.2124 -65.3 20.4
      vertex -23.1326 -65.1771 20.4
    endloop
  endfacet
  facet normal 0 0 1
    outer loop
      vertex -22.6559 -10.0871 20.4
      vertex -23.279 -65.4306 20.4
      vertex -23.2124 -65.3 20.4
    endloop
  endfacet
  facet normal 0 0 1
    outer loop
      vertex -22.6559 -10.0871 20.4
      vertex -23.3315 -65.5674 20.4
      vertex -23.279 -65.4306 20.4
    endloop
  endfacet
  facet normal 0 0 1
    outer loop
      vertex -23.5862 -7.66362 20.4
      vertex -23.3315 -65.5674 20.4
      vertex -22.6559 -10.0871 20.4
    endloop
  endfacet
  facet normal 0 0 1
    outer loop
      vertex -23.3315 -65.5674 20.4
      vertex -23.5862 -7.66362 20.4
      vertex -23.3694 -65.7089 20.4
    endloop
  endfacet
  facet normal 0 0 1
    outer loop
      vertex -24.2581 -5.15621 20.4
      vertex -23.3694 -65.7089 20.4
      vertex -23.5862 -7.66362 20.4
    endloop
  endfacet
  facet normal 0 0 1
    outer loop
      vertex -25.5267 -74.8541 20.4
      vertex -23.3694 -65.7089 20.4
      vertex -24.2581 -5.15621 20.4
    endloop
  endfacet
  facet normal 0 0 1
    outer loop
      vertex -18.43 16.5944 20.4
      vertex -20.6077 15.8537 20.4
      vertex -20.0636 14.5771 20.4
    endloop
  endfacet
  facet normal -0 0 1
    outer loop
      vertex -20.6306 15.7089 20.4
      vertex -20.0636 14.5771 20.4
      vertex -20.6077 15.8537 20.4
    endloop
  endfacet
  facet normal -0 0 1
    outer loop
      vertex -20.6685 15.5674 20.4
      vertex -20.0636 14.5771 20.4
      vertex -20.6306 15.7089 20.4
    endloop
  endfacet
  facet normal -0 0 1
    outer loop
      vertex -20.721 15.4306 20.4
      vertex -20.0636 14.5771 20.4
      vertex -20.6685 15.5674 20.4
    endloop
  endfacet
  facet normal -0 0 1
    outer loop
      vertex -20.7876 15.3 20.4
      vertex -20.0636 14.5771 20.4
      vertex -20.721 15.4306 20.4
    endloop
  endfacet
  facet normal -0 0 1
    outer loop
      vertex -20.8674 15.1771 20.4
      vertex -20.0636 14.5771 20.4
      vertex -20.7876 15.3 20.4
    endloop
  endfacet
  facet normal -0 0 1
    outer loop
      vertex -20.9596 15.0632 20.4
      vertex -20.0636 14.5771 20.4
      vertex -20.8674 15.1771 20.4
    endloop
  endfacet
  facet normal -0 0 1
    outer loop
      vertex -21.0632 14.9596 20.4
      vertex -20.0636 14.5771 20.4
      vertex -20.9596 15.0632 20.4
    endloop
  endfacet
  facet normal -0 0 1
    outer loop
      vertex -21.1771 14.8674 20.4
      vertex -20.0636 14.5771 20.4
      vertex -21.0632 14.9596 20.4
    endloop
  endfacet
  facet normal -0 0 1
    outer loop
      vertex -21.3 14.7876 20.4
      vertex -20.0636 14.5771 20.4
      vertex -21.1771 14.8674 20.4
    endloop
  endfacet
  facet normal -0 0 1
    outer loop
      vertex -21.4306 14.721 20.4
      vertex -20.0636 14.5771 20.4
      vertex -21.3 14.7876 20.4
    endloop
  endfacet
  facet normal 0 0 1
    outer loop
      vertex -21.4306 14.721 20.4
      vertex -21.4774 12.4 20.4
      vertex -20.0636 14.5771 20.4
    endloop
  endfacet
  facet normal -0 0 1
    outer loop
      vertex -21.5674 14.6685 20.4
      vertex -21.4774 12.4 20.4
      vertex -21.4306 14.721 20.4
    endloop
  endfacet
  facet normal -0 0 1
    outer loop
      vertex -21.7089 14.6306 20.4
      vertex -21.4774 12.4 20.4
      vertex -21.5674 14.6685 20.4
    endloop
  endfacet
  facet normal -0 0 1
    outer loop
      vertex -21.8537 14.6077 20.4
      vertex -21.4774 12.4 20.4
      vertex -21.7089 14.6306 20.4
    endloop
  endfacet
  facet normal -0 0 1
    outer loop
      vertex -22 14.6 20.4
      vertex -21.4774 12.4 20.4
      vertex -21.8537 14.6077 20.4
    endloop
  endfacet
  facet normal 0 0 1
    outer loop
      vertex -22.1463 14.6077 20.4
      vertex -21.4774 12.4 20.4
      vertex -22 14.6 20.4
    endloop
  endfacet
  facet normal 0 0 1
    outer loop
      vertex -22.2911 14.6306 20.4
      vertex -21.4774 12.4 20.4
      vertex -22.1463 14.6077 20.4
    endloop
  endfacet
  facet normal 0 0 1
    outer loop
      vertex -22.4326 14.6685 20.4
      vertex -21.4774 12.4 20.4
      vertex -22.2911 14.6306 20.4
    endloop
  endfacet
  facet normal 0 0 1
    outer loop
      vertex -24.2487 14 20.4
      vertex -22.4326 14.6685 20.4
      vertex -22.5694 14.721 20.4
    endloop
  endfacet
  facet normal 0 0 1
    outer loop
      vertex -22.4326 14.6685 20.4
      vertex -24.2487 14 20.4
      vertex -21.4774 12.4 20.4
    endloop
  endfacet
  facet normal 0 0 1
    outer loop
      vertex -24.2487 14 20.4
      vertex -22.5694 14.721 20.4
      vertex -22.7 14.7876 20.4
    endloop
  endfacet
  facet normal 0 0 1
    outer loop
      vertex -24.2487 14 20.4
      vertex -22.7 14.7876 20.4
      vertex -22.8229 14.8674 20.4
    endloop
  endfacet
  facet normal 0 0 1
    outer loop
      vertex -24.2487 14 20.4
      vertex -22.8229 14.8674 20.4
      vertex -22.9368 14.9596 20.4
    endloop
  endfacet
  facet normal 0 0 1
    outer loop
      vertex -24.2487 14 20.4
      vertex -22.9368 14.9596 20.4
      vertex -23.0404 15.0632 20.4
    endloop
  endfacet
  facet normal 0 0 1
    outer loop
      vertex -24.2487 14 20.4
      vertex -23.0404 15.0632 20.4
      vertex -23.1326 15.1771 20.4
    endloop
  endfacet
  facet normal 0 0 1
    outer loop
      vertex -24.2487 14 20.4
      vertex -23.1326 15.1771 20.4
      vertex -23.2124 15.3 20.4
    endloop
  endfacet
  facet normal 0 0 1
    outer loop
      vertex -24.2487 14 20.4
      vertex -23.2124 15.3 20.4
      vertex -23.279 15.4306 20.4
    endloop
  endfacet
  facet normal 0 0 1
    outer loop
      vertex -24.2487 14 20.4
      vertex -23.279 15.4306 20.4
      vertex -23.2941 15.47 20.4
    endloop
  endfacet
  facet normal 0 0 1
    outer loop
      vertex -21.4774 12.4 20.4
      vertex -24.2487 14 20.4
      vertex -22.6559 10.0871 20.4
    endloop
  endfacet
  facet normal -0 0 1
    outer loop
      vertex -25.5793 11.3886 20.4
      vertex -22.6559 10.0871 20.4
      vertex -24.2487 14 20.4
    endloop
  endfacet
  facet normal 0 0 1
    outer loop
      vertex -22.6559 10.0871 20.4
      vertex -25.5793 11.3886 20.4
      vertex -23.5862 7.66362 20.4
    endloop
  endfacet
  facet normal -0 0 1
    outer loop
      vertex -26.6296 8.65248 20.4
      vertex -23.5862 7.66362 20.4
      vertex -25.5793 11.3886 20.4
    endloop
  endfacet
  facet normal 0 0 1
    outer loop
      vertex -23.5862 7.66362 20.4
      vertex -26.6296 8.65248 20.4
      vertex -24.2581 5.15621 20.4
    endloop
  endfacet
  facet normal 0 0 1
    outer loop
      vertex -22.2911 -67.3694 20.4
      vertex -25.5267 -74.8541 20.4
      vertex -25 -75.1962 20.4
    endloop
  endfacet
  facet normal -0 0 1
    outer loop
      vertex -27.3881 5.82153 20.4
      vertex -24.2581 5.15621 20.4
      vertex -26.6296 8.65248 20.4
    endloop
  endfacet
  facet normal 0 0 1
    outer loop
      vertex -24.2581 5.15621 20.4
      vertex -27.3881 5.82153 20.4
      vertex -24.6641 2.59231 20.4
    endloop
  endfacet
  facet normal 0 0 1
    outer loop
      vertex -24.6641 -2.59231 20.4
      vertex -28 0 20.4
      vertex -28 -70 20.4
    endloop
  endfacet
  facet normal 0 0 1
    outer loop
      vertex -24.6641 -2.59231 20.4
      vertex -28 -70 20.4
      vertex -25.5267 -74.8541 20.4
    endloop
  endfacet
  facet normal -0 0 1
    outer loop
      vertex -27.8466 2.9268 20.4
      vertex -24.6641 2.59231 20.4
      vertex -27.3881 5.82153 20.4
    endloop
  endfacet
  facet normal 0 0 1
    outer loop
      vertex -25.5267 -74.8541 20.4
      vertex -28 -70 20.4
      vertex -26.0148 -74.4589 20.4
    endloop
  endfacet
  facet normal 0 0 1
    outer loop
      vertex -26.0148 -74.4589 20.4
      vertex -28 -70 20.4
      vertex -26.4589 -74.0148 20.4
    endloop
  endfacet
  facet normal 0 0 1
    outer loop
      vertex -24.6641 2.59231 20.4
      vertex -27.8466 2.9268 20.4
      vertex -24.8 0 20.4
    endloop
  endfacet
  facet normal 0 0 1
    outer loop
      vertex -26.4589 -74.0148 20.4
      vertex -28 -70 20.4
      vertex -26.8541 -73.5267 20.4
    endloop
  endfacet
  facet normal 0 0 1
    outer loop
      vertex -26.8541 -73.5267 20.4
      vertex -28 -70 20.4
      vertex -27.1962 -73 20.4
    endloop
  endfacet
  facet normal 0 0 1
    outer loop
      vertex -24.8 0 20.4
      vertex -27.8466 2.9268 20.4
      vertex -28 0 20.4
    endloop
  endfacet
  facet normal 0 0 1
    outer loop
      vertex -27.1962 -73 20.4
      vertex -28 -70 20.4
      vertex -27.4813 -72.4404 20.4
    endloop
  endfacet
  facet normal 0 0 1
    outer loop
      vertex -27.4813 -72.4404 20.4
      vertex -28 -70 20.4
      vertex -27.7063 -71.8541 20.4
    endloop
  endfacet
  facet normal 0 0 1
    outer loop
      vertex -27.7063 -71.8541 20.4
      vertex -28 -70 20.4
      vertex -27.8689 -71.2475 20.4
    endloop
  endfacet
  facet normal 0 0 1
    outer loop
      vertex -27.8689 -71.2475 20.4
      vertex -28 -70 20.4
      vertex -27.9671 -70.6272 20.4
    endloop
  endfacet
  facet normal 0 0 1
    outer loop
      vertex 20.8081 18.7357 20.4
      vertex 21.8537 17.3923 20.4
      vertex 21.8941 17.3945 20.4
    endloop
  endfacet
  facet normal 0 0 1
    outer loop
      vertex 20.8081 18.7357 20.4
      vertex 21.7089 17.3694 20.4
      vertex 21.8537 17.3923 20.4
    endloop
  endfacet
  facet normal 0 0 1
    outer loop
      vertex 20.8081 18.7357 20.4
      vertex 21.5674 17.3315 20.4
      vertex 21.7089 17.3694 20.4
    endloop
  endfacet
  facet normal 0 0 1
    outer loop
      vertex 20.8081 18.7357 20.4
      vertex 21.4306 17.279 20.4
      vertex 21.5674 17.3315 20.4
    endloop
  endfacet
  facet normal 0 0 1
    outer loop
      vertex 20.8081 18.7357 20.4
      vertex 21.3 17.2124 20.4
      vertex 21.4306 17.279 20.4
    endloop
  endfacet
  facet normal 0 0 1
    outer loop
      vertex 20.8081 18.7357 20.4
      vertex 21.1771 17.1326 20.4
      vertex 21.3 17.2124 20.4
    endloop
  endfacet
  facet normal 0 0 1
    outer loop
      vertex 20.8081 18.7357 20.4
      vertex 21.0632 17.0404 20.4
      vertex 21.1771 17.1326 20.4
    endloop
  endfacet
  facet normal 0 0 1
    outer loop
      vertex 20.8081 18.7357 20.4
      vertex 20.9596 16.9368 20.4
      vertex 21.0632 17.0404 20.4
    endloop
  endfacet
  facet normal 0 0 1
    outer loop
      vertex 20.8081 18.7357 20.4
      vertex 20.8674 16.8229 20.4
      vertex 20.9596 16.9368 20.4
    endloop
  endfacet
  facet normal 0 0 1
    outer loop
      vertex 18.43 16.5944 20.4
      vertex 20.8674 16.8229 20.4
      vertex 20.8081 18.7357 20.4
    endloop
  endfacet
  facet normal 0 0 1
    outer loop
      vertex 20.8674 16.8229 20.4
      vertex 18.43 16.5944 20.4
      vertex 20.7876 16.7 20.4
    endloop
  endfacet
  facet normal 0 0 1
    outer loop
      vertex 20.7876 16.7 20.4
      vertex 18.43 16.5944 20.4
      vertex 20.721 16.5694 20.4
    endloop
  endfacet
  facet normal 0 0 1
    outer loop
      vertex 20.721 16.5694 20.4
      vertex 18.43 16.5944 20.4
      vertex 20.6685 16.4326 20.4
    endloop
  endfacet
  facet normal 0 0 1
    outer loop
      vertex 20.6685 16.4326 20.4
      vertex 18.43 16.5944 20.4
      vertex 20.6306 16.2911 20.4
    endloop
  endfacet
  facet normal 0 0 1
    outer loop
      vertex 18.43 16.5944 20.4
      vertex 20.6 16 20.4
      vertex 20.6077 16.1463 20.4
    endloop
  endfacet
  facet normal 0 0 1
    outer loop
      vertex 20.6306 16.2911 20.4
      vertex 18.43 16.5944 20.4
      vertex 20.6077 16.1463 20.4
    endloop
  endfacet
  facet normal 0 0 1
    outer loop
      vertex 18.43 16.5944 20.4
      vertex 20.8081 18.7357 20.4
      vertex 18.7357 20.8081 20.4
    endloop
  endfacet
  facet normal 0 0 1
    outer loop
      vertex 20.6 16 20.4
      vertex 18.43 16.5944 20.4
      vertex 20.0636 14.5771 20.4
    endloop
  endfacet
  facet normal 0 0 1
    outer loop
      vertex 18.7357 20.8081 20.4
      vertex 16.5944 18.43 20.4
      vertex 18.43 16.5944 20.4
    endloop
  endfacet
  facet normal 0 0 1
    outer loop
      vertex 16.458 22.6525 20.4
      vertex 16.5944 18.43 20.4
      vertex 18.7357 20.8081 20.4
    endloop
  endfacet
  facet normal 0 0 1
    outer loop
      vertex 16.458 22.6525 20.4
      vertex 14.5771 20.0636 20.4
      vertex 16.5944 18.43 20.4
    endloop
  endfacet
  facet normal 0 0 1
    outer loop
      vertex 14 24.2487 20.4
      vertex 14.5771 20.0636 20.4
      vertex 16.458 22.6525 20.4
    endloop
  endfacet
  facet normal 0 0 1
    outer loop
      vertex 14 24.2487 20.4
      vertex 12.4 21.4774 20.4
      vertex 14.5771 20.0636 20.4
    endloop
  endfacet
  facet normal 0 0 1
    outer loop
      vertex 11.3886 25.5793 20.4
      vertex 12.4 21.4774 20.4
      vertex 14 24.2487 20.4
    endloop
  endfacet
  facet normal 0 0 1
    outer loop
      vertex 11.3886 25.5793 20.4
      vertex 10.0871 22.6559 20.4
      vertex 12.4 21.4774 20.4
    endloop
  endfacet
  facet normal 0 0 1
    outer loop
      vertex 8.65248 26.6296 20.4
      vertex 10.0871 22.6559 20.4
      vertex 11.3886 25.5793 20.4
    endloop
  endfacet
  facet normal 0 0 1
    outer loop
      vertex 8.65248 26.6296 20.4
      vertex 7.66362 23.5862 20.4
      vertex 10.0871 22.6559 20.4
    endloop
  endfacet
  facet normal 0 0 1
    outer loop
      vertex 5.82153 27.3881 20.4
      vertex 7.66362 23.5862 20.4
      vertex 8.65248 26.6296 20.4
    endloop
  endfacet
  facet normal 0 0 1
    outer loop
      vertex 5.82153 27.3881 20.4
      vertex 5.15621 24.2581 20.4
      vertex 7.66362 23.5862 20.4
    endloop
  endfacet
  facet normal 0 0 1
    outer loop
      vertex 2.9268 27.8466 20.4
      vertex 5.15621 24.2581 20.4
      vertex 5.82153 27.3881 20.4
    endloop
  endfacet
  facet normal 0 0 1
    outer loop
      vertex 2.9268 27.8466 20.4
      vertex 2.59231 24.6641 20.4
      vertex 5.15621 24.2581 20.4
    endloop
  endfacet
  facet normal 0 0 1
    outer loop
      vertex 0 28 20.4
      vertex 2.59231 24.6641 20.4
      vertex 2.9268 27.8466 20.4
    endloop
  endfacet
  facet normal 0 0 1
    outer loop
      vertex 0 28 20.4
      vertex 0 24.8 20.4
      vertex 2.59231 24.6641 20.4
    endloop
  endfacet
  facet normal 0 0 1
    outer loop
      vertex 0 28 20.4
      vertex -2.59231 24.6641 20.4
      vertex 0 24.8 20.4
    endloop
  endfacet
  facet normal -0 0 1
    outer loop
      vertex -2.9268 27.8466 20.4
      vertex -2.59231 24.6641 20.4
      vertex 0 28 20.4
    endloop
  endfacet
  facet normal 0 0 1
    outer loop
      vertex -2.9268 27.8466 20.4
      vertex -5.15621 24.2581 20.4
      vertex -2.59231 24.6641 20.4
    endloop
  endfacet
  facet normal -0 0 1
    outer loop
      vertex -5.82153 27.3881 20.4
      vertex -5.15621 24.2581 20.4
      vertex -2.9268 27.8466 20.4
    endloop
  endfacet
  facet normal 0 0 1
    outer loop
      vertex -5.82153 27.3881 20.4
      vertex -7.66362 23.5862 20.4
      vertex -5.15621 24.2581 20.4
    endloop
  endfacet
  facet normal -0 0 1
    outer loop
      vertex -8.65248 26.6296 20.4
      vertex -7.66362 23.5862 20.4
      vertex -5.82153 27.3881 20.4
    endloop
  endfacet
  facet normal 0 0 1
    outer loop
      vertex -8.65248 26.6296 20.4
      vertex -10.0871 22.6559 20.4
      vertex -7.66362 23.5862 20.4
    endloop
  endfacet
  facet normal -0 0 1
    outer loop
      vertex -11.3886 25.5793 20.4
      vertex -10.0871 22.6559 20.4
      vertex -8.65248 26.6296 20.4
    endloop
  endfacet
  facet normal 0 0 1
    outer loop
      vertex -11.3886 25.5793 20.4
      vertex -12.4 21.4774 20.4
      vertex -10.0871 22.6559 20.4
    endloop
  endfacet
  facet normal -0 0 1
    outer loop
      vertex -14 24.2487 20.4
      vertex -12.4 21.4774 20.4
      vertex -11.3886 25.5793 20.4
    endloop
  endfacet
  facet normal 0 0 1
    outer loop
      vertex -14 24.2487 20.4
      vertex -14.5771 20.0636 20.4
      vertex -12.4 21.4774 20.4
    endloop
  endfacet
  facet normal -0 0 1
    outer loop
      vertex -16.458 22.6525 20.4
      vertex -14.5771 20.0636 20.4
      vertex -14 24.2487 20.4
    endloop
  endfacet
  facet normal 0 0 1
    outer loop
      vertex -16.458 22.6525 20.4
      vertex -16.5944 18.43 20.4
      vertex -14.5771 20.0636 20.4
    endloop
  endfacet
  facet normal -0 0 1
    outer loop
      vertex -18.7357 20.8081 20.4
      vertex -16.5944 18.43 20.4
      vertex -16.458 22.6525 20.4
    endloop
  endfacet
  facet normal 0 0 1
    outer loop
      vertex -16.5944 18.43 20.4
      vertex -18.7357 20.8081 20.4
      vertex -18.43 16.5944 20.4
    endloop
  endfacet
  facet normal -0 0 1
    outer loop
      vertex -20.8081 18.7357 20.4
      vertex -18.43 16.5944 20.4
      vertex -18.7357 20.8081 20.4
    endloop
  endfacet
  facet normal 0 -0 1
    outer loop
      vertex -20.6 16 20.4
      vertex -18.43 16.5944 20.4
      vertex -20.6077 16.1463 20.4
    endloop
  endfacet
  facet normal 0 0 1
    outer loop
      vertex -20.6077 15.8537 20.4
      vertex -18.43 16.5944 20.4
      vertex -20.6 16 20.4
    endloop
  endfacet
  facet normal 0 0 1
    outer loop
      vertex -18.43 16.5944 20.4
      vertex -20.6306 16.2911 20.4
      vertex -20.6077 16.1463 20.4
    endloop
  endfacet
  facet normal 0 0 1
    outer loop
      vertex -18.43 16.5944 20.4
      vertex -20.6685 16.4326 20.4
      vertex -20.6306 16.2911 20.4
    endloop
  endfacet
  facet normal 0 0 1
    outer loop
      vertex -18.43 16.5944 20.4
      vertex -20.721 16.5694 20.4
      vertex -20.6685 16.4326 20.4
    endloop
  endfacet
  facet normal -0 0 1
    outer loop
      vertex -20.8674 16.8229 20.4
      vertex -18.43 16.5944 20.4
      vertex -20.8081 18.7357 20.4
    endloop
  endfacet
  facet normal 0 0 1
    outer loop
      vertex -18.43 16.5944 20.4
      vertex -20.7876 16.7 20.4
      vertex -20.721 16.5694 20.4
    endloop
  endfacet
  facet normal 0 0 1
    outer loop
      vertex -18.43 16.5944 20.4
      vertex -20.8674 16.8229 20.4
      vertex -20.7876 16.7 20.4
    endloop
  endfacet
  facet normal 0 0 1
    outer loop
      vertex -20.8081 18.7357 20.4
      vertex -20.9596 16.9368 20.4
      vertex -20.8674 16.8229 20.4
    endloop
  endfacet
  facet normal 0 0 1
    outer loop
      vertex -20.8081 18.7357 20.4
      vertex -21.0632 17.0404 20.4
      vertex -20.9596 16.9368 20.4
    endloop
  endfacet
  facet normal 0 0 1
    outer loop
      vertex -20.8081 18.7357 20.4
      vertex -21.1771 17.1326 20.4
      vertex -21.0632 17.0404 20.4
    endloop
  endfacet
  facet normal 0 0 1
    outer loop
      vertex -20.8081 18.7357 20.4
      vertex -21.3 17.2124 20.4
      vertex -21.1771 17.1326 20.4
    endloop
  endfacet
  facet normal 0 0 1
    outer loop
      vertex -20.8081 18.7357 20.4
      vertex -21.4306 17.279 20.4
      vertex -21.3 17.2124 20.4
    endloop
  endfacet
  facet normal 0 0 1
    outer loop
      vertex -20.8081 18.7357 20.4
      vertex -21.5674 17.3315 20.4
      vertex -21.4306 17.279 20.4
    endloop
  endfacet
  facet normal 0 0 1
    outer loop
      vertex -20.8081 18.7357 20.4
      vertex -21.7089 17.3694 20.4
      vertex -21.5674 17.3315 20.4
    endloop
  endfacet
  facet normal 0 0 1
    outer loop
      vertex -20.8081 18.7357 20.4
      vertex -21.8537 17.3923 20.4
      vertex -21.7089 17.3694 20.4
    endloop
  endfacet
  facet normal 0 -0 1
    outer loop
      vertex -21.8537 17.3923 20.4
      vertex -20.8081 18.7357 20.4
      vertex -21.8941 17.3945 20.4
    endloop
  endfacet
  facet normal -0 0 1
    outer loop
      vertex 25 -50 20.4
      vertex 28 -70 20.4
      vertex 28 0 20.4
    endloop
  endfacet
  facet normal -0 0 1
    outer loop
      vertex 23.2124 -65.3 20.4
      vertex 28 -70 20.4
      vertex 25 -50 20.4
    endloop
  endfacet
  facet normal 0 0 1
    outer loop
      vertex 24.8 0 20.4
      vertex 28 0 20.4
      vertex 27.8466 2.9268 20.4
    endloop
  endfacet
  facet normal 0 0 1
    outer loop
      vertex 25 -50 20.4
      vertex 28 0 20.4
      vertex 25 -20 20.4
    endloop
  endfacet
  facet normal -0 -0 1
    outer loop
      vertex 23.3315 -65.5674 20.4
      vertex 28 -70 20.4
      vertex 23.279 -65.4306 20.4
    endloop
  endfacet
  facet normal 0 0 1
    outer loop
      vertex 24.6641 2.59231 20.4
      vertex 27.8466 2.9268 20.4
      vertex 27.3881 5.82153 20.4
    endloop
  endfacet
  facet normal -0 -0 1
    outer loop
      vertex 23.3694 -65.7089 20.4
      vertex 28 -70 20.4
      vertex 23.3315 -65.5674 20.4
    endloop
  endfacet
  facet normal -0 -0 1
    outer loop
      vertex 23.4 -66 20.4
      vertex 28 -70 20.4
      vertex 23.3923 -65.8537 20.4
    endloop
  endfacet
  facet normal 0 0 1
    outer loop
      vertex 24.2581 5.15621 20.4
      vertex 27.3881 5.82153 20.4
      vertex 26.6296 8.65248 20.4
    endloop
  endfacet
  facet normal -0 0 1
    outer loop
      vertex 23.3923 -66.1463 20.4
      vertex 28 -70 20.4
      vertex 23.4 -66 20.4
    endloop
  endfacet
  facet normal -0 0 1
    outer loop
      vertex 23.3694 -66.2911 20.4
      vertex 28 -70 20.4
      vertex 23.3923 -66.1463 20.4
    endloop
  endfacet
  facet normal 0 0 1
    outer loop
      vertex 23.5862 7.66362 20.4
      vertex 26.6296 8.65248 20.4
      vertex 25.5793 11.3886 20.4
    endloop
  endfacet
  facet normal -0 0 1
    outer loop
      vertex 23.279 -66.5694 20.4
      vertex 28 -70 20.4
      vertex 23.3315 -66.4326 20.4
    endloop
  endfacet
  facet normal -0 0 1
    outer loop
      vertex 23.2124 -66.7 20.4
      vertex 28 -70 20.4
      vertex 23.279 -66.5694 20.4
    endloop
  endfacet
  facet normal 0 0 1
    outer loop
      vertex 28 0 20.4
      vertex 24.8 0 20.4
      vertex 24.6641 -2.59231 20.4
    endloop
  endfacet
  facet normal 0 0 1
    outer loop
      vertex 27.8466 2.9268 20.4
      vertex 24.6641 2.59231 20.4
      vertex 24.8 0 20.4
    endloop
  endfacet
  facet normal 0 0 1
    outer loop
      vertex 27.3881 5.82153 20.4
      vertex 24.2581 5.15621 20.4
      vertex 24.6641 2.59231 20.4
    endloop
  endfacet
  facet normal 0 0 1
    outer loop
      vertex 22.6559 10.0871 20.4
      vertex 25.5793 11.3886 20.4
      vertex 24.2487 14 20.4
    endloop
  endfacet
  facet normal 0 0 1
    outer loop
      vertex 26.6296 8.65248 20.4
      vertex 23.5862 7.66362 20.4
      vertex 24.2581 5.15621 20.4
    endloop
  endfacet
  facet normal -0 0 1
    outer loop
      vertex 23.279 15.4306 20.4
      vertex 24.2487 14 20.4
      vertex 23.2941 15.47 20.4
    endloop
  endfacet
  facet normal -0 0 1
    outer loop
      vertex 23.2124 15.3 20.4
      vertex 24.2487 14 20.4
      vertex 23.279 15.4306 20.4
    endloop
  endfacet
  facet normal -0 0 1
    outer loop
      vertex 23.1326 15.1771 20.4
      vertex 24.2487 14 20.4
      vertex 23.2124 15.3 20.4
    endloop
  endfacet
  facet normal -0 0 1
    outer loop
      vertex 23.0404 15.0632 20.4
      vertex 24.2487 14 20.4
      vertex 23.1326 15.1771 20.4
    endloop
  endfacet
  facet normal -0 0 1
    outer loop
      vertex 22.9368 14.9596 20.4
      vertex 24.2487 14 20.4
      vertex 23.0404 15.0632 20.4
    endloop
  endfacet
  facet normal -0 0 1
    outer loop
      vertex 22.8229 14.8674 20.4
      vertex 24.2487 14 20.4
      vertex 22.9368 14.9596 20.4
    endloop
  endfacet
  facet normal -0 0 1
    outer loop
      vertex 22.7 14.7876 20.4
      vertex 24.2487 14 20.4
      vertex 22.8229 14.8674 20.4
    endloop
  endfacet
  facet normal -0 0 1
    outer loop
      vertex 22.5694 14.721 20.4
      vertex 24.2487 14 20.4
      vertex 22.7 14.7876 20.4
    endloop
  endfacet
  facet normal 0 0 1
    outer loop
      vertex 25.5793 11.3886 20.4
      vertex 22.6559 10.0871 20.4
      vertex 23.5862 7.66362 20.4
    endloop
  endfacet
  facet normal -0 0 1
    outer loop
      vertex 22.4326 14.6685 20.4
      vertex 24.2487 14 20.4
      vertex 22.5694 14.721 20.4
    endloop
  endfacet
  facet normal 0 0 1
    outer loop
      vertex 24.2487 14 20.4
      vertex 22.4326 14.6685 20.4
      vertex 21.4774 12.4 20.4
    endloop
  endfacet
  facet normal 0 0 1
    outer loop
      vertex 21.4774 12.4 20.4
      vertex 22.4326 14.6685 20.4
      vertex 22.2911 14.6306 20.4
    endloop
  endfacet
  facet normal 0 0 1
    outer loop
      vertex 21.4774 12.4 20.4
      vertex 22.2911 14.6306 20.4
      vertex 22.1463 14.6077 20.4
    endloop
  endfacet
  facet normal 0 0 1
    outer loop
      vertex 21.4774 12.4 20.4
      vertex 22.1463 14.6077 20.4
      vertex 22 14.6 20.4
    endloop
  endfacet
  facet normal 0 0 1
    outer loop
      vertex 21.4774 12.4 20.4
      vertex 22 14.6 20.4
      vertex 21.8537 14.6077 20.4
    endloop
  endfacet
  facet normal 0 0 1
    outer loop
      vertex 21.4774 12.4 20.4
      vertex 21.8537 14.6077 20.4
      vertex 21.7089 14.6306 20.4
    endloop
  endfacet
  facet normal 0 0 1
    outer loop
      vertex 21.4774 12.4 20.4
      vertex 21.7089 14.6306 20.4
      vertex 21.5674 14.6685 20.4
    endloop
  endfacet
  facet normal 0 0 1
    outer loop
      vertex 24.2487 14 20.4
      vertex 21.4774 12.4 20.4
      vertex 22.6559 10.0871 20.4
    endloop
  endfacet
  facet normal 0 0 1
    outer loop
      vertex 21.4306 14.721 20.4
      vertex 21.4774 12.4 20.4
      vertex 21.5674 14.6685 20.4
    endloop
  endfacet
  facet normal 0 0 1
    outer loop
      vertex 20.0636 14.5771 20.4
      vertex 21.4306 14.721 20.4
      vertex 21.3 14.7876 20.4
    endloop
  endfacet
  facet normal 0 0 1
    outer loop
      vertex 20.0636 14.5771 20.4
      vertex 21.3 14.7876 20.4
      vertex 21.1771 14.8674 20.4
    endloop
  endfacet
  facet normal 0 0 1
    outer loop
      vertex 20.0636 14.5771 20.4
      vertex 21.1771 14.8674 20.4
      vertex 21.0632 14.9596 20.4
    endloop
  endfacet
  facet normal 0 0 1
    outer loop
      vertex 20.0636 14.5771 20.4
      vertex 21.0632 14.9596 20.4
      vertex 20.9596 15.0632 20.4
    endloop
  endfacet
  facet normal 0 0 1
    outer loop
      vertex 20.0636 14.5771 20.4
      vertex 20.9596 15.0632 20.4
      vertex 20.8674 15.1771 20.4
    endloop
  endfacet
  facet normal 0 0 1
    outer loop
      vertex 20.0636 14.5771 20.4
      vertex 20.8674 15.1771 20.4
      vertex 20.7876 15.3 20.4
    endloop
  endfacet
  facet normal 0 0 1
    outer loop
      vertex 20.0636 14.5771 20.4
      vertex 20.7876 15.3 20.4
      vertex 20.721 15.4306 20.4
    endloop
  endfacet
  facet normal 0 0 1
    outer loop
      vertex 20.0636 14.5771 20.4
      vertex 20.721 15.4306 20.4
      vertex 20.6685 15.5674 20.4
    endloop
  endfacet
  facet normal 0 0 1
    outer loop
      vertex 20.0636 14.5771 20.4
      vertex 20.6685 15.5674 20.4
      vertex 20.6306 15.7089 20.4
    endloop
  endfacet
  facet normal 0 0 1
    outer loop
      vertex 21.4306 14.721 20.4
      vertex 20.0636 14.5771 20.4
      vertex 21.4774 12.4 20.4
    endloop
  endfacet
  facet normal 0 0 1
    outer loop
      vertex 20.6077 15.8537 20.4
      vertex 20.0636 14.5771 20.4
      vertex 20.6306 15.7089 20.4
    endloop
  endfacet
  facet normal 0 0 1
    outer loop
      vertex 20.0636 14.5771 20.4
      vertex 20.6077 15.8537 20.4
      vertex 20.6 16 20.4
    endloop
  endfacet
  facet normal -0 0 1
    outer loop
      vertex 23.0404 -66.9368 20.4
      vertex 28 -70 20.4
      vertex 23.1326 -66.8229 20.4
    endloop
  endfacet
  facet normal -0 0 1
    outer loop
      vertex 22.9368 -67.0404 20.4
      vertex 28 -70 20.4
      vertex 23.0404 -66.9368 20.4
    endloop
  endfacet
  facet normal -0 0 1
    outer loop
      vertex 22.8229 -67.1326 20.4
      vertex 28 -70 20.4
      vertex 22.9368 -67.0404 20.4
    endloop
  endfacet
  facet normal 0 0 1
    outer loop
      vertex 28 -70 20.4
      vertex 22.7 -67.2124 20.4
      vertex 27.9671 -70.6272 20.4
    endloop
  endfacet
  facet normal 0 0 1
    outer loop
      vertex 27.9671 -70.6272 20.4
      vertex 22.7 -67.2124 20.4
      vertex 27.8689 -71.2475 20.4
    endloop
  endfacet
  facet normal -0 0 1
    outer loop
      vertex 22.7 -67.2124 20.4
      vertex 28 -70 20.4
      vertex 22.8229 -67.1326 20.4
    endloop
  endfacet
  facet normal -0 0 1
    outer loop
      vertex 23.1326 -66.8229 20.4
      vertex 28 -70 20.4
      vertex 23.2124 -66.7 20.4
    endloop
  endfacet
  facet normal -0 0 1
    outer loop
      vertex 23.3315 -66.4326 20.4
      vertex 28 -70 20.4
      vertex 23.3694 -66.2911 20.4
    endloop
  endfacet
  facet normal -0 -0 1
    outer loop
      vertex 23.3923 -65.8537 20.4
      vertex 28 -70 20.4
      vertex 23.3694 -65.7089 20.4
    endloop
  endfacet
  facet normal 0 0 1
    outer loop
      vertex 28 -70 20.4
      vertex 23.2124 -65.3 20.4
      vertex 23.279 -65.4306 20.4
    endloop
  endfacet
  facet normal 0 0 1
    outer loop
      vertex 25 -50 20.4
      vertex 23.1326 -65.1771 20.4
      vertex 23.2124 -65.3 20.4
    endloop
  endfacet
  facet normal 0 0 1
    outer loop
      vertex 25 -50 20.4
      vertex 23.0404 -65.0632 20.4
      vertex 23.1326 -65.1771 20.4
    endloop
  endfacet
  facet normal 0 0 1
    outer loop
      vertex 25 -50 20.4
      vertex 22.9368 -64.9596 20.4
      vertex 23.0404 -65.0632 20.4
    endloop
  endfacet
  facet normal 0 0 1
    outer loop
      vertex 25 -50 20.4
      vertex 22.8229 -64.8674 20.4
      vertex 22.9368 -64.9596 20.4
    endloop
  endfacet
  facet normal 0 0 1
    outer loop
      vertex 25 -50 20.4
      vertex 22.7 -64.7876 20.4
      vertex 22.8229 -64.8674 20.4
    endloop
  endfacet
  facet normal 0 0 1
    outer loop
      vertex 25 -50 20.4
      vertex 22.5694 -64.721 20.4
      vertex 22.7 -64.7876 20.4
    endloop
  endfacet
  facet normal 0 0 1
    outer loop
      vertex 25 -50 20.4
      vertex 22.4326 -64.6685 20.4
      vertex 22.5694 -64.721 20.4
    endloop
  endfacet
  facet normal 0 0 1
    outer loop
      vertex 25 -50 20.4
      vertex 22.2911 -64.6306 20.4
      vertex 22.4326 -64.6685 20.4
    endloop
  endfacet
  facet normal 0 0 1
    outer loop
      vertex 25 -50 20.4
      vertex 22.1463 -64.6077 20.4
      vertex 22.2911 -64.6306 20.4
    endloop
  endfacet
  facet normal -0 0 1
    outer loop
      vertex 21 -50 20.4
      vertex 22.1463 -64.6077 20.4
      vertex 25 -50 20.4
    endloop
  endfacet
  facet normal 0 0 1
    outer loop
      vertex 22.1463 -64.6077 20.4
      vertex 21 -50 20.4
      vertex 22 -64.6 20.4
    endloop
  endfacet
  facet normal 0 0 1
    outer loop
      vertex 22 -64.6 20.4
      vertex 21 -50 20.4
      vertex 21.8537 -64.6077 20.4
    endloop
  endfacet
  facet normal 0 0 1
    outer loop
      vertex 21.8537 -64.6077 20.4
      vertex 21 -50 20.4
      vertex 21.7089 -64.6306 20.4
    endloop
  endfacet
  facet normal 0 0 1
    outer loop
      vertex 21.7089 -64.6306 20.4
      vertex 21 -50 20.4
      vertex 21.5674 -64.6685 20.4
    endloop
  endfacet
  facet normal 0 0 1
    outer loop
      vertex 21.5674 -64.6685 20.4
      vertex 21 -50 20.4
      vertex 21.4306 -64.721 20.4
    endloop
  endfacet
  facet normal 0 0 1
    outer loop
      vertex 21.4306 -64.721 20.4
      vertex 21 -50 20.4
      vertex 21.3 -64.7876 20.4
    endloop
  endfacet
  facet normal 0 0 1
    outer loop
      vertex 21.3 -64.7876 20.4
      vertex 21 -50 20.4
      vertex 21.1771 -64.8674 20.4
    endloop
  endfacet
  facet normal 0 0 1
    outer loop
      vertex 21.1771 -64.8674 20.4
      vertex 21 -50 20.4
      vertex 21.0632 -64.9596 20.4
    endloop
  endfacet
  facet normal 0 0 1
    outer loop
      vertex 21.0632 -64.9596 20.4
      vertex 21 -50 20.4
      vertex 20.9596 -65.0632 20.4
    endloop
  endfacet
  facet normal 0 0 1
    outer loop
      vertex 28 0 20.4
      vertex 24.6641 -2.59231 20.4
      vertex 24.2581 -5.15621 20.4
    endloop
  endfacet
  facet normal 0 0 1
    outer loop
      vertex 23.5862 -7.66362 20.4
      vertex 28 0 20.4
      vertex 24.2581 -5.15621 20.4
    endloop
  endfacet
  facet normal 0 0 1
    outer loop
      vertex 28 0 20.4
      vertex 23.5862 -7.66362 20.4
      vertex 25 -20 20.4
    endloop
  endfacet
  facet normal -0 0 1
    outer loop
      vertex 22.6559 -10.0871 20.4
      vertex 25 -20 20.4
      vertex 23.5862 -7.66362 20.4
    endloop
  endfacet
  facet normal -0 0 1
    outer loop
      vertex 21.4774 -12.4 20.4
      vertex 25 -20 20.4
      vertex 22.6559 -10.0871 20.4
    endloop
  endfacet
  facet normal -0 0 1
    outer loop
      vertex 20.0636 -14.5771 20.4
      vertex 25 -20 20.4
      vertex 21.4774 -12.4 20.4
    endloop
  endfacet
  facet normal -0 0 1
    outer loop
      vertex 12.4 -21.4774 20.4
      vertex 21 -50 20.4
      vertex 21 -20 20.4
    endloop
  endfacet
  facet normal -0 0 1
    outer loop
      vertex 7.66362 -23.5862 20.4
      vertex 21 -50 20.4
      vertex 10.0871 -22.6559 20.4
    endloop
  endfacet
  facet normal -0 0 1
    outer loop
      vertex 5.15621 -24.2581 20.4
      vertex 21 -50 20.4
      vertex 7.66362 -23.5862 20.4
    endloop
  endfacet
  facet normal -0 0 1
    outer loop
      vertex 2.59231 -24.6641 20.4
      vertex 21 -50 20.4
      vertex 5.15621 -24.2581 20.4
    endloop
  endfacet
  facet normal -0 0 1
    outer loop
      vertex 0 -24.8 20.4
      vertex 21 -50 20.4
      vertex 2.59231 -24.6641 20.4
    endloop
  endfacet
  facet normal 0 0 1
    outer loop
      vertex -2.59231 -24.6641 20.4
      vertex 21 -50 20.4
      vertex 0 -24.8 20.4
    endloop
  endfacet
  facet normal 0 0 1
    outer loop
      vertex 21 -50 20.4
      vertex 20.8674 -65.1771 20.4
      vertex 20.9596 -65.0632 20.4
    endloop
  endfacet
  facet normal 0 0 1
    outer loop
      vertex -20.6077 -65.8537 20.4
      vertex 20.721 -65.4306 20.4
      vertex 21 -50 20.4
    endloop
  endfacet
  facet normal -0 0 1
    outer loop
      vertex 18.43 -16.5944 20.4
      vertex 21 -20 20.4
      vertex 20.0636 -14.5771 20.4
    endloop
  endfacet
  facet normal 0 0 1
    outer loop
      vertex 25 -20 20.4
      vertex 20.0636 -14.5771 20.4
      vertex 21 -20 20.4
    endloop
  endfacet
  facet normal -0 0 1
    outer loop
      vertex 22.5694 -67.279 20.4
      vertex 27.8689 -71.2475 20.4
      vertex 22.7 -67.2124 20.4
    endloop
  endfacet
  facet normal 0 0 1
    outer loop
      vertex 27.8689 -71.2475 20.4
      vertex 22.5694 -67.279 20.4
      vertex 27.7063 -71.8541 20.4
    endloop
  endfacet
  facet normal 0 0 1
    outer loop
      vertex 27.7063 -71.8541 20.4
      vertex 22.5694 -67.279 20.4
      vertex 27.4813 -72.4404 20.4
    endloop
  endfacet
  facet normal 0 0 1
    outer loop
      vertex 27.4813 -72.4404 20.4
      vertex 22.5694 -67.279 20.4
      vertex 27.1962 -73 20.4
    endloop
  endfacet
  facet normal -0 0 1
    outer loop
      vertex 22.4326 -67.3315 20.4
      vertex 27.1962 -73 20.4
      vertex 22.5694 -67.279 20.4
    endloop
  endfacet
  facet normal 0 0 1
    outer loop
      vertex 27.1962 -73 20.4
      vertex 22.4326 -67.3315 20.4
      vertex 26.8541 -73.5267 20.4
    endloop
  endfacet
  facet normal 0 0 1
    outer loop
      vertex 26.8541 -73.5267 20.4
      vertex 22.4326 -67.3315 20.4
      vertex 26.4589 -74.0148 20.4
    endloop
  endfacet
  facet normal -0 0 1
    outer loop
      vertex 22.2911 -67.3694 20.4
      vertex 26.4589 -74.0148 20.4
      vertex 22.4326 -67.3315 20.4
    endloop
  endfacet
  facet normal 0 0 1
    outer loop
      vertex 26.4589 -74.0148 20.4
      vertex 22.2911 -67.3694 20.4
      vertex 26.0148 -74.4589 20.4
    endloop
  endfacet
  facet normal 0 0 1
    outer loop
      vertex 26.0148 -74.4589 20.4
      vertex 22.2911 -67.3694 20.4
      vertex 25.5267 -74.8541 20.4
    endloop
  endfacet
  facet normal 0 0 1
    outer loop
      vertex 25.5267 -74.8541 20.4
      vertex 22.2911 -67.3694 20.4
      vertex 25 -75.1962 20.4
    endloop
  endfacet
  facet normal -0 0 1
    outer loop
      vertex 22.1463 -67.3923 20.4
      vertex 25 -75.1962 20.4
      vertex 22.2911 -67.3694 20.4
    endloop
  endfacet
  facet normal 0 0 1
    outer loop
      vertex 25 -75.1962 20.4
      vertex 22.1463 -67.3923 20.4
      vertex 24.4404 -75.4813 20.4
    endloop
  endfacet
  facet normal 0 0 1
    outer loop
      vertex 24.4404 -75.4813 20.4
      vertex 22.1463 -67.3923 20.4
      vertex 23.8541 -75.7063 20.4
    endloop
  endfacet
  facet normal 0 0 1
    outer loop
      vertex 23.8541 -75.7063 20.4
      vertex 22.1463 -67.3923 20.4
      vertex 23.2475 -75.8689 20.4
    endloop
  endfacet
  facet normal 0 0 1
    outer loop
      vertex 23.2475 -75.8689 20.4
      vertex 22.1463 -67.3923 20.4
      vertex 22.6272 -75.9671 20.4
    endloop
  endfacet
  facet normal -0 0 1
    outer loop
      vertex 22 -67.4 20.4
      vertex 22.6272 -75.9671 20.4
      vertex 22.1463 -67.3923 20.4
    endloop
  endfacet
  facet normal 0 0 1
    outer loop
      vertex 22 -67.4 20.4
      vertex 22 -76 20.4
      vertex 22.6272 -75.9671 20.4
    endloop
  endfacet
  facet normal 0 0 1
    outer loop
      vertex 21.8537 -67.3923 20.4
      vertex 22 -76 20.4
      vertex 22 -67.4 20.4
    endloop
  endfacet
  facet normal 0 0 1
    outer loop
      vertex 21.7089 -67.3694 20.4
      vertex 22 -76 20.4
      vertex 21.8537 -67.3923 20.4
    endloop
  endfacet
  facet normal 0 0 1
    outer loop
      vertex 21.5674 -67.3315 20.4
      vertex 22 -76 20.4
      vertex 21.7089 -67.3694 20.4
    endloop
  endfacet
  facet normal 0 0 1
    outer loop
      vertex 21.4306 -67.279 20.4
      vertex 22 -76 20.4
      vertex 21.5674 -67.3315 20.4
    endloop
  endfacet
  facet normal 0 0 1
    outer loop
      vertex 21.3 -67.2124 20.4
      vertex 22 -76 20.4
      vertex 21.4306 -67.279 20.4
    endloop
  endfacet
  facet normal 0 0 1
    outer loop
      vertex 21.1771 -67.1326 20.4
      vertex 22 -76 20.4
      vertex 21.3 -67.2124 20.4
    endloop
  endfacet
  facet normal 0 0 1
    outer loop
      vertex 21.0632 -67.0404 20.4
      vertex 22 -76 20.4
      vertex 21.1771 -67.1326 20.4
    endloop
  endfacet
  facet normal 0 0 1
    outer loop
      vertex 20.9596 -66.9368 20.4
      vertex 22 -76 20.4
      vertex 21.0632 -67.0404 20.4
    endloop
  endfacet
  facet normal 0 0 1
    outer loop
      vertex 20.8674 -66.8229 20.4
      vertex 22 -76 20.4
      vertex 20.9596 -66.9368 20.4
    endloop
  endfacet
  facet normal 0 0 1
    outer loop
      vertex 20.7876 -66.7 20.4
      vertex 22 -76 20.4
      vertex 20.8674 -66.8229 20.4
    endloop
  endfacet
  facet normal 0 0 1
    outer loop
      vertex 20.721 -66.5694 20.4
      vertex 22 -76 20.4
      vertex 20.7876 -66.7 20.4
    endloop
  endfacet
  facet normal 0 0 1
    outer loop
      vertex 20.6685 -66.4326 20.4
      vertex 22 -76 20.4
      vertex 20.721 -66.5694 20.4
    endloop
  endfacet
  facet normal 0 0 1
    outer loop
      vertex -20.6685 -66.4326 20.4
      vertex 20.6685 -66.4326 20.4
      vertex 20.6306 -66.2911 20.4
    endloop
  endfacet
  facet normal 0 0 1
    outer loop
      vertex -20.6306 -66.2911 20.4
      vertex 20.6306 -66.2911 20.4
      vertex 20.6077 -66.1463 20.4
    endloop
  endfacet
  facet normal -0 0 1
    outer loop
      vertex 16.5944 -18.43 20.4
      vertex 21 -20 20.4
      vertex 18.43 -16.5944 20.4
    endloop
  endfacet
  facet normal 0 0 1
    outer loop
      vertex 14.5771 -20.0636 20.4
      vertex 21 -20 20.4
      vertex 16.5944 -18.43 20.4
    endloop
  endfacet
  facet normal 0 0 1
    outer loop
      vertex 12.4 -21.4774 20.4
      vertex 21 -20 20.4
      vertex 14.5771 -20.0636 20.4
    endloop
  endfacet
  facet normal 0 0 1
    outer loop
      vertex 21 -50 20.4
      vertex 12.4 -21.4774 20.4
      vertex 10.0871 -22.6559 20.4
    endloop
  endfacet
  facet normal 0 0 1
    outer loop
      vertex 21 -50 20.4
      vertex 20.7876 -65.3 20.4
      vertex 20.8674 -65.1771 20.4
    endloop
  endfacet
  facet normal 0 0 1
    outer loop
      vertex 21 -50 20.4
      vertex 20.721 -65.4306 20.4
      vertex 20.7876 -65.3 20.4
    endloop
  endfacet
  facet normal 0 0 1
    outer loop
      vertex -20.6077 -65.8537 20.4
      vertex 20.6685 -65.5674 20.4
      vertex 20.721 -65.4306 20.4
    endloop
  endfacet
  facet normal 0 0 1
    outer loop
      vertex -20.6077 -65.8537 20.4
      vertex 20.6306 -65.7089 20.4
      vertex 20.6685 -65.5674 20.4
    endloop
  endfacet
  facet normal 0 0 1
    outer loop
      vertex -20.6077 -65.8537 20.4
      vertex 20.6077 -65.8537 20.4
      vertex 20.6306 -65.7089 20.4
    endloop
  endfacet
  facet normal 0 0 1
    outer loop
      vertex 20.6077 -65.8537 20.4
      vertex -20.6 -66 20.4
      vertex 20.6 -66 20.4
    endloop
  endfacet
  facet normal 0 0 1
    outer loop
      vertex 20.6 -66 20.4
      vertex -20.6 -66 20.4
      vertex 20.6077 -66.1463 20.4
    endloop
  endfacet
  facet normal 0 0 1
    outer loop
      vertex -20.6077 -65.8537 20.4
      vertex 21 -50 20.4
      vertex -2.59231 -24.6641 20.4
    endloop
  endfacet
  facet normal 0 0 1
    outer loop
      vertex -20.6077 -65.8537 20.4
      vertex -2.59231 -24.6641 20.4
      vertex -5.15621 -24.2581 20.4
    endloop
  endfacet
  facet normal 0 0 1
    outer loop
      vertex -20.6077 -65.8537 20.4
      vertex -5.15621 -24.2581 20.4
      vertex -7.66362 -23.5862 20.4
    endloop
  endfacet
  facet normal 0 0 1
    outer loop
      vertex -20.6077 -65.8537 20.4
      vertex -7.66362 -23.5862 20.4
      vertex -10.0871 -22.6559 20.4
    endloop
  endfacet
  facet normal 0 0 1
    outer loop
      vertex -20.6077 -65.8537 20.4
      vertex -10.0871 -22.6559 20.4
      vertex -12.4 -21.4774 20.4
    endloop
  endfacet
  facet normal 0 0 1
    outer loop
      vertex -20.6077 -65.8537 20.4
      vertex -12.4 -21.4774 20.4
      vertex -14.5771 -20.0636 20.4
    endloop
  endfacet
  facet normal 0 0 1
    outer loop
      vertex -20.6077 -65.8537 20.4
      vertex -14.5771 -20.0636 20.4
      vertex -16.5944 -18.43 20.4
    endloop
  endfacet
  facet normal 0 0 1
    outer loop
      vertex -20.6077 -65.8537 20.4
      vertex -16.5944 -18.43 20.4
      vertex -18.43 -16.5944 20.4
    endloop
  endfacet
  facet normal 0 0 1
    outer loop
      vertex -22.9368 -64.9596 20.4
      vertex -18.43 -16.5944 20.4
      vertex -20.0636 -14.5771 20.4
    endloop
  endfacet
  facet normal 0 0 1
    outer loop
      vertex -20.6077 -66.1463 20.4
      vertex 20.6077 -66.1463 20.4
      vertex -20.6 -66 20.4
    endloop
  endfacet
  facet normal 0 0 1
    outer loop
      vertex -20.6306 -66.2911 20.4
      vertex 20.6077 -66.1463 20.4
      vertex -20.6077 -66.1463 20.4
    endloop
  endfacet
  facet normal 0 0 1
    outer loop
      vertex 20.6306 -66.2911 20.4
      vertex -20.6306 -66.2911 20.4
      vertex -20.6685 -66.4326 20.4
    endloop
  endfacet
  facet normal 0 0 1
    outer loop
      vertex 20.6685 -66.4326 20.4
      vertex -20.6685 -66.4326 20.4
      vertex 22 -76 20.4
    endloop
  endfacet
  facet normal 0 0 1
    outer loop
      vertex -22 -76 20.4
      vertex -20.6685 -66.4326 20.4
      vertex -20.721 -66.5694 20.4
    endloop
  endfacet
  facet normal 0 0 1
    outer loop
      vertex -22 -76 20.4
      vertex -20.721 -66.5694 20.4
      vertex -20.7876 -66.7 20.4
    endloop
  endfacet
  facet normal 0 0 1
    outer loop
      vertex -22 -76 20.4
      vertex -20.7876 -66.7 20.4
      vertex -20.8674 -66.8229 20.4
    endloop
  endfacet
  facet normal 0 0 1
    outer loop
      vertex -22 -76 20.4
      vertex -20.8674 -66.8229 20.4
      vertex -20.9596 -66.9368 20.4
    endloop
  endfacet
  facet normal 0 0 1
    outer loop
      vertex -22 -76 20.4
      vertex -20.9596 -66.9368 20.4
      vertex -21.0632 -67.0404 20.4
    endloop
  endfacet
  facet normal 0 0 1
    outer loop
      vertex -22 -76 20.4
      vertex -21.0632 -67.0404 20.4
      vertex -21.1771 -67.1326 20.4
    endloop
  endfacet
  facet normal 0 0 1
    outer loop
      vertex -22 -76 20.4
      vertex -21.1771 -67.1326 20.4
      vertex -21.3 -67.2124 20.4
    endloop
  endfacet
  facet normal 0 0 1
    outer loop
      vertex -22 -76 20.4
      vertex -21.3 -67.2124 20.4
      vertex -21.4306 -67.279 20.4
    endloop
  endfacet
  facet normal 0 0 1
    outer loop
      vertex -22 -76 20.4
      vertex -21.4306 -67.279 20.4
      vertex -21.5674 -67.3315 20.4
    endloop
  endfacet
  facet normal 0 0 1
    outer loop
      vertex -22 -76 20.4
      vertex -21.5674 -67.3315 20.4
      vertex -21.7089 -67.3694 20.4
    endloop
  endfacet
  facet normal 0 0 1
    outer loop
      vertex -22 -76 20.4
      vertex -21.7089 -67.3694 20.4
      vertex -21.8537 -67.3923 20.4
    endloop
  endfacet
  facet normal 0 0 1
    outer loop
      vertex -22 -76 20.4
      vertex -21.8537 -67.3923 20.4
      vertex -22 -67.4 20.4
    endloop
  endfacet
  facet normal 0 0 1
    outer loop
      vertex -20.6685 -66.4326 20.4
      vertex -22 -76 20.4
      vertex 22 -76 20.4
    endloop
  endfacet
  facet normal 0 0 1
    outer loop
      vertex -22.6272 -75.9671 20.4
      vertex -22 -67.4 20.4
      vertex -22.1463 -67.3923 20.4
    endloop
  endfacet
  facet normal 0 0 1
    outer loop
      vertex -25 -75.1962 20.4
      vertex -22.1463 -67.3923 20.4
      vertex -22.2911 -67.3694 20.4
    endloop
  endfacet
  facet normal 0 0 1
    outer loop
      vertex -25.5267 -74.8541 20.4
      vertex -22.2911 -67.3694 20.4
      vertex -22.4326 -67.3315 20.4
    endloop
  endfacet
  facet normal 0 0 1
    outer loop
      vertex -25.5267 -74.8541 20.4
      vertex -22.4326 -67.3315 20.4
      vertex -22.5694 -67.279 20.4
    endloop
  endfacet
  facet normal 0 0 1
    outer loop
      vertex -22 -67.4 20.4
      vertex -22.6272 -75.9671 20.4
      vertex -22 -76 20.4
    endloop
  endfacet
  facet normal 0 0 1
    outer loop
      vertex -25.5267 -74.8541 20.4
      vertex -22.5694 -67.279 20.4
      vertex -22.7 -67.2124 20.4
    endloop
  endfacet
  facet normal 0 0 1
    outer loop
      vertex -25.5267 -74.8541 20.4
      vertex -22.7 -67.2124 20.4
      vertex -22.8229 -67.1326 20.4
    endloop
  endfacet
  facet normal 0 0 1
    outer loop
      vertex -25.5267 -74.8541 20.4
      vertex -22.8229 -67.1326 20.4
      vertex -22.9368 -67.0404 20.4
    endloop
  endfacet
  facet normal 0 0 1
    outer loop
      vertex -25.5267 -74.8541 20.4
      vertex -22.9368 -67.0404 20.4
      vertex -23.0404 -66.9368 20.4
    endloop
  endfacet
  facet normal 0 0 1
    outer loop
      vertex -25.5267 -74.8541 20.4
      vertex -23.0404 -66.9368 20.4
      vertex -23.1326 -66.8229 20.4
    endloop
  endfacet
  facet normal 0 0 1
    outer loop
      vertex -25.5267 -74.8541 20.4
      vertex -23.1326 -66.8229 20.4
      vertex -23.2124 -66.7 20.4
    endloop
  endfacet
  facet normal 0 0 1
    outer loop
      vertex -22.1463 -67.3923 20.4
      vertex -23.2475 -75.8689 20.4
      vertex -22.6272 -75.9671 20.4
    endloop
  endfacet
  facet normal 0 0 1
    outer loop
      vertex -25.5267 -74.8541 20.4
      vertex -23.2124 -66.7 20.4
      vertex -23.279 -66.5694 20.4
    endloop
  endfacet
  facet normal 0 0 1
    outer loop
      vertex -25.5267 -74.8541 20.4
      vertex -23.279 -66.5694 20.4
      vertex -23.3315 -66.4326 20.4
    endloop
  endfacet
  facet normal 0 0 1
    outer loop
      vertex -25.5267 -74.8541 20.4
      vertex -23.3315 -66.4326 20.4
      vertex -23.3694 -66.2911 20.4
    endloop
  endfacet
  facet normal 0 0 1
    outer loop
      vertex -25.5267 -74.8541 20.4
      vertex -23.3694 -66.2911 20.4
      vertex -23.3923 -66.1463 20.4
    endloop
  endfacet
  facet normal 0 0 1
    outer loop
      vertex -25.5267 -74.8541 20.4
      vertex -23.3923 -66.1463 20.4
      vertex -23.4 -66 20.4
    endloop
  endfacet
  facet normal 0 0 1
    outer loop
      vertex -22.1463 -67.3923 20.4
      vertex -23.8541 -75.7063 20.4
      vertex -23.2475 -75.8689 20.4
    endloop
  endfacet
  facet normal 0 0 1
    outer loop
      vertex -23.3694 -65.7089 20.4
      vertex -25.5267 -74.8541 20.4
      vertex -23.3923 -65.8537 20.4
    endloop
  endfacet
  facet normal 0 0 1
    outer loop
      vertex -23.3923 -65.8537 20.4
      vertex -25.5267 -74.8541 20.4
      vertex -23.4 -66 20.4
    endloop
  endfacet
  facet normal 0 0 1
    outer loop
      vertex -22.1463 -67.3923 20.4
      vertex -25 -75.1962 20.4
      vertex -24.4404 -75.4813 20.4
    endloop
  endfacet
  facet normal 0 0 1
    outer loop
      vertex -25.5267 -74.8541 20.4
      vertex -24.2581 -5.15621 20.4
      vertex -24.6641 -2.59231 20.4
    endloop
  endfacet
  facet normal -0 0 1
    outer loop
      vertex -28 0 20.4
      vertex -24.6641 -2.59231 20.4
      vertex -24.8 0 20.4
    endloop
  endfacet
  facet normal 0 0 1
    outer loop
      vertex -22.1463 -67.3923 20.4
      vertex -24.4404 -75.4813 20.4
      vertex -23.8541 -75.7063 20.4
    endloop
  endfacet
  facet normal -0.987693 -0.156404 0
    outer loop
      vertex 24.6641 2.59231 17.6
      vertex 24.2581 5.15621 20.4
      vertex 24.2581 5.15621 17.6
    endloop
  endfacet
  facet normal -0.987693 -0.156404 0
    outer loop
      vertex 24.2581 5.15621 20.4
      vertex 24.6641 2.59231 17.6
      vertex 24.6641 2.59231 20.4
    endloop
  endfacet
  facet normal -0.998629 -0.0523524 0
    outer loop
      vertex 24.8 0 17.6
      vertex 24.6641 2.59231 20.4
      vertex 24.6641 2.59231 17.6
    endloop
  endfacet
  facet normal -0.998629 -0.0523524 0
    outer loop
      vertex 24.6641 2.59231 20.4
      vertex 24.8 0 17.6
      vertex 24.8 0 20.4
    endloop
  endfacet
  facet normal -0.965922 -0.258834 0
    outer loop
      vertex 24.2581 5.15621 17.6
      vertex 23.5862 7.66362 20.4
      vertex 23.5862 7.66362 17.6
    endloop
  endfacet
  facet normal -0.965922 -0.258834 0
    outer loop
      vertex 23.5862 7.66362 20.4
      vertex 24.2581 5.15621 17.6
      vertex 24.2581 5.15621 20.4
    endloop
  endfacet
  facet normal -0.707107 -0.707107 0
    outer loop
      vertex 18.43 16.5944 17.6
      vertex 16.5944 18.43 20.4
      vertex 16.5944 18.43 17.6
    endloop
  endfacet
  facet normal -0.707107 -0.707107 0
    outer loop
      vertex 16.5944 18.43 20.4
      vertex 18.43 16.5944 17.6
      vertex 18.43 16.5944 20.4
    endloop
  endfacet
  facet normal -0.777142 -0.629326 0
    outer loop
      vertex 20.0636 14.5771 17.6
      vertex 18.43 16.5944 20.4
      vertex 18.43 16.5944 17.6
    endloop
  endfacet
  facet normal -0.777142 -0.629326 0
    outer loop
      vertex 18.43 16.5944 20.4
      vertex 20.0636 14.5771 17.6
      vertex 20.0636 14.5771 20.4
    endloop
  endfacet
  facet normal 0.987693 0.156404 0
    outer loop
      vertex -24.2581 -5.15621 20.4
      vertex -24.6641 -2.59231 17.6
      vertex -24.6641 -2.59231 20.4
    endloop
  endfacet
  facet normal 0.987693 0.156404 0
    outer loop
      vertex -24.6641 -2.59231 17.6
      vertex -24.2581 -5.15621 20.4
      vertex -24.2581 -5.15621 17.6
    endloop
  endfacet
  facet normal -0.453996 0.891004 0
    outer loop
      vertex 12.4 -21.4774 17.9
      vertex 10.0871 -22.6559 20.4
      vertex 12.4 -21.4774 20.4
    endloop
  endfacet
  facet normal -0.453996 0.891004 0
    outer loop
      vertex 10.0871 -22.6559 20.4
      vertex 12.4 -21.4774 17.9
      vertex 10.0871 -22.6559 17.9
    endloop
  endfacet
  facet normal -0.998629 0.0523524 0
    outer loop
      vertex 24.6641 -2.59231 17.6
      vertex 24.8 0 20.4
      vertex 24.8 0 17.6
    endloop
  endfacet
  facet normal -0.998629 0.0523524 0
    outer loop
      vertex 24.8 0 20.4
      vertex 24.6641 -2.59231 17.6
      vertex 24.6641 -2.59231 20.4
    endloop
  endfacet
  facet normal -0.891004 0.453996 0
    outer loop
      vertex 21.4774 -12.4 17.6
      vertex 22.6559 -10.0871 20.4
      vertex 22.6559 -10.0871 17.6
    endloop
  endfacet
  facet normal -0.891004 0.453996 0
    outer loop
      vertex 22.6559 -10.0871 20.4
      vertex 21.4774 -12.4 17.6
      vertex 21.4774 -12.4 20.4
    endloop
  endfacet
  facet normal 0.156404 -0.987693 0
    outer loop
      vertex -5.15621 24.2581 17.6
      vertex -2.59231 24.6641 20.4
      vertex -5.15621 24.2581 20.4
    endloop
  endfacet
  facet normal 0.156404 -0.987693 0
    outer loop
      vertex -2.59231 24.6641 20.4
      vertex -5.15621 24.2581 17.6
      vertex -2.59231 24.6641 17.6
    endloop
  endfacet
  facet normal -0.544632 -0.838675 0
    outer loop
      vertex 12.4 21.4774 17.6
      vertex 14.5771 20.0636 20.4
      vertex 12.4 21.4774 20.4
    endloop
  endfacet
  facet normal -0.544632 -0.838675 -0
    outer loop
      vertex 14.5771 20.0636 20.4
      vertex 12.4 21.4774 17.6
      vertex 14.5771 20.0636 17.6
    endloop
  endfacet
  facet normal -0.453996 -0.891004 0
    outer loop
      vertex 10.0871 22.6559 17.6
      vertex 12.4 21.4774 20.4
      vertex 10.0871 22.6559 20.4
    endloop
  endfacet
  facet normal -0.453996 -0.891004 -0
    outer loop
      vertex 12.4 21.4774 20.4
      vertex 10.0871 22.6559 17.6
      vertex 12.4 21.4774 17.6
    endloop
  endfacet
  facet normal 0.933579 0.358372 0
    outer loop
      vertex -22.6559 -10.0871 20.4
      vertex -23.5862 -7.66362 17.6
      vertex -23.5862 -7.66362 20.4
    endloop
  endfacet
  facet normal 0.933579 0.358372 0
    outer loop
      vertex -23.5862 -7.66362 17.6
      vertex -22.6559 -10.0871 20.4
      vertex -22.6559 -10.0871 17.6
    endloop
  endfacet
  facet normal -0.933579 -0.358372 0
    outer loop
      vertex 23.5862 7.66362 17.6
      vertex 22.6559 10.0871 20.4
      vertex 22.6559 10.0871 17.6
    endloop
  endfacet
  facet normal -0.933579 -0.358372 0
    outer loop
      vertex 22.6559 10.0871 20.4
      vertex 23.5862 7.66362 17.6
      vertex 23.5862 7.66362 20.4
    endloop
  endfacet
  facet normal 0.258834 0.965922 -0
    outer loop
      vertex -5.15621 -24.2581 18.9
      vertex -7.66362 -23.5862 20.4
      vertex -5.15621 -24.2581 20.4
    endloop
  endfacet
  facet normal 0.258834 0.965922 0
    outer loop
      vertex -7.66362 -23.5862 20.4
      vertex -5.15621 -24.2581 18.9
      vertex -7.66362 -23.5862 18.9
    endloop
  endfacet
  facet normal -0.629326 0.777142 1.1682e-05
    outer loop
      vertex 16.5944 -18.43 20.4
      vertex 15 -19.7211 17.9
      vertex 14.5771 -20.0636 20.4
    endloop
  endfacet
  facet normal -0.629315 0.777151 0
    outer loop
      vertex 16.5944 -18.43 17.6
      vertex 15 -19.7211 17.9
      vertex 16.5944 -18.43 20.4
    endloop
  endfacet
  facet normal -0.629315 0.777151 0
    outer loop
      vertex 15 -19.7211 17.9
      vertex 16.5944 -18.43 17.6
      vertex 15 -19.7211 17.6
    endloop
  endfacet
  facet normal -0.629367 0.777108 0
    outer loop
      vertex 14.5771 -20.0636 20.4
      vertex 15 -19.7211 17.9
      vertex 14.5771 -20.0636 17.9
    endloop
  endfacet
  facet normal -0.156404 0.987693 0
    outer loop
      vertex 5.15621 -24.2581 18.9
      vertex 2.59231 -24.6641 20.4
      vertex 5.15621 -24.2581 20.4
    endloop
  endfacet
  facet normal -0.156404 0.987693 0
    outer loop
      vertex 2.59231 -24.6641 20.4
      vertex 5.15621 -24.2581 18.9
      vertex 2.59231 -24.6641 18.9
    endloop
  endfacet
  facet normal -0.0523524 0.998629 0
    outer loop
      vertex 2.59231 -24.6641 18.9
      vertex 0 -24.8 20.4
      vertex 2.59231 -24.6641 20.4
    endloop
  endfacet
  facet normal -0.0523524 0.998629 0
    outer loop
      vertex 0 -24.8 20.4
      vertex 2.59231 -24.6641 18.9
      vertex 0 -24.8 18.9
    endloop
  endfacet
  facet normal -0.987693 0.156404 0
    outer loop
      vertex 24.2581 -5.15621 17.6
      vertex 24.6641 -2.59231 20.4
      vertex 24.6641 -2.59231 17.6
    endloop
  endfacet
  facet normal -0.987693 0.156404 0
    outer loop
      vertex 24.6641 -2.59231 20.4
      vertex 24.2581 -5.15621 17.6
      vertex 24.2581 -5.15621 20.4
    endloop
  endfacet
  facet normal 0.358372 -0.933579 0
    outer loop
      vertex -10.0871 22.6559 17.6
      vertex -7.66362 23.5862 20.4
      vertex -10.0871 22.6559 20.4
    endloop
  endfacet
  facet normal 0.358372 -0.933579 0
    outer loop
      vertex -7.66362 23.5862 20.4
      vertex -10.0871 22.6559 17.6
      vertex -7.66362 23.5862 17.6
    endloop
  endfacet
  facet normal 0.0523524 0.998629 -0
    outer loop
      vertex 0 -24.8 18.9
      vertex -2.59231 -24.6641 20.4
      vertex 0 -24.8 20.4
    endloop
  endfacet
  facet normal 0.0523524 0.998629 0
    outer loop
      vertex -2.59231 -24.6641 20.4
      vertex 0 -24.8 18.9
      vertex -2.59231 -24.6641 18.9
    endloop
  endfacet
  facet normal -0.258834 -0.965922 0
    outer loop
      vertex 5.15621 24.2581 17.6
      vertex 7.66362 23.5862 20.4
      vertex 5.15621 24.2581 20.4
    endloop
  endfacet
  facet normal -0.258834 -0.965922 -0
    outer loop
      vertex 7.66362 23.5862 20.4
      vertex 5.15621 24.2581 17.6
      vertex 7.66362 23.5862 17.6
    endloop
  endfacet
  facet normal 0.453996 -0.891004 0
    outer loop
      vertex -12.4 21.4774 17.6
      vertex -10.0871 22.6559 20.4
      vertex -12.4 21.4774 20.4
    endloop
  endfacet
  facet normal 0.453996 -0.891004 0
    outer loop
      vertex -10.0871 22.6559 20.4
      vertex -12.4 21.4774 17.6
      vertex -10.0871 22.6559 17.6
    endloop
  endfacet
  facet normal 0.838675 -0.544632 0
    outer loop
      vertex -21.4774 12.4 20.4
      vertex -20.0636 14.5771 17.6
      vertex -20.0636 14.5771 20.4
    endloop
  endfacet
  facet normal 0.838675 -0.544632 0
    outer loop
      vertex -20.0636 14.5771 17.6
      vertex -21.4774 12.4 20.4
      vertex -21.4774 12.4 17.6
    endloop
  endfacet
  facet normal 0.258834 -0.965922 0
    outer loop
      vertex -7.66362 23.5862 17.6
      vertex -5.15621 24.2581 20.4
      vertex -7.66362 23.5862 20.4
    endloop
  endfacet
  facet normal 0.258834 -0.965922 0
    outer loop
      vertex -5.15621 24.2581 20.4
      vertex -7.66362 23.5862 17.6
      vertex -5.15621 24.2581 17.6
    endloop
  endfacet
  facet normal -0.891004 -0.453996 0
    outer loop
      vertex 22.6559 10.0871 17.6
      vertex 21.4774 12.4 20.4
      vertex 21.4774 12.4 17.6
    endloop
  endfacet
  facet normal -0.891004 -0.453996 0
    outer loop
      vertex 21.4774 12.4 20.4
      vertex 22.6559 10.0871 17.6
      vertex 22.6559 10.0871 20.4
    endloop
  endfacet
  facet normal 0 0 1
    outer loop
      vertex 4.49951 5.36231 17.6
      vertex 1.39233 0.146339 17.6
      vertex 1.4 0 17.6
    endloop
  endfacet
  facet normal 0 0 1
    outer loop
      vertex 2.56988 6.5112 17.6
      vertex 1.36941 0.291076 17.6
      vertex 1.39233 0.146339 17.6
    endloop
  endfacet
  facet normal 0 0 1
    outer loop
      vertex 2.56988 6.5112 17.6
      vertex 1.33148 0.432623 17.6
      vertex 1.36941 0.291076 17.6
    endloop
  endfacet
  facet normal 0 0 1
    outer loop
      vertex 2.56988 6.5112 17.6
      vertex 1.27896 0.56943 17.6
      vertex 1.33148 0.432623 17.6
    endloop
  endfacet
  facet normal 0 0 1
    outer loop
      vertex 2.56988 6.5112 17.6
      vertex 1.21243 0.7 17.6
      vertex 1.27896 0.56943 17.6
    endloop
  endfacet
  facet normal 0 0 1
    outer loop
      vertex 2.56988 6.5112 17.6
      vertex 1.13262 0.822899 17.6
      vertex 1.21243 0.7 17.6
    endloop
  endfacet
  facet normal 0 0 1
    outer loop
      vertex 0.291076 1.36941 17.6
      vertex 1.85708 6.74917 17.6
      vertex 1.12288 6.90935 17.6
    endloop
  endfacet
  facet normal 0 0 1
    outer loop
      vertex 2.56988 6.5112 17.6
      vertex 1.0404 0.936783 17.6
      vertex 1.13262 0.822899 17.6
    endloop
  endfacet
  facet normal 0 0 1
    outer loop
      vertex 2.56988 6.5112 17.6
      vertex 0.936783 1.0404 17.6
      vertex 1.0404 0.936783 17.6
    endloop
  endfacet
  facet normal 0 0 1
    outer loop
      vertex 2.56988 6.5112 17.6
      vertex 0.822899 1.13262 17.6
      vertex 0.936783 1.0404 17.6
    endloop
  endfacet
  facet normal 0 0 1
    outer loop
      vertex 2.56988 6.5112 17.6
      vertex 0.7 1.21243 17.6
      vertex 0.822899 1.13262 17.6
    endloop
  endfacet
  facet normal 0 0 1
    outer loop
      vertex 2.56988 6.5112 17.6
      vertex 0.56943 1.27896 17.6
      vertex 0.7 1.21243 17.6
    endloop
  endfacet
  facet normal 0 0 1
    outer loop
      vertex 2.56988 6.5112 17.6
      vertex 0.432623 1.33148 17.6
      vertex 0.56943 1.27896 17.6
    endloop
  endfacet
  facet normal 0 0 1
    outer loop
      vertex 0.146339 1.39233 17.6
      vertex 1.12288 6.90935 17.6
      vertex 0.375736 6.98991 17.6
    endloop
  endfacet
  facet normal 0 0 1
    outer loop
      vertex 1.85708 6.74917 17.6
      vertex 0.291076 1.36941 17.6
      vertex 0.432623 1.33148 17.6
    endloop
  endfacet
  facet normal 0 0 1
    outer loop
      vertex 1.12288 6.90935 17.6
      vertex 0.146339 1.39233 17.6
      vertex 0.291076 1.36941 17.6
    endloop
  endfacet
  facet normal 0 0 1
    outer loop
      vertex 0.375736 6.98991 17.6
      vertex 0 1.4 17.6
      vertex 0.146339 1.39233 17.6
    endloop
  endfacet
  facet normal -0 0 1
    outer loop
      vertex -0.375736 6.98991 17.6
      vertex 0 1.4 17.6
      vertex 0.375736 6.98991 17.6
    endloop
  endfacet
  facet normal 0 0 1
    outer loop
      vertex 0 1.4 17.6
      vertex -0.375736 6.98991 17.6
      vertex -0.146339 1.39233 17.6
    endloop
  endfacet
  facet normal -0 0 1
    outer loop
      vertex -1.12288 6.90935 17.6
      vertex -0.146339 1.39233 17.6
      vertex -0.375736 6.98991 17.6
    endloop
  endfacet
  facet normal 0 0 1
    outer loop
      vertex -0.146339 1.39233 17.6
      vertex -1.12288 6.90935 17.6
      vertex -0.291076 1.36941 17.6
    endloop
  endfacet
  facet normal -0 0 1
    outer loop
      vertex -1.85708 6.74917 17.6
      vertex -0.291076 1.36941 17.6
      vertex -1.12288 6.90935 17.6
    endloop
  endfacet
  facet normal 0 0 1
    outer loop
      vertex -0.291076 1.36941 17.6
      vertex -1.85708 6.74917 17.6
      vertex -0.432623 1.33148 17.6
    endloop
  endfacet
  facet normal -0 0 1
    outer loop
      vertex -2.56988 6.5112 17.6
      vertex -0.432623 1.33148 17.6
      vertex -1.85708 6.74917 17.6
    endloop
  endfacet
  facet normal 0 0 1
    outer loop
      vertex -0.432623 1.33148 17.6
      vertex -2.56988 6.5112 17.6
      vertex -0.56943 1.27896 17.6
    endloop
  endfacet
  facet normal -0 0 1
    outer loop
      vertex -3.25306 6.19819 17.6
      vertex -0.56943 1.27896 17.6
      vertex -2.56988 6.5112 17.6
    endloop
  endfacet
  facet normal 0 0 1
    outer loop
      vertex -0.56943 1.27896 17.6
      vertex -3.25306 6.19819 17.6
      vertex -0.7 1.21243 17.6
    endloop
  endfacet
  facet normal -0 0 1
    outer loop
      vertex -3.89875 5.81375 17.6
      vertex -0.7 1.21243 17.6
      vertex -3.25306 6.19819 17.6
    endloop
  endfacet
  facet normal 0 0 1
    outer loop
      vertex -0.7 1.21243 17.6
      vertex -3.89875 5.81375 17.6
      vertex -0.822899 1.13262 17.6
    endloop
  endfacet
  facet normal -0 0 1
    outer loop
      vertex -4.49951 5.36231 17.6
      vertex -0.822899 1.13262 17.6
      vertex -3.89875 5.81375 17.6
    endloop
  endfacet
  facet normal 0 0 1
    outer loop
      vertex -0.822899 1.13262 17.6
      vertex -4.49951 5.36231 17.6
      vertex -0.936783 1.0404 17.6
    endloop
  endfacet
  facet normal 0 0 1
    outer loop
      vertex -0.936783 1.0404 17.6
      vertex -4.49951 5.36231 17.6
      vertex -1.0404 0.936783 17.6
    endloop
  endfacet
  facet normal 0 0 1
    outer loop
      vertex -1.0404 0.936783 17.6
      vertex -4.49951 5.36231 17.6
      vertex -1.13262 0.822899 17.6
    endloop
  endfacet
  facet normal 0 0 1
    outer loop
      vertex -1.13262 0.822899 17.6
      vertex -4.49951 5.36231 17.6
      vertex -1.21243 0.7 17.6
    endloop
  endfacet
  facet normal 0 0 1
    outer loop
      vertex -1.21243 0.7 17.6
      vertex -4.49951 5.36231 17.6
      vertex -1.27896 0.56943 17.6
    endloop
  endfacet
  facet normal 0 0 1
    outer loop
      vertex 11.9747 17.8565 17.6
      vertex 14.5771 20.0636 17.6
      vertex 12.4 21.4774 17.6
    endloop
  endfacet
  facet normal 0 0 1
    outer loop
      vertex 14.5771 20.0636 17.6
      vertex 11.9747 17.8565 17.6
      vertex 13.8199 16.47 17.6
    endloop
  endfacet
  facet normal 0 0 1
    outer loop
      vertex 9.99155 19.0373 17.6
      vertex 12.4 21.4774 17.6
      vertex 10.0871 22.6559 17.6
    endloop
  endfacet
  facet normal 0 0 1
    outer loop
      vertex 12.4 21.4774 17.6
      vertex 9.99155 19.0373 17.6
      vertex 11.9747 17.8565 17.6
    endloop
  endfacet
  facet normal 0 0 1
    outer loop
      vertex 10.0871 22.6559 17.6
      vertex 7.8932 19.9987 17.6
      vertex 9.99155 19.0373 17.6
    endloop
  endfacet
  facet normal 0 0 1
    outer loop
      vertex 7.66362 23.5862 17.6
      vertex 7.8932 19.9987 17.6
      vertex 10.0871 22.6559 17.6
    endloop
  endfacet
  facet normal 0 0 1
    outer loop
      vertex 7.66362 23.5862 17.6
      vertex 5.70389 20.7296 17.6
      vertex 7.8932 19.9987 17.6
    endloop
  endfacet
  facet normal 0 0 1
    outer loop
      vertex 5.15621 24.2581 17.6
      vertex 5.70389 20.7296 17.6
      vertex 7.66362 23.5862 17.6
    endloop
  endfacet
  facet normal 0 0 1
    outer loop
      vertex 5.15621 24.2581 17.6
      vertex 3.44884 21.2216 17.6
      vertex 5.70389 20.7296 17.6
    endloop
  endfacet
  facet normal 0 0 1
    outer loop
      vertex 2.59231 24.6641 17.6
      vertex 3.44884 21.2216 17.6
      vertex 5.15621 24.2581 17.6
    endloop
  endfacet
  facet normal 0 0 1
    outer loop
      vertex 2.59231 24.6641 17.6
      vertex 1.15405 21.469 17.6
      vertex 3.44884 21.2216 17.6
    endloop
  endfacet
  facet normal 0 0 1
    outer loop
      vertex 0 24.8 17.6
      vertex 1.15405 21.469 17.6
      vertex 2.59231 24.6641 17.6
    endloop
  endfacet
  facet normal 0 0 1
    outer loop
      vertex 0 24.8 17.6
      vertex -1.15405 21.469 17.6
      vertex 1.15405 21.469 17.6
    endloop
  endfacet
  facet normal -0 0 1
    outer loop
      vertex -2.59231 24.6641 17.6
      vertex -1.15405 21.469 17.6
      vertex 0 24.8 17.6
    endloop
  endfacet
  facet normal 0 0 1
    outer loop
      vertex -2.59231 24.6641 17.6
      vertex -3.44884 21.2216 17.6
      vertex -1.15405 21.469 17.6
    endloop
  endfacet
  facet normal -0 0 1
    outer loop
      vertex -5.15621 24.2581 17.6
      vertex -3.44884 21.2216 17.6
      vertex -2.59231 24.6641 17.6
    endloop
  endfacet
  facet normal 0 0 1
    outer loop
      vertex -5.15621 24.2581 17.6
      vertex -5.70389 20.7296 17.6
      vertex -3.44884 21.2216 17.6
    endloop
  endfacet
  facet normal -0 0 1
    outer loop
      vertex -7.66362 23.5862 17.6
      vertex -5.70389 20.7296 17.6
      vertex -5.15621 24.2581 17.6
    endloop
  endfacet
  facet normal 0 0 1
    outer loop
      vertex -7.66362 23.5862 17.6
      vertex -7.8932 19.9987 17.6
      vertex -5.70389 20.7296 17.6
    endloop
  endfacet
  facet normal -0 0 1
    outer loop
      vertex -10.0871 22.6559 17.6
      vertex -7.8932 19.9987 17.6
      vertex -7.66362 23.5862 17.6
    endloop
  endfacet
  facet normal 0 0 1
    outer loop
      vertex -7.8932 19.9987 17.6
      vertex -10.0871 22.6559 17.6
      vertex -9.99155 19.0373 17.6
    endloop
  endfacet
  facet normal -0 0 1
    outer loop
      vertex -12.4 21.4774 17.6
      vertex -9.99155 19.0373 17.6
      vertex -10.0871 22.6559 17.6
    endloop
  endfacet
  facet normal 0 0 1
    outer loop
      vertex -9.99155 19.0373 17.6
      vertex -12.4 21.4774 17.6
      vertex -11.9747 17.8565 17.6
    endloop
  endfacet
  facet normal -0 0 1
    outer loop
      vertex -14.5771 20.0636 17.6
      vertex -11.9747 17.8565 17.6
      vertex -12.4 21.4774 17.6
    endloop
  endfacet
  facet normal 0 0 1
    outer loop
      vertex -11.9747 17.8565 17.6
      vertex -14.5771 20.0636 17.6
      vertex -13.8199 16.47 17.6
    endloop
  endfacet
  facet normal 0 0 1
    outer loop
      vertex 4.49951 5.36231 17.6
      vertex 24.8 0 17.6
      vertex 24.6641 2.59231 17.6
    endloop
  endfacet
  facet normal 0 0 1
    outer loop
      vertex 4.49951 5.36231 17.6
      vertex 24.6641 2.59231 17.6
      vertex 24.2581 5.15621 17.6
    endloop
  endfacet
  facet normal 0 -0 1
    outer loop
      vertex 15 -11 17.6
      vertex 24.8 0 17.6
      vertex 4.49951 5.36231 17.6
    endloop
  endfacet
  facet normal -0 0 1
    outer loop
      vertex 4.49951 5.36231 17.6
      vertex 24.2581 5.15621 17.6
      vertex 23.5862 7.66362 17.6
    endloop
  endfacet
  facet normal 0 0 1
    outer loop
      vertex 24.8 0 17.6
      vertex 15 -11 17.6
      vertex 24.6641 -2.59231 17.6
    endloop
  endfacet
  facet normal 0 0 1
    outer loop
      vertex 4.49951 5.36231 17.6
      vertex 23.5862 7.66362 17.6
      vertex 22.6559 10.0871 17.6
    endloop
  endfacet
  facet normal 0 0 1
    outer loop
      vertex 24.2581 -5.15621 17.6
      vertex 15 -11 17.6
      vertex 23.5862 -7.66362 17.6
    endloop
  endfacet
  facet normal 0 0 1
    outer loop
      vertex 4.49951 5.36231 17.6
      vertex 22.6559 10.0871 17.6
      vertex 21.4774 12.4 17.6
    endloop
  endfacet
  facet normal 0 0 1
    outer loop
      vertex 23.5862 -7.66362 17.6
      vertex 15 -11 17.6
      vertex 22.6559 -10.0871 17.6
    endloop
  endfacet
  facet normal 0 0 1
    outer loop
      vertex 13.8199 16.47 17.6
      vertex 21.4774 12.4 17.6
      vertex 20.0636 14.5771 17.6
    endloop
  endfacet
  facet normal 0 0 1
    outer loop
      vertex 22.6559 -10.0871 17.6
      vertex 15 -11 17.6
      vertex 21.4774 -12.4 17.6
    endloop
  endfacet
  facet normal -0 0 1
    outer loop
      vertex 13.8199 16.47 17.6
      vertex 20.0636 14.5771 17.6
      vertex 18.43 16.5944 17.6
    endloop
  endfacet
  facet normal 0 0 1
    outer loop
      vertex 21.4774 -12.4 17.6
      vertex 15 -11 17.6
      vertex 20.0636 -14.5771 17.6
    endloop
  endfacet
  facet normal 0 0 1
    outer loop
      vertex 13.8199 16.47 17.6
      vertex 18.43 16.5944 17.6
      vertex 16.5944 18.43 17.6
    endloop
  endfacet
  facet normal 0 0 1
    outer loop
      vertex 20.0636 -14.5771 17.6
      vertex 15 -11 17.6
      vertex 18.43 -16.5944 17.6
    endloop
  endfacet
  facet normal 0 0 1
    outer loop
      vertex 18.43 -16.5944 17.6
      vertex 15 -11 17.6
      vertex 16.5944 -18.43 17.6
    endloop
  endfacet
  facet normal 0 0 1
    outer loop
      vertex 13.8199 16.47 17.6
      vertex 16.5944 18.43 17.6
      vertex 14.5771 20.0636 17.6
    endloop
  endfacet
  facet normal 0 0 1
    outer loop
      vertex 21.4774 12.4 17.6
      vertex 13.8199 16.47 17.6
      vertex 4.49951 5.36231 17.6
    endloop
  endfacet
  facet normal 0 0 1
    outer loop
      vertex 24.6641 -2.59231 17.6
      vertex 15 -11 17.6
      vertex 24.2581 -5.15621 17.6
    endloop
  endfacet
  facet normal 0 0 1
    outer loop
      vertex 1.39233 0.146339 17.6
      vertex 4.49951 5.36231 17.6
      vertex 3.89875 5.81375 17.6
    endloop
  endfacet
  facet normal 0 0 1
    outer loop
      vertex 1.39233 0.146339 17.6
      vertex 3.89875 5.81375 17.6
      vertex 3.25306 6.19819 17.6
    endloop
  endfacet
  facet normal 0 0 1
    outer loop
      vertex 1.39233 0.146339 17.6
      vertex 3.25306 6.19819 17.6
      vertex 2.56988 6.5112 17.6
    endloop
  endfacet
  facet normal 0 0 1
    outer loop
      vertex 0.432623 1.33148 17.6
      vertex 2.56988 6.5112 17.6
      vertex 1.85708 6.74917 17.6
    endloop
  endfacet
  facet normal 0 0 1
    outer loop
      vertex 4.49951 5.36231 17.6
      vertex 1.4 0 17.6
      vertex 1.39233 -0.146339 17.6
    endloop
  endfacet
  facet normal 0 0 1
    outer loop
      vertex 1.36941 -0.291076 17.6
      vertex 4.49951 5.36231 17.6
      vertex 1.39233 -0.146339 17.6
    endloop
  endfacet
  facet normal 0 0 1
    outer loop
      vertex 4.49951 5.36231 17.6
      vertex 1.36941 -0.291076 17.6
      vertex 15 -11 17.6
    endloop
  endfacet
  facet normal -0 0 1
    outer loop
      vertex 1.33148 -0.432623 17.6
      vertex 15 -11 17.6
      vertex 1.36941 -0.291076 17.6
    endloop
  endfacet
  facet normal -0 0 1
    outer loop
      vertex 1.27896 -0.56943 17.6
      vertex 15 -11 17.6
      vertex 1.33148 -0.432623 17.6
    endloop
  endfacet
  facet normal -0 0 1
    outer loop
      vertex 1.21243 -0.7 17.6
      vertex 15 -11 17.6
      vertex 1.27896 -0.56943 17.6
    endloop
  endfacet
  facet normal -0 0 1
    outer loop
      vertex 1.13262 -0.822899 17.6
      vertex 15 -11 17.6
      vertex 1.21243 -0.7 17.6
    endloop
  endfacet
  facet normal -0 0 1
    outer loop
      vertex 1.0404 -0.936783 17.6
      vertex 15 -11 17.6
      vertex 1.13262 -0.822899 17.6
    endloop
  endfacet
  facet normal -0 0 1
    outer loop
      vertex 0.936783 -1.0404 17.6
      vertex 15 -11 17.6
      vertex 1.0404 -0.936783 17.6
    endloop
  endfacet
  facet normal -0 0 1
    outer loop
      vertex 0.822899 -1.13262 17.6
      vertex 15 -11 17.6
      vertex 0.936783 -1.0404 17.6
    endloop
  endfacet
  facet normal -0 0 1
    outer loop
      vertex 0.7 -1.21243 17.6
      vertex 15 -11 17.6
      vertex 0.822899 -1.13262 17.6
    endloop
  endfacet
  facet normal -0 0 1
    outer loop
      vertex 0.56943 -1.27896 17.6
      vertex 15 -11 17.6
      vertex 0.7 -1.21243 17.6
    endloop
  endfacet
  facet normal -0 0 1
    outer loop
      vertex 0.432623 -1.33148 17.6
      vertex 15 -11 17.6
      vertex 0.56943 -1.27896 17.6
    endloop
  endfacet
  facet normal -0 0 1
    outer loop
      vertex 0.291076 -1.36941 17.6
      vertex 15 -11 17.6
      vertex 0.432623 -1.33148 17.6
    endloop
  endfacet
  facet normal -0 0 1
    outer loop
      vertex 0.146339 -1.39233 17.6
      vertex 15 -11 17.6
      vertex 0.291076 -1.36941 17.6
    endloop
  endfacet
  facet normal -0 0 1
    outer loop
      vertex 0 -1.4 17.6
      vertex 15 -11 17.6
      vertex 0.146339 -1.39233 17.6
    endloop
  endfacet
  facet normal 0 0 1
    outer loop
      vertex -15 -11 17.6
      vertex 0 -1.4 17.6
      vertex -0.146339 -1.39233 17.6
    endloop
  endfacet
  facet normal 0 0 1
    outer loop
      vertex -15 -11 17.6
      vertex -0.146339 -1.39233 17.6
      vertex -0.291076 -1.36941 17.6
    endloop
  endfacet
  facet normal 0 0 1
    outer loop
      vertex -15 -11 17.6
      vertex -0.291076 -1.36941 17.6
      vertex -0.432623 -1.33148 17.6
    endloop
  endfacet
  facet normal 0 0 1
    outer loop
      vertex -15 -11 17.6
      vertex -0.432623 -1.33148 17.6
      vertex -0.56943 -1.27896 17.6
    endloop
  endfacet
  facet normal 0 0 1
    outer loop
      vertex -15 -11 17.6
      vertex -0.56943 -1.27896 17.6
      vertex -0.7 -1.21243 17.6
    endloop
  endfacet
  facet normal 0 0 1
    outer loop
      vertex -1.27896 0.56943 17.6
      vertex -4.49951 5.36231 17.6
      vertex -1.33148 0.432623 17.6
    endloop
  endfacet
  facet normal 0 0 1
    outer loop
      vertex -1.33148 0.432623 17.6
      vertex -4.49951 5.36231 17.6
      vertex -1.36941 0.291076 17.6
    endloop
  endfacet
  facet normal 0 0 1
    outer loop
      vertex -1.36941 0.291076 17.6
      vertex -4.49951 5.36231 17.6
      vertex -1.39233 0.146339 17.6
    endloop
  endfacet
  facet normal 0 0 1
    outer loop
      vertex -1.39233 0.146339 17.6
      vertex -4.49951 5.36231 17.6
      vertex -1.4 0 17.6
    endloop
  endfacet
  facet normal 0 0 1
    outer loop
      vertex -1.4 0 17.6
      vertex -4.49951 5.36231 17.6
      vertex -1.39233 -0.146339 17.6
    endloop
  endfacet
  facet normal 0 0 1
    outer loop
      vertex -1.39233 -0.146339 17.6
      vertex -4.49951 5.36231 17.6
      vertex -1.36941 -0.291076 17.6
    endloop
  endfacet
  facet normal 0 0 1
    outer loop
      vertex -15 -11 17.6
      vertex -1.36941 -0.291076 17.6
      vertex -4.49951 5.36231 17.6
    endloop
  endfacet
  facet normal 0 0 1
    outer loop
      vertex -1.36941 -0.291076 17.6
      vertex -15 -11 17.6
      vertex -1.33148 -0.432623 17.6
    endloop
  endfacet
  facet normal 0 0 1
    outer loop
      vertex -1.33148 -0.432623 17.6
      vertex -15 -11 17.6
      vertex -1.27896 -0.56943 17.6
    endloop
  endfacet
  facet normal -0 0 1
    outer loop
      vertex -22.6559 10.0871 17.6
      vertex -4.49951 5.36231 17.6
      vertex -13.8199 16.47 17.6
    endloop
  endfacet
  facet normal 0 0 1
    outer loop
      vertex -24.2581 5.15621 17.6
      vertex -4.49951 5.36231 17.6
      vertex -23.5862 7.66362 17.6
    endloop
  endfacet
  facet normal 0 0 1
    outer loop
      vertex 0 -1.4 17.6
      vertex -15 -11 17.6
      vertex 15 -11 17.6
    endloop
  endfacet
  facet normal 0 0 1
    outer loop
      vertex -0.822899 -1.13262 17.6
      vertex -15 -11 17.6
      vertex -0.7 -1.21243 17.6
    endloop
  endfacet
  facet normal 0 0 1
    outer loop
      vertex -0.936783 -1.0404 17.6
      vertex -15 -11 17.6
      vertex -0.822899 -1.13262 17.6
    endloop
  endfacet
  facet normal 0 0 1
    outer loop
      vertex -1.0404 -0.936783 17.6
      vertex -15 -11 17.6
      vertex -0.936783 -1.0404 17.6
    endloop
  endfacet
  facet normal 0 0 1
    outer loop
      vertex -1.13262 -0.822899 17.6
      vertex -15 -11 17.6
      vertex -1.0404 -0.936783 17.6
    endloop
  endfacet
  facet normal 0 0 1
    outer loop
      vertex -24.6641 2.59231 17.6
      vertex -4.49951 5.36231 17.6
      vertex -24.2581 5.15621 17.6
    endloop
  endfacet
  facet normal -0 0 1
    outer loop
      vertex -16.5944 18.43 17.6
      vertex -13.8199 16.47 17.6
      vertex -14.5771 20.0636 17.6
    endloop
  endfacet
  facet normal -0 0 1
    outer loop
      vertex -18.43 16.5944 17.6
      vertex -13.8199 16.47 17.6
      vertex -16.5944 18.43 17.6
    endloop
  endfacet
  facet normal 0 0 1
    outer loop
      vertex -20.0636 14.5771 17.6
      vertex -13.8199 16.47 17.6
      vertex -18.43 16.5944 17.6
    endloop
  endfacet
  facet normal 0 0 1
    outer loop
      vertex -21.4774 12.4 17.6
      vertex -13.8199 16.47 17.6
      vertex -20.0636 14.5771 17.6
    endloop
  endfacet
  facet normal 0 -0 1
    outer loop
      vertex -16.5944 -18.43 17.6
      vertex -15 -11 17.6
      vertex -18.43 -16.5944 17.6
    endloop
  endfacet
  facet normal 0 0 1
    outer loop
      vertex -15 -11 17.6
      vertex -16.5944 -18.43 17.6
      vertex -15 -19.7211 17.6
    endloop
  endfacet
  facet normal 0 0 1
    outer loop
      vertex -22.6559 10.0871 17.6
      vertex -13.8199 16.47 17.6
      vertex -21.4774 12.4 17.6
    endloop
  endfacet
  facet normal 0 0 1
    outer loop
      vertex -15 -11 17.6
      vertex -20.0636 -14.5771 17.6
      vertex -18.43 -16.5944 17.6
    endloop
  endfacet
  facet normal 0 0 1
    outer loop
      vertex -4.49951 5.36231 17.6
      vertex -22.6559 10.0871 17.6
      vertex -23.5862 7.66362 17.6
    endloop
  endfacet
  facet normal 0 0 1
    outer loop
      vertex -15 -11 17.6
      vertex -21.4774 -12.4 17.6
      vertex -20.0636 -14.5771 17.6
    endloop
  endfacet
  facet normal 0 0 1
    outer loop
      vertex -24.8 0 17.6
      vertex -4.49951 5.36231 17.6
      vertex -24.6641 2.59231 17.6
    endloop
  endfacet
  facet normal 0 0 1
    outer loop
      vertex -15 -11 17.6
      vertex -22.6559 -10.0871 17.6
      vertex -21.4774 -12.4 17.6
    endloop
  endfacet
  facet normal 0 0 1
    outer loop
      vertex -1.27896 -0.56943 17.6
      vertex -15 -11 17.6
      vertex -1.21243 -0.7 17.6
    endloop
  endfacet
  facet normal 0 0 1
    outer loop
      vertex -15 -11 17.6
      vertex -23.5862 -7.66362 17.6
      vertex -22.6559 -10.0871 17.6
    endloop
  endfacet
  facet normal 0 0 1
    outer loop
      vertex -1.21243 -0.7 17.6
      vertex -15 -11 17.6
      vertex -1.13262 -0.822899 17.6
    endloop
  endfacet
  facet normal 0 0 1
    outer loop
      vertex -15 -11 17.6
      vertex -24.2581 -5.15621 17.6
      vertex -23.5862 -7.66362 17.6
    endloop
  endfacet
  facet normal 0 0 1
    outer loop
      vertex -4.49951 5.36231 17.6
      vertex -24.8 0 17.6
      vertex -15 -11 17.6
    endloop
  endfacet
  facet normal 0 0 1
    outer loop
      vertex -15 -11 17.6
      vertex -24.6641 -2.59231 17.6
      vertex -24.2581 -5.15621 17.6
    endloop
  endfacet
  facet normal 0 0 1
    outer loop
      vertex -15 -11 17.6
      vertex -24.8 0 17.6
      vertex -24.6641 -2.59231 17.6
    endloop
  endfacet
  facet normal 0 0 1
    outer loop
      vertex 16.5944 -18.43 17.6
      vertex 15 -11 17.6
      vertex 15 -19.7211 17.6
    endloop
  endfacet
  facet normal 0.777142 -0.629326 0
    outer loop
      vertex -20.0636 14.5771 20.4
      vertex -18.43 16.5944 17.6
      vertex -18.43 16.5944 20.4
    endloop
  endfacet
  facet normal 0.777142 -0.629326 0
    outer loop
      vertex -18.43 16.5944 17.6
      vertex -20.0636 14.5771 20.4
      vertex -20.0636 14.5771 17.6
    endloop
  endfacet
  facet normal 0.891004 -0.453996 0
    outer loop
      vertex -22.6559 10.0871 20.4
      vertex -21.4774 12.4 17.6
      vertex -21.4774 12.4 20.4
    endloop
  endfacet
  facet normal 0.891004 -0.453996 0
    outer loop
      vertex -21.4774 12.4 17.6
      vertex -22.6559 10.0871 20.4
      vertex -22.6559 10.0871 17.6
    endloop
  endfacet
  facet normal -0.544632 0.838675 0
    outer loop
      vertex 14.5771 -20.0636 17.9
      vertex 12.4 -21.4774 20.4
      vertex 14.5771 -20.0636 20.4
    endloop
  endfacet
  facet normal -0.544632 0.838675 0
    outer loop
      vertex 12.4 -21.4774 20.4
      vertex 14.5771 -20.0636 17.9
      vertex 12.4 -21.4774 17.9
    endloop
  endfacet
  facet normal 0.358367 0.933581 0
    outer loop
      vertex -8.93022 -23.1 18.9
      vertex -7.66362 -23.5862 20.4
      vertex -7.66362 -23.5862 18.9
    endloop
  endfacet
  facet normal 0.358372 0.933579 -5.65096e-06
    outer loop
      vertex -7.66362 -23.5862 20.4
      vertex -8.93022 -23.1 18.9
      vertex -10.0871 -22.6559 20.4
    endloop
  endfacet
  facet normal 0.358379 0.933576 0
    outer loop
      vertex -10.0871 -22.6559 17.9
      vertex -8.93022 -23.1 18.9
      vertex -8.93022 -23.1 17.9
    endloop
  endfacet
  facet normal 0.358379 0.933576 0
    outer loop
      vertex -8.93022 -23.1 18.9
      vertex -10.0871 -22.6559 17.9
      vertex -10.0871 -22.6559 20.4
    endloop
  endfacet
  facet normal -0.0523524 -0.998629 0
    outer loop
      vertex 0 24.8 17.6
      vertex 2.59231 24.6641 20.4
      vertex 0 24.8 20.4
    endloop
  endfacet
  facet normal -0.0523524 -0.998629 -0
    outer loop
      vertex 2.59231 24.6641 20.4
      vertex 0 24.8 17.6
      vertex 2.59231 24.6641 17.6
    endloop
  endfacet
  facet normal 0.544632 -0.838675 0
    outer loop
      vertex -14.5771 20.0636 17.6
      vertex -12.4 21.4774 20.4
      vertex -14.5771 20.0636 20.4
    endloop
  endfacet
  facet normal 0.544632 -0.838675 0
    outer loop
      vertex -12.4 21.4774 20.4
      vertex -14.5771 20.0636 17.6
      vertex -12.4 21.4774 17.6
    endloop
  endfacet
  facet normal 0.838675 0.544632 0
    outer loop
      vertex -20.0636 -14.5771 20.4
      vertex -21.4774 -12.4 17.6
      vertex -21.4774 -12.4 20.4
    endloop
  endfacet
  facet normal 0.838675 0.544632 0
    outer loop
      vertex -21.4774 -12.4 17.6
      vertex -20.0636 -14.5771 20.4
      vertex -20.0636 -14.5771 17.6
    endloop
  endfacet
  facet normal -0.156404 -0.987693 0
    outer loop
      vertex 2.59231 24.6641 17.6
      vertex 5.15621 24.2581 20.4
      vertex 2.59231 24.6641 20.4
    endloop
  endfacet
  facet normal -0.156404 -0.987693 -0
    outer loop
      vertex 5.15621 24.2581 20.4
      vertex 2.59231 24.6641 17.6
      vertex 5.15621 24.2581 17.6
    endloop
  endfacet
  facet normal -0.838675 0.544632 0
    outer loop
      vertex 20.0636 -14.5771 17.6
      vertex 21.4774 -12.4 20.4
      vertex 21.4774 -12.4 17.6
    endloop
  endfacet
  facet normal -0.838675 0.544632 0
    outer loop
      vertex 21.4774 -12.4 20.4
      vertex 20.0636 -14.5771 17.6
      vertex 20.0636 -14.5771 20.4
    endloop
  endfacet
  facet normal 0.891004 0.453996 0
    outer loop
      vertex -21.4774 -12.4 20.4
      vertex -22.6559 -10.0871 17.6
      vertex -22.6559 -10.0871 20.4
    endloop
  endfacet
  facet normal 0.891004 0.453996 0
    outer loop
      vertex -22.6559 -10.0871 17.6
      vertex -21.4774 -12.4 20.4
      vertex -21.4774 -12.4 17.6
    endloop
  endfacet
  facet normal 0.965922 0.258834 0
    outer loop
      vertex -23.5862 -7.66362 20.4
      vertex -24.2581 -5.15621 17.6
      vertex -24.2581 -5.15621 20.4
    endloop
  endfacet
  facet normal 0.965922 0.258834 0
    outer loop
      vertex -24.2581 -5.15621 17.6
      vertex -23.5862 -7.66362 20.4
      vertex -23.5862 -7.66362 17.6
    endloop
  endfacet
  facet normal -0.358372 -0.933579 0
    outer loop
      vertex 7.66362 23.5862 17.6
      vertex 10.0871 22.6559 20.4
      vertex 7.66362 23.5862 20.4
    endloop
  endfacet
  facet normal -0.358372 -0.933579 -0
    outer loop
      vertex 10.0871 22.6559 20.4
      vertex 7.66362 23.5862 17.6
      vertex 10.0871 22.6559 17.6
    endloop
  endfacet
  facet normal 0.0523524 -0.998629 0
    outer loop
      vertex -2.59231 24.6641 17.6
      vertex 0 24.8 20.4
      vertex -2.59231 24.6641 20.4
    endloop
  endfacet
  facet normal 0.0523524 -0.998629 0
    outer loop
      vertex 0 24.8 20.4
      vertex -2.59231 24.6641 17.6
      vertex 0 24.8 17.6
    endloop
  endfacet
  facet normal 0.453996 0.891004 -0
    outer loop
      vertex -10.0871 -22.6559 17.9
      vertex -12.4 -21.4774 20.4
      vertex -10.0871 -22.6559 20.4
    endloop
  endfacet
  facet normal 0.453996 0.891004 0
    outer loop
      vertex -12.4 -21.4774 20.4
      vertex -10.0871 -22.6559 17.9
      vertex -12.4 -21.4774 17.9
    endloop
  endfacet
  facet normal 0.156404 0.987693 -0
    outer loop
      vertex -2.59231 -24.6641 18.9
      vertex -5.15621 -24.2581 20.4
      vertex -2.59231 -24.6641 20.4
    endloop
  endfacet
  facet normal 0.156404 0.987693 0
    outer loop
      vertex -5.15621 -24.2581 20.4
      vertex -2.59231 -24.6641 18.9
      vertex -5.15621 -24.2581 18.9
    endloop
  endfacet
  facet normal -0.933579 0.358372 0
    outer loop
      vertex 22.6559 -10.0871 17.6
      vertex 23.5862 -7.66362 20.4
      vertex 23.5862 -7.66362 17.6
    endloop
  endfacet
  facet normal -0.933579 0.358372 0
    outer loop
      vertex 23.5862 -7.66362 20.4
      vertex 22.6559 -10.0871 17.6
      vertex 22.6559 -10.0871 20.4
    endloop
  endfacet
  facet normal -0.838675 -0.544632 0
    outer loop
      vertex 21.4774 12.4 17.6
      vertex 20.0636 14.5771 20.4
      vertex 20.0636 14.5771 17.6
    endloop
  endfacet
  facet normal -0.838675 -0.544632 0
    outer loop
      vertex 20.0636 14.5771 20.4
      vertex 21.4774 12.4 17.6
      vertex 21.4774 12.4 20.4
    endloop
  endfacet
  facet normal 0.777142 0.629326 0
    outer loop
      vertex -18.43 -16.5944 20.4
      vertex -20.0636 -14.5771 17.6
      vertex -20.0636 -14.5771 20.4
    endloop
  endfacet
  facet normal 0.777142 0.629326 0
    outer loop
      vertex -20.0636 -14.5771 17.6
      vertex -18.43 -16.5944 20.4
      vertex -18.43 -16.5944 17.6
    endloop
  endfacet
  facet normal -0.707107 0.707107 0
    outer loop
      vertex 16.5944 -18.43 17.6
      vertex 18.43 -16.5944 20.4
      vertex 18.43 -16.5944 17.6
    endloop
  endfacet
  facet normal -0.707107 0.707107 0
    outer loop
      vertex 18.43 -16.5944 20.4
      vertex 16.5944 -18.43 17.6
      vertex 16.5944 -18.43 20.4
    endloop
  endfacet
  facet normal 0.629326 -0.777142 0
    outer loop
      vertex -16.5944 18.43 17.6
      vertex -14.5771 20.0636 20.4
      vertex -16.5944 18.43 20.4
    endloop
  endfacet
  facet normal 0.629326 -0.777142 0
    outer loop
      vertex -14.5771 20.0636 20.4
      vertex -16.5944 18.43 17.6
      vertex -14.5771 20.0636 17.6
    endloop
  endfacet
  facet normal -0.258834 0.965922 0
    outer loop
      vertex 7.66362 -23.5862 18.9
      vertex 5.15621 -24.2581 20.4
      vertex 7.66362 -23.5862 20.4
    endloop
  endfacet
  facet normal -0.258834 0.965922 0
    outer loop
      vertex 5.15621 -24.2581 20.4
      vertex 7.66362 -23.5862 18.9
      vertex 5.15621 -24.2581 18.9
    endloop
  endfacet
  facet normal -0.965922 0.258834 0
    outer loop
      vertex 23.5862 -7.66362 17.6
      vertex 24.2581 -5.15621 20.4
      vertex 24.2581 -5.15621 17.6
    endloop
  endfacet
  facet normal -0.965922 0.258834 0
    outer loop
      vertex 24.2581 -5.15621 20.4
      vertex 23.5862 -7.66362 17.6
      vertex 23.5862 -7.66362 20.4
    endloop
  endfacet
  facet normal 0.998629 -0.0523524 0
    outer loop
      vertex -24.8 0 20.4
      vertex -24.6641 2.59231 17.6
      vertex -24.6641 2.59231 20.4
    endloop
  endfacet
  facet normal 0.998629 -0.0523524 0
    outer loop
      vertex -24.6641 2.59231 17.6
      vertex -24.8 0 20.4
      vertex -24.8 0 17.6
    endloop
  endfacet
  facet normal 0.707107 -0.707107 0
    outer loop
      vertex -18.43 16.5944 20.4
      vertex -16.5944 18.43 17.6
      vertex -16.5944 18.43 20.4
    endloop
  endfacet
  facet normal 0.707107 -0.707107 0
    outer loop
      vertex -16.5944 18.43 17.6
      vertex -18.43 16.5944 20.4
      vertex -18.43 16.5944 17.6
    endloop
  endfacet
  facet normal 0.998629 0.0523524 0
    outer loop
      vertex -24.6641 -2.59231 20.4
      vertex -24.8 0 17.6
      vertex -24.8 0 20.4
    endloop
  endfacet
  facet normal 0.998629 0.0523524 0
    outer loop
      vertex -24.8 0 17.6
      vertex -24.6641 -2.59231 20.4
      vertex -24.6641 -2.59231 17.6
    endloop
  endfacet
  facet normal -0.629326 -0.777142 0
    outer loop
      vertex 14.5771 20.0636 17.6
      vertex 16.5944 18.43 20.4
      vertex 14.5771 20.0636 20.4
    endloop
  endfacet
  facet normal -0.629326 -0.777142 -0
    outer loop
      vertex 16.5944 18.43 20.4
      vertex 14.5771 20.0636 17.6
      vertex 16.5944 18.43 17.6
    endloop
  endfacet
  facet normal 0.707107 0.707107 0
    outer loop
      vertex -16.5944 -18.43 20.4
      vertex -18.43 -16.5944 17.6
      vertex -18.43 -16.5944 20.4
    endloop
  endfacet
  facet normal 0.707107 0.707107 0
    outer loop
      vertex -18.43 -16.5944 17.6
      vertex -16.5944 -18.43 20.4
      vertex -16.5944 -18.43 17.6
    endloop
  endfacet
  facet normal 0.933579 -0.358372 0
    outer loop
      vertex -23.5862 7.66362 20.4
      vertex -22.6559 10.0871 17.6
      vertex -22.6559 10.0871 20.4
    endloop
  endfacet
  facet normal 0.933579 -0.358372 0
    outer loop
      vertex -22.6559 10.0871 17.6
      vertex -23.5862 7.66362 20.4
      vertex -23.5862 7.66362 17.6
    endloop
  endfacet
  facet normal 0.965922 -0.258834 0
    outer loop
      vertex -24.2581 5.15621 20.4
      vertex -23.5862 7.66362 17.6
      vertex -23.5862 7.66362 20.4
    endloop
  endfacet
  facet normal 0.965922 -0.258834 0
    outer loop
      vertex -23.5862 7.66362 17.6
      vertex -24.2581 5.15621 20.4
      vertex -24.2581 5.15621 17.6
    endloop
  endfacet
  facet normal -0.777142 0.629326 0
    outer loop
      vertex 18.43 -16.5944 17.6
      vertex 20.0636 -14.5771 20.4
      vertex 20.0636 -14.5771 17.6
    endloop
  endfacet
  facet normal -0.777142 0.629326 0
    outer loop
      vertex 20.0636 -14.5771 20.4
      vertex 18.43 -16.5944 17.6
      vertex 18.43 -16.5944 20.4
    endloop
  endfacet
  facet normal 0.987693 -0.156404 0
    outer loop
      vertex -24.6641 2.59231 20.4
      vertex -24.2581 5.15621 17.6
      vertex -24.2581 5.15621 20.4
    endloop
  endfacet
  facet normal 0.987693 -0.156404 0
    outer loop
      vertex -24.2581 5.15621 17.6
      vertex -24.6641 2.59231 20.4
      vertex -24.6641 2.59231 17.6
    endloop
  endfacet
  facet normal -0.358372 0.933579 -5.65096e-06
    outer loop
      vertex 10.0871 -22.6559 20.4
      vertex 8.93022 -23.1 18.9
      vertex 7.66362 -23.5862 20.4
    endloop
  endfacet
  facet normal -0.358379 0.933576 0
    outer loop
      vertex 10.0871 -22.6559 17.9
      vertex 8.93022 -23.1 18.9
      vertex 10.0871 -22.6559 20.4
    endloop
  endfacet
  facet normal -0.358379 0.933576 0
    outer loop
      vertex 8.93022 -23.1 18.9
      vertex 10.0871 -22.6559 17.9
      vertex 8.93022 -23.1 17.9
    endloop
  endfacet
  facet normal -0.358367 0.933581 0
    outer loop
      vertex 7.66362 -23.5862 20.4
      vertex 8.93022 -23.1 18.9
      vertex 7.66362 -23.5862 18.9
    endloop
  endfacet
  facet normal 0.629367 0.777108 0
    outer loop
      vertex -15 -19.7211 17.9
      vertex -14.5771 -20.0636 20.4
      vertex -14.5771 -20.0636 17.9
    endloop
  endfacet
  facet normal 0.629326 0.777142 1.1682e-05
    outer loop
      vertex -14.5771 -20.0636 20.4
      vertex -15 -19.7211 17.9
      vertex -16.5944 -18.43 20.4
    endloop
  endfacet
  facet normal 0.629315 0.777151 0
    outer loop
      vertex -16.5944 -18.43 17.6
      vertex -15 -19.7211 17.9
      vertex -15 -19.7211 17.6
    endloop
  endfacet
  facet normal 0.629315 0.777151 0
    outer loop
      vertex -15 -19.7211 17.9
      vertex -16.5944 -18.43 17.6
      vertex -16.5944 -18.43 20.4
    endloop
  endfacet
  facet normal 0.544632 0.838675 -0
    outer loop
      vertex -12.4 -21.4774 17.9
      vertex -14.5771 -20.0636 20.4
      vertex -12.4 -21.4774 20.4
    endloop
  endfacet
  facet normal 0.544632 0.838675 0
    outer loop
      vertex -14.5771 -20.0636 20.4
      vertex -12.4 -21.4774 17.9
      vertex -14.5771 -20.0636 17.9
    endloop
  endfacet
  facet normal -0.766047 0.642785 0
    outer loop
      vertex 4.49951 5.36231 3.8147e-07
      vertex 13.8199 16.47 2.4
      vertex 13.8199 16.47 3.8147e-07
    endloop
  endfacet
  facet normal -0.766047 0.642785 0
    outer loop
      vertex 13.8199 16.47 2.4
      vertex 4.49951 5.36231 3.8147e-07
      vertex 4.49951 5.36231 2.4
    endloop
  endfacet
  facet normal -0.766047 0.642785 0
    outer loop
      vertex 4.49951 5.36231 15.4
      vertex 13.8199 16.47 17.6
      vertex 13.8199 16.47 15.4
    endloop
  endfacet
  facet normal -0.766047 0.642785 0
    outer loop
      vertex 13.8199 16.47 17.6
      vertex 4.49951 5.36231 15.4
      vertex 4.49951 5.36231 17.6
    endloop
  endfacet
  facet normal 0.766047 0.642785 0
    outer loop
      vertex -4.49951 5.36231 2.4
      vertex -13.8199 16.47 3.8147e-07
      vertex -13.8199 16.47 2.4
    endloop
  endfacet
  facet normal 0.766047 0.642785 0
    outer loop
      vertex -13.8199 16.47 3.8147e-07
      vertex -4.49951 5.36231 2.4
      vertex -4.49951 5.36231 3.8147e-07
    endloop
  endfacet
  facet normal 0.766047 0.642785 0
    outer loop
      vertex -4.49951 5.36231 17.6
      vertex -13.8199 16.47 15.4
      vertex -13.8199 16.47 17.6
    endloop
  endfacet
  facet normal 0.766047 0.642785 0
    outer loop
      vertex -13.8199 16.47 15.4
      vertex -4.49951 5.36231 17.6
      vertex -4.49951 5.36231 15.4
    endloop
  endfacet
  facet normal -0.600721 -0.799459 0
    outer loop
      vertex 11.9747 17.8565 3.8147e-07
      vertex 13.8199 16.47 2.4
      vertex 11.9747 17.8565 2.4
    endloop
  endfacet
  facet normal -0.600721 -0.799459 -0
    outer loop
      vertex 13.8199 16.47 2.4
      vertex 11.9747 17.8565 3.8147e-07
      vertex 13.8199 16.47 3.8147e-07
    endloop
  endfacet
  facet normal -0.600721 -0.799459 0
    outer loop
      vertex 11.9747 17.8565 15.4
      vertex 13.8199 16.47 17.6
      vertex 11.9747 17.8565 17.6
    endloop
  endfacet
  facet normal -0.600721 -0.799459 -0
    outer loop
      vertex 13.8199 16.47 17.6
      vertex 11.9747 17.8565 15.4
      vertex 13.8199 16.47 15.4
    endloop
  endfacet
  facet normal 0.600741 0.799444 -0
    outer loop
      vertex 4.49951 5.36231 3.8147e-07
      vertex 3.89875 5.81375 2.4
      vertex 4.49951 5.36231 2.4
    endloop
  endfacet
  facet normal 0.600741 0.799444 0
    outer loop
      vertex 3.89875 5.81375 2.4
      vertex 4.49951 5.36231 3.8147e-07
      vertex 3.89875 5.81375 3.8147e-07
    endloop
  endfacet
  facet normal 0.600741 0.799444 -0
    outer loop
      vertex 4.49951 5.36231 15.4
      vertex 3.89875 5.81375 17.6
      vertex 4.49951 5.36231 17.6
    endloop
  endfacet
  facet normal 0.600741 0.799444 0
    outer loop
      vertex 3.89875 5.81375 17.6
      vertex 4.49951 5.36231 15.4
      vertex 3.89875 5.81375 15.4
    endloop
  endfacet
  facet normal -0.511597 -0.859226 0
    outer loop
      vertex 9.99155 19.0373 3.8147e-07
      vertex 11.9747 17.8565 2.4
      vertex 9.99155 19.0373 2.4
    endloop
  endfacet
  facet normal -0.511597 -0.859226 -0
    outer loop
      vertex 11.9747 17.8565 2.4
      vertex 9.99155 19.0373 3.8147e-07
      vertex 11.9747 17.8565 3.8147e-07
    endloop
  endfacet
  facet normal -0.511597 -0.859226 0
    outer loop
      vertex 9.99155 19.0373 15.4
      vertex 11.9747 17.8565 17.6
      vertex 9.99155 19.0373 17.6
    endloop
  endfacet
  facet normal -0.511597 -0.859226 -0
    outer loop
      vertex 11.9747 17.8565 17.6
      vertex 9.99155 19.0373 15.4
      vertex 11.9747 17.8565 15.4
    endloop
  endfacet
  facet normal 0.511583 0.859234 -0
    outer loop
      vertex 3.89875 5.81375 3.8147e-07
      vertex 3.25306 6.19819 2.4
      vertex 3.89875 5.81375 2.4
    endloop
  endfacet
  facet normal 0.511583 0.859234 0
    outer loop
      vertex 3.25306 6.19819 2.4
      vertex 3.89875 5.81375 3.8147e-07
      vertex 3.25306 6.19819 3.8147e-07
    endloop
  endfacet
  facet normal 0.511583 0.859234 -0
    outer loop
      vertex 3.89875 5.81375 15.4
      vertex 3.25306 6.19819 17.6
      vertex 3.89875 5.81375 17.6
    endloop
  endfacet
  facet normal 0.511583 0.859234 0
    outer loop
      vertex 3.25306 6.19819 17.6
      vertex 3.89875 5.81375 15.4
      vertex 3.25306 6.19819 15.4
    endloop
  endfacet
  facet normal -0.416532 -0.909121 0
    outer loop
      vertex 7.8932 19.9987 3.8147e-07
      vertex 9.99155 19.0373 2.4
      vertex 7.8932 19.9987 2.4
    endloop
  endfacet
  facet normal -0.416532 -0.909121 -0
    outer loop
      vertex 9.99155 19.0373 2.4
      vertex 7.8932 19.9987 3.8147e-07
      vertex 9.99155 19.0373 3.8147e-07
    endloop
  endfacet
  facet normal -0.416532 -0.909121 0
    outer loop
      vertex 7.8932 19.9987 15.4
      vertex 9.99155 19.0373 17.6
      vertex 7.8932 19.9987 17.6
    endloop
  endfacet
  facet normal -0.416532 -0.909121 -0
    outer loop
      vertex 9.99155 19.0373 17.6
      vertex 7.8932 19.9987 15.4
      vertex 9.99155 19.0373 15.4
    endloop
  endfacet
  facet normal 0.416529 0.909122 -0
    outer loop
      vertex 3.25306 6.19819 3.8147e-07
      vertex 2.56988 6.5112 2.4
      vertex 3.25306 6.19819 2.4
    endloop
  endfacet
  facet normal 0.416529 0.909122 0
    outer loop
      vertex 2.56988 6.5112 2.4
      vertex 3.25306 6.19819 3.8147e-07
      vertex 2.56988 6.5112 3.8147e-07
    endloop
  endfacet
  facet normal 0.416529 0.909122 -0
    outer loop
      vertex 3.25306 6.19819 15.4
      vertex 2.56988 6.5112 17.6
      vertex 3.25306 6.19819 17.6
    endloop
  endfacet
  facet normal 0.416529 0.909122 0
    outer loop
      vertex 2.56988 6.5112 17.6
      vertex 3.25306 6.19819 15.4
      vertex 2.56988 6.5112 15.4
    endloop
  endfacet
  facet normal -0.316668 -0.948536 0
    outer loop
      vertex 5.70389 20.7296 3.8147e-07
      vertex 7.8932 19.9987 2.4
      vertex 5.70389 20.7296 2.4
    endloop
  endfacet
  facet normal -0.316668 -0.948536 -0
    outer loop
      vertex 7.8932 19.9987 2.4
      vertex 5.70389 20.7296 3.8147e-07
      vertex 7.8932 19.9987 3.8147e-07
    endloop
  endfacet
  facet normal -0.316668 -0.948536 0
    outer loop
      vertex 5.70389 20.7296 15.4
      vertex 7.8932 19.9987 17.6
      vertex 5.70389 20.7296 17.6
    endloop
  endfacet
  facet normal -0.316668 -0.948536 -0
    outer loop
      vertex 7.8932 19.9987 17.6
      vertex 5.70389 20.7296 15.4
      vertex 7.8932 19.9987 15.4
    endloop
  endfacet
  facet normal 0.316671 0.948535 -0
    outer loop
      vertex 2.56988 6.5112 3.8147e-07
      vertex 1.85708 6.74917 2.4
      vertex 2.56988 6.5112 2.4
    endloop
  endfacet
  facet normal 0.316671 0.948535 0
    outer loop
      vertex 1.85708 6.74917 2.4
      vertex 2.56988 6.5112 3.8147e-07
      vertex 1.85708 6.74917 3.8147e-07
    endloop
  endfacet
  facet normal 0.316671 0.948535 -0
    outer loop
      vertex 2.56988 6.5112 15.4
      vertex 1.85708 6.74917 17.6
      vertex 2.56988 6.5112 17.6
    endloop
  endfacet
  facet normal 0.316671 0.948535 0
    outer loop
      vertex 1.85708 6.74917 17.6
      vertex 2.56988 6.5112 15.4
      vertex 1.85708 6.74917 15.4
    endloop
  endfacet
  facet normal -0.213163 -0.977017 0
    outer loop
      vertex 3.44884 21.2216 3.8147e-07
      vertex 5.70389 20.7296 2.4
      vertex 3.44884 21.2216 2.4
    endloop
  endfacet
  facet normal -0.213163 -0.977017 -0
    outer loop
      vertex 5.70389 20.7296 2.4
      vertex 3.44884 21.2216 3.8147e-07
      vertex 5.70389 20.7296 3.8147e-07
    endloop
  endfacet
  facet normal -0.213163 -0.977017 0
    outer loop
      vertex 3.44884 21.2216 15.4
      vertex 5.70389 20.7296 17.6
      vertex 3.44884 21.2216 17.6
    endloop
  endfacet
  facet normal -0.213163 -0.977017 -0
    outer loop
      vertex 5.70389 20.7296 17.6
      vertex 3.44884 21.2216 15.4
      vertex 5.70389 20.7296 15.4
    endloop
  endfacet
  facet normal 0.213156 0.977018 -0
    outer loop
      vertex 1.85708 6.74917 3.8147e-07
      vertex 1.12288 6.90935 2.4
      vertex 1.85708 6.74917 2.4
    endloop
  endfacet
  facet normal 0.213156 0.977018 0
    outer loop
      vertex 1.12288 6.90935 2.4
      vertex 1.85708 6.74917 3.8147e-07
      vertex 1.12288 6.90935 3.8147e-07
    endloop
  endfacet
  facet normal 0.213156 0.977018 -0
    outer loop
      vertex 1.85708 6.74917 15.4
      vertex 1.12288 6.90935 17.6
      vertex 1.85708 6.74917 17.6
    endloop
  endfacet
  facet normal 0.213156 0.977018 0
    outer loop
      vertex 1.12288 6.90935 17.6
      vertex 1.85708 6.74917 15.4
      vertex 1.12288 6.90935 15.4
    endloop
  endfacet
  facet normal -0.107188 -0.994239 0
    outer loop
      vertex 1.15405 21.469 3.8147e-07
      vertex 3.44884 21.2216 2.4
      vertex 1.15405 21.469 2.4
    endloop
  endfacet
  facet normal -0.107188 -0.994239 -0
    outer loop
      vertex 3.44884 21.2216 2.4
      vertex 1.15405 21.469 3.8147e-07
      vertex 3.44884 21.2216 3.8147e-07
    endloop
  endfacet
  facet normal -0.107188 -0.994239 0
    outer loop
      vertex 1.15405 21.469 15.4
      vertex 3.44884 21.2216 17.6
      vertex 1.15405 21.469 17.6
    endloop
  endfacet
  facet normal -0.107188 -0.994239 -0
    outer loop
      vertex 3.44884 21.2216 17.6
      vertex 1.15405 21.469 15.4
      vertex 3.44884 21.2216 15.4
    endloop
  endfacet
  facet normal 0.107203 0.994237 -0
    outer loop
      vertex 1.12288 6.90935 3.8147e-07
      vertex 0.375736 6.98991 2.4
      vertex 1.12288 6.90935 2.4
    endloop
  endfacet
  facet normal 0.107203 0.994237 0
    outer loop
      vertex 0.375736 6.98991 2.4
      vertex 1.12288 6.90935 3.8147e-07
      vertex 0.375736 6.98991 3.8147e-07
    endloop
  endfacet
  facet normal 0.107203 0.994237 -0
    outer loop
      vertex 1.12288 6.90935 15.4
      vertex 0.375736 6.98991 17.6
      vertex 1.12288 6.90935 17.6
    endloop
  endfacet
  facet normal 0.107203 0.994237 0
    outer loop
      vertex 0.375736 6.98991 17.6
      vertex 1.12288 6.90935 15.4
      vertex 0.375736 6.98991 15.4
    endloop
  endfacet
  facet normal 0 -1 0
    outer loop
      vertex -1.15405 21.469 3.8147e-07
      vertex 1.15405 21.469 2.4
      vertex -1.15405 21.469 2.4
    endloop
  endfacet
  facet normal 0 -1 -0
    outer loop
      vertex 1.15405 21.469 2.4
      vertex -1.15405 21.469 3.8147e-07
      vertex 1.15405 21.469 3.8147e-07
    endloop
  endfacet
  facet normal 0 -1 0
    outer loop
      vertex -1.15405 21.469 15.4
      vertex 1.15405 21.469 17.6
      vertex -1.15405 21.469 17.6
    endloop
  endfacet
  facet normal 0 -1 -0
    outer loop
      vertex 1.15405 21.469 17.6
      vertex -1.15405 21.469 15.4
      vertex 1.15405 21.469 15.4
    endloop
  endfacet
  facet normal 0 1 -0
    outer loop
      vertex 0.375736 6.98991 3.8147e-07
      vertex -0.375736 6.98991 2.4
      vertex 0.375736 6.98991 2.4
    endloop
  endfacet
  facet normal 0 1 0
    outer loop
      vertex -0.375736 6.98991 2.4
      vertex 0.375736 6.98991 3.8147e-07
      vertex -0.375736 6.98991 3.8147e-07
    endloop
  endfacet
  facet normal 0 1 -0
    outer loop
      vertex 0.375736 6.98991 15.4
      vertex -0.375736 6.98991 17.6
      vertex 0.375736 6.98991 17.6
    endloop
  endfacet
  facet normal 0 1 0
    outer loop
      vertex -0.375736 6.98991 17.6
      vertex 0.375736 6.98991 15.4
      vertex -0.375736 6.98991 15.4
    endloop
  endfacet
  facet normal 0.107188 -0.994239 0
    outer loop
      vertex -3.44884 21.2216 3.8147e-07
      vertex -1.15405 21.469 2.4
      vertex -3.44884 21.2216 2.4
    endloop
  endfacet
  facet normal 0.107188 -0.994239 0
    outer loop
      vertex -1.15405 21.469 2.4
      vertex -3.44884 21.2216 3.8147e-07
      vertex -1.15405 21.469 3.8147e-07
    endloop
  endfacet
  facet normal 0.107188 -0.994239 0
    outer loop
      vertex -3.44884 21.2216 15.4
      vertex -1.15405 21.469 17.6
      vertex -3.44884 21.2216 17.6
    endloop
  endfacet
  facet normal 0.107188 -0.994239 0
    outer loop
      vertex -1.15405 21.469 17.6
      vertex -3.44884 21.2216 15.4
      vertex -1.15405 21.469 15.4
    endloop
  endfacet
  facet normal -0.107203 0.994237 0
    outer loop
      vertex -0.375736 6.98991 3.8147e-07
      vertex -1.12288 6.90935 2.4
      vertex -0.375736 6.98991 2.4
    endloop
  endfacet
  facet normal -0.107203 0.994237 0
    outer loop
      vertex -1.12288 6.90935 2.4
      vertex -0.375736 6.98991 3.8147e-07
      vertex -1.12288 6.90935 3.8147e-07
    endloop
  endfacet
  facet normal -0.107203 0.994237 0
    outer loop
      vertex -0.375736 6.98991 15.4
      vertex -1.12288 6.90935 17.6
      vertex -0.375736 6.98991 17.6
    endloop
  endfacet
  facet normal -0.107203 0.994237 0
    outer loop
      vertex -1.12288 6.90935 17.6
      vertex -0.375736 6.98991 15.4
      vertex -1.12288 6.90935 15.4
    endloop
  endfacet
  facet normal 0.213163 -0.977017 0
    outer loop
      vertex -5.70389 20.7296 3.8147e-07
      vertex -3.44884 21.2216 2.4
      vertex -5.70389 20.7296 2.4
    endloop
  endfacet
  facet normal 0.213163 -0.977017 0
    outer loop
      vertex -3.44884 21.2216 2.4
      vertex -5.70389 20.7296 3.8147e-07
      vertex -3.44884 21.2216 3.8147e-07
    endloop
  endfacet
  facet normal 0.213163 -0.977017 0
    outer loop
      vertex -5.70389 20.7296 15.4
      vertex -3.44884 21.2216 17.6
      vertex -5.70389 20.7296 17.6
    endloop
  endfacet
  facet normal 0.213163 -0.977017 0
    outer loop
      vertex -3.44884 21.2216 17.6
      vertex -5.70389 20.7296 15.4
      vertex -3.44884 21.2216 15.4
    endloop
  endfacet
  facet normal -0.213156 0.977018 0
    outer loop
      vertex -1.12288 6.90935 3.8147e-07
      vertex -1.85708 6.74917 2.4
      vertex -1.12288 6.90935 2.4
    endloop
  endfacet
  facet normal -0.213156 0.977018 0
    outer loop
      vertex -1.85708 6.74917 2.4
      vertex -1.12288 6.90935 3.8147e-07
      vertex -1.85708 6.74917 3.8147e-07
    endloop
  endfacet
  facet normal -0.213156 0.977018 0
    outer loop
      vertex -1.12288 6.90935 15.4
      vertex -1.85708 6.74917 17.6
      vertex -1.12288 6.90935 17.6
    endloop
  endfacet
  facet normal -0.213156 0.977018 0
    outer loop
      vertex -1.85708 6.74917 17.6
      vertex -1.12288 6.90935 15.4
      vertex -1.85708 6.74917 15.4
    endloop
  endfacet
  facet normal 0.316668 -0.948536 0
    outer loop
      vertex -7.8932 19.9987 3.8147e-07
      vertex -5.70389 20.7296 2.4
      vertex -7.8932 19.9987 2.4
    endloop
  endfacet
  facet normal 0.316668 -0.948536 0
    outer loop
      vertex -5.70389 20.7296 2.4
      vertex -7.8932 19.9987 3.8147e-07
      vertex -5.70389 20.7296 3.8147e-07
    endloop
  endfacet
  facet normal 0.316668 -0.948536 0
    outer loop
      vertex -7.8932 19.9987 15.4
      vertex -5.70389 20.7296 17.6
      vertex -7.8932 19.9987 17.6
    endloop
  endfacet
  facet normal 0.316668 -0.948536 0
    outer loop
      vertex -5.70389 20.7296 17.6
      vertex -7.8932 19.9987 15.4
      vertex -5.70389 20.7296 15.4
    endloop
  endfacet
  facet normal -0.316671 0.948535 0
    outer loop
      vertex -1.85708 6.74917 3.8147e-07
      vertex -2.56988 6.5112 2.4
      vertex -1.85708 6.74917 2.4
    endloop
  endfacet
  facet normal -0.316671 0.948535 0
    outer loop
      vertex -2.56988 6.5112 2.4
      vertex -1.85708 6.74917 3.8147e-07
      vertex -2.56988 6.5112 3.8147e-07
    endloop
  endfacet
  facet normal -0.316671 0.948535 0
    outer loop
      vertex -1.85708 6.74917 15.4
      vertex -2.56988 6.5112 17.6
      vertex -1.85708 6.74917 17.6
    endloop
  endfacet
  facet normal -0.316671 0.948535 0
    outer loop
      vertex -2.56988 6.5112 17.6
      vertex -1.85708 6.74917 15.4
      vertex -2.56988 6.5112 15.4
    endloop
  endfacet
  facet normal 0.416532 -0.909121 0
    outer loop
      vertex -9.99155 19.0373 3.8147e-07
      vertex -7.8932 19.9987 2.4
      vertex -9.99155 19.0373 2.4
    endloop
  endfacet
  facet normal 0.416532 -0.909121 0
    outer loop
      vertex -7.8932 19.9987 2.4
      vertex -9.99155 19.0373 3.8147e-07
      vertex -7.8932 19.9987 3.8147e-07
    endloop
  endfacet
  facet normal 0.416532 -0.909121 0
    outer loop
      vertex -9.99155 19.0373 15.4
      vertex -7.8932 19.9987 17.6
      vertex -9.99155 19.0373 17.6
    endloop
  endfacet
  facet normal 0.416532 -0.909121 0
    outer loop
      vertex -7.8932 19.9987 17.6
      vertex -9.99155 19.0373 15.4
      vertex -7.8932 19.9987 15.4
    endloop
  endfacet
  facet normal -0.416529 0.909122 0
    outer loop
      vertex -2.56988 6.5112 3.8147e-07
      vertex -3.25306 6.19819 2.4
      vertex -2.56988 6.5112 2.4
    endloop
  endfacet
  facet normal -0.416529 0.909122 0
    outer loop
      vertex -3.25306 6.19819 2.4
      vertex -2.56988 6.5112 3.8147e-07
      vertex -3.25306 6.19819 3.8147e-07
    endloop
  endfacet
  facet normal -0.416529 0.909122 0
    outer loop
      vertex -2.56988 6.5112 15.4
      vertex -3.25306 6.19819 17.6
      vertex -2.56988 6.5112 17.6
    endloop
  endfacet
  facet normal -0.416529 0.909122 0
    outer loop
      vertex -3.25306 6.19819 17.6
      vertex -2.56988 6.5112 15.4
      vertex -3.25306 6.19819 15.4
    endloop
  endfacet
  facet normal 0.511597 -0.859226 0
    outer loop
      vertex -11.9747 17.8565 3.8147e-07
      vertex -9.99155 19.0373 2.4
      vertex -11.9747 17.8565 2.4
    endloop
  endfacet
  facet normal 0.511597 -0.859226 0
    outer loop
      vertex -9.99155 19.0373 2.4
      vertex -11.9747 17.8565 3.8147e-07
      vertex -9.99155 19.0373 3.8147e-07
    endloop
  endfacet
  facet normal 0.511597 -0.859226 0
    outer loop
      vertex -11.9747 17.8565 15.4
      vertex -9.99155 19.0373 17.6
      vertex -11.9747 17.8565 17.6
    endloop
  endfacet
  facet normal 0.511597 -0.859226 0
    outer loop
      vertex -9.99155 19.0373 17.6
      vertex -11.9747 17.8565 15.4
      vertex -9.99155 19.0373 15.4
    endloop
  endfacet
  facet normal -0.511583 0.859234 0
    outer loop
      vertex -3.25306 6.19819 3.8147e-07
      vertex -3.89875 5.81375 2.4
      vertex -3.25306 6.19819 2.4
    endloop
  endfacet
  facet normal -0.511583 0.859234 0
    outer loop
      vertex -3.89875 5.81375 2.4
      vertex -3.25306 6.19819 3.8147e-07
      vertex -3.89875 5.81375 3.8147e-07
    endloop
  endfacet
  facet normal -0.511583 0.859234 0
    outer loop
      vertex -3.25306 6.19819 15.4
      vertex -3.89875 5.81375 17.6
      vertex -3.25306 6.19819 17.6
    endloop
  endfacet
  facet normal -0.511583 0.859234 0
    outer loop
      vertex -3.89875 5.81375 17.6
      vertex -3.25306 6.19819 15.4
      vertex -3.89875 5.81375 15.4
    endloop
  endfacet
  facet normal 0.600721 -0.799459 0
    outer loop
      vertex -13.8199 16.47 3.8147e-07
      vertex -11.9747 17.8565 2.4
      vertex -13.8199 16.47 2.4
    endloop
  endfacet
  facet normal 0.600721 -0.799459 0
    outer loop
      vertex -11.9747 17.8565 2.4
      vertex -13.8199 16.47 3.8147e-07
      vertex -11.9747 17.8565 3.8147e-07
    endloop
  endfacet
  facet normal 0.600721 -0.799459 0
    outer loop
      vertex -13.8199 16.47 15.4
      vertex -11.9747 17.8565 17.6
      vertex -13.8199 16.47 17.6
    endloop
  endfacet
  facet normal 0.600721 -0.799459 0
    outer loop
      vertex -11.9747 17.8565 17.6
      vertex -13.8199 16.47 15.4
      vertex -11.9747 17.8565 15.4
    endloop
  endfacet
  facet normal -0.600741 0.799444 0
    outer loop
      vertex -3.89875 5.81375 3.8147e-07
      vertex -4.49951 5.36231 2.4
      vertex -3.89875 5.81375 2.4
    endloop
  endfacet
  facet normal -0.600741 0.799444 0
    outer loop
      vertex -4.49951 5.36231 2.4
      vertex -3.89875 5.81375 3.8147e-07
      vertex -4.49951 5.36231 3.8147e-07
    endloop
  endfacet
  facet normal -0.600741 0.799444 0
    outer loop
      vertex -3.89875 5.81375 15.4
      vertex -4.49951 5.36231 17.6
      vertex -3.89875 5.81375 17.6
    endloop
  endfacet
  facet normal -0.600741 0.799444 0
    outer loop
      vertex -4.49951 5.36231 17.6
      vertex -3.89875 5.81375 15.4
      vertex -4.49951 5.36231 15.4
    endloop
  endfacet
  facet normal -0.987686 -0.156452 0
    outer loop
      vertex 21.6806 2.27872 2.4
      vertex 21.3236 4.53247 15.4
      vertex 21.3236 4.53247 2.4
    endloop
  endfacet
  facet normal -0.987686 -0.156452 0
    outer loop
      vertex 21.3236 4.53247 15.4
      vertex 21.6806 2.27872 2.4
      vertex 21.6806 2.27872 15.4
    endloop
  endfacet
  facet normal -0.99863 -0.0523261 0
    outer loop
      vertex 21.8 0 2.4
      vertex 21.6806 2.27872 15.4
      vertex 21.6806 2.27872 2.4
    endloop
  endfacet
  facet normal -0.99863 -0.0523261 0
    outer loop
      vertex 21.6806 2.27872 15.4
      vertex 21.8 0 2.4
      vertex 21.8 0 15.4
    endloop
  endfacet
  facet normal -0.965924 -0.258824 0
    outer loop
      vertex 21.3236 4.53247 2.4
      vertex 20.733 6.73657 15.4
      vertex 20.733 6.73657 2.4
    endloop
  endfacet
  facet normal -0.965924 -0.258824 0
    outer loop
      vertex 20.733 6.73657 15.4
      vertex 21.3236 4.53247 2.4
      vertex 21.3236 4.53247 15.4
    endloop
  endfacet
  facet normal -0.707107 -0.707107 0
    outer loop
      vertex 16.2006 14.587 2.4
      vertex 14.587 16.2006 15.4
      vertex 14.587 16.2006 2.4
    endloop
  endfacet
  facet normal -0.707107 -0.707107 0
    outer loop
      vertex 14.587 16.2006 15.4
      vertex 16.2006 14.587 2.4
      vertex 16.2006 14.587 15.4
    endloop
  endfacet
  facet normal 0.544648 -0.838665 0
    outer loop
      vertex -12.8137 17.6366 2.4
      vertex -10.9 18.8794 15.4
      vertex -12.8137 17.6366 15.4
    endloop
  endfacet
  facet normal 0.544648 -0.838665 0
    outer loop
      vertex -10.9 18.8794 15.4
      vertex -12.8137 17.6366 2.4
      vertex -10.9 18.8794 2.4
    endloop
  endfacet
  facet normal -0.933587 -0.358352 0
    outer loop
      vertex 20.733 6.73657 2.4
      vertex 19.9153 8.86686 15.4
      vertex 19.9153 8.86686 2.4
    endloop
  endfacet
  facet normal -0.933587 -0.358352 0
    outer loop
      vertex 19.9153 8.86686 15.4
      vertex 20.733 6.73657 2.4
      vertex 20.733 6.73657 15.4
    endloop
  endfacet
  facet normal -0.838665 0.544648 0
    outer loop
      vertex 17.6366 -12.8137 2.4
      vertex 18.8794 -10.9 15.4
      vertex 18.8794 -10.9 2.4
    endloop
  endfacet
  facet normal -0.838665 0.544648 0
    outer loop
      vertex 18.8794 -10.9 15.4
      vertex 17.6366 -12.8137 2.4
      vertex 17.6366 -12.8137 15.4
    endloop
  endfacet
  facet normal -0.965924 0.258824 0
    outer loop
      vertex 20.733 -6.73657 2.4
      vertex 21.3236 -4.53247 15.4
      vertex 21.3236 -4.53247 2.4
    endloop
  endfacet
  facet normal -0.965924 0.258824 0
    outer loop
      vertex 21.3236 -4.53247 15.4
      vertex 20.733 -6.73657 2.4
      vertex 20.733 -6.73657 15.4
    endloop
  endfacet
  facet normal 0.777144 -0.629323 0
    outer loop
      vertex -17.6366 12.8137 15.4
      vertex -16.2006 14.587 2.4
      vertex -16.2006 14.587 15.4
    endloop
  endfacet
  facet normal 0.777144 -0.629323 0
    outer loop
      vertex -16.2006 14.587 2.4
      vertex -17.6366 12.8137 15.4
      vertex -17.6366 12.8137 2.4
    endloop
  endfacet
  facet normal 0.965924 0.258824 0
    outer loop
      vertex -20.733 -6.73657 15.4
      vertex -21.3236 -4.53247 2.4
      vertex -21.3236 -4.53247 15.4
    endloop
  endfacet
  facet normal 0.965924 0.258824 0
    outer loop
      vertex -21.3236 -4.53247 2.4
      vertex -20.733 -6.73657 15.4
      vertex -20.733 -6.73657 2.4
    endloop
  endfacet
  facet normal -0.891013 0.453978 0
    outer loop
      vertex 18.8794 -10.9 2.4
      vertex 19.9153 -8.86686 15.4
      vertex 19.9153 -8.86686 2.4
    endloop
  endfacet
  facet normal -0.891013 0.453978 0
    outer loop
      vertex 19.9153 -8.86686 15.4
      vertex 18.8794 -10.9 2.4
      vertex 18.8794 -10.9 15.4
    endloop
  endfacet
  facet normal 0.358352 -0.933587 0
    outer loop
      vertex -8.86686 19.9153 2.4
      vertex -6.73657 20.733 15.4
      vertex -8.86686 19.9153 15.4
    endloop
  endfacet
  facet normal 0.358352 -0.933587 0
    outer loop
      vertex -6.73657 20.733 15.4
      vertex -8.86686 19.9153 2.4
      vertex -6.73657 20.733 2.4
    endloop
  endfacet
  facet normal 0.891013 0.453978 0
    outer loop
      vertex -18.8794 -10.9 15.4
      vertex -19.9153 -8.86686 2.4
      vertex -19.9153 -8.86686 15.4
    endloop
  endfacet
  facet normal 0.891013 0.453978 0
    outer loop
      vertex -19.9153 -8.86686 2.4
      vertex -18.8794 -10.9 15.4
      vertex -18.8794 -10.9 2.4
    endloop
  endfacet
  facet normal 0.965924 -0.258824 0
    outer loop
      vertex -21.3236 4.53247 15.4
      vertex -20.733 6.73657 2.4
      vertex -20.733 6.73657 15.4
    endloop
  endfacet
  facet normal 0.965924 -0.258824 0
    outer loop
      vertex -20.733 6.73657 2.4
      vertex -21.3236 4.53247 15.4
      vertex -21.3236 4.53247 2.4
    endloop
  endfacet
  facet normal 0.0523261 -0.99863 0
    outer loop
      vertex -2.27872 21.6806 2.4
      vertex 0 21.8 15.4
      vertex -2.27872 21.6806 15.4
    endloop
  endfacet
  facet normal 0.0523261 -0.99863 0
    outer loop
      vertex 0 21.8 15.4
      vertex -2.27872 21.6806 2.4
      vertex 0 21.8 2.4
    endloop
  endfacet
  facet normal -0.99863 0.0523261 0
    outer loop
      vertex 21.6806 -2.27872 2.4
      vertex 21.8 0 15.4
      vertex 21.8 0 2.4
    endloop
  endfacet
  facet normal -0.99863 0.0523261 0
    outer loop
      vertex 21.8 0 15.4
      vertex 21.6806 -2.27872 2.4
      vertex 21.6806 -2.27872 15.4
    endloop
  endfacet
  facet normal -0.258824 -0.965924 0
    outer loop
      vertex 4.53247 21.3236 2.4
      vertex 6.73657 20.733 15.4
      vertex 4.53247 21.3236 15.4
    endloop
  endfacet
  facet normal -0.258824 -0.965924 -0
    outer loop
      vertex 6.73657 20.733 15.4
      vertex 4.53247 21.3236 2.4
      vertex 6.73657 20.733 2.4
    endloop
  endfacet
  facet normal 0.629323 -0.777144 0
    outer loop
      vertex -14.587 16.2006 2.4
      vertex -12.8137 17.6366 15.4
      vertex -14.587 16.2006 15.4
    endloop
  endfacet
  facet normal 0.629323 -0.777144 0
    outer loop
      vertex -12.8137 17.6366 15.4
      vertex -14.587 16.2006 2.4
      vertex -12.8137 17.6366 2.4
    endloop
  endfacet
  facet normal -0.987686 0.156452 0
    outer loop
      vertex 21.3236 -4.53247 2.4
      vertex 21.6806 -2.27872 15.4
      vertex 21.6806 -2.27872 2.4
    endloop
  endfacet
  facet normal -0.987686 0.156452 0
    outer loop
      vertex 21.6806 -2.27872 15.4
      vertex 21.3236 -4.53247 2.4
      vertex 21.3236 -4.53247 15.4
    endloop
  endfacet
  facet normal 0.987686 0.156452 0
    outer loop
      vertex -21.3236 -4.53247 15.4
      vertex -21.6806 -2.27872 2.4
      vertex -21.6806 -2.27872 15.4
    endloop
  endfacet
  facet normal 0.987686 0.156452 0
    outer loop
      vertex -21.6806 -2.27872 2.4
      vertex -21.3236 -4.53247 15.4
      vertex -21.3236 -4.53247 2.4
    endloop
  endfacet
  facet normal 0.987686 -0.156452 0
    outer loop
      vertex -21.6806 2.27872 15.4
      vertex -21.3236 4.53247 2.4
      vertex -21.3236 4.53247 15.4
    endloop
  endfacet
  facet normal 0.987686 -0.156452 0
    outer loop
      vertex -21.3236 4.53247 2.4
      vertex -21.6806 2.27872 15.4
      vertex -21.6806 2.27872 2.4
    endloop
  endfacet
  facet normal -0.453978 -0.891013 0
    outer loop
      vertex 8.86686 19.9153 2.4
      vertex 10.9 18.8794 15.4
      vertex 8.86686 19.9153 15.4
    endloop
  endfacet
  facet normal -0.453978 -0.891013 -0
    outer loop
      vertex 10.9 18.8794 15.4
      vertex 8.86686 19.9153 2.4
      vertex 10.9 18.8794 2.4
    endloop
  endfacet
  facet normal 0.838665 -0.544648 0
    outer loop
      vertex -18.8794 10.9 15.4
      vertex -17.6366 12.8137 2.4
      vertex -17.6366 12.8137 15.4
    endloop
  endfacet
  facet normal 0.838665 -0.544648 0
    outer loop
      vertex -17.6366 12.8137 2.4
      vertex -18.8794 10.9 15.4
      vertex -18.8794 10.9 2.4
    endloop
  endfacet
  facet normal 0.707107 -0.707107 0
    outer loop
      vertex -16.2006 14.587 15.4
      vertex -14.587 16.2006 2.4
      vertex -14.587 16.2006 15.4
    endloop
  endfacet
  facet normal 0.707107 -0.707107 0
    outer loop
      vertex -14.587 16.2006 2.4
      vertex -16.2006 14.587 15.4
      vertex -16.2006 14.587 2.4
    endloop
  endfacet
  facet normal 0.933587 -0.358352 0
    outer loop
      vertex -20.733 6.73657 15.4
      vertex -19.9153 8.86686 2.4
      vertex -19.9153 8.86686 15.4
    endloop
  endfacet
  facet normal 0.933587 -0.358352 0
    outer loop
      vertex -19.9153 8.86686 2.4
      vertex -20.733 6.73657 15.4
      vertex -20.733 6.73657 2.4
    endloop
  endfacet
  facet normal -0.838665 -0.544648 0
    outer loop
      vertex 18.8794 10.9 2.4
      vertex 17.6366 12.8137 15.4
      vertex 17.6366 12.8137 2.4
    endloop
  endfacet
  facet normal -0.838665 -0.544648 0
    outer loop
      vertex 17.6366 12.8137 15.4
      vertex 18.8794 10.9 2.4
      vertex 18.8794 10.9 15.4
    endloop
  endfacet
  facet normal -0.707107 0.707107 0
    outer loop
      vertex 16.2006 -14.587 2.4
      vertex 15 -15.7876 15.4
      vertex 16.2006 -14.587 15.4
    endloop
  endfacet
  facet normal -0.707107 0.707107 0
    outer loop
      vertex 15 -15.7876 15.4
      vertex 16.2006 -14.587 2.4
      vertex 15 -15.7876 2.4
    endloop
  endfacet
  facet normal 0.453978 -0.891013 0
    outer loop
      vertex -10.9 18.8794 2.4
      vertex -8.86686 19.9153 15.4
      vertex -10.9 18.8794 15.4
    endloop
  endfacet
  facet normal 0.453978 -0.891013 0
    outer loop
      vertex -8.86686 19.9153 15.4
      vertex -10.9 18.8794 2.4
      vertex -8.86686 19.9153 2.4
    endloop
  endfacet
  facet normal -0.544648 -0.838665 0
    outer loop
      vertex 10.9 18.8794 2.4
      vertex 12.8137 17.6366 15.4
      vertex 10.9 18.8794 15.4
    endloop
  endfacet
  facet normal -0.544648 -0.838665 -0
    outer loop
      vertex 12.8137 17.6366 15.4
      vertex 10.9 18.8794 2.4
      vertex 12.8137 17.6366 2.4
    endloop
  endfacet
  facet normal -0.629323 -0.777144 0
    outer loop
      vertex 12.8137 17.6366 2.4
      vertex 14.587 16.2006 15.4
      vertex 12.8137 17.6366 15.4
    endloop
  endfacet
  facet normal -0.629323 -0.777144 -0
    outer loop
      vertex 14.587 16.2006 15.4
      vertex 12.8137 17.6366 2.4
      vertex 14.587 16.2006 2.4
    endloop
  endfacet
  facet normal 0.777144 0.629323 0
    outer loop
      vertex -16.2006 -14.587 15.4
      vertex -17.6366 -12.8137 2.4
      vertex -17.6366 -12.8137 15.4
    endloop
  endfacet
  facet normal 0.777144 0.629323 0
    outer loop
      vertex -17.6366 -12.8137 2.4
      vertex -16.2006 -14.587 15.4
      vertex -16.2006 -14.587 2.4
    endloop
  endfacet
  facet normal -0.933587 0.358352 0
    outer loop
      vertex 19.9153 -8.86686 2.4
      vertex 20.733 -6.73657 15.4
      vertex 20.733 -6.73657 2.4
    endloop
  endfacet
  facet normal -0.933587 0.358352 0
    outer loop
      vertex 20.733 -6.73657 15.4
      vertex 19.9153 -8.86686 2.4
      vertex 19.9153 -8.86686 15.4
    endloop
  endfacet
  facet normal 0.258824 -0.965924 0
    outer loop
      vertex -6.73657 20.733 2.4
      vertex -4.53247 21.3236 15.4
      vertex -6.73657 20.733 15.4
    endloop
  endfacet
  facet normal 0.258824 -0.965924 0
    outer loop
      vertex -4.53247 21.3236 15.4
      vertex -6.73657 20.733 2.4
      vertex -4.53247 21.3236 2.4
    endloop
  endfacet
  facet normal -0.891013 -0.453978 0
    outer loop
      vertex 19.9153 8.86686 2.4
      vertex 18.8794 10.9 15.4
      vertex 18.8794 10.9 2.4
    endloop
  endfacet
  facet normal -0.891013 -0.453978 0
    outer loop
      vertex 18.8794 10.9 15.4
      vertex 19.9153 8.86686 2.4
      vertex 19.9153 8.86686 15.4
    endloop
  endfacet
  facet normal -0.358352 -0.933587 0
    outer loop
      vertex 6.73657 20.733 2.4
      vertex 8.86686 19.9153 15.4
      vertex 6.73657 20.733 15.4
    endloop
  endfacet
  facet normal -0.358352 -0.933587 -0
    outer loop
      vertex 8.86686 19.9153 15.4
      vertex 6.73657 20.733 2.4
      vertex 8.86686 19.9153 2.4
    endloop
  endfacet
  facet normal 0.156452 -0.987686 0
    outer loop
      vertex -4.53247 21.3236 2.4
      vertex -2.27872 21.6806 15.4
      vertex -4.53247 21.3236 15.4
    endloop
  endfacet
  facet normal 0.156452 -0.987686 0
    outer loop
      vertex -2.27872 21.6806 15.4
      vertex -4.53247 21.3236 2.4
      vertex -2.27872 21.6806 2.4
    endloop
  endfacet
  facet normal -0.0523261 -0.99863 0
    outer loop
      vertex 0 21.8 2.4
      vertex 2.27872 21.6806 15.4
      vertex 0 21.8 15.4
    endloop
  endfacet
  facet normal -0.0523261 -0.99863 -0
    outer loop
      vertex 2.27872 21.6806 15.4
      vertex 0 21.8 2.4
      vertex 2.27872 21.6806 2.4
    endloop
  endfacet
  facet normal 0.707107 0.707107 -0
    outer loop
      vertex -15 -15.7876 2.4
      vertex -16.2006 -14.587 15.4
      vertex -15 -15.7876 15.4
    endloop
  endfacet
  facet normal 0.707107 0.707107 0
    outer loop
      vertex -16.2006 -14.587 15.4
      vertex -15 -15.7876 2.4
      vertex -16.2006 -14.587 2.4
    endloop
  endfacet
  facet normal -0.156452 -0.987686 0
    outer loop
      vertex 2.27872 21.6806 2.4
      vertex 4.53247 21.3236 15.4
      vertex 2.27872 21.6806 15.4
    endloop
  endfacet
  facet normal -0.156452 -0.987686 -0
    outer loop
      vertex 4.53247 21.3236 15.4
      vertex 2.27872 21.6806 2.4
      vertex 4.53247 21.3236 2.4
    endloop
  endfacet
  facet normal 0.933587 0.358352 0
    outer loop
      vertex -19.9153 -8.86686 15.4
      vertex -20.733 -6.73657 2.4
      vertex -20.733 -6.73657 15.4
    endloop
  endfacet
  facet normal 0.933587 0.358352 0
    outer loop
      vertex -20.733 -6.73657 2.4
      vertex -19.9153 -8.86686 15.4
      vertex -19.9153 -8.86686 2.4
    endloop
  endfacet
  facet normal 0.838665 0.544648 0
    outer loop
      vertex -17.6366 -12.8137 15.4
      vertex -18.8794 -10.9 2.4
      vertex -18.8794 -10.9 15.4
    endloop
  endfacet
  facet normal 0.838665 0.544648 0
    outer loop
      vertex -18.8794 -10.9 2.4
      vertex -17.6366 -12.8137 15.4
      vertex -17.6366 -12.8137 2.4
    endloop
  endfacet
  facet normal 0.99863 0.0523261 0
    outer loop
      vertex -21.6806 -2.27872 15.4
      vertex -21.8 0 2.4
      vertex -21.8 0 15.4
    endloop
  endfacet
  facet normal 0.99863 0.0523261 0
    outer loop
      vertex -21.8 0 2.4
      vertex -21.6806 -2.27872 15.4
      vertex -21.6806 -2.27872 2.4
    endloop
  endfacet
  facet normal -0.777144 -0.629323 0
    outer loop
      vertex 17.6366 12.8137 2.4
      vertex 16.2006 14.587 15.4
      vertex 16.2006 14.587 2.4
    endloop
  endfacet
  facet normal -0.777144 -0.629323 0
    outer loop
      vertex 16.2006 14.587 15.4
      vertex 17.6366 12.8137 2.4
      vertex 17.6366 12.8137 15.4
    endloop
  endfacet
  facet normal 0 0 1
    outer loop
      vertex 4.49951 5.36231 2.4
      vertex 21.8 0 2.4
      vertex 21.6806 2.27872 2.4
    endloop
  endfacet
  facet normal 0 0 1
    outer loop
      vertex 4.49951 5.36231 2.4
      vertex 21.6806 2.27872 2.4
      vertex 21.3236 4.53247 2.4
    endloop
  endfacet
  facet normal 0 0 1
    outer loop
      vertex 21.8 0 2.4
      vertex 4.49951 5.36231 2.4
      vertex 21.6806 -2.27872 2.4
    endloop
  endfacet
  facet normal -0 0 1
    outer loop
      vertex 4.49951 5.36231 2.4
      vertex 21.3236 4.53247 2.4
      vertex 20.733 6.73657 2.4
    endloop
  endfacet
  facet normal 0 0 1
    outer loop
      vertex 21.6806 -2.27872 2.4
      vertex 4.49951 5.36231 2.4
      vertex 21.3236 -4.53247 2.4
    endloop
  endfacet
  facet normal 0 0 1
    outer loop
      vertex 4.49951 5.36231 2.4
      vertex 20.733 6.73657 2.4
      vertex 19.9153 8.86686 2.4
    endloop
  endfacet
  facet normal 0 0 1
    outer loop
      vertex 21.3236 -4.53247 2.4
      vertex 4.49951 5.36231 2.4
      vertex 20.733 -6.73657 2.4
    endloop
  endfacet
  facet normal 0 0 1
    outer loop
      vertex 4.49951 5.36231 2.4
      vertex 19.9153 8.86686 2.4
      vertex 18.8794 10.9 2.4
    endloop
  endfacet
  facet normal 0 0 1
    outer loop
      vertex 20.733 -6.73657 2.4
      vertex 4.49951 5.36231 2.4
      vertex 19.9153 -8.86686 2.4
    endloop
  endfacet
  facet normal 0 0 1
    outer loop
      vertex 4.49951 5.36231 2.4
      vertex 18.8794 10.9 2.4
      vertex 17.6366 12.8137 2.4
    endloop
  endfacet
  facet normal 0 0 1
    outer loop
      vertex 19.9153 -8.86686 2.4
      vertex 4.49951 5.36231 2.4
      vertex 18.8794 -10.9 2.4
    endloop
  endfacet
  facet normal 0 0 1
    outer loop
      vertex 4.49951 5.36231 2.4
      vertex 17.6366 12.8137 2.4
      vertex 16.2006 14.587 2.4
    endloop
  endfacet
  facet normal 0 0 1
    outer loop
      vertex 18.8794 -10.9 2.4
      vertex 4.49951 5.36231 2.4
      vertex 17.6366 -12.8137 2.4
    endloop
  endfacet
  facet normal 0 0 1
    outer loop
      vertex 17.6366 -12.8137 2.4
      vertex 4.49951 5.36231 2.4
      vertex 16.2006 -14.587 2.4
    endloop
  endfacet
  facet normal 0 0 1
    outer loop
      vertex 16.2006 -14.587 2.4
      vertex 4.49951 5.36231 2.4
      vertex 15 -15.7876 2.4
    endloop
  endfacet
  facet normal 0 0 1
    outer loop
      vertex 4.49951 5.36231 2.4
      vertex 16.2006 14.587 2.4
      vertex 14.587 16.2006 2.4
    endloop
  endfacet
  facet normal -0 0 1
    outer loop
      vertex -19.1771 -29.2326 2.4
      vertex -12.2619 -37.3093 2.4
      vertex -19.0632 -29.1404 2.4
    endloop
  endfacet
  facet normal 0 0 1
    outer loop
      vertex -16.5 -48.35 2.4
      vertex -18.6077 -68.4537 2.4
      vertex -18.6 -68.6 2.4
    endloop
  endfacet
  facet normal -0 0 1
    outer loop
      vertex -19.3 -29.3124 2.4
      vertex -12.2619 -37.3093 2.4
      vertex -19.1771 -29.2326 2.4
    endloop
  endfacet
  facet normal 0 0 1
    outer loop
      vertex -16.5 -48.35 2.4
      vertex -18.6306 -68.3089 2.4
      vertex -18.6077 -68.4537 2.4
    endloop
  endfacet
  facet normal -0 0 1
    outer loop
      vertex -19.4306 -29.379 2.4
      vertex -12.2619 -37.3093 2.4
      vertex -19.3 -29.3124 2.4
    endloop
  endfacet
  facet normal 0 0 1
    outer loop
      vertex -16.5 -48.35 2.4
      vertex -18.6685 -68.1674 2.4
      vertex -18.6306 -68.3089 2.4
    endloop
  endfacet
  facet normal 0 0 1
    outer loop
      vertex -12.2619 -37.3093 2.4
      vertex -19.4306 -29.379 2.4
      vertex -13.3488 -38.6515 2.4
    endloop
  endfacet
  facet normal 0 0 1
    outer loop
      vertex -16.5 -48.35 2.4
      vertex -18.721 -68.0306 2.4
      vertex -18.6685 -68.1674 2.4
    endloop
  endfacet
  facet normal -0 0 1
    outer loop
      vertex -19.5674 -29.4315 2.4
      vertex -13.3488 -38.6515 2.4
      vertex -19.4306 -29.379 2.4
    endloop
  endfacet
  facet normal 0 0 1
    outer loop
      vertex -16.5 -48.35 2.4
      vertex -18.7876 -67.9 2.4
      vertex -18.721 -68.0306 2.4
    endloop
  endfacet
  facet normal -0 0 1
    outer loop
      vertex -19.7089 -29.4694 2.4
      vertex -13.3488 -38.6515 2.4
      vertex -19.5674 -29.4315 2.4
    endloop
  endfacet
  facet normal 0 0 1
    outer loop
      vertex -16.5 -48.35 2.4
      vertex -18.8674 -67.7771 2.4
      vertex -18.7876 -67.9 2.4
    endloop
  endfacet
  facet normal -0 0 1
    outer loop
      vertex -19.8537 -29.4923 2.4
      vertex -13.3488 -38.6515 2.4
      vertex -19.7089 -29.4694 2.4
    endloop
  endfacet
  facet normal 0 0 1
    outer loop
      vertex -16.5 -48.35 2.4
      vertex -18.9596 -67.6632 2.4
      vertex -18.8674 -67.7771 2.4
    endloop
  endfacet
  facet normal 0 0 1
    outer loop
      vertex -13.3488 -38.6515 2.4
      vertex -19.8537 -29.4923 2.4
      vertex -14.2894 -40.1 2.4
    endloop
  endfacet
  facet normal 0 -0 1
    outer loop
      vertex -20.7876 -65.3 2.4
      vertex -16.5 -48.35 2.4
      vertex -20.8674 -65.1771 2.4
    endloop
  endfacet
  facet normal -0 0 1
    outer loop
      vertex -20 -29.5 2.4
      vertex -14.2894 -40.1 2.4
      vertex -19.8537 -29.4923 2.4
    endloop
  endfacet
  facet normal 0 0 1
    outer loop
      vertex -16.5 -48.35 2.4
      vertex -20.7876 -65.3 2.4
      vertex -18.9596 -67.6632 2.4
    endloop
  endfacet
  facet normal 0 0 1
    outer loop
      vertex -20.1463 -29.4923 2.4
      vertex -14.2894 -40.1 2.4
      vertex -20 -29.5 2.4
    endloop
  endfacet
  facet normal 0 0 1
    outer loop
      vertex -18.9596 -67.6632 2.4
      vertex -20.7876 -65.3 2.4
      vertex -19.0632 -67.5596 2.4
    endloop
  endfacet
  facet normal 0 0 1
    outer loop
      vertex -20.2911 -29.4694 2.4
      vertex -14.2894 -40.1 2.4
      vertex -20.1463 -29.4923 2.4
    endloop
  endfacet
  facet normal 0 0 1
    outer loop
      vertex -19.0632 -67.5596 2.4
      vertex -20.721 -65.4306 2.4
      vertex -19.1771 -67.4674 2.4
    endloop
  endfacet
  facet normal 0 0 1
    outer loop
      vertex -14.2894 -40.1 2.4
      vertex -20.2911 -29.4694 2.4
      vertex -15.0735 -41.6388 2.4
    endloop
  endfacet
  facet normal -0 -0 1
    outer loop
      vertex -20.6685 -65.5674 2.4
      vertex -19.1771 -67.4674 2.4
      vertex -20.721 -65.4306 2.4
    endloop
  endfacet
  facet normal 0 0 1
    outer loop
      vertex -20.4326 -29.4315 2.4
      vertex -15.0735 -41.6388 2.4
      vertex -20.2911 -29.4694 2.4
    endloop
  endfacet
  facet normal 0 0 1
    outer loop
      vertex -19.1771 -67.4674 2.4
      vertex -20.6685 -65.5674 2.4
      vertex -19.3 -67.3876 2.4
    endloop
  endfacet
  facet normal 0 0 1
    outer loop
      vertex -20.5694 -29.379 2.4
      vertex -15.0735 -41.6388 2.4
      vertex -20.4326 -29.4315 2.4
    endloop
  endfacet
  facet normal -0 -0 1
    outer loop
      vertex -20.6306 -65.7089 2.4
      vertex -19.3 -67.3876 2.4
      vertex -20.6685 -65.5674 2.4
    endloop
  endfacet
  facet normal 0 0 1
    outer loop
      vertex -15.0735 -41.6388 2.4
      vertex -20.5694 -29.379 2.4
      vertex -15.6924 -43.2512 2.4
    endloop
  endfacet
  facet normal -0 -0 1
    outer loop
      vertex -20.6077 -65.8537 2.4
      vertex -19.4306 -67.321 2.4
      vertex -20.6306 -65.7089 2.4
    endloop
  endfacet
  facet normal 0 0 1
    outer loop
      vertex -20.7 -29.3124 2.4
      vertex -15.6924 -43.2512 2.4
      vertex -20.5694 -29.379 2.4
    endloop
  endfacet
  facet normal -0 -0 1
    outer loop
      vertex -20.6 -66 2.4
      vertex -19.5674 -67.2685 2.4
      vertex -20.6077 -65.8537 2.4
    endloop
  endfacet
  facet normal 0 0 1
    outer loop
      vertex -20.8229 -29.2326 2.4
      vertex -15.6924 -43.2512 2.4
      vertex -20.7 -29.3124 2.4
    endloop
  endfacet
  facet normal 0 0 1
    outer loop
      vertex -19.5674 -67.2685 2.4
      vertex -20.6 -66 2.4
      vertex -19.7089 -67.2306 2.4
    endloop
  endfacet
  facet normal 0 0 1
    outer loop
      vertex -15.6924 -43.2512 2.4
      vertex -20.8229 -29.2326 2.4
      vertex -16.1394 -44.9195 2.4
    endloop
  endfacet
  facet normal 0 0 1
    outer loop
      vertex -19.7089 -67.2306 2.4
      vertex -20.6077 -66.1463 2.4
      vertex -19.8537 -67.2077 2.4
    endloop
  endfacet
  facet normal 0 0 1
    outer loop
      vertex -20.9368 -29.1404 2.4
      vertex -16.1394 -44.9195 2.4
      vertex -20.8229 -29.2326 2.4
    endloop
  endfacet
  facet normal 0 0 1
    outer loop
      vertex -19.8537 -67.2077 2.4
      vertex -20.6306 -66.2911 2.4
      vertex -20 -67.2 2.4
    endloop
  endfacet
  facet normal 0 0 1
    outer loop
      vertex -20 -67.2 2.4
      vertex -20.6685 -66.4326 2.4
      vertex -20.1463 -67.2077 2.4
    endloop
  endfacet
  facet normal -0 0 1
    outer loop
      vertex -20.6685 -66.4326 2.4
      vertex -20 -67.2 2.4
      vertex -20.6306 -66.2911 2.4
    endloop
  endfacet
  facet normal -0 0 1
    outer loop
      vertex -20.6306 -66.2911 2.4
      vertex -19.8537 -67.2077 2.4
      vertex -20.6077 -66.1463 2.4
    endloop
  endfacet
  facet normal -0 0 1
    outer loop
      vertex -20.6077 -66.1463 2.4
      vertex -19.7089 -67.2306 2.4
      vertex -20.6 -66 2.4
    endloop
  endfacet
  facet normal 0 0 1
    outer loop
      vertex -21.0404 -29.0368 2.4
      vertex -16.1394 -44.9195 2.4
      vertex -20.9368 -29.1404 2.4
    endloop
  endfacet
  facet normal 0 0 1
    outer loop
      vertex -19.4306 -67.321 2.4
      vertex -20.6077 -65.8537 2.4
      vertex -19.5674 -67.2685 2.4
    endloop
  endfacet
  facet normal 0 0 1
    outer loop
      vertex -19.3 -67.3876 2.4
      vertex -20.6306 -65.7089 2.4
      vertex -19.4306 -67.321 2.4
    endloop
  endfacet
  facet normal 0 0 1
    outer loop
      vertex -16.1394 -44.9195 2.4
      vertex -21.0404 -29.0368 2.4
      vertex -16.4096 -46.6253 2.4
    endloop
  endfacet
  facet normal -0 -0 1
    outer loop
      vertex -20.721 -65.4306 2.4
      vertex -19.0632 -67.5596 2.4
      vertex -20.7876 -65.3 2.4
    endloop
  endfacet
  facet normal 0 0 1
    outer loop
      vertex -21.1326 -28.9229 2.4
      vertex -16.4096 -46.6253 2.4
      vertex -21.0404 -29.0368 2.4
    endloop
  endfacet
  facet normal 0 0 1
    outer loop
      vertex -16.5 -48.35 2.4
      vertex -20.9596 -65.0632 2.4
      vertex -20.8674 -65.1771 2.4
    endloop
  endfacet
  facet normal 0 0 1
    outer loop
      vertex -21.2124 -28.8 2.4
      vertex -16.4096 -46.6253 2.4
      vertex -21.1326 -28.9229 2.4
    endloop
  endfacet
  facet normal 0 0 1
    outer loop
      vertex -16.5 -48.35 2.4
      vertex -21.0632 -64.9596 2.4
      vertex -20.9596 -65.0632 2.4
    endloop
  endfacet
  facet normal 0 0 1
    outer loop
      vertex -16.4096 -46.6253 2.4
      vertex -21.2124 -28.8 2.4
      vertex -16.5 -48.35 2.4
    endloop
  endfacet
  facet normal 0 0 1
    outer loop
      vertex -16.5 -48.35 2.4
      vertex -21.1771 -64.8674 2.4
      vertex -21.0632 -64.9596 2.4
    endloop
  endfacet
  facet normal 0 0 1
    outer loop
      vertex -23.1326 -65.1771 2.4
      vertex -16.5 -48.35 2.4
      vertex -21.2124 -28.8 2.4
    endloop
  endfacet
  facet normal 0 0 1
    outer loop
      vertex -25.25 -23.1 2.4
      vertex -21.2124 -28.8 2.4
      vertex -21.279 -28.6694 2.4
    endloop
  endfacet
  facet normal 0 0 1
    outer loop
      vertex -16.5 -48.35 2.4
      vertex -21.3 -64.7876 2.4
      vertex -21.1771 -64.8674 2.4
    endloop
  endfacet
  facet normal 0 0 1
    outer loop
      vertex -25.25 -23.1 2.4
      vertex -21.279 -28.6694 2.4
      vertex -21.3315 -28.5326 2.4
    endloop
  endfacet
  facet normal 0 0 1
    outer loop
      vertex -25.25 -23.1 2.4
      vertex -21.3315 -28.5326 2.4
      vertex -21.3694 -28.3911 2.4
    endloop
  endfacet
  facet normal 0 0 1
    outer loop
      vertex -25.25 -23.1 2.4
      vertex -21.3694 -28.3911 2.4
      vertex -21.3923 -28.2463 2.4
    endloop
  endfacet
  facet normal 0 0 1
    outer loop
      vertex -25.25 -23.1 2.4
      vertex -21.3923 -28.2463 2.4
      vertex -21.4 -28.1 2.4
    endloop
  endfacet
  facet normal 0 0 1
    outer loop
      vertex -16.5 -48.35 2.4
      vertex -21.4306 -64.721 2.4
      vertex -21.3 -64.7876 2.4
    endloop
  endfacet
  facet normal -0 0 1
    outer loop
      vertex -17.6366 12.8137 2.4
      vertex -4.49951 5.36231 2.4
      vertex -16.2006 14.587 2.4
    endloop
  endfacet
  facet normal -0 0 1
    outer loop
      vertex -18.8794 10.9 2.4
      vertex -4.49951 5.36231 2.4
      vertex -17.6366 12.8137 2.4
    endloop
  endfacet
  facet normal 0 -0 1
    outer loop
      vertex -16.2006 -14.587 2.4
      vertex -4.49951 5.36231 2.4
      vertex -17.6366 -12.8137 2.4
    endloop
  endfacet
  facet normal 0 0 1
    outer loop
      vertex -4.49951 5.36231 2.4
      vertex -16.2006 -14.587 2.4
      vertex -15 -15.7876 2.4
    endloop
  endfacet
  facet normal -0 0 1
    outer loop
      vertex -19.9153 8.86686 2.4
      vertex -4.49951 5.36231 2.4
      vertex -18.8794 10.9 2.4
    endloop
  endfacet
  facet normal 0 0 1
    outer loop
      vertex -4.49951 5.36231 2.4
      vertex -18.8794 -10.9 2.4
      vertex -17.6366 -12.8137 2.4
    endloop
  endfacet
  facet normal -0 0 1
    outer loop
      vertex -20.733 6.73657 2.4
      vertex -4.49951 5.36231 2.4
      vertex -19.9153 8.86686 2.4
    endloop
  endfacet
  facet normal 0 0 1
    outer loop
      vertex -4.49951 5.36231 2.4
      vertex -19.9153 -8.86686 2.4
      vertex -18.8794 -10.9 2.4
    endloop
  endfacet
  facet normal 0 0 1
    outer loop
      vertex -21.3236 4.53247 2.4
      vertex -4.49951 5.36231 2.4
      vertex -20.733 6.73657 2.4
    endloop
  endfacet
  facet normal 0 0 1
    outer loop
      vertex -4.49951 5.36231 2.4
      vertex -20.733 -6.73657 2.4
      vertex -19.9153 -8.86686 2.4
    endloop
  endfacet
  facet normal 0 0 1
    outer loop
      vertex -21.6806 2.27872 2.4
      vertex -4.49951 5.36231 2.4
      vertex -21.3236 4.53247 2.4
    endloop
  endfacet
  facet normal 0 0 1
    outer loop
      vertex -4.49951 5.36231 2.4
      vertex -21.3236 -4.53247 2.4
      vertex -20.733 -6.73657 2.4
    endloop
  endfacet
  facet normal 0 0 1
    outer loop
      vertex -21.8 0 2.4
      vertex -4.49951 5.36231 2.4
      vertex -21.6806 2.27872 2.4
    endloop
  endfacet
  facet normal 0 0 1
    outer loop
      vertex -4.49951 5.36231 2.4
      vertex -21.6806 -2.27872 2.4
      vertex -21.3236 -4.53247 2.4
    endloop
  endfacet
  facet normal 0 0 1
    outer loop
      vertex -4.49951 5.36231 2.4
      vertex -21.8 0 2.4
      vertex -21.6806 -2.27872 2.4
    endloop
  endfacet
  facet normal 0 0 1
    outer loop
      vertex 19.8537 -29.4923 2.4
      vertex 13.3488 -38.6515 2.4
      vertex 14.2894 -40.1 2.4
    endloop
  endfacet
  facet normal 0 0 1
    outer loop
      vertex 15 -23.1 2.4
      vertex 12.2619 -37.3093 2.4
      vertex 13.3488 -38.6515 2.4
    endloop
  endfacet
  facet normal 0 0 1
    outer loop
      vertex 15 -23.1 2.4
      vertex 11.0407 -36.0881 2.4
      vertex 12.2619 -37.3093 2.4
    endloop
  endfacet
  facet normal 0 -0 1
    outer loop
      vertex 0 -31.85 2.4
      vertex 15 -15.7876 2.4
      vertex -15 -15.7876 2.4
    endloop
  endfacet
  facet normal 0 0 1
    outer loop
      vertex 15 -23.1 2.4
      vertex 9.69846 -35.0012 2.4
      vertex 11.0407 -36.0881 2.4
    endloop
  endfacet
  facet normal 0 0 1
    outer loop
      vertex 15 -23.1 2.4
      vertex 8.25 -34.0606 2.4
      vertex 9.69846 -35.0012 2.4
    endloop
  endfacet
  facet normal 0 0 1
    outer loop
      vertex 15 -23.1 2.4
      vertex 6.71115 -33.2765 2.4
      vertex 8.25 -34.0606 2.4
    endloop
  endfacet
  facet normal 0 0 1
    outer loop
      vertex 15 -23.1 2.4
      vertex 5.09878 -32.6576 2.4
      vertex 6.71115 -33.2765 2.4
    endloop
  endfacet
  facet normal 0 0 1
    outer loop
      vertex -4.49951 5.36231 2.4
      vertex 4.49951 5.36231 2.4
      vertex 3.89875 5.81375 2.4
    endloop
  endfacet
  facet normal 0 0 1
    outer loop
      vertex 15 -23.1 2.4
      vertex 3.43054 -32.2106 2.4
      vertex 5.09878 -32.6576 2.4
    endloop
  endfacet
  facet normal 0 0 1
    outer loop
      vertex -4.49951 5.36231 2.4
      vertex 3.89875 5.81375 2.4
      vertex 3.25306 6.19819 2.4
    endloop
  endfacet
  facet normal 0 0 1
    outer loop
      vertex -4.49951 5.36231 2.4
      vertex 3.25306 6.19819 2.4
      vertex 2.56988 6.5112 2.4
    endloop
  endfacet
  facet normal 0 0 1
    outer loop
      vertex -4.49951 5.36231 2.4
      vertex 2.56988 6.5112 2.4
      vertex 1.85708 6.74917 2.4
    endloop
  endfacet
  facet normal 0 0 1
    outer loop
      vertex 15 -23.1 2.4
      vertex 1.72472 -31.9404 2.4
      vertex 3.43054 -32.2106 2.4
    endloop
  endfacet
  facet normal 0 0 1
    outer loop
      vertex -4.49951 5.36231 2.4
      vertex 1.85708 6.74917 2.4
      vertex 1.12288 6.90935 2.4
    endloop
  endfacet
  facet normal 0 0 1
    outer loop
      vertex -4.49951 5.36231 2.4
      vertex 1.12288 6.90935 2.4
      vertex 0.375736 6.98991 2.4
    endloop
  endfacet
  facet normal 0 -0 1
    outer loop
      vertex 1.72472 -31.9404 2.4
      vertex 15 -15.7876 2.4
      vertex 0 -31.85 2.4
    endloop
  endfacet
  facet normal 0 0 1
    outer loop
      vertex -4.49951 5.36231 2.4
      vertex 0.375736 6.98991 2.4
      vertex -0.375736 6.98991 2.4
    endloop
  endfacet
  facet normal 0 0 1
    outer loop
      vertex -4.49951 5.36231 2.4
      vertex -0.375736 6.98991 2.4
      vertex -1.12288 6.90935 2.4
    endloop
  endfacet
  facet normal 0 0 1
    outer loop
      vertex 4.49951 5.36231 2.4
      vertex -4.49951 5.36231 2.4
      vertex -15 -15.7876 2.4
    endloop
  endfacet
  facet normal 0 0 1
    outer loop
      vertex -4.49951 5.36231 2.4
      vertex -1.12288 6.90935 2.4
      vertex -1.85708 6.74917 2.4
    endloop
  endfacet
  facet normal 0 0 1
    outer loop
      vertex -4.49951 5.36231 2.4
      vertex -1.85708 6.74917 2.4
      vertex -2.56988 6.5112 2.4
    endloop
  endfacet
  facet normal 0 0 1
    outer loop
      vertex -4.49951 5.36231 2.4
      vertex -2.56988 6.5112 2.4
      vertex -3.25306 6.19819 2.4
    endloop
  endfacet
  facet normal 0 0 1
    outer loop
      vertex 15 -15.7876 2.4
      vertex 1.72472 -31.9404 2.4
      vertex 15 -23.1 2.4
    endloop
  endfacet
  facet normal 0 0 1
    outer loop
      vertex -4.49951 5.36231 2.4
      vertex -3.25306 6.19819 2.4
      vertex -3.89875 5.81375 2.4
    endloop
  endfacet
  facet normal 0 0 1
    outer loop
      vertex 0 -31.85 2.4
      vertex -15 -15.7876 2.4
      vertex -1.72472 -31.9404 2.4
    endloop
  endfacet
  facet normal -0 0 1
    outer loop
      vertex -15 -23.1 2.4
      vertex -1.72472 -31.9404 2.4
      vertex -15 -15.7876 2.4
    endloop
  endfacet
  facet normal 0 0 1
    outer loop
      vertex -1.72472 -31.9404 2.4
      vertex -15 -23.1 2.4
      vertex -3.43054 -32.2106 2.4
    endloop
  endfacet
  facet normal 0 0 1
    outer loop
      vertex -3.43054 -32.2106 2.4
      vertex -15 -23.1 2.4
      vertex -5.09878 -32.6576 2.4
    endloop
  endfacet
  facet normal 0 0 1
    outer loop
      vertex -5.09878 -32.6576 2.4
      vertex -15 -23.1 2.4
      vertex -6.71115 -33.2765 2.4
    endloop
  endfacet
  facet normal 0 0 1
    outer loop
      vertex -6.71115 -33.2765 2.4
      vertex -15 -23.1 2.4
      vertex -8.25 -34.0606 2.4
    endloop
  endfacet
  facet normal 0 0 1
    outer loop
      vertex -15 -23.1 2.4
      vertex -18.6077 -28.2463 2.4
      vertex -8.25 -34.0606 2.4
    endloop
  endfacet
  facet normal 0 0 1
    outer loop
      vertex -8.25 -34.0606 2.4
      vertex -18.6077 -28.2463 2.4
      vertex -9.69846 -35.0012 2.4
    endloop
  endfacet
  facet normal 0 0 1
    outer loop
      vertex -16.2006 14.587 2.4
      vertex -13.8199 16.47 2.4
      vertex -14.587 16.2006 2.4
    endloop
  endfacet
  facet normal 0 0 1
    outer loop
      vertex -18.6077 -28.2463 2.4
      vertex -15 -23.1 2.4
      vertex -18.6 -28.1 2.4
    endloop
  endfacet
  facet normal -0 0 1
    outer loop
      vertex -20.721 -66.5694 2.4
      vertex -20.1463 -67.2077 2.4
      vertex -20.6685 -66.4326 2.4
    endloop
  endfacet
  facet normal 0 0 1
    outer loop
      vertex -20.1463 -67.2077 2.4
      vertex -20.721 -66.5694 2.4
      vertex -20.2911 -67.2306 2.4
    endloop
  endfacet
  facet normal -0 0 1
    outer loop
      vertex -20.7876 -66.7 2.4
      vertex -20.2911 -67.2306 2.4
      vertex -20.721 -66.5694 2.4
    endloop
  endfacet
  facet normal 0 0 1
    outer loop
      vertex -20.2911 -67.2306 2.4
      vertex -20.7876 -66.7 2.4
      vertex -20.4326 -67.2685 2.4
    endloop
  endfacet
  facet normal -0 0 1
    outer loop
      vertex -20.8674 -66.8229 2.4
      vertex -20.4326 -67.2685 2.4
      vertex -20.7876 -66.7 2.4
    endloop
  endfacet
  facet normal 0 0 1
    outer loop
      vertex -20.4326 -67.2685 2.4
      vertex -20.8674 -66.8229 2.4
      vertex -20.5694 -67.321 2.4
    endloop
  endfacet
  facet normal -0 0 1
    outer loop
      vertex -20.9596 -66.9368 2.4
      vertex -20.5694 -67.321 2.4
      vertex -20.8674 -66.8229 2.4
    endloop
  endfacet
  facet normal 0 0 1
    outer loop
      vertex -20.5694 -67.321 2.4
      vertex -20.9596 -66.9368 2.4
      vertex -20.7 -67.3876 2.4
    endloop
  endfacet
  facet normal -0 0 1
    outer loop
      vertex -21.0632 -67.0404 2.4
      vertex -20.7 -67.3876 2.4
      vertex -20.9596 -66.9368 2.4
    endloop
  endfacet
  facet normal 0 0 1
    outer loop
      vertex -20.7 -67.3876 2.4
      vertex -21.0632 -67.0404 2.4
      vertex -20.8229 -67.4674 2.4
    endloop
  endfacet
  facet normal -0 0 1
    outer loop
      vertex -21.1771 -67.1326 2.4
      vertex -20.8229 -67.4674 2.4
      vertex -21.0632 -67.0404 2.4
    endloop
  endfacet
  facet normal 0 0 1
    outer loop
      vertex -20.8229 -67.4674 2.4
      vertex -21.1771 -67.1326 2.4
      vertex -20.9368 -67.5596 2.4
    endloop
  endfacet
  facet normal -0 0 1
    outer loop
      vertex -21.3 -67.2124 2.4
      vertex -20.9368 -67.5596 2.4
      vertex -21.1771 -67.1326 2.4
    endloop
  endfacet
  facet normal 0 0 1
    outer loop
      vertex -20.9368 -67.5596 2.4
      vertex -21.3 -67.2124 2.4
      vertex -21.0404 -67.6632 2.4
    endloop
  endfacet
  facet normal -0 0 1
    outer loop
      vertex -21.4306 -67.279 2.4
      vertex -21.0404 -67.6632 2.4
      vertex -21.3 -67.2124 2.4
    endloop
  endfacet
  facet normal 0 0 1
    outer loop
      vertex -21.0404 -67.6632 2.4
      vertex -21.4306 -67.279 2.4
      vertex -21.1326 -67.7771 2.4
    endloop
  endfacet
  facet normal -0 0 1
    outer loop
      vertex -21.5674 -67.3315 2.4
      vertex -21.1326 -67.7771 2.4
      vertex -21.4306 -67.279 2.4
    endloop
  endfacet
  facet normal 0 0 1
    outer loop
      vertex -21.1326 -67.7771 2.4
      vertex -21.5674 -67.3315 2.4
      vertex -21.2124 -67.9 2.4
    endloop
  endfacet
  facet normal -0 0 1
    outer loop
      vertex -21.7089 -67.3694 2.4
      vertex -21.2124 -67.9 2.4
      vertex -21.5674 -67.3315 2.4
    endloop
  endfacet
  facet normal 0 0 1
    outer loop
      vertex -21.2124 -67.9 2.4
      vertex -21.7089 -67.3694 2.4
      vertex -21.279 -68.0306 2.4
    endloop
  endfacet
  facet normal 0 0 1
    outer loop
      vertex -21.279 -68.0306 2.4
      vertex -21.8537 -67.3923 2.4
      vertex -21.3315 -68.1674 2.4
    endloop
  endfacet
  facet normal -0 0 1
    outer loop
      vertex -21.8537 -67.3923 2.4
      vertex -21.279 -68.0306 2.4
      vertex -21.7089 -67.3694 2.4
    endloop
  endfacet
  facet normal 0 0 1
    outer loop
      vertex 22.2911 -67.3694 2.4
      vertex 21.3923 -68.4537 2.4
      vertex 21.4 -68.6 2.4
    endloop
  endfacet
  facet normal 0 0 1
    outer loop
      vertex 21.5674 -67.3315 2.4
      vertex 21.3694 -68.3089 2.4
      vertex 21.3923 -68.4537 2.4
    endloop
  endfacet
  facet normal 0 0 1
    outer loop
      vertex 21.5674 -67.3315 2.4
      vertex 21.3315 -68.1674 2.4
      vertex 21.3694 -68.3089 2.4
    endloop
  endfacet
  facet normal 0 0 1
    outer loop
      vertex 21.0404 -67.6632 2.4
      vertex 21.4306 -67.279 2.4
      vertex 21.3 -67.2124 2.4
    endloop
  endfacet
  facet normal 0 0 1
    outer loop
      vertex 21.5674 -67.3315 2.4
      vertex 21.279 -68.0306 2.4
      vertex 21.3315 -68.1674 2.4
    endloop
  endfacet
  facet normal 0 0 1
    outer loop
      vertex 21.5674 -67.3315 2.4
      vertex 21.2124 -67.9 2.4
      vertex 21.279 -68.0306 2.4
    endloop
  endfacet
  facet normal 0 0 1
    outer loop
      vertex 20.9368 -67.5596 2.4
      vertex 21.3 -67.2124 2.4
      vertex 21.1771 -67.1326 2.4
    endloop
  endfacet
  facet normal 0 0 1
    outer loop
      vertex 21.5674 -67.3315 2.4
      vertex 21.1326 -67.7771 2.4
      vertex 21.2124 -67.9 2.4
    endloop
  endfacet
  facet normal 0 0 1
    outer loop
      vertex 20.8229 -67.4674 2.4
      vertex 21.1771 -67.1326 2.4
      vertex 21.0632 -67.0404 2.4
    endloop
  endfacet
  facet normal 0 0 1
    outer loop
      vertex 21.4306 -67.279 2.4
      vertex 21.0404 -67.6632 2.4
      vertex 21.1326 -67.7771 2.4
    endloop
  endfacet
  facet normal 0 0 1
    outer loop
      vertex 20.7 -67.3876 2.4
      vertex 21.0632 -67.0404 2.4
      vertex 20.9596 -66.9368 2.4
    endloop
  endfacet
  facet normal 0 0 1
    outer loop
      vertex 21.3 -67.2124 2.4
      vertex 20.9368 -67.5596 2.4
      vertex 21.0404 -67.6632 2.4
    endloop
  endfacet
  facet normal 0 0 1
    outer loop
      vertex 20.5694 -67.321 2.4
      vertex 20.9596 -66.9368 2.4
      vertex 20.8674 -66.8229 2.4
    endloop
  endfacet
  facet normal 0 0 1
    outer loop
      vertex 21.1771 -67.1326 2.4
      vertex 20.8229 -67.4674 2.4
      vertex 20.9368 -67.5596 2.4
    endloop
  endfacet
  facet normal 0 0 1
    outer loop
      vertex 20.4326 -67.2685 2.4
      vertex 20.8674 -66.8229 2.4
      vertex 20.7876 -66.7 2.4
    endloop
  endfacet
  facet normal 0 0 1
    outer loop
      vertex 20.2911 -67.2306 2.4
      vertex 20.7876 -66.7 2.4
      vertex 20.721 -66.5694 2.4
    endloop
  endfacet
  facet normal 0 0 1
    outer loop
      vertex 21.0632 -67.0404 2.4
      vertex 20.7 -67.3876 2.4
      vertex 20.8229 -67.4674 2.4
    endloop
  endfacet
  facet normal 0 0 1
    outer loop
      vertex 20.1463 -67.2077 2.4
      vertex 20.721 -66.5694 2.4
      vertex 20.6685 -66.4326 2.4
    endloop
  endfacet
  facet normal 0 0 1
    outer loop
      vertex 20 -67.2 2.4
      vertex 20.6685 -66.4326 2.4
      vertex 20.6306 -66.2911 2.4
    endloop
  endfacet
  facet normal 0 0 1
    outer loop
      vertex 19.8537 -67.2077 2.4
      vertex 20.6306 -66.2911 2.4
      vertex 20.6077 -66.1463 2.4
    endloop
  endfacet
  facet normal 0 0 1
    outer loop
      vertex 20.9596 -66.9368 2.4
      vertex 20.5694 -67.321 2.4
      vertex 20.7 -67.3876 2.4
    endloop
  endfacet
  facet normal 0 0 1
    outer loop
      vertex 19.7089 -67.2306 2.4
      vertex 20.6077 -66.1463 2.4
      vertex 20.6 -66 2.4
    endloop
  endfacet
  facet normal 0 0 1
    outer loop
      vertex 20.9596 -65.0632 2.4
      vertex 13.3488 -58.0485 2.4
      vertex 20.8674 -65.1771 2.4
    endloop
  endfacet
  facet normal 0 0 1
    outer loop
      vertex 15.0735 -41.6388 2.4
      vertex 20.5694 -29.379 2.4
      vertex 20.4326 -29.4315 2.4
    endloop
  endfacet
  facet normal -0 0 1
    outer loop
      vertex 12.2619 -59.3907 2.4
      vertex 20.8674 -65.1771 2.4
      vertex 13.3488 -58.0485 2.4
    endloop
  endfacet
  facet normal 0 0 1
    outer loop
      vertex 15.0735 -41.6388 2.4
      vertex 20.4326 -29.4315 2.4
      vertex 20.2911 -29.4694 2.4
    endloop
  endfacet
  facet normal 0 0 1
    outer loop
      vertex 20.8674 -65.1771 2.4
      vertex 12.2619 -59.3907 2.4
      vertex 20.7876 -65.3 2.4
    endloop
  endfacet
  facet normal 0 0 1
    outer loop
      vertex 14.2894 -40.1 2.4
      vertex 20.2911 -29.4694 2.4
      vertex 20.1463 -29.4923 2.4
    endloop
  endfacet
  facet normal 0 0 1
    outer loop
      vertex 20.7876 -65.3 2.4
      vertex 12.2619 -59.3907 2.4
      vertex 20.721 -65.4306 2.4
    endloop
  endfacet
  facet normal 0 0 1
    outer loop
      vertex 14.2894 -40.1 2.4
      vertex 20.1463 -29.4923 2.4
      vertex 20 -29.5 2.4
    endloop
  endfacet
  facet normal 0 -0 1
    outer loop
      vertex 19.1771 -67.4674 2.4
      vertex 20.721 -65.4306 2.4
      vertex 12.2619 -59.3907 2.4
    endloop
  endfacet
  facet normal 0 0 1
    outer loop
      vertex 14.2894 -40.1 2.4
      vertex 20 -29.5 2.4
      vertex 19.8537 -29.4923 2.4
    endloop
  endfacet
  facet normal 0 0 1
    outer loop
      vertex 20.721 -65.4306 2.4
      vertex 19.1771 -67.4674 2.4
      vertex 20.6685 -65.5674 2.4
    endloop
  endfacet
  facet normal 0 0 1
    outer loop
      vertex 13.3488 -38.6515 2.4
      vertex 19.8537 -29.4923 2.4
      vertex 19.7089 -29.4694 2.4
    endloop
  endfacet
  facet normal 0 0 1
    outer loop
      vertex 20.8674 -66.8229 2.4
      vertex 20.4326 -67.2685 2.4
      vertex 20.5694 -67.321 2.4
    endloop
  endfacet
  facet normal 0 0 1
    outer loop
      vertex 13.3488 -38.6515 2.4
      vertex 19.7089 -29.4694 2.4
      vertex 19.5674 -29.4315 2.4
    endloop
  endfacet
  facet normal 0 0 1
    outer loop
      vertex 20.7876 -66.7 2.4
      vertex 20.2911 -67.2306 2.4
      vertex 20.4326 -67.2685 2.4
    endloop
  endfacet
  facet normal 0 0 1
    outer loop
      vertex 13.3488 -38.6515 2.4
      vertex 19.5674 -29.4315 2.4
      vertex 19.4306 -29.379 2.4
    endloop
  endfacet
  facet normal 0 -0 1
    outer loop
      vertex 19.3 -67.3876 2.4
      vertex 20.6685 -65.5674 2.4
      vertex 19.1771 -67.4674 2.4
    endloop
  endfacet
  facet normal 0 0 1
    outer loop
      vertex 13.3488 -38.6515 2.4
      vertex 19.4306 -29.379 2.4
      vertex 19.3 -29.3124 2.4
    endloop
  endfacet
  facet normal 0 0 1
    outer loop
      vertex 20.721 -66.5694 2.4
      vertex 20.1463 -67.2077 2.4
      vertex 20.2911 -67.2306 2.4
    endloop
  endfacet
  facet normal 0 0 1
    outer loop
      vertex 13.3488 -38.6515 2.4
      vertex 19.3 -29.3124 2.4
      vertex 19.1771 -29.2326 2.4
    endloop
  endfacet
  facet normal 0 0 1
    outer loop
      vertex 20.6685 -66.4326 2.4
      vertex 20 -67.2 2.4
      vertex 20.1463 -67.2077 2.4
    endloop
  endfacet
  facet normal 0 0 1
    outer loop
      vertex 13.3488 -38.6515 2.4
      vertex 19.1771 -29.2326 2.4
      vertex 19.0632 -29.1404 2.4
    endloop
  endfacet
  facet normal 0 0 1
    outer loop
      vertex 20.6306 -66.2911 2.4
      vertex 19.8537 -67.2077 2.4
      vertex 20 -67.2 2.4
    endloop
  endfacet
  facet normal 0 0 1
    outer loop
      vertex 13.3488 -38.6515 2.4
      vertex 19.0632 -29.1404 2.4
      vertex 18.9596 -29.0368 2.4
    endloop
  endfacet
  facet normal 0 0 1
    outer loop
      vertex 20.6685 -65.5674 2.4
      vertex 19.3 -67.3876 2.4
      vertex 20.6306 -65.7089 2.4
    endloop
  endfacet
  facet normal 0 0 1
    outer loop
      vertex 13.3488 -38.6515 2.4
      vertex 18.9596 -29.0368 2.4
      vertex 18.8674 -28.9229 2.4
    endloop
  endfacet
  facet normal 0 0 1
    outer loop
      vertex 20.6077 -66.1463 2.4
      vertex 19.7089 -67.2306 2.4
      vertex 19.8537 -67.2077 2.4
    endloop
  endfacet
  facet normal 0 0 1
    outer loop
      vertex 13.3488 -38.6515 2.4
      vertex 18.8674 -28.9229 2.4
      vertex 18.7876 -28.8 2.4
    endloop
  endfacet
  facet normal 0 0 1
    outer loop
      vertex 20.6 -66 2.4
      vertex 19.5674 -67.2685 2.4
      vertex 19.7089 -67.2306 2.4
    endloop
  endfacet
  facet normal 0 0 1
    outer loop
      vertex 13.3488 -38.6515 2.4
      vertex 18.7876 -28.8 2.4
      vertex 18.721 -28.6694 2.4
    endloop
  endfacet
  facet normal 0 0 1
    outer loop
      vertex 20.6077 -65.8537 2.4
      vertex 19.5674 -67.2685 2.4
      vertex 20.6 -66 2.4
    endloop
  endfacet
  facet normal 0 0 1
    outer loop
      vertex 13.3488 -38.6515 2.4
      vertex 18.721 -28.6694 2.4
      vertex 18.6685 -28.5326 2.4
    endloop
  endfacet
  facet normal 0 -0 1
    outer loop
      vertex 19.4306 -67.321 2.4
      vertex 20.6306 -65.7089 2.4
      vertex 19.3 -67.3876 2.4
    endloop
  endfacet
  facet normal 0 0 1
    outer loop
      vertex 13.3488 -38.6515 2.4
      vertex 18.6306 -28.3911 2.4
      vertex 15 -23.1 2.4
    endloop
  endfacet
  facet normal 0 -0 1
    outer loop
      vertex 19.5674 -67.2685 2.4
      vertex 20.6077 -65.8537 2.4
      vertex 19.4306 -67.321 2.4
    endloop
  endfacet
  facet normal 0 0 1
    outer loop
      vertex 15 -23.1 2.4
      vertex 18.6306 -28.3911 2.4
      vertex 18.6077 -28.2463 2.4
    endloop
  endfacet
  facet normal 0 0 1
    outer loop
      vertex 20.6306 -65.7089 2.4
      vertex 19.4306 -67.321 2.4
      vertex 20.6077 -65.8537 2.4
    endloop
  endfacet
  facet normal 0 0 1
    outer loop
      vertex 15 -23.1 2.4
      vertex 18.6077 -28.2463 2.4
      vertex 18.6 -28.1 2.4
    endloop
  endfacet
  facet normal 0 0 1
    outer loop
      vertex 19.1771 -67.4674 2.4
      vertex 12.2619 -59.3907 2.4
      vertex 19.0632 -67.5596 2.4
    endloop
  endfacet
  facet normal 0 0 1
    outer loop
      vertex 21 -23.1 2.4
      vertex 25 -23.1 2.4
      vertex 25 -20 2.4
    endloop
  endfacet
  facet normal 0 0 1
    outer loop
      vertex 25 -23.1 2.4
      vertex 23.3923 -65.8537 2.4
      vertex 23.4 -66 2.4
    endloop
  endfacet
  facet normal 0 0 1
    outer loop
      vertex 25 -23.1 2.4
      vertex 23.3694 -65.7089 2.4
      vertex 23.3923 -65.8537 2.4
    endloop
  endfacet
  facet normal 0 0 1
    outer loop
      vertex 25 -23.1 2.4
      vertex 23.3315 -65.5674 2.4
      vertex 23.3694 -65.7089 2.4
    endloop
  endfacet
  facet normal 0 0 1
    outer loop
      vertex 25 -23.1 2.4
      vertex 23.279 -65.4306 2.4
      vertex 23.3315 -65.5674 2.4
    endloop
  endfacet
  facet normal 0 0 1
    outer loop
      vertex 21.279 -28.6694 2.4
      vertex 25 -23.1 2.4
      vertex 21.3315 -28.5326 2.4
    endloop
  endfacet
  facet normal 0 0 1
    outer loop
      vertex 25 -23.1 2.4
      vertex 23.2124 -65.3 2.4
      vertex 23.279 -65.4306 2.4
    endloop
  endfacet
  facet normal 0 0 1
    outer loop
      vertex 21.2124 -28.8 2.4
      vertex 25 -23.1 2.4
      vertex 21.279 -28.6694 2.4
    endloop
  endfacet
  facet normal 0 0 1
    outer loop
      vertex 25 -23.1 2.4
      vertex 23.1326 -65.1771 2.4
      vertex 23.2124 -65.3 2.4
    endloop
  endfacet
  facet normal 0 0 1
    outer loop
      vertex 25 -23.1 2.4
      vertex 21.2124 -28.8 2.4
      vertex 23.1326 -65.1771 2.4
    endloop
  endfacet
  facet normal -0 0 1
    outer loop
      vertex 16.5 -48.35 2.4
      vertex 23.1326 -65.1771 2.4
      vertex 21.2124 -28.8 2.4
    endloop
  endfacet
  facet normal 0 0 1
    outer loop
      vertex 16.5 -48.35 2.4
      vertex 21.2124 -28.8 2.4
      vertex 21.1326 -28.9229 2.4
    endloop
  endfacet
  facet normal 0 0 1
    outer loop
      vertex 23.1326 -65.1771 2.4
      vertex 16.5 -48.35 2.4
      vertex 23.0404 -65.0632 2.4
    endloop
  endfacet
  facet normal 0 0 1
    outer loop
      vertex 16.5 -48.35 2.4
      vertex 21.1326 -28.9229 2.4
      vertex 21.0404 -29.0368 2.4
    endloop
  endfacet
  facet normal 0 0 1
    outer loop
      vertex 23.0404 -65.0632 2.4
      vertex 16.5 -48.35 2.4
      vertex 22.9368 -64.9596 2.4
    endloop
  endfacet
  facet normal 0 0 1
    outer loop
      vertex 16.5 -48.35 2.4
      vertex 21.0404 -29.0368 2.4
      vertex 20.9368 -29.1404 2.4
    endloop
  endfacet
  facet normal -0 0 1
    outer loop
      vertex 16.4096 -50.0747 2.4
      vertex 22.9368 -64.9596 2.4
      vertex 16.5 -48.35 2.4
    endloop
  endfacet
  facet normal 0 0 1
    outer loop
      vertex 16.5 -48.35 2.4
      vertex 20.9368 -29.1404 2.4
      vertex 20.8229 -29.2326 2.4
    endloop
  endfacet
  facet normal 0 0 1
    outer loop
      vertex 22.9368 -64.9596 2.4
      vertex 16.4096 -50.0747 2.4
      vertex 22.8229 -64.8674 2.4
    endloop
  endfacet
  facet normal 0 0 1
    outer loop
      vertex 16.5 -48.35 2.4
      vertex 20.8229 -29.2326 2.4
      vertex 20.7 -29.3124 2.4
    endloop
  endfacet
  facet normal 0 0 1
    outer loop
      vertex 25 -23.1 2.4
      vertex 21.4 -28.1 2.4
      vertex 21.3923 -28.2463 2.4
    endloop
  endfacet
  facet normal 0 0 1
    outer loop
      vertex 25 -23.1 2.4
      vertex 21.3923 -27.9537 2.4
      vertex 21.4 -28.1 2.4
    endloop
  endfacet
  facet normal 0 0 1
    outer loop
      vertex 25 -23.1 2.4
      vertex 21.3694 -27.8089 2.4
      vertex 21.3923 -27.9537 2.4
    endloop
  endfacet
  facet normal 0 0 1
    outer loop
      vertex 25 -23.1 2.4
      vertex 21.3315 -27.6674 2.4
      vertex 21.3694 -27.8089 2.4
    endloop
  endfacet
  facet normal 0 0 1
    outer loop
      vertex 25 -23.1 2.4
      vertex 21.279 -27.5306 2.4
      vertex 21.3315 -27.6674 2.4
    endloop
  endfacet
  facet normal 0 0 1
    outer loop
      vertex 25 -23.1 2.4
      vertex 21.2124 -27.4 2.4
      vertex 21.279 -27.5306 2.4
    endloop
  endfacet
  facet normal 0 -0 1
    outer loop
      vertex 21.0404 -27.1632 2.4
      vertex 25 -23.1 2.4
      vertex 21 -23.1 2.4
    endloop
  endfacet
  facet normal 0 0 1
    outer loop
      vertex 25 -23.1 2.4
      vertex 21.1326 -27.2771 2.4
      vertex 21.2124 -27.4 2.4
    endloop
  endfacet
  facet normal 0 0 1
    outer loop
      vertex 21 -23.1 2.4
      vertex 25 -20 2.4
      vertex 21 -20 2.4
    endloop
  endfacet
  facet normal 0 0 1
    outer loop
      vertex 25 -23.1 2.4
      vertex 21.0404 -27.1632 2.4
      vertex 21.1326 -27.2771 2.4
    endloop
  endfacet
  facet normal 0 0 1
    outer loop
      vertex 21 -23.1 2.4
      vertex 20.9368 -27.0596 2.4
      vertex 21.0404 -27.1632 2.4
    endloop
  endfacet
  facet normal 0 0 1
    outer loop
      vertex 21 -23.1 2.4
      vertex 20.8229 -26.9674 2.4
      vertex 20.9368 -27.0596 2.4
    endloop
  endfacet
  facet normal 0 0 1
    outer loop
      vertex 21 -23.1 2.4
      vertex 20.7 -26.8876 2.4
      vertex 20.8229 -26.9674 2.4
    endloop
  endfacet
  facet normal 0 0 1
    outer loop
      vertex 21 -23.1 2.4
      vertex 20.5694 -26.821 2.4
      vertex 20.7 -26.8876 2.4
    endloop
  endfacet
  facet normal 0 0 1
    outer loop
      vertex 21 -23.1 2.4
      vertex 20.4326 -26.7685 2.4
      vertex 20.5694 -26.821 2.4
    endloop
  endfacet
  facet normal 0 0 1
    outer loop
      vertex 21 -23.1 2.4
      vertex 20.2911 -26.7306 2.4
      vertex 20.4326 -26.7685 2.4
    endloop
  endfacet
  facet normal 0 0 1
    outer loop
      vertex 21 -23.1 2.4
      vertex 20.1463 -26.7077 2.4
      vertex 20.2911 -26.7306 2.4
    endloop
  endfacet
  facet normal 0 0 1
    outer loop
      vertex 21 -23.1 2.4
      vertex 20 -26.7 2.4
      vertex 20.1463 -26.7077 2.4
    endloop
  endfacet
  facet normal 0 0 1
    outer loop
      vertex 21 -23.1 2.4
      vertex 19.8537 -26.7077 2.4
      vertex 20 -26.7 2.4
    endloop
  endfacet
  facet normal 0 0 1
    outer loop
      vertex 21 -23.1 2.4
      vertex 19.7089 -26.7306 2.4
      vertex 19.8537 -26.7077 2.4
    endloop
  endfacet
  facet normal 0 0 1
    outer loop
      vertex 21 -23.1 2.4
      vertex 19.5674 -26.7685 2.4
      vertex 19.7089 -26.7306 2.4
    endloop
  endfacet
  facet normal 0 0 1
    outer loop
      vertex 21 -23.1 2.4
      vertex 19.4306 -26.821 2.4
      vertex 19.5674 -26.7685 2.4
    endloop
  endfacet
  facet normal -0 0 1
    outer loop
      vertex 15 -23.1 2.4
      vertex 19.4306 -26.821 2.4
      vertex 21 -23.1 2.4
    endloop
  endfacet
  facet normal 0 0 1
    outer loop
      vertex 19.4306 -26.821 2.4
      vertex 15 -23.1 2.4
      vertex 19.3 -26.8876 2.4
    endloop
  endfacet
  facet normal 0 0 1
    outer loop
      vertex 19.3 -26.8876 2.4
      vertex 15 -23.1 2.4
      vertex 19.1771 -26.9674 2.4
    endloop
  endfacet
  facet normal 0 0 1
    outer loop
      vertex 19.1771 -26.9674 2.4
      vertex 15 -23.1 2.4
      vertex 19.0632 -27.0596 2.4
    endloop
  endfacet
  facet normal 0 0 1
    outer loop
      vertex 19.0632 -27.0596 2.4
      vertex 15 -23.1 2.4
      vertex 18.9596 -27.1632 2.4
    endloop
  endfacet
  facet normal 0 0 1
    outer loop
      vertex 18.9596 -27.1632 2.4
      vertex 15 -23.1 2.4
      vertex 18.8674 -27.2771 2.4
    endloop
  endfacet
  facet normal -0 0 1
    outer loop
      vertex 11.0407 -60.6119 2.4
      vertex 19.0632 -67.5596 2.4
      vertex 12.2619 -59.3907 2.4
    endloop
  endfacet
  facet normal 0 0 1
    outer loop
      vertex 15 -23.1 2.4
      vertex 18.6 -28.1 2.4
      vertex 18.6077 -27.9537 2.4
    endloop
  endfacet
  facet normal 0 0 1
    outer loop
      vertex 20.5694 -29.379 2.4
      vertex 16.4096 -46.6253 2.4
      vertex 16.5 -48.35 2.4
    endloop
  endfacet
  facet normal 0 0 1
    outer loop
      vertex 20.5694 -29.379 2.4
      vertex 16.1394 -44.9195 2.4
      vertex 16.4096 -46.6253 2.4
    endloop
  endfacet
  facet normal 0 0 1
    outer loop
      vertex 20.5694 -29.379 2.4
      vertex 15.6924 -43.2512 2.4
      vertex 16.1394 -44.9195 2.4
    endloop
  endfacet
  facet normal 0 0 1
    outer loop
      vertex 15 -23.1 2.4
      vertex 18.6077 -27.9537 2.4
      vertex 18.6306 -27.8089 2.4
    endloop
  endfacet
  facet normal 0 0 1
    outer loop
      vertex 20.5694 -29.379 2.4
      vertex 15.0735 -41.6388 2.4
      vertex 15.6924 -43.2512 2.4
    endloop
  endfacet
  facet normal 0 0 1
    outer loop
      vertex 18.8674 -27.2771 2.4
      vertex 15 -23.1 2.4
      vertex 18.7876 -27.4 2.4
    endloop
  endfacet
  facet normal 0 0 1
    outer loop
      vertex 15 -23.1 2.4
      vertex 18.721 -27.5306 2.4
      vertex 18.7876 -27.4 2.4
    endloop
  endfacet
  facet normal 0 0 1
    outer loop
      vertex 15 -23.1 2.4
      vertex 18.6685 -27.6674 2.4
      vertex 18.721 -27.5306 2.4
    endloop
  endfacet
  facet normal 0 0 1
    outer loop
      vertex 15 -23.1 2.4
      vertex 18.6306 -27.8089 2.4
      vertex 18.6685 -27.6674 2.4
    endloop
  endfacet
  facet normal 0 0 1
    outer loop
      vertex 18.6306 -28.3911 2.4
      vertex 13.3488 -38.6515 2.4
      vertex 18.6685 -28.5326 2.4
    endloop
  endfacet
  facet normal 0 0 1
    outer loop
      vertex 4.49951 5.36231 2.4
      vertex 14.587 16.2006 2.4
      vertex 13.8199 16.47 2.4
    endloop
  endfacet
  facet normal 0 0 1
    outer loop
      vertex 20.2911 -29.4694 2.4
      vertex 14.2894 -40.1 2.4
      vertex 15.0735 -41.6388 2.4
    endloop
  endfacet
  facet normal 0 0 1
    outer loop
      vertex -15 -15.7876 2.4
      vertex 15 -15.7876 2.4
      vertex 4.49951 5.36231 2.4
    endloop
  endfacet
  facet normal 0 0 1
    outer loop
      vertex 12.8137 17.6366 2.4
      vertex 13.8199 16.47 2.4
      vertex 14.587 16.2006 2.4
    endloop
  endfacet
  facet normal 0 0 1
    outer loop
      vertex 12.8137 17.6366 2.4
      vertex 11.9747 17.8565 2.4
      vertex 13.8199 16.47 2.4
    endloop
  endfacet
  facet normal 0 0 1
    outer loop
      vertex 10.9 18.8794 2.4
      vertex 11.9747 17.8565 2.4
      vertex 12.8137 17.6366 2.4
    endloop
  endfacet
  facet normal 0 0 1
    outer loop
      vertex 10.9 18.8794 2.4
      vertex 9.99155 19.0373 2.4
      vertex 11.9747 17.8565 2.4
    endloop
  endfacet
  facet normal 0 0 1
    outer loop
      vertex 8.86686 19.9153 2.4
      vertex 9.99155 19.0373 2.4
      vertex 10.9 18.8794 2.4
    endloop
  endfacet
  facet normal 0 0 1
    outer loop
      vertex 8.86686 19.9153 2.4
      vertex 7.8932 19.9987 2.4
      vertex 9.99155 19.0373 2.4
    endloop
  endfacet
  facet normal 0 0 1
    outer loop
      vertex 6.73657 20.733 2.4
      vertex 7.8932 19.9987 2.4
      vertex 8.86686 19.9153 2.4
    endloop
  endfacet
  facet normal 0 0 1
    outer loop
      vertex 6.73657 20.733 2.4
      vertex 5.70389 20.7296 2.4
      vertex 7.8932 19.9987 2.4
    endloop
  endfacet
  facet normal 0 0 1
    outer loop
      vertex 4.53247 21.3236 2.4
      vertex 5.70389 20.7296 2.4
      vertex 6.73657 20.733 2.4
    endloop
  endfacet
  facet normal 0 0 1
    outer loop
      vertex 4.53247 21.3236 2.4
      vertex 3.44884 21.2216 2.4
      vertex 5.70389 20.7296 2.4
    endloop
  endfacet
  facet normal 0 0 1
    outer loop
      vertex 2.27872 21.6806 2.4
      vertex 3.44884 21.2216 2.4
      vertex 4.53247 21.3236 2.4
    endloop
  endfacet
  facet normal 0 0 1
    outer loop
      vertex 2.27872 21.6806 2.4
      vertex 1.15405 21.469 2.4
      vertex 3.44884 21.2216 2.4
    endloop
  endfacet
  facet normal 0 0 1
    outer loop
      vertex 0 21.8 2.4
      vertex 1.15405 21.469 2.4
      vertex 2.27872 21.6806 2.4
    endloop
  endfacet
  facet normal 0 0 1
    outer loop
      vertex 0 21.8 2.4
      vertex -1.15405 21.469 2.4
      vertex 1.15405 21.469 2.4
    endloop
  endfacet
  facet normal -0 0 1
    outer loop
      vertex -2.27872 21.6806 2.4
      vertex -1.15405 21.469 2.4
      vertex 0 21.8 2.4
    endloop
  endfacet
  facet normal 0 0 1
    outer loop
      vertex -2.27872 21.6806 2.4
      vertex -3.44884 21.2216 2.4
      vertex -1.15405 21.469 2.4
    endloop
  endfacet
  facet normal -0 0 1
    outer loop
      vertex -4.53247 21.3236 2.4
      vertex -3.44884 21.2216 2.4
      vertex -2.27872 21.6806 2.4
    endloop
  endfacet
  facet normal 0 0 1
    outer loop
      vertex -4.53247 21.3236 2.4
      vertex -5.70389 20.7296 2.4
      vertex -3.44884 21.2216 2.4
    endloop
  endfacet
  facet normal -0 0 1
    outer loop
      vertex -6.73657 20.733 2.4
      vertex -5.70389 20.7296 2.4
      vertex -4.53247 21.3236 2.4
    endloop
  endfacet
  facet normal 0 0 1
    outer loop
      vertex -6.73657 20.733 2.4
      vertex -7.8932 19.9987 2.4
      vertex -5.70389 20.7296 2.4
    endloop
  endfacet
  facet normal 0 0 1
    outer loop
      vertex -8.86686 19.9153 2.4
      vertex -7.8932 19.9987 2.4
      vertex -6.73657 20.733 2.4
    endloop
  endfacet
  facet normal -0 0 1
    outer loop
      vertex -8.86686 19.9153 2.4
      vertex -9.99155 19.0373 2.4
      vertex -7.8932 19.9987 2.4
    endloop
  endfacet
  facet normal 0 0 1
    outer loop
      vertex -10.9 18.8794 2.4
      vertex -9.99155 19.0373 2.4
      vertex -8.86686 19.9153 2.4
    endloop
  endfacet
  facet normal -0 0 1
    outer loop
      vertex -10.9 18.8794 2.4
      vertex -11.9747 17.8565 2.4
      vertex -9.99155 19.0373 2.4
    endloop
  endfacet
  facet normal 0 0 1
    outer loop
      vertex -12.8137 17.6366 2.4
      vertex -11.9747 17.8565 2.4
      vertex -10.9 18.8794 2.4
    endloop
  endfacet
  facet normal -0 0 1
    outer loop
      vertex -12.8137 17.6366 2.4
      vertex -13.8199 16.47 2.4
      vertex -11.9747 17.8565 2.4
    endloop
  endfacet
  facet normal 0 0 1
    outer loop
      vertex -14.587 16.2006 2.4
      vertex -13.8199 16.47 2.4
      vertex -12.8137 17.6366 2.4
    endloop
  endfacet
  facet normal 0 0 1
    outer loop
      vertex -13.8199 16.47 2.4
      vertex -16.2006 14.587 2.4
      vertex -4.49951 5.36231 2.4
    endloop
  endfacet
  facet normal -0 0 1
    outer loop
      vertex -18.6306 -28.3911 2.4
      vertex -9.69846 -35.0012 2.4
      vertex -18.6077 -28.2463 2.4
    endloop
  endfacet
  facet normal -0 0 1
    outer loop
      vertex -18.6685 -28.5326 2.4
      vertex -9.69846 -35.0012 2.4
      vertex -18.6306 -28.3911 2.4
    endloop
  endfacet
  facet normal -0 0 1
    outer loop
      vertex -18.721 -28.6694 2.4
      vertex -9.69846 -35.0012 2.4
      vertex -18.6685 -28.5326 2.4
    endloop
  endfacet
  facet normal 0 0 1
    outer loop
      vertex -9.69846 -35.0012 2.4
      vertex -18.721 -28.6694 2.4
      vertex -11.0407 -36.0881 2.4
    endloop
  endfacet
  facet normal -0 0 1
    outer loop
      vertex -18.7876 -28.8 2.4
      vertex -11.0407 -36.0881 2.4
      vertex -18.721 -28.6694 2.4
    endloop
  endfacet
  facet normal -0 0 1
    outer loop
      vertex -18.8674 -28.9229 2.4
      vertex -11.0407 -36.0881 2.4
      vertex -18.7876 -28.8 2.4
    endloop
  endfacet
  facet normal -0 0 1
    outer loop
      vertex -19.0632 -29.1404 2.4
      vertex -11.0407 -36.0881 2.4
      vertex -18.9596 -29.0368 2.4
    endloop
  endfacet
  facet normal -0 0 1
    outer loop
      vertex -18.9596 -29.0368 2.4
      vertex -11.0407 -36.0881 2.4
      vertex -18.8674 -28.9229 2.4
    endloop
  endfacet
  facet normal 0 0 1
    outer loop
      vertex -15 -23.1 2.4
      vertex -18.6077 -27.9537 2.4
      vertex -18.6 -28.1 2.4
    endloop
  endfacet
  facet normal 0 0 1
    outer loop
      vertex -15 -23.1 2.4
      vertex -18.6306 -27.8089 2.4
      vertex -18.6077 -27.9537 2.4
    endloop
  endfacet
  facet normal 0 0 1
    outer loop
      vertex -15 -23.1 2.4
      vertex -18.6685 -27.6674 2.4
      vertex -18.6306 -27.8089 2.4
    endloop
  endfacet
  facet normal 0 0 1
    outer loop
      vertex -15 -23.1 2.4
      vertex -18.721 -27.5306 2.4
      vertex -18.6685 -27.6674 2.4
    endloop
  endfacet
  facet normal 0 0 1
    outer loop
      vertex -15 -23.1 2.4
      vertex -18.7876 -27.4 2.4
      vertex -18.721 -27.5306 2.4
    endloop
  endfacet
  facet normal 0 0 1
    outer loop
      vertex -15 -23.1 2.4
      vertex -18.8674 -27.2771 2.4
      vertex -18.7876 -27.4 2.4
    endloop
  endfacet
  facet normal 0 0 1
    outer loop
      vertex -15 -23.1 2.4
      vertex -18.9596 -27.1632 2.4
      vertex -18.8674 -27.2771 2.4
    endloop
  endfacet
  facet normal 0 0 1
    outer loop
      vertex -15 -23.1 2.4
      vertex -19.0632 -27.0596 2.4
      vertex -18.9596 -27.1632 2.4
    endloop
  endfacet
  facet normal 0 0 1
    outer loop
      vertex -15 -23.1 2.4
      vertex -19.1771 -26.9674 2.4
      vertex -19.0632 -27.0596 2.4
    endloop
  endfacet
  facet normal 0 0 1
    outer loop
      vertex -15 -23.1 2.4
      vertex -19.3 -26.8876 2.4
      vertex -19.1771 -26.9674 2.4
    endloop
  endfacet
  facet normal 0 0 1
    outer loop
      vertex -15 -23.1 2.4
      vertex -19.4306 -26.821 2.4
      vertex -19.3 -26.8876 2.4
    endloop
  endfacet
  facet normal 0 0 1
    outer loop
      vertex -15 -23.1 2.4
      vertex -19.5674 -26.7685 2.4
      vertex -19.4306 -26.821 2.4
    endloop
  endfacet
  facet normal 0 0 1
    outer loop
      vertex -15 -23.1 2.4
      vertex -19.7089 -26.7306 2.4
      vertex -19.5674 -26.7685 2.4
    endloop
  endfacet
  facet normal 0 0 1
    outer loop
      vertex -15 -23.1 2.4
      vertex -19.8537 -26.7077 2.4
      vertex -19.7089 -26.7306 2.4
    endloop
  endfacet
  facet normal 0 0 1
    outer loop
      vertex -15 -23.1 2.4
      vertex -20 -26.7 2.4
      vertex -19.8537 -26.7077 2.4
    endloop
  endfacet
  facet normal -0 0 1
    outer loop
      vertex -25.25 -23.1 2.4
      vertex -20 -26.7 2.4
      vertex -15 -23.1 2.4
    endloop
  endfacet
  facet normal 0 0 1
    outer loop
      vertex -20 -26.7 2.4
      vertex -25.25 -23.1 2.4
      vertex -20.1463 -26.7077 2.4
    endloop
  endfacet
  facet normal 0 0 1
    outer loop
      vertex -20.1463 -26.7077 2.4
      vertex -25.25 -23.1 2.4
      vertex -20.2911 -26.7306 2.4
    endloop
  endfacet
  facet normal 0 0 1
    outer loop
      vertex -20.2911 -26.7306 2.4
      vertex -25.25 -23.1 2.4
      vertex -20.4326 -26.7685 2.4
    endloop
  endfacet
  facet normal 0 0 1
    outer loop
      vertex -20.4326 -26.7685 2.4
      vertex -25.25 -23.1 2.4
      vertex -20.5694 -26.821 2.4
    endloop
  endfacet
  facet normal 0 0 1
    outer loop
      vertex -20.5694 -26.821 2.4
      vertex -25.25 -23.1 2.4
      vertex -20.7 -26.8876 2.4
    endloop
  endfacet
  facet normal 0 0 1
    outer loop
      vertex -16.5 -48.35 2.4
      vertex -21.5674 -64.6685 2.4
      vertex -21.4306 -64.721 2.4
    endloop
  endfacet
  facet normal 0 0 1
    outer loop
      vertex -16.5 -48.35 2.4
      vertex -21.7089 -64.6306 2.4
      vertex -21.5674 -64.6685 2.4
    endloop
  endfacet
  facet normal 0 0 1
    outer loop
      vertex -16.5 -48.35 2.4
      vertex -21.8537 -64.6077 2.4
      vertex -21.7089 -64.6306 2.4
    endloop
  endfacet
  facet normal 0 0 1
    outer loop
      vertex -16.5 -48.35 2.4
      vertex -22 -64.6 2.4
      vertex -21.8537 -64.6077 2.4
    endloop
  endfacet
  facet normal 0 0 1
    outer loop
      vertex -16.5 -48.35 2.4
      vertex -22.1463 -64.6077 2.4
      vertex -22 -64.6 2.4
    endloop
  endfacet
  facet normal 0 0 1
    outer loop
      vertex -16.5 -48.35 2.4
      vertex -22.2911 -64.6306 2.4
      vertex -22.1463 -64.6077 2.4
    endloop
  endfacet
  facet normal 0 0 1
    outer loop
      vertex -16.5 -48.35 2.4
      vertex -22.4326 -64.6685 2.4
      vertex -22.2911 -64.6306 2.4
    endloop
  endfacet
  facet normal 0 0 1
    outer loop
      vertex -16.5 -48.35 2.4
      vertex -22.5694 -64.721 2.4
      vertex -22.4326 -64.6685 2.4
    endloop
  endfacet
  facet normal 0 0 1
    outer loop
      vertex -16.5 -48.35 2.4
      vertex -22.7 -64.7876 2.4
      vertex -22.5694 -64.721 2.4
    endloop
  endfacet
  facet normal 0 0 1
    outer loop
      vertex -16.5 -48.35 2.4
      vertex -22.8229 -64.8674 2.4
      vertex -22.7 -64.7876 2.4
    endloop
  endfacet
  facet normal 0 0 1
    outer loop
      vertex -16.5 -48.35 2.4
      vertex -22.9368 -64.9596 2.4
      vertex -22.8229 -64.8674 2.4
    endloop
  endfacet
  facet normal 0 0 1
    outer loop
      vertex -16.5 -48.35 2.4
      vertex -23.0404 -65.0632 2.4
      vertex -22.9368 -64.9596 2.4
    endloop
  endfacet
  facet normal 0 0 1
    outer loop
      vertex -16.5 -48.35 2.4
      vertex -23.1326 -65.1771 2.4
      vertex -23.0404 -65.0632 2.4
    endloop
  endfacet
  facet normal 0 0 1
    outer loop
      vertex -21.2124 -28.8 2.4
      vertex -25.25 -23.1 2.4
      vertex -23.1326 -65.1771 2.4
    endloop
  endfacet
  facet normal 0 0 1
    outer loop
      vertex -23.1326 -65.1771 2.4
      vertex -25.25 -23.1 2.4
      vertex -23.2124 -65.3 2.4
    endloop
  endfacet
  facet normal 0 0 1
    outer loop
      vertex -23.2124 -65.3 2.4
      vertex -25.25 -23.1 2.4
      vertex -23.279 -65.4306 2.4
    endloop
  endfacet
  facet normal 0 0 1
    outer loop
      vertex -23.279 -65.4306 2.4
      vertex -25.25 -23.1 2.4
      vertex -23.3315 -65.5674 2.4
    endloop
  endfacet
  facet normal 0 0 1
    outer loop
      vertex -23.3315 -65.5674 2.4
      vertex -25.25 -23.1 2.4
      vertex -23.3694 -65.7089 2.4
    endloop
  endfacet
  facet normal 0 0 1
    outer loop
      vertex -25.25 -23.1 2.4
      vertex -21.4 -28.1 2.4
      vertex -21.3923 -27.9537 2.4
    endloop
  endfacet
  facet normal 0 0 1
    outer loop
      vertex -23.3694 -65.7089 2.4
      vertex -25.25 -73.6 2.4
      vertex -23.3923 -65.8537 2.4
    endloop
  endfacet
  facet normal 0 0 1
    outer loop
      vertex -25.25 -73.6 2.4
      vertex -23.3694 -65.7089 2.4
      vertex -25.25 -23.1 2.4
    endloop
  endfacet
  facet normal 0 0 1
    outer loop
      vertex -21.3694 -27.8089 2.4
      vertex -25.25 -23.1 2.4
      vertex -21.3923 -27.9537 2.4
    endloop
  endfacet
  facet normal 0 0 1
    outer loop
      vertex -21.3315 -27.6674 2.4
      vertex -25.25 -23.1 2.4
      vertex -21.3694 -27.8089 2.4
    endloop
  endfacet
  facet normal 0 0 1
    outer loop
      vertex -21.279 -27.5306 2.4
      vertex -25.25 -23.1 2.4
      vertex -21.3315 -27.6674 2.4
    endloop
  endfacet
  facet normal 0 0 1
    outer loop
      vertex -21.2124 -27.4 2.4
      vertex -25.25 -23.1 2.4
      vertex -21.279 -27.5306 2.4
    endloop
  endfacet
  facet normal 0 0 1
    outer loop
      vertex -21.1326 -27.2771 2.4
      vertex -25.25 -23.1 2.4
      vertex -21.2124 -27.4 2.4
    endloop
  endfacet
  facet normal 0 0 1
    outer loop
      vertex -21.0404 -27.1632 2.4
      vertex -25.25 -23.1 2.4
      vertex -21.1326 -27.2771 2.4
    endloop
  endfacet
  facet normal 0 0 1
    outer loop
      vertex -20.9368 -27.0596 2.4
      vertex -25.25 -23.1 2.4
      vertex -21.0404 -27.1632 2.4
    endloop
  endfacet
  facet normal 0 0 1
    outer loop
      vertex -20.8229 -26.9674 2.4
      vertex -25.25 -23.1 2.4
      vertex -20.9368 -27.0596 2.4
    endloop
  endfacet
  facet normal 0 0 1
    outer loop
      vertex -20.7 -26.8876 2.4
      vertex -25.25 -23.1 2.4
      vertex -20.8229 -26.9674 2.4
    endloop
  endfacet
  facet normal 0 0 1
    outer loop
      vertex 23.4 -66 2.4
      vertex 25.25 -23.1 2.4
      vertex 25 -23.1 2.4
    endloop
  endfacet
  facet normal 0 0 1
    outer loop
      vertex 25.25 -23.1 2.4
      vertex 23.4 -66 2.4
      vertex 25.25 -73.6 2.4
    endloop
  endfacet
  facet normal -0 0 1
    outer loop
      vertex 23.3923 -66.1463 2.4
      vertex 25.25 -73.6 2.4
      vertex 23.4 -66 2.4
    endloop
  endfacet
  facet normal -0 0 1
    outer loop
      vertex 23.3694 -66.2911 2.4
      vertex 25.25 -73.6 2.4
      vertex 23.3923 -66.1463 2.4
    endloop
  endfacet
  facet normal -0 0 1
    outer loop
      vertex 23.3315 -66.4326 2.4
      vertex 25.25 -73.6 2.4
      vertex 23.3694 -66.2911 2.4
    endloop
  endfacet
  facet normal -0 0 1
    outer loop
      vertex 23.279 -66.5694 2.4
      vertex 25.25 -73.6 2.4
      vertex 23.3315 -66.4326 2.4
    endloop
  endfacet
  facet normal -0 0 1
    outer loop
      vertex 23.2124 -66.7 2.4
      vertex 25.25 -73.6 2.4
      vertex 23.279 -66.5694 2.4
    endloop
  endfacet
  facet normal -0 0 1
    outer loop
      vertex 23.1326 -66.8229 2.4
      vertex 25.25 -73.6 2.4
      vertex 23.2124 -66.7 2.4
    endloop
  endfacet
  facet normal -0 0 1
    outer loop
      vertex 23.0404 -66.9368 2.4
      vertex 25.25 -73.6 2.4
      vertex 23.1326 -66.8229 2.4
    endloop
  endfacet
  facet normal -0 0 1
    outer loop
      vertex 22.9368 -67.0404 2.4
      vertex 25.25 -73.6 2.4
      vertex 23.0404 -66.9368 2.4
    endloop
  endfacet
  facet normal -0 0 1
    outer loop
      vertex 22.8229 -67.1326 2.4
      vertex 25.25 -73.6 2.4
      vertex 22.9368 -67.0404 2.4
    endloop
  endfacet
  facet normal -0 0 1
    outer loop
      vertex 22.7 -67.2124 2.4
      vertex 25.25 -73.6 2.4
      vertex 22.8229 -67.1326 2.4
    endloop
  endfacet
  facet normal 0 0 1
    outer loop
      vertex 21.3694 -68.8911 2.4
      vertex 22.7 -67.2124 2.4
      vertex 22.5694 -67.279 2.4
    endloop
  endfacet
  facet normal 0 0 1
    outer loop
      vertex 21.3923 -68.7463 2.4
      vertex 22.5694 -67.279 2.4
      vertex 22.4326 -67.3315 2.4
    endloop
  endfacet
  facet normal 0 0 1
    outer loop
      vertex 21.4 -68.6 2.4
      vertex 22.4326 -67.3315 2.4
      vertex 22.2911 -67.3694 2.4
    endloop
  endfacet
  facet normal 0 0 1
    outer loop
      vertex 21.3923 -68.4537 2.4
      vertex 22.2911 -67.3694 2.4
      vertex 22.1463 -67.3923 2.4
    endloop
  endfacet
  facet normal 0 0 1
    outer loop
      vertex 21.3923 -68.4537 2.4
      vertex 22.1463 -67.3923 2.4
      vertex 22 -67.4 2.4
    endloop
  endfacet
  facet normal 0 0 1
    outer loop
      vertex 21.3923 -68.4537 2.4
      vertex 22 -67.4 2.4
      vertex 21.8537 -67.3923 2.4
    endloop
  endfacet
  facet normal 0 0 1
    outer loop
      vertex 21.3923 -68.4537 2.4
      vertex 21.8537 -67.3923 2.4
      vertex 21.7089 -67.3694 2.4
    endloop
  endfacet
  facet normal 0 0 1
    outer loop
      vertex 21.3923 -68.4537 2.4
      vertex 21.7089 -67.3694 2.4
      vertex 21.5674 -67.3315 2.4
    endloop
  endfacet
  facet normal 0 0 1
    outer loop
      vertex 21.1326 -67.7771 2.4
      vertex 21.5674 -67.3315 2.4
      vertex 21.4306 -67.279 2.4
    endloop
  endfacet
  facet normal 0 0 1
    outer loop
      vertex 22.4326 -67.3315 2.4
      vertex 21.4 -68.6 2.4
      vertex 21.3923 -68.7463 2.4
    endloop
  endfacet
  facet normal 0 0 1
    outer loop
      vertex 22.5694 -67.279 2.4
      vertex 21.3923 -68.7463 2.4
      vertex 21.3694 -68.8911 2.4
    endloop
  endfacet
  facet normal 0 0 1
    outer loop
      vertex 22.7 -67.2124 2.4
      vertex 21.3694 -68.8911 2.4
      vertex 21.3315 -69.0326 2.4
    endloop
  endfacet
  facet normal 0 0 1
    outer loop
      vertex 22.7 -67.2124 2.4
      vertex 21.3315 -69.0326 2.4
      vertex 25.25 -73.6 2.4
    endloop
  endfacet
  facet normal -0 0 1
    outer loop
      vertex 21.279 -69.1694 2.4
      vertex 25.25 -73.6 2.4
      vertex 21.3315 -69.0326 2.4
    endloop
  endfacet
  facet normal -0 0 1
    outer loop
      vertex 21.2124 -69.3 2.4
      vertex 25.25 -73.6 2.4
      vertex 21.279 -69.1694 2.4
    endloop
  endfacet
  facet normal -0 0 1
    outer loop
      vertex 21.1326 -69.4229 2.4
      vertex 25.25 -73.6 2.4
      vertex 21.2124 -69.3 2.4
    endloop
  endfacet
  facet normal -0 0 1
    outer loop
      vertex 21.0404 -69.5368 2.4
      vertex 25.25 -73.6 2.4
      vertex 21.1326 -69.4229 2.4
    endloop
  endfacet
  facet normal -0 0 1
    outer loop
      vertex 20.9368 -69.6404 2.4
      vertex 25.25 -73.6 2.4
      vertex 21.0404 -69.5368 2.4
    endloop
  endfacet
  facet normal -0 0 1
    outer loop
      vertex 20.8229 -69.7326 2.4
      vertex 25.25 -73.6 2.4
      vertex 20.9368 -69.6404 2.4
    endloop
  endfacet
  facet normal -0 0 1
    outer loop
      vertex 20.7 -69.8124 2.4
      vertex 25.25 -73.6 2.4
      vertex 20.8229 -69.7326 2.4
    endloop
  endfacet
  facet normal -0 0 1
    outer loop
      vertex 20.5694 -69.879 2.4
      vertex 25.25 -73.6 2.4
      vertex 20.7 -69.8124 2.4
    endloop
  endfacet
  facet normal -0 0 1
    outer loop
      vertex 20.4326 -69.9315 2.4
      vertex 25.25 -73.6 2.4
      vertex 20.5694 -69.879 2.4
    endloop
  endfacet
  facet normal -0 0 1
    outer loop
      vertex 20.2911 -69.9694 2.4
      vertex 25.25 -73.6 2.4
      vertex 20.4326 -69.9315 2.4
    endloop
  endfacet
  facet normal -0 0 1
    outer loop
      vertex 20.1463 -69.9923 2.4
      vertex 25.25 -73.6 2.4
      vertex 20.2911 -69.9694 2.4
    endloop
  endfacet
  facet normal -0 0 1
    outer loop
      vertex 20 -70 2.4
      vertex 25.25 -73.6 2.4
      vertex 20.1463 -69.9923 2.4
    endloop
  endfacet
  facet normal 0 0 1
    outer loop
      vertex 19.8537 -69.9923 2.4
      vertex 25.25 -73.6 2.4
      vertex 20 -70 2.4
    endloop
  endfacet
  facet normal 0 0 1
    outer loop
      vertex 19.7089 -69.9694 2.4
      vertex 25.25 -73.6 2.4
      vertex 19.8537 -69.9923 2.4
    endloop
  endfacet
  facet normal 0 0 1
    outer loop
      vertex 19.5674 -69.9315 2.4
      vertex 25.25 -73.6 2.4
      vertex 19.7089 -69.9694 2.4
    endloop
  endfacet
  facet normal 0 0 1
    outer loop
      vertex 19.4306 -69.879 2.4
      vertex 25.25 -73.6 2.4
      vertex 19.5674 -69.9315 2.4
    endloop
  endfacet
  facet normal 0 0 1
    outer loop
      vertex 19.3 -69.8124 2.4
      vertex 25.25 -73.6 2.4
      vertex 19.4306 -69.879 2.4
    endloop
  endfacet
  facet normal 0 0 1
    outer loop
      vertex 19.0632 -67.5596 2.4
      vertex 11.0407 -60.6119 2.4
      vertex 18.9596 -67.6632 2.4
    endloop
  endfacet
  facet normal 0 0 1
    outer loop
      vertex 18.9596 -67.6632 2.4
      vertex 11.0407 -60.6119 2.4
      vertex 18.8674 -67.7771 2.4
    endloop
  endfacet
  facet normal 0 0 1
    outer loop
      vertex 18.8674 -67.7771 2.4
      vertex 11.0407 -60.6119 2.4
      vertex 18.7876 -67.9 2.4
    endloop
  endfacet
  facet normal 0 0 1
    outer loop
      vertex 18.7876 -67.9 2.4
      vertex 11.0407 -60.6119 2.4
      vertex 18.721 -68.0306 2.4
    endloop
  endfacet
  facet normal -0 0 1
    outer loop
      vertex 9.69846 -61.6988 2.4
      vertex 18.721 -68.0306 2.4
      vertex 11.0407 -60.6119 2.4
    endloop
  endfacet
  facet normal 0 0 1
    outer loop
      vertex 18.721 -68.0306 2.4
      vertex 9.69846 -61.6988 2.4
      vertex 18.6685 -68.1674 2.4
    endloop
  endfacet
  facet normal 0 0 1
    outer loop
      vertex 18.6685 -68.1674 2.4
      vertex 9.69846 -61.6988 2.4
      vertex 18.6306 -68.3089 2.4
    endloop
  endfacet
  facet normal 0 0 1
    outer loop
      vertex 18.6306 -68.3089 2.4
      vertex 9.69846 -61.6988 2.4
      vertex 18.6077 -68.4537 2.4
    endloop
  endfacet
  facet normal -0 0 1
    outer loop
      vertex 8.25 -62.6394 2.4
      vertex 18.6077 -68.4537 2.4
      vertex 9.69846 -61.6988 2.4
    endloop
  endfacet
  facet normal 0 0 1
    outer loop
      vertex 18.6077 -68.4537 2.4
      vertex 8.25 -62.6394 2.4
      vertex 18.6 -68.6 2.4
    endloop
  endfacet
  facet normal 0 0 1
    outer loop
      vertex 18.6 -68.6 2.4
      vertex 8.25 -62.6394 2.4
      vertex 18.6077 -68.7463 2.4
    endloop
  endfacet
  facet normal -0 0 1
    outer loop
      vertex 6.71115 -63.4235 2.4
      vertex 18.6077 -68.7463 2.4
      vertex 8.25 -62.6394 2.4
    endloop
  endfacet
  facet normal 0 0 1
    outer loop
      vertex 18.6077 -68.7463 2.4
      vertex 6.71115 -63.4235 2.4
      vertex 18.6306 -68.8911 2.4
    endloop
  endfacet
  facet normal 0 0 1
    outer loop
      vertex 18.6306 -68.8911 2.4
      vertex 6.71115 -63.4235 2.4
      vertex 18.6685 -69.0326 2.4
    endloop
  endfacet
  facet normal 0 0 1
    outer loop
      vertex 18.6685 -69.0326 2.4
      vertex 6.71115 -63.4235 2.4
      vertex 18.721 -69.1694 2.4
    endloop
  endfacet
  facet normal -0 0 1
    outer loop
      vertex 5.09878 -64.0424 2.4
      vertex 18.721 -69.1694 2.4
      vertex 6.71115 -63.4235 2.4
    endloop
  endfacet
  facet normal 0 0 1
    outer loop
      vertex 18.721 -69.1694 2.4
      vertex 5.09878 -64.0424 2.4
      vertex 18.7876 -69.3 2.4
    endloop
  endfacet
  facet normal 0 0 1
    outer loop
      vertex 18.7876 -69.3 2.4
      vertex 5.09878 -64.0424 2.4
      vertex 18.8674 -69.4229 2.4
    endloop
  endfacet
  facet normal -0 0 1
    outer loop
      vertex 3.43054 -64.4894 2.4
      vertex 18.8674 -69.4229 2.4
      vertex 5.09878 -64.0424 2.4
    endloop
  endfacet
  facet normal 0 0 1
    outer loop
      vertex 18.8674 -69.4229 2.4
      vertex 3.43054 -64.4894 2.4
      vertex 18.9596 -69.5368 2.4
    endloop
  endfacet
  facet normal 0 0 1
    outer loop
      vertex 18.9596 -69.5368 2.4
      vertex 3.43054 -64.4894 2.4
      vertex 19.0632 -69.6404 2.4
    endloop
  endfacet
  facet normal -0 0 1
    outer loop
      vertex 1.72472 -64.7596 2.4
      vertex 19.0632 -69.6404 2.4
      vertex 3.43054 -64.4894 2.4
    endloop
  endfacet
  facet normal 0 0 1
    outer loop
      vertex 19.0632 -69.6404 2.4
      vertex 1.72472 -64.7596 2.4
      vertex 19.1771 -69.7326 2.4
    endloop
  endfacet
  facet normal 0 0 1
    outer loop
      vertex 19.1771 -69.7326 2.4
      vertex 1.72472 -64.7596 2.4
      vertex 19.3 -69.8124 2.4
    endloop
  endfacet
  facet normal -0 0 1
    outer loop
      vertex 0 -64.85 2.4
      vertex 19.3 -69.8124 2.4
      vertex 1.72472 -64.7596 2.4
    endloop
  endfacet
  facet normal 0 0 1
    outer loop
      vertex -19.3 -69.8124 2.4
      vertex 19.3 -69.8124 2.4
      vertex 0 -64.85 2.4
    endloop
  endfacet
  facet normal 0 0 1
    outer loop
      vertex -19.3 -69.8124 2.4
      vertex 0 -64.85 2.4
      vertex -1.72472 -64.7596 2.4
    endloop
  endfacet
  facet normal 0 0 1
    outer loop
      vertex -19.0632 -69.6404 2.4
      vertex -1.72472 -64.7596 2.4
      vertex -3.43054 -64.4894 2.4
    endloop
  endfacet
  facet normal 0 0 1
    outer loop
      vertex -18.8674 -69.4229 2.4
      vertex -3.43054 -64.4894 2.4
      vertex -5.09878 -64.0424 2.4
    endloop
  endfacet
  facet normal 0 0 1
    outer loop
      vertex -11.0407 -36.0881 2.4
      vertex -19.0632 -29.1404 2.4
      vertex -12.2619 -37.3093 2.4
    endloop
  endfacet
  facet normal 0 0 1
    outer loop
      vertex -16.5 -48.35 2.4
      vertex -18.6 -68.6 2.4
      vertex -16.4096 -50.0747 2.4
    endloop
  endfacet
  facet normal 0 0 1
    outer loop
      vertex -18.6 -68.6 2.4
      vertex -16.1394 -51.7805 2.4
      vertex -16.4096 -50.0747 2.4
    endloop
  endfacet
  facet normal 0 0 1
    outer loop
      vertex -18.6 -68.6 2.4
      vertex -15.6924 -53.4488 2.4
      vertex -16.1394 -51.7805 2.4
    endloop
  endfacet
  facet normal 0 0 1
    outer loop
      vertex -18.6 -68.6 2.4
      vertex -15.0735 -55.0612 2.4
      vertex -15.6924 -53.4488 2.4
    endloop
  endfacet
  facet normal 0 0 1
    outer loop
      vertex -18.6 -68.6 2.4
      vertex -14.2894 -56.6 2.4
      vertex -15.0735 -55.0612 2.4
    endloop
  endfacet
  facet normal 0 0 1
    outer loop
      vertex -18.6 -68.6 2.4
      vertex -13.3488 -58.0485 2.4
      vertex -14.2894 -56.6 2.4
    endloop
  endfacet
  facet normal 0 0 1
    outer loop
      vertex -18.6 -68.6 2.4
      vertex -12.2619 -59.3907 2.4
      vertex -13.3488 -58.0485 2.4
    endloop
  endfacet
  facet normal 0 0 1
    outer loop
      vertex -18.6 -68.6 2.4
      vertex -11.0407 -60.6119 2.4
      vertex -12.2619 -59.3907 2.4
    endloop
  endfacet
  facet normal 0 0 1
    outer loop
      vertex -18.6 -68.6 2.4
      vertex -9.69846 -61.6988 2.4
      vertex -11.0407 -60.6119 2.4
    endloop
  endfacet
  facet normal 0 0 1
    outer loop
      vertex -18.6 -68.6 2.4
      vertex -8.25 -62.6394 2.4
      vertex -9.69846 -61.6988 2.4
    endloop
  endfacet
  facet normal 0 0 1
    outer loop
      vertex -18.6077 -68.7463 2.4
      vertex -8.25 -62.6394 2.4
      vertex -18.6 -68.6 2.4
    endloop
  endfacet
  facet normal 0 0 1
    outer loop
      vertex -8.25 -62.6394 2.4
      vertex -18.6077 -68.7463 2.4
      vertex -6.71115 -63.4235 2.4
    endloop
  endfacet
  facet normal 0 0 1
    outer loop
      vertex -18.6306 -68.8911 2.4
      vertex -6.71115 -63.4235 2.4
      vertex -18.6077 -68.7463 2.4
    endloop
  endfacet
  facet normal 0 0 1
    outer loop
      vertex -18.6685 -69.0326 2.4
      vertex -6.71115 -63.4235 2.4
      vertex -18.6306 -68.8911 2.4
    endloop
  endfacet
  facet normal 0 0 1
    outer loop
      vertex -18.721 -69.1694 2.4
      vertex -6.71115 -63.4235 2.4
      vertex -18.6685 -69.0326 2.4
    endloop
  endfacet
  facet normal 0 0 1
    outer loop
      vertex -6.71115 -63.4235 2.4
      vertex -18.721 -69.1694 2.4
      vertex -5.09878 -64.0424 2.4
    endloop
  endfacet
  facet normal 0 0 1
    outer loop
      vertex -18.7876 -69.3 2.4
      vertex -5.09878 -64.0424 2.4
      vertex -18.721 -69.1694 2.4
    endloop
  endfacet
  facet normal 0 0 1
    outer loop
      vertex -18.8674 -69.4229 2.4
      vertex -5.09878 -64.0424 2.4
      vertex -18.7876 -69.3 2.4
    endloop
  endfacet
  facet normal 0 0 1
    outer loop
      vertex -3.43054 -64.4894 2.4
      vertex -18.8674 -69.4229 2.4
      vertex -18.9596 -69.5368 2.4
    endloop
  endfacet
  facet normal 0 0 1
    outer loop
      vertex -3.43054 -64.4894 2.4
      vertex -18.9596 -69.5368 2.4
      vertex -19.0632 -69.6404 2.4
    endloop
  endfacet
  facet normal 0 0 1
    outer loop
      vertex -1.72472 -64.7596 2.4
      vertex -19.0632 -69.6404 2.4
      vertex -19.1771 -69.7326 2.4
    endloop
  endfacet
  facet normal 0 0 1
    outer loop
      vertex -1.72472 -64.7596 2.4
      vertex -19.1771 -69.7326 2.4
      vertex -19.3 -69.8124 2.4
    endloop
  endfacet
  facet normal 0 0 1
    outer loop
      vertex 19.3 -69.8124 2.4
      vertex -19.3 -69.8124 2.4
      vertex 25.25 -73.6 2.4
    endloop
  endfacet
  facet normal 0 0 1
    outer loop
      vertex -25.25 -73.6 2.4
      vertex -19.3 -69.8124 2.4
      vertex -19.4306 -69.879 2.4
    endloop
  endfacet
  facet normal 0 0 1
    outer loop
      vertex -25.25 -73.6 2.4
      vertex -19.4306 -69.879 2.4
      vertex -19.5674 -69.9315 2.4
    endloop
  endfacet
  facet normal 0 0 1
    outer loop
      vertex -25.25 -73.6 2.4
      vertex -19.5674 -69.9315 2.4
      vertex -19.7089 -69.9694 2.4
    endloop
  endfacet
  facet normal 0 0 1
    outer loop
      vertex -25.25 -73.6 2.4
      vertex -19.7089 -69.9694 2.4
      vertex -19.8537 -69.9923 2.4
    endloop
  endfacet
  facet normal 0 0 1
    outer loop
      vertex -25.25 -73.6 2.4
      vertex -19.8537 -69.9923 2.4
      vertex -20 -70 2.4
    endloop
  endfacet
  facet normal 0 0 1
    outer loop
      vertex -25.25 -73.6 2.4
      vertex -20 -70 2.4
      vertex -20.1463 -69.9923 2.4
    endloop
  endfacet
  facet normal -0 0 1
    outer loop
      vertex -22 -67.4 2.4
      vertex -21.3315 -68.1674 2.4
      vertex -21.8537 -67.3923 2.4
    endloop
  endfacet
  facet normal 0 0 1
    outer loop
      vertex -21.3315 -68.1674 2.4
      vertex -22 -67.4 2.4
      vertex -21.3694 -68.3089 2.4
    endloop
  endfacet
  facet normal 0 0 1
    outer loop
      vertex -22.1463 -67.3923 2.4
      vertex -21.3694 -68.3089 2.4
      vertex -22 -67.4 2.4
    endloop
  endfacet
  facet normal 0 0 1
    outer loop
      vertex -21.3694 -68.3089 2.4
      vertex -22.1463 -67.3923 2.4
      vertex -21.3923 -68.4537 2.4
    endloop
  endfacet
  facet normal 0 0 1
    outer loop
      vertex -22.2911 -67.3694 2.4
      vertex -21.3923 -68.4537 2.4
      vertex -22.1463 -67.3923 2.4
    endloop
  endfacet
  facet normal 0 0 1
    outer loop
      vertex -21.3923 -68.4537 2.4
      vertex -22.2911 -67.3694 2.4
      vertex -21.4 -68.6 2.4
    endloop
  endfacet
  facet normal 0 0 1
    outer loop
      vertex -22.4326 -67.3315 2.4
      vertex -21.4 -68.6 2.4
      vertex -22.2911 -67.3694 2.4
    endloop
  endfacet
  facet normal 0 0 1
    outer loop
      vertex -21.4 -68.6 2.4
      vertex -22.4326 -67.3315 2.4
      vertex -21.3923 -68.7463 2.4
    endloop
  endfacet
  facet normal 0 0 1
    outer loop
      vertex -22.5694 -67.279 2.4
      vertex -21.3923 -68.7463 2.4
      vertex -22.4326 -67.3315 2.4
    endloop
  endfacet
  facet normal 0 0 1
    outer loop
      vertex -21.3923 -68.7463 2.4
      vertex -22.5694 -67.279 2.4
      vertex -21.3694 -68.8911 2.4
    endloop
  endfacet
  facet normal 0 0 1
    outer loop
      vertex -22.7 -67.2124 2.4
      vertex -21.3694 -68.8911 2.4
      vertex -22.5694 -67.279 2.4
    endloop
  endfacet
  facet normal 0 0 1
    outer loop
      vertex -21.3694 -68.8911 2.4
      vertex -22.7 -67.2124 2.4
      vertex -21.3315 -69.0326 2.4
    endloop
  endfacet
  facet normal 0 0 1
    outer loop
      vertex -25.25 -73.6 2.4
      vertex -21.3315 -69.0326 2.4
      vertex -22.7 -67.2124 2.4
    endloop
  endfacet
  facet normal 0 0 1
    outer loop
      vertex -21.3315 -69.0326 2.4
      vertex -25.25 -73.6 2.4
      vertex -21.279 -69.1694 2.4
    endloop
  endfacet
  facet normal 0 0 1
    outer loop
      vertex -21.279 -69.1694 2.4
      vertex -25.25 -73.6 2.4
      vertex -21.2124 -69.3 2.4
    endloop
  endfacet
  facet normal 0 0 1
    outer loop
      vertex -25.25 -73.6 2.4
      vertex -22.7 -67.2124 2.4
      vertex -22.8229 -67.1326 2.4
    endloop
  endfacet
  facet normal 0 0 1
    outer loop
      vertex -25.25 -73.6 2.4
      vertex -22.8229 -67.1326 2.4
      vertex -22.9368 -67.0404 2.4
    endloop
  endfacet
  facet normal 0 0 1
    outer loop
      vertex -25.25 -73.6 2.4
      vertex -22.9368 -67.0404 2.4
      vertex -23.0404 -66.9368 2.4
    endloop
  endfacet
  facet normal 0 0 1
    outer loop
      vertex -25.25 -73.6 2.4
      vertex -23.0404 -66.9368 2.4
      vertex -23.1326 -66.8229 2.4
    endloop
  endfacet
  facet normal 0 0 1
    outer loop
      vertex -19.3 -69.8124 2.4
      vertex -25.25 -73.6 2.4
      vertex 25.25 -73.6 2.4
    endloop
  endfacet
  facet normal 0 0 1
    outer loop
      vertex -20.2911 -69.9694 2.4
      vertex -25.25 -73.6 2.4
      vertex -20.1463 -69.9923 2.4
    endloop
  endfacet
  facet normal 0 0 1
    outer loop
      vertex -20.4326 -69.9315 2.4
      vertex -25.25 -73.6 2.4
      vertex -20.2911 -69.9694 2.4
    endloop
  endfacet
  facet normal 0 0 1
    outer loop
      vertex -20.5694 -69.879 2.4
      vertex -25.25 -73.6 2.4
      vertex -20.4326 -69.9315 2.4
    endloop
  endfacet
  facet normal 0 0 1
    outer loop
      vertex -20.7 -69.8124 2.4
      vertex -25.25 -73.6 2.4
      vertex -20.5694 -69.879 2.4
    endloop
  endfacet
  facet normal 0 0 1
    outer loop
      vertex -20.8229 -69.7326 2.4
      vertex -25.25 -73.6 2.4
      vertex -20.7 -69.8124 2.4
    endloop
  endfacet
  facet normal 0 0 1
    outer loop
      vertex -20.9368 -69.6404 2.4
      vertex -25.25 -73.6 2.4
      vertex -20.8229 -69.7326 2.4
    endloop
  endfacet
  facet normal 0 0 1
    outer loop
      vertex -21.0404 -69.5368 2.4
      vertex -25.25 -73.6 2.4
      vertex -20.9368 -69.6404 2.4
    endloop
  endfacet
  facet normal 0 0 1
    outer loop
      vertex -21.1326 -69.4229 2.4
      vertex -25.25 -73.6 2.4
      vertex -21.0404 -69.5368 2.4
    endloop
  endfacet
  facet normal 0 0 1
    outer loop
      vertex -21.2124 -69.3 2.4
      vertex -25.25 -73.6 2.4
      vertex -21.1326 -69.4229 2.4
    endloop
  endfacet
  facet normal 0 0 1
    outer loop
      vertex -23.2124 -66.7 2.4
      vertex -25.25 -73.6 2.4
      vertex -23.1326 -66.8229 2.4
    endloop
  endfacet
  facet normal 0 0 1
    outer loop
      vertex -23.279 -66.5694 2.4
      vertex -25.25 -73.6 2.4
      vertex -23.2124 -66.7 2.4
    endloop
  endfacet
  facet normal 0 0 1
    outer loop
      vertex -23.3315 -66.4326 2.4
      vertex -25.25 -73.6 2.4
      vertex -23.279 -66.5694 2.4
    endloop
  endfacet
  facet normal 0 0 1
    outer loop
      vertex -23.3694 -66.2911 2.4
      vertex -25.25 -73.6 2.4
      vertex -23.3315 -66.4326 2.4
    endloop
  endfacet
  facet normal 0 0 1
    outer loop
      vertex -23.3923 -66.1463 2.4
      vertex -25.25 -73.6 2.4
      vertex -23.3694 -66.2911 2.4
    endloop
  endfacet
  facet normal 0 0 1
    outer loop
      vertex -23.4 -66 2.4
      vertex -25.25 -73.6 2.4
      vertex -23.3923 -66.1463 2.4
    endloop
  endfacet
  facet normal 0 0 1
    outer loop
      vertex -23.3923 -65.8537 2.4
      vertex -25.25 -73.6 2.4
      vertex -23.4 -66 2.4
    endloop
  endfacet
  facet normal 0 0 1
    outer loop
      vertex 25 -23.1 2.4
      vertex 21.3923 -28.2463 2.4
      vertex 21.3694 -28.3911 2.4
    endloop
  endfacet
  facet normal 0 0 1
    outer loop
      vertex 25 -23.1 2.4
      vertex 21.3694 -28.3911 2.4
      vertex 21.3315 -28.5326 2.4
    endloop
  endfacet
  facet normal 0 0 1
    outer loop
      vertex 22.8229 -64.8674 2.4
      vertex 16.4096 -50.0747 2.4
      vertex 22.7 -64.7876 2.4
    endloop
  endfacet
  facet normal 0 0 1
    outer loop
      vertex 16.5 -48.35 2.4
      vertex 20.7 -29.3124 2.4
      vertex 20.5694 -29.379 2.4
    endloop
  endfacet
  facet normal -0 0 1
    outer loop
      vertex 16.1394 -51.7805 2.4
      vertex 22.7 -64.7876 2.4
      vertex 16.4096 -50.0747 2.4
    endloop
  endfacet
  facet normal 0 0 1
    outer loop
      vertex 22.7 -64.7876 2.4
      vertex 16.1394 -51.7805 2.4
      vertex 22.5694 -64.721 2.4
    endloop
  endfacet
  facet normal 0 0 1
    outer loop
      vertex 22.5694 -64.721 2.4
      vertex 16.1394 -51.7805 2.4
      vertex 22.4326 -64.6685 2.4
    endloop
  endfacet
  facet normal -0 0 1
    outer loop
      vertex 15.6924 -53.4488 2.4
      vertex 22.4326 -64.6685 2.4
      vertex 16.1394 -51.7805 2.4
    endloop
  endfacet
  facet normal 0 0 1
    outer loop
      vertex 22.4326 -64.6685 2.4
      vertex 15.6924 -53.4488 2.4
      vertex 22.2911 -64.6306 2.4
    endloop
  endfacet
  facet normal 0 0 1
    outer loop
      vertex 22.2911 -64.6306 2.4
      vertex 15.6924 -53.4488 2.4
      vertex 22.1463 -64.6077 2.4
    endloop
  endfacet
  facet normal 0 0 1
    outer loop
      vertex 22.1463 -64.6077 2.4
      vertex 15.6924 -53.4488 2.4
      vertex 22 -64.6 2.4
    endloop
  endfacet
  facet normal -0 0 1
    outer loop
      vertex 15.0735 -55.0612 2.4
      vertex 22 -64.6 2.4
      vertex 15.6924 -53.4488 2.4
    endloop
  endfacet
  facet normal 0 0 1
    outer loop
      vertex 22 -64.6 2.4
      vertex 15.0735 -55.0612 2.4
      vertex 21.8537 -64.6077 2.4
    endloop
  endfacet
  facet normal 0 0 1
    outer loop
      vertex 21.8537 -64.6077 2.4
      vertex 15.0735 -55.0612 2.4
      vertex 21.7089 -64.6306 2.4
    endloop
  endfacet
  facet normal -0 0 1
    outer loop
      vertex 14.2894 -56.6 2.4
      vertex 21.7089 -64.6306 2.4
      vertex 15.0735 -55.0612 2.4
    endloop
  endfacet
  facet normal 0 0 1
    outer loop
      vertex 21.7089 -64.6306 2.4
      vertex 14.2894 -56.6 2.4
      vertex 21.5674 -64.6685 2.4
    endloop
  endfacet
  facet normal 0 0 1
    outer loop
      vertex 21.5674 -64.6685 2.4
      vertex 14.2894 -56.6 2.4
      vertex 21.4306 -64.721 2.4
    endloop
  endfacet
  facet normal 0 0 1
    outer loop
      vertex 21.4306 -64.721 2.4
      vertex 14.2894 -56.6 2.4
      vertex 21.3 -64.7876 2.4
    endloop
  endfacet
  facet normal 0 0 1
    outer loop
      vertex 21.3 -64.7876 2.4
      vertex 14.2894 -56.6 2.4
      vertex 21.1771 -64.8674 2.4
    endloop
  endfacet
  facet normal -0 0 1
    outer loop
      vertex 13.3488 -58.0485 2.4
      vertex 21.1771 -64.8674 2.4
      vertex 14.2894 -56.6 2.4
    endloop
  endfacet
  facet normal 0 0 1
    outer loop
      vertex 21.1771 -64.8674 2.4
      vertex 13.3488 -58.0485 2.4
      vertex 21.0632 -64.9596 2.4
    endloop
  endfacet
  facet normal 0 0 1
    outer loop
      vertex 21.0632 -64.9596 2.4
      vertex 13.3488 -58.0485 2.4
      vertex 20.9596 -65.0632 2.4
    endloop
  endfacet
  facet normal 0 0 -1
    outer loop
      vertex -15 -15.7876 15.4
      vertex -16.2006 -14.587 15.4
      vertex -15 -11 15.4
    endloop
  endfacet
  facet normal 0 0 -1
    outer loop
      vertex 4.49951 5.36231 15.4
      vertex 21.8 0 15.4
      vertex 21.6806 -2.27872 15.4
    endloop
  endfacet
  facet normal 0 0 -1
    outer loop
      vertex 15 -11 15.4
      vertex 21.6806 -2.27872 15.4
      vertex 21.3236 -4.53247 15.4
    endloop
  endfacet
  facet normal 0 0 -1
    outer loop
      vertex 21.8 0 15.4
      vertex 4.49951 5.36231 15.4
      vertex 21.6806 2.27872 15.4
    endloop
  endfacet
  facet normal 0 0 -1
    outer loop
      vertex 15 -11 15.4
      vertex 21.3236 -4.53247 15.4
      vertex 20.733 -6.73657 15.4
    endloop
  endfacet
  facet normal 0 0 -1
    outer loop
      vertex 21.6806 2.27872 15.4
      vertex 4.49951 5.36231 15.4
      vertex 21.3236 4.53247 15.4
    endloop
  endfacet
  facet normal 0 0 -1
    outer loop
      vertex 15 -11 15.4
      vertex 20.733 -6.73657 15.4
      vertex 19.9153 -8.86686 15.4
    endloop
  endfacet
  facet normal -0 0 -1
    outer loop
      vertex 21.6806 -2.27872 15.4
      vertex 15 -11 15.4
      vertex 4.49951 5.36231 15.4
    endloop
  endfacet
  facet normal 0 0 -1
    outer loop
      vertex 15 -11 15.4
      vertex 19.9153 -8.86686 15.4
      vertex 18.8794 -10.9 15.4
    endloop
  endfacet
  facet normal 0 0 -1
    outer loop
      vertex 21.3236 4.53247 15.4
      vertex 4.49951 5.36231 15.4
      vertex 20.733 6.73657 15.4
    endloop
  endfacet
  facet normal 0 0 -1
    outer loop
      vertex 15 -11 15.4
      vertex 18.8794 -10.9 15.4
      vertex 17.6366 -12.8137 15.4
    endloop
  endfacet
  facet normal -0 0 -1
    outer loop
      vertex 20.733 6.73657 15.4
      vertex 4.49951 5.36231 15.4
      vertex 19.9153 8.86686 15.4
    endloop
  endfacet
  facet normal 0 0 -1
    outer loop
      vertex 15 -11 15.4
      vertex 17.6366 -12.8137 15.4
      vertex 16.2006 -14.587 15.4
    endloop
  endfacet
  facet normal -0 0 -1
    outer loop
      vertex 19.9153 8.86686 15.4
      vertex 4.49951 5.36231 15.4
      vertex 18.8794 10.9 15.4
    endloop
  endfacet
  facet normal 0 0 -1
    outer loop
      vertex 15 -11 15.4
      vertex 16.2006 -14.587 15.4
      vertex 15 -15.7876 15.4
    endloop
  endfacet
  facet normal -0 0 -1
    outer loop
      vertex 18.8794 10.9 15.4
      vertex 4.49951 5.36231 15.4
      vertex 17.6366 12.8137 15.4
    endloop
  endfacet
  facet normal -0 0 -1
    outer loop
      vertex 17.6366 12.8137 15.4
      vertex 4.49951 5.36231 15.4
      vertex 16.2006 14.587 15.4
    endloop
  endfacet
  facet normal 0 -0 -1
    outer loop
      vertex 13.8199 16.47 15.4
      vertex 16.2006 14.587 15.4
      vertex 4.49951 5.36231 15.4
    endloop
  endfacet
  facet normal 0 0 -1
    outer loop
      vertex 16.2006 14.587 15.4
      vertex 13.8199 16.47 15.4
      vertex 14.587 16.2006 15.4
    endloop
  endfacet
  facet normal 0 0 -1
    outer loop
      vertex 1.36941 -0.291076 15.4
      vertex 4.49951 5.36231 15.4
      vertex 15 -11 15.4
    endloop
  endfacet
  facet normal 0 -0 -1
    outer loop
      vertex 1.4 0 15.4
      vertex 4.49951 5.36231 15.4
      vertex 1.39233 -0.146339 15.4
    endloop
  endfacet
  facet normal 0 0 -1
    outer loop
      vertex 1.36941 0.291076 15.4
      vertex 4.49951 5.36231 15.4
      vertex 1.39233 0.146339 15.4
    endloop
  endfacet
  facet normal 0 0 -1
    outer loop
      vertex 1.27896 0.56943 15.4
      vertex 4.49951 5.36231 15.4
      vertex 1.33148 0.432623 15.4
    endloop
  endfacet
  facet normal 0 0 -1
    outer loop
      vertex 1.33148 0.432623 15.4
      vertex 4.49951 5.36231 15.4
      vertex 1.36941 0.291076 15.4
    endloop
  endfacet
  facet normal 0 0 -1
    outer loop
      vertex 1.39233 0.146339 15.4
      vertex 4.49951 5.36231 15.4
      vertex 1.4 0 15.4
    endloop
  endfacet
  facet normal 0 0 -1
    outer loop
      vertex 4.49951 5.36231 15.4
      vertex 1.36941 -0.291076 15.4
      vertex 1.39233 -0.146339 15.4
    endloop
  endfacet
  facet normal 0 0 -1
    outer loop
      vertex 15 -11 15.4
      vertex 1.33148 -0.432623 15.4
      vertex 1.36941 -0.291076 15.4
    endloop
  endfacet
  facet normal 0 0 -1
    outer loop
      vertex 15 -11 15.4
      vertex 1.27896 -0.56943 15.4
      vertex 1.33148 -0.432623 15.4
    endloop
  endfacet
  facet normal 0 0 -1
    outer loop
      vertex 15 -11 15.4
      vertex 1.21243 -0.7 15.4
      vertex 1.27896 -0.56943 15.4
    endloop
  endfacet
  facet normal 0 0 -1
    outer loop
      vertex 15 -11 15.4
      vertex 1.13262 -0.822899 15.4
      vertex 1.21243 -0.7 15.4
    endloop
  endfacet
  facet normal 0 0 -1
    outer loop
      vertex 15 -11 15.4
      vertex 1.0404 -0.936783 15.4
      vertex 1.13262 -0.822899 15.4
    endloop
  endfacet
  facet normal 0 0 -1
    outer loop
      vertex 15 -11 15.4
      vertex 0.936783 -1.0404 15.4
      vertex 1.0404 -0.936783 15.4
    endloop
  endfacet
  facet normal 0 0 -1
    outer loop
      vertex 15 -11 15.4
      vertex 0.822899 -1.13262 15.4
      vertex 0.936783 -1.0404 15.4
    endloop
  endfacet
  facet normal 0 0 -1
    outer loop
      vertex 15 -11 15.4
      vertex 0.7 -1.21243 15.4
      vertex 0.822899 -1.13262 15.4
    endloop
  endfacet
  facet normal 0 0 -1
    outer loop
      vertex 15 -11 15.4
      vertex 0.56943 -1.27896 15.4
      vertex 0.7 -1.21243 15.4
    endloop
  endfacet
  facet normal 0 0 -1
    outer loop
      vertex 15 -11 15.4
      vertex 0.432623 -1.33148 15.4
      vertex 0.56943 -1.27896 15.4
    endloop
  endfacet
  facet normal 0 0 -1
    outer loop
      vertex 15 -11 15.4
      vertex 0.291076 -1.36941 15.4
      vertex 0.432623 -1.33148 15.4
    endloop
  endfacet
  facet normal 0 0 -1
    outer loop
      vertex 15 -11 15.4
      vertex 0.146339 -1.39233 15.4
      vertex 0.291076 -1.36941 15.4
    endloop
  endfacet
  facet normal 0 0 -1
    outer loop
      vertex 15 -11 15.4
      vertex 0 -1.4 15.4
      vertex 0.146339 -1.39233 15.4
    endloop
  endfacet
  facet normal 0 0 -1
    outer loop
      vertex -15 -11 15.4
      vertex 0 -1.4 15.4
      vertex 15 -11 15.4
    endloop
  endfacet
  facet normal -0 0 -1
    outer loop
      vertex 0 -1.4 15.4
      vertex -15 -11 15.4
      vertex -0.146339 -1.39233 15.4
    endloop
  endfacet
  facet normal -0 0 -1
    outer loop
      vertex -0.146339 -1.39233 15.4
      vertex -15 -11 15.4
      vertex -0.291076 -1.36941 15.4
    endloop
  endfacet
  facet normal -0 0 -1
    outer loop
      vertex -0.291076 -1.36941 15.4
      vertex -15 -11 15.4
      vertex -0.432623 -1.33148 15.4
    endloop
  endfacet
  facet normal -0 0 -1
    outer loop
      vertex -0.432623 -1.33148 15.4
      vertex -15 -11 15.4
      vertex -0.56943 -1.27896 15.4
    endloop
  endfacet
  facet normal 0 0 -1
    outer loop
      vertex -4.49951 5.36231 15.4
      vertex -1.4 0 15.4
      vertex -1.39233 -0.146339 15.4
    endloop
  endfacet
  facet normal 0 0 -1
    outer loop
      vertex -1.4 0 15.4
      vertex -2.56988 6.5112 15.4
      vertex -1.85708 6.74917 15.4
    endloop
  endfacet
  facet normal 0 0 -1
    outer loop
      vertex -4.49951 5.36231 15.4
      vertex -1.39233 -0.146339 15.4
      vertex -1.36941 -0.291076 15.4
    endloop
  endfacet
  facet normal 0 0 -1
    outer loop
      vertex -1.4 0 15.4
      vertex -3.25306 6.19819 15.4
      vertex -2.56988 6.5112 15.4
    endloop
  endfacet
  facet normal 0 0 -1
    outer loop
      vertex -15 -11 15.4
      vertex -1.36941 -0.291076 15.4
      vertex -1.33148 -0.432623 15.4
    endloop
  endfacet
  facet normal 0 0 -1
    outer loop
      vertex -1.4 0 15.4
      vertex -3.89875 5.81375 15.4
      vertex -3.25306 6.19819 15.4
    endloop
  endfacet
  facet normal 0 0 -1
    outer loop
      vertex -15 -11 15.4
      vertex -1.33148 -0.432623 15.4
      vertex -1.27896 -0.56943 15.4
    endloop
  endfacet
  facet normal 0 0 -1
    outer loop
      vertex -1.4 0 15.4
      vertex -4.49951 5.36231 15.4
      vertex -3.89875 5.81375 15.4
    endloop
  endfacet
  facet normal 0 0 -1
    outer loop
      vertex -15 -11 15.4
      vertex -1.27896 -0.56943 15.4
      vertex -1.21243 -0.7 15.4
    endloop
  endfacet
  facet normal -0 0 -1
    outer loop
      vertex -1.36941 -0.291076 15.4
      vertex -15 -11 15.4
      vertex -4.49951 5.36231 15.4
    endloop
  endfacet
  facet normal 0 0 -1
    outer loop
      vertex -15 -11 15.4
      vertex -1.21243 -0.7 15.4
      vertex -1.13262 -0.822899 15.4
    endloop
  endfacet
  facet normal 0 0 -1
    outer loop
      vertex -4.49951 5.36231 15.4
      vertex -16.2006 14.587 15.4
      vertex -13.8199 16.47 15.4
    endloop
  endfacet
  facet normal -0 0 -1
    outer loop
      vertex -0.56943 -1.27896 15.4
      vertex -15 -11 15.4
      vertex -0.7 -1.21243 15.4
    endloop
  endfacet
  facet normal 0 0 -1
    outer loop
      vertex -15 -11 15.4
      vertex -0.822899 -1.13262 15.4
      vertex -0.7 -1.21243 15.4
    endloop
  endfacet
  facet normal 0 0 -1
    outer loop
      vertex -15 -11 15.4
      vertex -0.936783 -1.0404 15.4
      vertex -0.822899 -1.13262 15.4
    endloop
  endfacet
  facet normal 0 0 -1
    outer loop
      vertex -15 -11 15.4
      vertex -1.0404 -0.936783 15.4
      vertex -0.936783 -1.0404 15.4
    endloop
  endfacet
  facet normal 0 0 -1
    outer loop
      vertex -15 -11 15.4
      vertex -1.13262 -0.822899 15.4
      vertex -1.0404 -0.936783 15.4
    endloop
  endfacet
  facet normal 0 0 -1
    outer loop
      vertex -4.49951 5.36231 15.4
      vertex -15 -11 15.4
      vertex -21.6806 -2.27872 15.4
    endloop
  endfacet
  facet normal 0 0 -1
    outer loop
      vertex -17.6366 -12.8137 15.4
      vertex -15 -11 15.4
      vertex -16.2006 -14.587 15.4
    endloop
  endfacet
  facet normal 0 0 -1
    outer loop
      vertex -13.8199 16.47 15.4
      vertex -16.2006 14.587 15.4
      vertex -14.587 16.2006 15.4
    endloop
  endfacet
  facet normal 0 0 -1
    outer loop
      vertex -18.8794 -10.9 15.4
      vertex -15 -11 15.4
      vertex -17.6366 -12.8137 15.4
    endloop
  endfacet
  facet normal 0 0 -1
    outer loop
      vertex -4.49951 5.36231 15.4
      vertex -17.6366 12.8137 15.4
      vertex -16.2006 14.587 15.4
    endloop
  endfacet
  facet normal 0 0 -1
    outer loop
      vertex -19.9153 -8.86686 15.4
      vertex -15 -11 15.4
      vertex -18.8794 -10.9 15.4
    endloop
  endfacet
  facet normal 0 0 -1
    outer loop
      vertex -4.49951 5.36231 15.4
      vertex -18.8794 10.9 15.4
      vertex -17.6366 12.8137 15.4
    endloop
  endfacet
  facet normal 0 0 -1
    outer loop
      vertex -20.733 -6.73657 15.4
      vertex -15 -11 15.4
      vertex -19.9153 -8.86686 15.4
    endloop
  endfacet
  facet normal 0 0 -1
    outer loop
      vertex -4.49951 5.36231 15.4
      vertex -19.9153 8.86686 15.4
      vertex -18.8794 10.9 15.4
    endloop
  endfacet
  facet normal 0 0 -1
    outer loop
      vertex -21.3236 -4.53247 15.4
      vertex -15 -11 15.4
      vertex -20.733 -6.73657 15.4
    endloop
  endfacet
  facet normal 0 0 -1
    outer loop
      vertex -4.49951 5.36231 15.4
      vertex -20.733 6.73657 15.4
      vertex -19.9153 8.86686 15.4
    endloop
  endfacet
  facet normal 0 0 -1
    outer loop
      vertex -21.6806 -2.27872 15.4
      vertex -15 -11 15.4
      vertex -21.3236 -4.53247 15.4
    endloop
  endfacet
  facet normal -0 0 -1
    outer loop
      vertex -4.49951 5.36231 15.4
      vertex -21.3236 4.53247 15.4
      vertex -20.733 6.73657 15.4
    endloop
  endfacet
  facet normal 0 0 -1
    outer loop
      vertex -4.49951 5.36231 15.4
      vertex -21.6806 -2.27872 15.4
      vertex -21.8 0 15.4
    endloop
  endfacet
  facet normal 0 0 -1
    outer loop
      vertex -4.49951 5.36231 15.4
      vertex -21.6806 2.27872 15.4
      vertex -21.3236 4.53247 15.4
    endloop
  endfacet
  facet normal 0 0 -1
    outer loop
      vertex -4.49951 5.36231 15.4
      vertex -21.8 0 15.4
      vertex -21.6806 2.27872 15.4
    endloop
  endfacet
  facet normal 0 0 -1
    outer loop
      vertex 13.8199 16.47 15.4
      vertex 12.8137 17.6366 15.4
      vertex 14.587 16.2006 15.4
    endloop
  endfacet
  facet normal 0 0 -1
    outer loop
      vertex 11.9747 17.8565 15.4
      vertex 12.8137 17.6366 15.4
      vertex 13.8199 16.47 15.4
    endloop
  endfacet
  facet normal 0 0 -1
    outer loop
      vertex 11.9747 17.8565 15.4
      vertex 10.9 18.8794 15.4
      vertex 12.8137 17.6366 15.4
    endloop
  endfacet
  facet normal 0 0 -1
    outer loop
      vertex 9.99155 19.0373 15.4
      vertex 10.9 18.8794 15.4
      vertex 11.9747 17.8565 15.4
    endloop
  endfacet
  facet normal 0 0 -1
    outer loop
      vertex 9.99155 19.0373 15.4
      vertex 8.86686 19.9153 15.4
      vertex 10.9 18.8794 15.4
    endloop
  endfacet
  facet normal 0 0 -1
    outer loop
      vertex 7.8932 19.9987 15.4
      vertex 8.86686 19.9153 15.4
      vertex 9.99155 19.0373 15.4
    endloop
  endfacet
  facet normal 0 0 -1
    outer loop
      vertex 7.8932 19.9987 15.4
      vertex 6.73657 20.733 15.4
      vertex 8.86686 19.9153 15.4
    endloop
  endfacet
  facet normal 0 0 -1
    outer loop
      vertex 5.70389 20.7296 15.4
      vertex 6.73657 20.733 15.4
      vertex 7.8932 19.9987 15.4
    endloop
  endfacet
  facet normal 0 0 -1
    outer loop
      vertex 5.70389 20.7296 15.4
      vertex 4.53247 21.3236 15.4
      vertex 6.73657 20.733 15.4
    endloop
  endfacet
  facet normal 0 0 -1
    outer loop
      vertex 3.44884 21.2216 15.4
      vertex 4.53247 21.3236 15.4
      vertex 5.70389 20.7296 15.4
    endloop
  endfacet
  facet normal 0 0 -1
    outer loop
      vertex 3.44884 21.2216 15.4
      vertex 2.27872 21.6806 15.4
      vertex 4.53247 21.3236 15.4
    endloop
  endfacet
  facet normal 0 0 -1
    outer loop
      vertex 1.15405 21.469 15.4
      vertex 2.27872 21.6806 15.4
      vertex 3.44884 21.2216 15.4
    endloop
  endfacet
  facet normal 0 0 -1
    outer loop
      vertex 1.15405 21.469 15.4
      vertex 0 21.8 15.4
      vertex 2.27872 21.6806 15.4
    endloop
  endfacet
  facet normal 0 0 -1
    outer loop
      vertex -1.15405 21.469 15.4
      vertex 0 21.8 15.4
      vertex 1.15405 21.469 15.4
    endloop
  endfacet
  facet normal 0 0 -1
    outer loop
      vertex -1.15405 21.469 15.4
      vertex -2.27872 21.6806 15.4
      vertex 0 21.8 15.4
    endloop
  endfacet
  facet normal 0 0 -1
    outer loop
      vertex -3.44884 21.2216 15.4
      vertex -2.27872 21.6806 15.4
      vertex -1.15405 21.469 15.4
    endloop
  endfacet
  facet normal 0 0 -1
    outer loop
      vertex -3.44884 21.2216 15.4
      vertex -4.53247 21.3236 15.4
      vertex -2.27872 21.6806 15.4
    endloop
  endfacet
  facet normal 0 0 -1
    outer loop
      vertex -5.70389 20.7296 15.4
      vertex -4.53247 21.3236 15.4
      vertex -3.44884 21.2216 15.4
    endloop
  endfacet
  facet normal 0 0 -1
    outer loop
      vertex -5.70389 20.7296 15.4
      vertex -6.73657 20.733 15.4
      vertex -4.53247 21.3236 15.4
    endloop
  endfacet
  facet normal 0 0 -1
    outer loop
      vertex -7.8932 19.9987 15.4
      vertex -6.73657 20.733 15.4
      vertex -5.70389 20.7296 15.4
    endloop
  endfacet
  facet normal -0 0 -1
    outer loop
      vertex -7.8932 19.9987 15.4
      vertex -8.86686 19.9153 15.4
      vertex -6.73657 20.733 15.4
    endloop
  endfacet
  facet normal 0 0 -1
    outer loop
      vertex -9.99155 19.0373 15.4
      vertex -8.86686 19.9153 15.4
      vertex -7.8932 19.9987 15.4
    endloop
  endfacet
  facet normal -0 0 -1
    outer loop
      vertex -9.99155 19.0373 15.4
      vertex -10.9 18.8794 15.4
      vertex -8.86686 19.9153 15.4
    endloop
  endfacet
  facet normal 0 0 -1
    outer loop
      vertex -11.9747 17.8565 15.4
      vertex -10.9 18.8794 15.4
      vertex -9.99155 19.0373 15.4
    endloop
  endfacet
  facet normal -0 0 -1
    outer loop
      vertex -11.9747 17.8565 15.4
      vertex -12.8137 17.6366 15.4
      vertex -10.9 18.8794 15.4
    endloop
  endfacet
  facet normal 0 0 -1
    outer loop
      vertex -13.8199 16.47 15.4
      vertex -12.8137 17.6366 15.4
      vertex -11.9747 17.8565 15.4
    endloop
  endfacet
  facet normal 0 0 -1
    outer loop
      vertex -12.8137 17.6366 15.4
      vertex -13.8199 16.47 15.4
      vertex -14.587 16.2006 15.4
    endloop
  endfacet
  facet normal 0 0 -1
    outer loop
      vertex 1.21243 0.7 15.4
      vertex 4.49951 5.36231 15.4
      vertex 1.27896 0.56943 15.4
    endloop
  endfacet
  facet normal 0 0 -1
    outer loop
      vertex 1.13262 0.822899 15.4
      vertex 4.49951 5.36231 15.4
      vertex 1.21243 0.7 15.4
    endloop
  endfacet
  facet normal 0 0 -1
    outer loop
      vertex 1.0404 0.936783 15.4
      vertex 4.49951 5.36231 15.4
      vertex 1.13262 0.822899 15.4
    endloop
  endfacet
  facet normal 0 0 -1
    outer loop
      vertex 0.936783 1.0404 15.4
      vertex 4.49951 5.36231 15.4
      vertex 1.0404 0.936783 15.4
    endloop
  endfacet
  facet normal 0 0 -1
    outer loop
      vertex 0.822899 1.13262 15.4
      vertex 4.49951 5.36231 15.4
      vertex 0.936783 1.0404 15.4
    endloop
  endfacet
  facet normal -0 0 -1
    outer loop
      vertex 4.49951 5.36231 15.4
      vertex 0.822899 1.13262 15.4
      vertex 3.89875 5.81375 15.4
    endloop
  endfacet
  facet normal 0 0 -1
    outer loop
      vertex 0.7 1.21243 15.4
      vertex 3.89875 5.81375 15.4
      vertex 0.822899 1.13262 15.4
    endloop
  endfacet
  facet normal -0 0 -1
    outer loop
      vertex 3.89875 5.81375 15.4
      vertex 0.7 1.21243 15.4
      vertex 3.25306 6.19819 15.4
    endloop
  endfacet
  facet normal 0 0 -1
    outer loop
      vertex 0.56943 1.27896 15.4
      vertex 3.25306 6.19819 15.4
      vertex 0.7 1.21243 15.4
    endloop
  endfacet
  facet normal -0 0 -1
    outer loop
      vertex 3.25306 6.19819 15.4
      vertex 0.56943 1.27896 15.4
      vertex 2.56988 6.5112 15.4
    endloop
  endfacet
  facet normal 0 0 -1
    outer loop
      vertex 0.432623 1.33148 15.4
      vertex 2.56988 6.5112 15.4
      vertex 0.56943 1.27896 15.4
    endloop
  endfacet
  facet normal -0 0 -1
    outer loop
      vertex 2.56988 6.5112 15.4
      vertex 0.432623 1.33148 15.4
      vertex 1.85708 6.74917 15.4
    endloop
  endfacet
  facet normal 0 0 -1
    outer loop
      vertex 0.291076 1.36941 15.4
      vertex 1.85708 6.74917 15.4
      vertex 0.432623 1.33148 15.4
    endloop
  endfacet
  facet normal -0 0 -1
    outer loop
      vertex 1.85708 6.74917 15.4
      vertex 0.291076 1.36941 15.4
      vertex 1.12288 6.90935 15.4
    endloop
  endfacet
  facet normal 0 0 -1
    outer loop
      vertex 0.146339 1.39233 15.4
      vertex 1.12288 6.90935 15.4
      vertex 0.291076 1.36941 15.4
    endloop
  endfacet
  facet normal -0 0 -1
    outer loop
      vertex 1.12288 6.90935 15.4
      vertex 0.146339 1.39233 15.4
      vertex 0.375736 6.98991 15.4
    endloop
  endfacet
  facet normal 0 0 -1
    outer loop
      vertex 0 1.4 15.4
      vertex 0.375736 6.98991 15.4
      vertex 0.146339 1.39233 15.4
    endloop
  endfacet
  facet normal 0 0 -1
    outer loop
      vertex -0.375736 6.98991 15.4
      vertex 0 1.4 15.4
      vertex -0.146339 1.39233 15.4
    endloop
  endfacet
  facet normal 0 0 -1
    outer loop
      vertex -1.12288 6.90935 15.4
      vertex -0.146339 1.39233 15.4
      vertex -0.291076 1.36941 15.4
    endloop
  endfacet
  facet normal 0 0 -1
    outer loop
      vertex 0 1.4 15.4
      vertex -0.375736 6.98991 15.4
      vertex 0.375736 6.98991 15.4
    endloop
  endfacet
  facet normal 0 0 -1
    outer loop
      vertex -1.85708 6.74917 15.4
      vertex -0.291076 1.36941 15.4
      vertex -0.432623 1.33148 15.4
    endloop
  endfacet
  facet normal 0 0 -1
    outer loop
      vertex -1.85708 6.74917 15.4
      vertex -0.432623 1.33148 15.4
      vertex -0.56943 1.27896 15.4
    endloop
  endfacet
  facet normal 0 0 -1
    outer loop
      vertex -1.85708 6.74917 15.4
      vertex -0.56943 1.27896 15.4
      vertex -0.7 1.21243 15.4
    endloop
  endfacet
  facet normal 0 0 -1
    outer loop
      vertex -1.85708 6.74917 15.4
      vertex -0.7 1.21243 15.4
      vertex -0.822899 1.13262 15.4
    endloop
  endfacet
  facet normal 0 0 -1
    outer loop
      vertex -1.85708 6.74917 15.4
      vertex -0.822899 1.13262 15.4
      vertex -0.936783 1.0404 15.4
    endloop
  endfacet
  facet normal 0 0 -1
    outer loop
      vertex -1.85708 6.74917 15.4
      vertex -0.936783 1.0404 15.4
      vertex -1.0404 0.936783 15.4
    endloop
  endfacet
  facet normal 0 0 -1
    outer loop
      vertex -0.146339 1.39233 15.4
      vertex -1.12288 6.90935 15.4
      vertex -0.375736 6.98991 15.4
    endloop
  endfacet
  facet normal 0 0 -1
    outer loop
      vertex -1.85708 6.74917 15.4
      vertex -1.0404 0.936783 15.4
      vertex -1.13262 0.822899 15.4
    endloop
  endfacet
  facet normal 0 0 -1
    outer loop
      vertex -1.85708 6.74917 15.4
      vertex -1.13262 0.822899 15.4
      vertex -1.21243 0.7 15.4
    endloop
  endfacet
  facet normal 0 0 -1
    outer loop
      vertex -1.85708 6.74917 15.4
      vertex -1.21243 0.7 15.4
      vertex -1.27896 0.56943 15.4
    endloop
  endfacet
  facet normal 0 0 -1
    outer loop
      vertex -1.85708 6.74917 15.4
      vertex -1.27896 0.56943 15.4
      vertex -1.33148 0.432623 15.4
    endloop
  endfacet
  facet normal 0 0 -1
    outer loop
      vertex -1.85708 6.74917 15.4
      vertex -1.33148 0.432623 15.4
      vertex -1.36941 0.291076 15.4
    endloop
  endfacet
  facet normal 0 0 -1
    outer loop
      vertex -1.85708 6.74917 15.4
      vertex -1.36941 0.291076 15.4
      vertex -1.39233 0.146339 15.4
    endloop
  endfacet
  facet normal 0 0 -1
    outer loop
      vertex -1.85708 6.74917 15.4
      vertex -1.39233 0.146339 15.4
      vertex -1.4 0 15.4
    endloop
  endfacet
  facet normal 0 0 -1
    outer loop
      vertex -0.291076 1.36941 15.4
      vertex -1.85708 6.74917 15.4
      vertex -1.12288 6.90935 15.4
    endloop
  endfacet
  facet normal 0.891013 -0.453978 0
    outer loop
      vertex -19.9153 8.86686 15.4
      vertex -18.8794 10.9 2.4
      vertex -18.8794 10.9 15.4
    endloop
  endfacet
  facet normal 0.891013 -0.453978 0
    outer loop
      vertex -18.8794 10.9 2.4
      vertex -19.9153 8.86686 15.4
      vertex -19.9153 8.86686 2.4
    endloop
  endfacet
  facet normal -0.777144 0.629323 0
    outer loop
      vertex 16.2006 -14.587 2.4
      vertex 17.6366 -12.8137 15.4
      vertex 17.6366 -12.8137 2.4
    endloop
  endfacet
  facet normal -0.777144 0.629323 0
    outer loop
      vertex 17.6366 -12.8137 15.4
      vertex 16.2006 -14.587 2.4
      vertex 16.2006 -14.587 15.4
    endloop
  endfacet
  facet normal 0.99863 -0.0523261 0
    outer loop
      vertex -21.8 0 15.4
      vertex -21.6806 2.27872 2.4
      vertex -21.6806 2.27872 15.4
    endloop
  endfacet
  facet normal 0.99863 -0.0523261 0
    outer loop
      vertex -21.6806 2.27872 2.4
      vertex -21.8 0 15.4
      vertex -21.8 0 2.4
    endloop
  endfacet
  facet normal -1 0 0
    outer loop
      vertex 25.25 -73.6 2.4
      vertex 25.25 -23.1 18.9
      vertex 25.25 -23.1 2.4
    endloop
  endfacet
  facet normal -1 -0 0
    outer loop
      vertex 25.25 -23.1 18.9
      vertex 25.25 -73.6 2.4
      vertex 25.25 -73.6 18.9
    endloop
  endfacet
  facet normal 0 0 -1
    outer loop
      vertex 25.25 -73.6 18.9
      vertex 25 -50 18.9
      vertex 25.25 -23.1 18.9
    endloop
  endfacet
  facet normal 0 0 -1
    outer loop
      vertex 23.3923 -65.8537 18.9
      vertex 25.25 -73.6 18.9
      vertex 23.4 -66 18.9
    endloop
  endfacet
  facet normal 0 0 -1
    outer loop
      vertex 25.25 -73.6 18.9
      vertex 23.3923 -66.1463 18.9
      vertex 23.4 -66 18.9
    endloop
  endfacet
  facet normal 0 0 -1
    outer loop
      vertex 25.25 -73.6 18.9
      vertex 23.3694 -66.2911 18.9
      vertex 23.3923 -66.1463 18.9
    endloop
  endfacet
  facet normal 0 0 -1
    outer loop
      vertex 25.25 -73.6 18.9
      vertex 23.3315 -66.4326 18.9
      vertex 23.3694 -66.2911 18.9
    endloop
  endfacet
  facet normal 0 0 -1
    outer loop
      vertex 25.25 -73.6 18.9
      vertex 23.279 -66.5694 18.9
      vertex 23.3315 -66.4326 18.9
    endloop
  endfacet
  facet normal 0 0 -1
    outer loop
      vertex 25.25 -73.6 18.9
      vertex 23.2124 -66.7 18.9
      vertex 23.279 -66.5694 18.9
    endloop
  endfacet
  facet normal 0 0 -1
    outer loop
      vertex 25.25 -73.6 18.9
      vertex 23.1326 -66.8229 18.9
      vertex 23.2124 -66.7 18.9
    endloop
  endfacet
  facet normal 0 0 -1
    outer loop
      vertex 25.25 -73.6 18.9
      vertex 23.0404 -66.9368 18.9
      vertex 23.1326 -66.8229 18.9
    endloop
  endfacet
  facet normal 0 0 -1
    outer loop
      vertex 25.25 -73.6 18.9
      vertex 22.9368 -67.0404 18.9
      vertex 23.0404 -66.9368 18.9
    endloop
  endfacet
  facet normal 0 0 -1
    outer loop
      vertex 25.25 -73.6 18.9
      vertex 22.8229 -67.1326 18.9
      vertex 22.9368 -67.0404 18.9
    endloop
  endfacet
  facet normal 0 0 -1
    outer loop
      vertex 25.25 -73.6 18.9
      vertex 22.7 -67.2124 18.9
      vertex 22.8229 -67.1326 18.9
    endloop
  endfacet
  facet normal 0 0 -1
    outer loop
      vertex 25.25 -73.6 18.9
      vertex 22.5694 -67.279 18.9
      vertex 22.7 -67.2124 18.9
    endloop
  endfacet
  facet normal 0 0 -1
    outer loop
      vertex 25.25 -73.6 18.9
      vertex 22.4326 -67.3315 18.9
      vertex 22.5694 -67.279 18.9
    endloop
  endfacet
  facet normal 0 0 -1
    outer loop
      vertex 25.25 -73.6 18.9
      vertex 22.2911 -67.3694 18.9
      vertex 22.4326 -67.3315 18.9
    endloop
  endfacet
  facet normal 0 0 -1
    outer loop
      vertex 25.25 -73.6 18.9
      vertex 22.1463 -67.3923 18.9
      vertex 22.2911 -67.3694 18.9
    endloop
  endfacet
  facet normal 0 0 -1
    outer loop
      vertex 25.25 -73.6 18.9
      vertex 22 -67.4 18.9
      vertex 22.1463 -67.3923 18.9
    endloop
  endfacet
  facet normal 0 0 -1
    outer loop
      vertex 25.25 -73.6 18.9
      vertex 21.8537 -67.3923 18.9
      vertex 22 -67.4 18.9
    endloop
  endfacet
  facet normal 0 0 -1
    outer loop
      vertex 25.25 -73.6 18.9
      vertex 21.7089 -67.3694 18.9
      vertex 21.8537 -67.3923 18.9
    endloop
  endfacet
  facet normal 0 0 -1
    outer loop
      vertex 25.25 -73.6 18.9
      vertex 21.5674 -67.3315 18.9
      vertex 21.7089 -67.3694 18.9
    endloop
  endfacet
  facet normal 0 0 -1
    outer loop
      vertex 25.25 -73.6 18.9
      vertex 21.4306 -67.279 18.9
      vertex 21.5674 -67.3315 18.9
    endloop
  endfacet
  facet normal 0 0 -1
    outer loop
      vertex 25.25 -73.6 18.9
      vertex 21.3 -67.2124 18.9
      vertex 21.4306 -67.279 18.9
    endloop
  endfacet
  facet normal 0 0 -1
    outer loop
      vertex 25.25 -73.6 18.9
      vertex 21.1771 -67.1326 18.9
      vertex 21.3 -67.2124 18.9
    endloop
  endfacet
  facet normal 0 0 -1
    outer loop
      vertex 25.25 -73.6 18.9
      vertex 21.0632 -67.0404 18.9
      vertex 21.1771 -67.1326 18.9
    endloop
  endfacet
  facet normal 0 0 -1
    outer loop
      vertex 25.25 -73.6 18.9
      vertex 20.9596 -66.9368 18.9
      vertex 21.0632 -67.0404 18.9
    endloop
  endfacet
  facet normal 0 0 -1
    outer loop
      vertex -20.9596 -66.9368 18.9
      vertex 20.9596 -66.9368 18.9
      vertex 25.25 -73.6 18.9
    endloop
  endfacet
  facet normal 0 0 -1
    outer loop
      vertex 20.9596 -66.9368 18.9
      vertex -20.9596 -66.9368 18.9
      vertex 20.8674 -66.8229 18.9
    endloop
  endfacet
  facet normal 0 0 -1
    outer loop
      vertex -20.6 -66 18.9
      vertex 20.6 -66 18.9
      vertex 20.6077 -66.1463 18.9
    endloop
  endfacet
  facet normal 0 0 -1
    outer loop
      vertex -20.6077 -66.1463 18.9
      vertex 20.6077 -66.1463 18.9
      vertex 20.6306 -66.2911 18.9
    endloop
  endfacet
  facet normal 0 0 -1
    outer loop
      vertex -20.6306 -66.2911 18.9
      vertex 20.6306 -66.2911 18.9
      vertex 20.6685 -66.4326 18.9
    endloop
  endfacet
  facet normal 0 0 -1
    outer loop
      vertex 20.6 -66 18.9
      vertex 7.66362 -23.5862 18.9
      vertex 8.93022 -23.1 18.9
    endloop
  endfacet
  facet normal 0 0 -1
    outer loop
      vertex 20.6 -66 18.9
      vertex 5.15621 -24.2581 18.9
      vertex 7.66362 -23.5862 18.9
    endloop
  endfacet
  facet normal 0 0 -1
    outer loop
      vertex 20.6 -66 18.9
      vertex 2.59231 -24.6641 18.9
      vertex 5.15621 -24.2581 18.9
    endloop
  endfacet
  facet normal 0 0 -1
    outer loop
      vertex -20.6685 -66.4326 18.9
      vertex 20.6685 -66.4326 18.9
      vertex 20.721 -66.5694 18.9
    endloop
  endfacet
  facet normal 0 0 -1
    outer loop
      vertex 20.6 -66 18.9
      vertex 0 -24.8 18.9
      vertex 2.59231 -24.6641 18.9
    endloop
  endfacet
  facet normal 0 0 -1
    outer loop
      vertex 20.6 -66 18.9
      vertex -20.8674 -65.1771 18.9
      vertex 0 -24.8 18.9
    endloop
  endfacet
  facet normal 0 0 -1
    outer loop
      vertex -20.721 -66.5694 18.9
      vertex 20.721 -66.5694 18.9
      vertex 20.7876 -66.7 18.9
    endloop
  endfacet
  facet normal 0 0 -1
    outer loop
      vertex -20.9596 -65.0632 18.9
      vertex 0 -24.8 18.9
      vertex -20.8674 -65.1771 18.9
    endloop
  endfacet
  facet normal -0 0 -1
    outer loop
      vertex 0 -24.8 18.9
      vertex -20.9596 -65.0632 18.9
      vertex -2.59231 -24.6641 18.9
    endloop
  endfacet
  facet normal 0 -0 -1
    outer loop
      vertex -20.8674 -66.8229 18.9
      vertex 20.8674 -66.8229 18.9
      vertex -20.9596 -66.9368 18.9
    endloop
  endfacet
  facet normal 0 0 -1
    outer loop
      vertex 20.6 -66 18.9
      vertex -20.7876 -65.3 18.9
      vertex -20.8674 -65.1771 18.9
    endloop
  endfacet
  facet normal 0 0 -1
    outer loop
      vertex 20.6 -66 18.9
      vertex -20.6 -66 18.9
      vertex -20.6077 -65.8537 18.9
    endloop
  endfacet
  facet normal 0 0 -1
    outer loop
      vertex 20.6077 -66.1463 18.9
      vertex -20.6077 -66.1463 18.9
      vertex -20.6 -66 18.9
    endloop
  endfacet
  facet normal 0 0 -1
    outer loop
      vertex 20.6306 -66.2911 18.9
      vertex -20.6306 -66.2911 18.9
      vertex -20.6077 -66.1463 18.9
    endloop
  endfacet
  facet normal 0 0 -1
    outer loop
      vertex 20.6685 -66.4326 18.9
      vertex -20.6685 -66.4326 18.9
      vertex -20.6306 -66.2911 18.9
    endloop
  endfacet
  facet normal 0 0 -1
    outer loop
      vertex 20.721 -66.5694 18.9
      vertex -20.721 -66.5694 18.9
      vertex -20.6685 -66.4326 18.9
    endloop
  endfacet
  facet normal 0 0 -1
    outer loop
      vertex 20.7876 -66.7 18.9
      vertex -20.7876 -66.7 18.9
      vertex -20.721 -66.5694 18.9
    endloop
  endfacet
  facet normal -0 0 -1
    outer loop
      vertex 20.7876 -66.7 18.9
      vertex -20.8674 -66.8229 18.9
      vertex -20.7876 -66.7 18.9
    endloop
  endfacet
  facet normal 0 0 -1
    outer loop
      vertex 20.8674 -66.8229 18.9
      vertex -20.8674 -66.8229 18.9
      vertex 20.7876 -66.7 18.9
    endloop
  endfacet
  facet normal 0 0 -1
    outer loop
      vertex -25.25 -73.6 18.9
      vertex -20.9596 -66.9368 18.9
      vertex 25.25 -73.6 18.9
    endloop
  endfacet
  facet normal 0 0 -1
    outer loop
      vertex -20.9596 -66.9368 18.9
      vertex -25.25 -73.6 18.9
      vertex -21.0632 -67.0404 18.9
    endloop
  endfacet
  facet normal 0 0 -1
    outer loop
      vertex -21.0632 -67.0404 18.9
      vertex -25.25 -73.6 18.9
      vertex -21.1771 -67.1326 18.9
    endloop
  endfacet
  facet normal 0 0 -1
    outer loop
      vertex -21.1771 -67.1326 18.9
      vertex -25.25 -73.6 18.9
      vertex -21.3 -67.2124 18.9
    endloop
  endfacet
  facet normal 0 0 -1
    outer loop
      vertex -21.3 -67.2124 18.9
      vertex -25.25 -73.6 18.9
      vertex -21.4306 -67.279 18.9
    endloop
  endfacet
  facet normal 0 0 -1
    outer loop
      vertex -21.4306 -67.279 18.9
      vertex -25.25 -73.6 18.9
      vertex -21.5674 -67.3315 18.9
    endloop
  endfacet
  facet normal 0 0 -1
    outer loop
      vertex -21.5674 -67.3315 18.9
      vertex -25.25 -73.6 18.9
      vertex -21.7089 -67.3694 18.9
    endloop
  endfacet
  facet normal 0 0 -1
    outer loop
      vertex -21.7089 -67.3694 18.9
      vertex -25.25 -73.6 18.9
      vertex -21.8537 -67.3923 18.9
    endloop
  endfacet
  facet normal 0 0 -1
    outer loop
      vertex -21.8537 -67.3923 18.9
      vertex -25.25 -73.6 18.9
      vertex -22 -67.4 18.9
    endloop
  endfacet
  facet normal -0 0 -1
    outer loop
      vertex -23.3923 -66.1463 18.9
      vertex -25.25 -73.6 18.9
      vertex -23.4 -66 18.9
    endloop
  endfacet
  facet normal -0 0 -1
    outer loop
      vertex -23.3694 -66.2911 18.9
      vertex -25.25 -73.6 18.9
      vertex -23.3923 -66.1463 18.9
    endloop
  endfacet
  facet normal -0 0 -1
    outer loop
      vertex -23.3315 -66.4326 18.9
      vertex -25.25 -73.6 18.9
      vertex -23.3694 -66.2911 18.9
    endloop
  endfacet
  facet normal -0 0 -1
    outer loop
      vertex -23.279 -66.5694 18.9
      vertex -25.25 -73.6 18.9
      vertex -23.3315 -66.4326 18.9
    endloop
  endfacet
  facet normal -0 0 -1
    outer loop
      vertex -23.2124 -66.7 18.9
      vertex -25.25 -73.6 18.9
      vertex -23.279 -66.5694 18.9
    endloop
  endfacet
  facet normal -0 0 -1
    outer loop
      vertex -23.1326 -66.8229 18.9
      vertex -25.25 -73.6 18.9
      vertex -23.2124 -66.7 18.9
    endloop
  endfacet
  facet normal -0 0 -1
    outer loop
      vertex -23.0404 -66.9368 18.9
      vertex -25.25 -73.6 18.9
      vertex -23.1326 -66.8229 18.9
    endloop
  endfacet
  facet normal -0 0 -1
    outer loop
      vertex -22.9368 -67.0404 18.9
      vertex -25.25 -73.6 18.9
      vertex -23.0404 -66.9368 18.9
    endloop
  endfacet
  facet normal -0 0 -1
    outer loop
      vertex -22.8229 -67.1326 18.9
      vertex -25.25 -73.6 18.9
      vertex -22.9368 -67.0404 18.9
    endloop
  endfacet
  facet normal -0 0 -1
    outer loop
      vertex -22.7 -67.2124 18.9
      vertex -25.25 -73.6 18.9
      vertex -22.8229 -67.1326 18.9
    endloop
  endfacet
  facet normal -0 0 -1
    outer loop
      vertex -22.5694 -67.279 18.9
      vertex -25.25 -73.6 18.9
      vertex -22.7 -67.2124 18.9
    endloop
  endfacet
  facet normal -0 0 -1
    outer loop
      vertex -22.4326 -67.3315 18.9
      vertex -25.25 -73.6 18.9
      vertex -22.5694 -67.279 18.9
    endloop
  endfacet
  facet normal -0 0 -1
    outer loop
      vertex -22.2911 -67.3694 18.9
      vertex -25.25 -73.6 18.9
      vertex -22.4326 -67.3315 18.9
    endloop
  endfacet
  facet normal -0 0 -1
    outer loop
      vertex -22.1463 -67.3923 18.9
      vertex -25.25 -73.6 18.9
      vertex -22.2911 -67.3694 18.9
    endloop
  endfacet
  facet normal -0 0 -1
    outer loop
      vertex -22 -67.4 18.9
      vertex -25.25 -73.6 18.9
      vertex -22.1463 -67.3923 18.9
    endloop
  endfacet
  facet normal -0 0 -1
    outer loop
      vertex 25.25 -23.1 18.9
      vertex 25 -50 18.9
      vertex 25 -23.1 18.9
    endloop
  endfacet
  facet normal 0 0 -1
    outer loop
      vertex 25.25 -73.6 18.9
      vertex 23.3923 -65.8537 18.9
      vertex 25 -50 18.9
    endloop
  endfacet
  facet normal 0 0 -1
    outer loop
      vertex 23.3694 -65.7089 18.9
      vertex 25 -50 18.9
      vertex 23.3923 -65.8537 18.9
    endloop
  endfacet
  facet normal 0 0 -1
    outer loop
      vertex 23.3315 -65.5674 18.9
      vertex 25 -50 18.9
      vertex 23.3694 -65.7089 18.9
    endloop
  endfacet
  facet normal 0 0 -1
    outer loop
      vertex 23.279 -65.4306 18.9
      vertex 25 -50 18.9
      vertex 23.3315 -65.5674 18.9
    endloop
  endfacet
  facet normal 0 0 -1
    outer loop
      vertex 23.2124 -65.3 18.9
      vertex 25 -50 18.9
      vertex 23.279 -65.4306 18.9
    endloop
  endfacet
  facet normal 0 0 -1
    outer loop
      vertex 23.1326 -65.1771 18.9
      vertex 25 -50 18.9
      vertex 23.2124 -65.3 18.9
    endloop
  endfacet
  facet normal 0 0 -1
    outer loop
      vertex 23.0404 -65.0632 18.9
      vertex 25 -50 18.9
      vertex 23.1326 -65.1771 18.9
    endloop
  endfacet
  facet normal 0 0 -1
    outer loop
      vertex 22.9368 -64.9596 18.9
      vertex 25 -50 18.9
      vertex 23.0404 -65.0632 18.9
    endloop
  endfacet
  facet normal 0 0 -1
    outer loop
      vertex 22.8229 -64.8674 18.9
      vertex 25 -50 18.9
      vertex 22.9368 -64.9596 18.9
    endloop
  endfacet
  facet normal 0 0 -1
    outer loop
      vertex 22.7 -64.7876 18.9
      vertex 25 -50 18.9
      vertex 22.8229 -64.8674 18.9
    endloop
  endfacet
  facet normal 0 0 -1
    outer loop
      vertex 22.5694 -64.721 18.9
      vertex 25 -50 18.9
      vertex 22.7 -64.7876 18.9
    endloop
  endfacet
  facet normal 0 0 -1
    outer loop
      vertex 22.4326 -64.6685 18.9
      vertex 25 -50 18.9
      vertex 22.5694 -64.721 18.9
    endloop
  endfacet
  facet normal 0 0 -1
    outer loop
      vertex 22.2911 -64.6306 18.9
      vertex 25 -50 18.9
      vertex 22.4326 -64.6685 18.9
    endloop
  endfacet
  facet normal 0 0 -1
    outer loop
      vertex 22.1463 -64.6077 18.9
      vertex 25 -50 18.9
      vertex 22.2911 -64.6306 18.9
    endloop
  endfacet
  facet normal 0 0 -1
    outer loop
      vertex 21 -50 18.9
      vertex 22.1463 -64.6077 18.9
      vertex 22 -64.6 18.9
    endloop
  endfacet
  facet normal 0 0 -1
    outer loop
      vertex 21 -50 18.9
      vertex 22 -64.6 18.9
      vertex 21.8537 -64.6077 18.9
    endloop
  endfacet
  facet normal 0 0 -1
    outer loop
      vertex 21 -50 18.9
      vertex 21.8537 -64.6077 18.9
      vertex 21.7089 -64.6306 18.9
    endloop
  endfacet
  facet normal 0 0 -1
    outer loop
      vertex 21 -50 18.9
      vertex 21.7089 -64.6306 18.9
      vertex 21.5674 -64.6685 18.9
    endloop
  endfacet
  facet normal 0 0 -1
    outer loop
      vertex 21 -50 18.9
      vertex 21.5674 -64.6685 18.9
      vertex 21.4306 -64.721 18.9
    endloop
  endfacet
  facet normal 0 0 -1
    outer loop
      vertex 21 -50 18.9
      vertex 21.4306 -64.721 18.9
      vertex 21.3 -64.7876 18.9
    endloop
  endfacet
  facet normal 0 0 -1
    outer loop
      vertex 21 -50 18.9
      vertex 21.3 -64.7876 18.9
      vertex 21.1771 -64.8674 18.9
    endloop
  endfacet
  facet normal 0 0 -1
    outer loop
      vertex 21 -50 18.9
      vertex 21.1771 -64.8674 18.9
      vertex 21.0632 -64.9596 18.9
    endloop
  endfacet
  facet normal 0 0 -1
    outer loop
      vertex 22.1463 -64.6077 18.9
      vertex 21 -50 18.9
      vertex 25 -50 18.9
    endloop
  endfacet
  facet normal 0 0 -1
    outer loop
      vertex 20.9596 -65.0632 18.9
      vertex 21 -50 18.9
      vertex 21.0632 -64.9596 18.9
    endloop
  endfacet
  facet normal 0 0 -1
    outer loop
      vertex 20.8674 -65.1771 18.9
      vertex 21 -50 18.9
      vertex 20.9596 -65.0632 18.9
    endloop
  endfacet
  facet normal 0 0 -1
    outer loop
      vertex 20.7876 -65.3 18.9
      vertex 21 -50 18.9
      vertex 20.8674 -65.1771 18.9
    endloop
  endfacet
  facet normal 0 0 -1
    outer loop
      vertex 20.721 -65.4306 18.9
      vertex 21 -50 18.9
      vertex 20.7876 -65.3 18.9
    endloop
  endfacet
  facet normal 0 0 -1
    outer loop
      vertex 20.6685 -65.5674 18.9
      vertex 21 -50 18.9
      vertex 20.721 -65.4306 18.9
    endloop
  endfacet
  facet normal 0 0 -1
    outer loop
      vertex 20.6306 -65.7089 18.9
      vertex 21 -50 18.9
      vertex 20.6685 -65.5674 18.9
    endloop
  endfacet
  facet normal -0 0 -1
    outer loop
      vertex 21 -50 18.9
      vertex 20.6306 -65.7089 18.9
      vertex 8.93022 -23.1 18.9
    endloop
  endfacet
  facet normal 0 0 -1
    outer loop
      vertex 8.93022 -23.1 18.9
      vertex 20.6306 -65.7089 18.9
      vertex 20.6077 -65.8537 18.9
    endloop
  endfacet
  facet normal 0 0 -1
    outer loop
      vertex 8.93022 -23.1 18.9
      vertex 20.6077 -65.8537 18.9
      vertex 20.6 -66 18.9
    endloop
  endfacet
  facet normal 0 0 -1
    outer loop
      vertex 21 -50 18.9
      vertex 8.93022 -23.1 18.9
      vertex 21 -23.1 18.9
    endloop
  endfacet
  facet normal 0 0 -1
    outer loop
      vertex 20.6 -66 18.9
      vertex -20.6077 -65.8537 18.9
      vertex -20.6306 -65.7089 18.9
    endloop
  endfacet
  facet normal 0 0 -1
    outer loop
      vertex 20.6 -66 18.9
      vertex -20.6306 -65.7089 18.9
      vertex -20.6685 -65.5674 18.9
    endloop
  endfacet
  facet normal 0 0 -1
    outer loop
      vertex 20.6 -66 18.9
      vertex -20.6685 -65.5674 18.9
      vertex -20.721 -65.4306 18.9
    endloop
  endfacet
  facet normal 0 0 -1
    outer loop
      vertex 20.6 -66 18.9
      vertex -20.721 -65.4306 18.9
      vertex -20.7876 -65.3 18.9
    endloop
  endfacet
  facet normal 0 0 -1
    outer loop
      vertex -21.0632 -64.9596 18.9
      vertex -2.59231 -24.6641 18.9
      vertex -20.9596 -65.0632 18.9
    endloop
  endfacet
  facet normal 0 0 -1
    outer loop
      vertex -21.1771 -64.8674 18.9
      vertex -2.59231 -24.6641 18.9
      vertex -21.0632 -64.9596 18.9
    endloop
  endfacet
  facet normal -0 0 -1
    outer loop
      vertex -2.59231 -24.6641 18.9
      vertex -21.1771 -64.8674 18.9
      vertex -5.15621 -24.2581 18.9
    endloop
  endfacet
  facet normal 0 0 -1
    outer loop
      vertex -21.3 -64.7876 18.9
      vertex -5.15621 -24.2581 18.9
      vertex -21.1771 -64.8674 18.9
    endloop
  endfacet
  facet normal 0 0 -1
    outer loop
      vertex -21.4306 -64.721 18.9
      vertex -5.15621 -24.2581 18.9
      vertex -21.3 -64.7876 18.9
    endloop
  endfacet
  facet normal -0 0 -1
    outer loop
      vertex -5.15621 -24.2581 18.9
      vertex -21.4306 -64.721 18.9
      vertex -7.66362 -23.5862 18.9
    endloop
  endfacet
  facet normal 0 0 -1
    outer loop
      vertex -21.5674 -64.6685 18.9
      vertex -7.66362 -23.5862 18.9
      vertex -21.4306 -64.721 18.9
    endloop
  endfacet
  facet normal -0 0 -1
    outer loop
      vertex -7.66362 -23.5862 18.9
      vertex -21.5674 -64.6685 18.9
      vertex -8.93022 -23.1 18.9
    endloop
  endfacet
  facet normal 0 0 -1
    outer loop
      vertex -21.7089 -64.6306 18.9
      vertex -8.93022 -23.1 18.9
      vertex -21.5674 -64.6685 18.9
    endloop
  endfacet
  facet normal 0 0 -1
    outer loop
      vertex -25.25 -23.1 18.9
      vertex -21.7089 -64.6306 18.9
      vertex -21.8537 -64.6077 18.9
    endloop
  endfacet
  facet normal 0 0 -1
    outer loop
      vertex -25.25 -23.1 18.9
      vertex -21.8537 -64.6077 18.9
      vertex -22 -64.6 18.9
    endloop
  endfacet
  facet normal 0 0 -1
    outer loop
      vertex -25.25 -23.1 18.9
      vertex -22 -64.6 18.9
      vertex -22.1463 -64.6077 18.9
    endloop
  endfacet
  facet normal 0 0 -1
    outer loop
      vertex -25.25 -23.1 18.9
      vertex -22.1463 -64.6077 18.9
      vertex -22.2911 -64.6306 18.9
    endloop
  endfacet
  facet normal 0 0 -1
    outer loop
      vertex -25.25 -23.1 18.9
      vertex -22.2911 -64.6306 18.9
      vertex -22.4326 -64.6685 18.9
    endloop
  endfacet
  facet normal 0 0 -1
    outer loop
      vertex -25.25 -23.1 18.9
      vertex -22.4326 -64.6685 18.9
      vertex -22.5694 -64.721 18.9
    endloop
  endfacet
  facet normal 0 0 -1
    outer loop
      vertex -25.25 -23.1 18.9
      vertex -22.5694 -64.721 18.9
      vertex -22.7 -64.7876 18.9
    endloop
  endfacet
  facet normal 0 0 -1
    outer loop
      vertex -25.25 -23.1 18.9
      vertex -22.7 -64.7876 18.9
      vertex -22.8229 -64.8674 18.9
    endloop
  endfacet
  facet normal 0 0 -1
    outer loop
      vertex -25.25 -23.1 18.9
      vertex -22.8229 -64.8674 18.9
      vertex -22.9368 -64.9596 18.9
    endloop
  endfacet
  facet normal 0 0 -1
    outer loop
      vertex -25.25 -23.1 18.9
      vertex -22.9368 -64.9596 18.9
      vertex -23.0404 -65.0632 18.9
    endloop
  endfacet
  facet normal 0 0 -1
    outer loop
      vertex -25.25 -23.1 18.9
      vertex -23.0404 -65.0632 18.9
      vertex -23.1326 -65.1771 18.9
    endloop
  endfacet
  facet normal 0 0 -1
    outer loop
      vertex -25.25 -23.1 18.9
      vertex -23.1326 -65.1771 18.9
      vertex -23.2124 -65.3 18.9
    endloop
  endfacet
  facet normal 0 0 -1
    outer loop
      vertex -25.25 -23.1 18.9
      vertex -23.2124 -65.3 18.9
      vertex -23.279 -65.4306 18.9
    endloop
  endfacet
  facet normal 0 0 -1
    outer loop
      vertex -25.25 -23.1 18.9
      vertex -23.279 -65.4306 18.9
      vertex -23.3315 -65.5674 18.9
    endloop
  endfacet
  facet normal 0 0 -1
    outer loop
      vertex -25.25 -73.6 18.9
      vertex -23.3923 -65.8537 18.9
      vertex -23.4 -66 18.9
    endloop
  endfacet
  facet normal 0 0 -1
    outer loop
      vertex -25.25 -73.6 18.9
      vertex -23.3694 -65.7089 18.9
      vertex -23.3923 -65.8537 18.9
    endloop
  endfacet
  facet normal 0 0 -1
    outer loop
      vertex -21.7089 -64.6306 18.9
      vertex -25.25 -23.1 18.9
      vertex -8.93022 -23.1 18.9
    endloop
  endfacet
  facet normal 0 0 -1
    outer loop
      vertex -23.3694 -65.7089 18.9
      vertex -25.25 -23.1 18.9
      vertex -23.3315 -65.5674 18.9
    endloop
  endfacet
  facet normal 0 0 -1
    outer loop
      vertex -25.25 -23.1 18.9
      vertex -23.3694 -65.7089 18.9
      vertex -25.25 -73.6 18.9
    endloop
  endfacet
  facet normal 1 -0 0
    outer loop
      vertex -25.25 -73.6 18.9
      vertex -25.25 -23.1 2.4
      vertex -25.25 -23.1 18.9
    endloop
  endfacet
  facet normal 1 0 0
    outer loop
      vertex -25.25 -23.1 2.4
      vertex -25.25 -73.6 18.9
      vertex -25.25 -73.6 2.4
    endloop
  endfacet
  facet normal 0 -1 0
    outer loop
      vertex -25.25 -23.1 18.9
      vertex -15 -23.1 17.9
      vertex -8.93022 -23.1 18.9
    endloop
  endfacet
  facet normal 0 -1 0
    outer loop
      vertex -25.25 -23.1 2.4
      vertex -15 -23.1 17.9
      vertex -25.25 -23.1 18.9
    endloop
  endfacet
  facet normal 0 -1 -0
    outer loop
      vertex -15 -23.1 17.9
      vertex -25.25 -23.1 2.4
      vertex -15 -23.1 2.4
    endloop
  endfacet
  facet normal 0 -1 -0
    outer loop
      vertex -8.93022 -23.1 18.9
      vertex -15 -23.1 17.9
      vertex -8.93022 -23.1 17.9
    endloop
  endfacet
  facet normal 0 -1 0
    outer loop
      vertex 25 -23.1 2.4
      vertex 25.25 -23.1 18.9
      vertex 25 -23.1 18.9
    endloop
  endfacet
  facet normal 0 -1 -0
    outer loop
      vertex 25.25 -23.1 18.9
      vertex 25 -23.1 2.4
      vertex 25.25 -23.1 2.4
    endloop
  endfacet
  facet normal 0 -1 0
    outer loop
      vertex 15 -23.1 17.9
      vertex 8.93022 -23.1 18.9
      vertex 8.93022 -23.1 17.9
    endloop
  endfacet
  facet normal 0 -1 0
    outer loop
      vertex 8.93022 -23.1 18.9
      vertex 15 -23.1 17.9
      vertex 21 -23.1 18.9
    endloop
  endfacet
  facet normal 0 -1 0
    outer loop
      vertex 21 -23.1 2.4
      vertex 15 -23.1 17.9
      vertex 15 -23.1 2.4
    endloop
  endfacet
  facet normal 0 -1 0
    outer loop
      vertex 15 -23.1 17.9
      vertex 21 -23.1 2.4
      vertex 21 -23.1 18.9
    endloop
  endfacet
  facet normal 0 1 -0
    outer loop
      vertex 25.25 -73.6 2.4
      vertex -25.25 -73.6 18.9
      vertex 25.25 -73.6 18.9
    endloop
  endfacet
  facet normal 0 1 0
    outer loop
      vertex -25.25 -73.6 18.9
      vertex 25.25 -73.6 2.4
      vertex -25.25 -73.6 2.4
    endloop
  endfacet
  facet normal -1 0 0
    outer loop
      vertex 15 -23.1 2.4
      vertex 15 -15.7876 15.4
      vertex 15 -15.7876 2.4
    endloop
  endfacet
  facet normal -1 -0 0
    outer loop
      vertex 15 -15.7876 15.4
      vertex 15 -23.1 2.4
      vertex 15 -19.7211 17.6
    endloop
  endfacet
  facet normal -1 0 0
    outer loop
      vertex 15 -23.1 17.9
      vertex 15 -19.7211 17.6
      vertex 15 -23.1 2.4
    endloop
  endfacet
  facet normal -1 0 0
    outer loop
      vertex 15 -19.7211 17.6
      vertex 15 -23.1 17.9
      vertex 15 -19.7211 17.9
    endloop
  endfacet
  facet normal -1 0 0
    outer loop
      vertex 15 -15.7876 15.4
      vertex 15 -11 17.6
      vertex 15 -11 15.4
    endloop
  endfacet
  facet normal -1 -0 0
    outer loop
      vertex 15 -11 17.6
      vertex 15 -15.7876 15.4
      vertex 15 -19.7211 17.6
    endloop
  endfacet
  facet normal 0 0 -1
    outer loop
      vertex -15 -23.1 17.9
      vertex -10.0871 -22.6559 17.9
      vertex -8.93022 -23.1 17.9
    endloop
  endfacet
  facet normal 0 0 -1
    outer loop
      vertex -15 -23.1 17.9
      vertex -12.4 -21.4774 17.9
      vertex -10.0871 -22.6559 17.9
    endloop
  endfacet
  facet normal 0 0 -1
    outer loop
      vertex -15 -23.1 17.9
      vertex -14.5771 -20.0636 17.9
      vertex -12.4 -21.4774 17.9
    endloop
  endfacet
  facet normal -0 0 -1
    outer loop
      vertex -14.5771 -20.0636 17.9
      vertex -15 -23.1 17.9
      vertex -15 -19.7211 17.9
    endloop
  endfacet
  facet normal 0 0 -1
    outer loop
      vertex 15 -23.1 17.9
      vertex 14.5771 -20.0636 17.9
      vertex 15 -19.7211 17.9
    endloop
  endfacet
  facet normal 0 0 -1
    outer loop
      vertex 15 -23.1 17.9
      vertex 12.4 -21.4774 17.9
      vertex 14.5771 -20.0636 17.9
    endloop
  endfacet
  facet normal 0 0 -1
    outer loop
      vertex 15 -23.1 17.9
      vertex 10.0871 -22.6559 17.9
      vertex 12.4 -21.4774 17.9
    endloop
  endfacet
  facet normal 0 -0 -1
    outer loop
      vertex 10.0871 -22.6559 17.9
      vertex 15 -23.1 17.9
      vertex 8.93022 -23.1 17.9
    endloop
  endfacet
  facet normal 1 0 0
    outer loop
      vertex -15 -19.7211 17.9
      vertex -15 -23.1 17.9
      vertex -15 -19.7211 17.6
    endloop
  endfacet
  facet normal 1 0 0
    outer loop
      vertex -15 -11 17.6
      vertex -15 -15.7876 15.4
      vertex -15 -11 15.4
    endloop
  endfacet
  facet normal 1 -0 0
    outer loop
      vertex -15 -19.7211 17.6
      vertex -15 -15.7876 15.4
      vertex -15 -11 17.6
    endloop
  endfacet
  facet normal 1 0 0
    outer loop
      vertex -15 -23.1 2.4
      vertex -15 -15.7876 15.4
      vertex -15 -19.7211 17.6
    endloop
  endfacet
  facet normal 1 0 0
    outer loop
      vertex -15 -23.1 2.4
      vertex -15 -19.7211 17.6
      vertex -15 -23.1 17.9
    endloop
  endfacet
  facet normal 1 0 0
    outer loop
      vertex -15 -15.7876 15.4
      vertex -15 -23.1 2.4
      vertex -15 -15.7876 2.4
    endloop
  endfacet
  facet normal 0 -1 0
    outer loop
      vertex -15 -11 15.4
      vertex 15 -11 17.6
      vertex -15 -11 17.6
    endloop
  endfacet
  facet normal 0 -1 -0
    outer loop
      vertex 15 -11 17.6
      vertex -15 -11 15.4
      vertex 15 -11 15.4
    endloop
  endfacet
  facet normal -0.358352 0.933586 0
    outer loop
      vertex 6.71115 -63.4235 3.8147e-07
      vertex 5.09878 -64.0424 2.4
      vertex 6.71115 -63.4235 2.4
    endloop
  endfacet
  facet normal -0.358352 0.933586 0
    outer loop
      vertex 5.09878 -64.0424 2.4
      vertex 6.71115 -63.4235 3.8147e-07
      vertex 5.09878 -64.0424 3.8147e-07
    endloop
  endfacet
  facet normal 0.998629 0.0523431 0
    outer loop
      vertex -16.4096 -50.0747 2.4
      vertex -16.5 -48.35 3.8147e-07
      vertex -16.5 -48.35 2.4
    endloop
  endfacet
  facet normal 0.998629 0.0523431 0
    outer loop
      vertex -16.5 -48.35 3.8147e-07
      vertex -16.4096 -50.0747 2.4
      vertex -16.4096 -50.0747 3.8147e-07
    endloop
  endfacet
  facet normal -0.987686 0.15645 0
    outer loop
      vertex 16.1394 -51.7805 3.8147e-07
      vertex 16.4096 -50.0747 2.4
      vertex 16.4096 -50.0747 3.8147e-07
    endloop
  endfacet
  facet normal -0.987686 0.15645 0
    outer loop
      vertex 16.4096 -50.0747 2.4
      vertex 16.1394 -51.7805 3.8147e-07
      vertex 16.1394 -51.7805 2.4
    endloop
  endfacet
  facet normal 0.258817 0.965926 -0
    outer loop
      vertex -3.43054 -64.4894 3.8147e-07
      vertex -5.09878 -64.0424 2.4
      vertex -3.43054 -64.4894 2.4
    endloop
  endfacet
  facet normal 0.258817 0.965926 0
    outer loop
      vertex -5.09878 -64.0424 2.4
      vertex -3.43054 -64.4894 3.8147e-07
      vertex -5.09878 -64.0424 3.8147e-07
    endloop
  endfacet
  facet normal -0.777144 0.629323 0
    outer loop
      vertex 12.2619 -59.3907 3.8147e-07
      vertex 13.3488 -58.0485 2.4
      vertex 13.3488 -58.0485 3.8147e-07
    endloop
  endfacet
  facet normal -0.777144 0.629323 0
    outer loop
      vertex 13.3488 -58.0485 2.4
      vertex 12.2619 -59.3907 3.8147e-07
      vertex 12.2619 -59.3907 2.4
    endloop
  endfacet
  facet normal -0.987686 -0.15645 0
    outer loop
      vertex 16.4096 -46.6253 3.8147e-07
      vertex 16.1394 -44.9195 2.4
      vertex 16.1394 -44.9195 3.8147e-07
    endloop
  endfacet
  facet normal -0.987686 -0.15645 0
    outer loop
      vertex 16.1394 -44.9195 2.4
      vertex 16.4096 -46.6253 3.8147e-07
      vertex 16.4096 -46.6253 2.4
    endloop
  endfacet
  facet normal 0.777144 0.629323 0
    outer loop
      vertex -12.2619 -59.3907 2.4
      vertex -13.3488 -58.0485 3.8147e-07
      vertex -13.3488 -58.0485 2.4
    endloop
  endfacet
  facet normal 0.777144 0.629323 0
    outer loop
      vertex -13.3488 -58.0485 3.8147e-07
      vertex -12.2619 -59.3907 2.4
      vertex -12.2619 -59.3907 3.8147e-07
    endloop
  endfacet
  facet normal 0.933589 0.358347 0
    outer loop
      vertex -15.0735 -55.0612 2.4
      vertex -15.6924 -53.4488 3.8147e-07
      vertex -15.6924 -53.4488 2.4
    endloop
  endfacet
  facet normal 0.933589 0.358347 0
    outer loop
      vertex -15.6924 -53.4488 3.8147e-07
      vertex -15.0735 -55.0612 2.4
      vertex -15.0735 -55.0612 3.8147e-07
    endloop
  endfacet
  facet normal -0.258817 0.965926 0
    outer loop
      vertex 5.09878 -64.0424 3.8147e-07
      vertex 3.43054 -64.4894 2.4
      vertex 5.09878 -64.0424 2.4
    endloop
  endfacet
  facet normal -0.258817 0.965926 0
    outer loop
      vertex 3.43054 -64.4894 2.4
      vertex 5.09878 -64.0424 3.8147e-07
      vertex 3.43054 -64.4894 3.8147e-07
    endloop
  endfacet
  facet normal 0.156448 0.987686 -0
    outer loop
      vertex -1.72472 -64.7596 3.8147e-07
      vertex -3.43054 -64.4894 2.4
      vertex -1.72472 -64.7596 2.4
    endloop
  endfacet
  facet normal 0.156448 0.987686 0
    outer loop
      vertex -3.43054 -64.4894 2.4
      vertex -1.72472 -64.7596 3.8147e-07
      vertex -3.43054 -64.4894 3.8147e-07
    endloop
  endfacet
  facet normal -0.933589 -0.358347 0
    outer loop
      vertex 15.6924 -43.2512 3.8147e-07
      vertex 15.0735 -41.6388 2.4
      vertex 15.0735 -41.6388 3.8147e-07
    endloop
  endfacet
  facet normal -0.933589 -0.358347 0
    outer loop
      vertex 15.0735 -41.6388 2.4
      vertex 15.6924 -43.2512 3.8147e-07
      vertex 15.6924 -43.2512 2.4
    endloop
  endfacet
  facet normal 0.544622 -0.838681 0
    outer loop
      vertex -9.69846 -35.0012 3.8147e-07
      vertex -8.25 -34.0606 2.4
      vertex -9.69846 -35.0012 2.4
    endloop
  endfacet
  facet normal 0.544622 -0.838681 0
    outer loop
      vertex -8.25 -34.0606 2.4
      vertex -9.69846 -35.0012 3.8147e-07
      vertex -8.25 -34.0606 3.8147e-07
    endloop
  endfacet
  facet normal 0.156448 -0.987686 0
    outer loop
      vertex -3.43054 -32.2106 3.8147e-07
      vertex -1.72472 -31.9404 2.4
      vertex -3.43054 -32.2106 2.4
    endloop
  endfacet
  facet normal 0.156448 -0.987686 0
    outer loop
      vertex -1.72472 -31.9404 2.4
      vertex -3.43054 -32.2106 3.8147e-07
      vertex -1.72472 -31.9404 3.8147e-07
    endloop
  endfacet
  facet normal 0.777144 -0.629323 0
    outer loop
      vertex -13.3488 -38.6515 2.4
      vertex -12.2619 -37.3093 3.8147e-07
      vertex -12.2619 -37.3093 2.4
    endloop
  endfacet
  facet normal 0.777144 -0.629323 0
    outer loop
      vertex -12.2619 -37.3093 3.8147e-07
      vertex -13.3488 -38.6515 2.4
      vertex -13.3488 -38.6515 3.8147e-07
    endloop
  endfacet
  facet normal -0.544622 -0.838681 0
    outer loop
      vertex 8.25 -34.0606 3.8147e-07
      vertex 9.69846 -35.0012 2.4
      vertex 8.25 -34.0606 2.4
    endloop
  endfacet
  facet normal -0.544622 -0.838681 -0
    outer loop
      vertex 9.69846 -35.0012 2.4
      vertex 8.25 -34.0606 3.8147e-07
      vertex 9.69846 -35.0012 3.8147e-07
    endloop
  endfacet
  facet normal -0.838688 0.544612 0
    outer loop
      vertex 13.3488 -58.0485 3.8147e-07
      vertex 14.2894 -56.6 2.4
      vertex 14.2894 -56.6 3.8147e-07
    endloop
  endfacet
  facet normal -0.838688 0.544612 0
    outer loop
      vertex 14.2894 -56.6 2.4
      vertex 13.3488 -58.0485 3.8147e-07
      vertex 13.3488 -58.0485 2.4
    endloop
  endfacet
  facet normal 0.998629 -0.0523431 0
    outer loop
      vertex -16.5 -48.35 2.4
      vertex -16.4096 -46.6253 3.8147e-07
      vertex -16.4096 -46.6253 2.4
    endloop
  endfacet
  facet normal 0.998629 -0.0523431 0
    outer loop
      vertex -16.4096 -46.6253 3.8147e-07
      vertex -16.5 -48.35 2.4
      vertex -16.5 -48.35 3.8147e-07
    endloop
  endfacet
  facet normal 0.0523425 -0.998629 0
    outer loop
      vertex -1.72472 -31.9404 3.8147e-07
      vertex 0 -31.85 2.4
      vertex -1.72472 -31.9404 2.4
    endloop
  endfacet
  facet normal 0.0523425 -0.998629 0
    outer loop
      vertex 0 -31.85 2.4
      vertex -1.72472 -31.9404 3.8147e-07
      vertex 0 -31.85 3.8147e-07
    endloop
  endfacet
  facet normal -0.890997 0.45401 0
    outer loop
      vertex 14.2894 -56.6 3.8147e-07
      vertex 15.0735 -55.0612 2.4
      vertex 15.0735 -55.0612 3.8147e-07
    endloop
  endfacet
  facet normal -0.890997 0.45401 0
    outer loop
      vertex 15.0735 -55.0612 2.4
      vertex 14.2894 -56.6 3.8147e-07
      vertex 14.2894 -56.6 2.4
    endloop
  endfacet
  facet normal 0.629312 -0.777153 0
    outer loop
      vertex -11.0407 -36.0881 3.8147e-07
      vertex -9.69846 -35.0012 2.4
      vertex -11.0407 -36.0881 2.4
    endloop
  endfacet
  facet normal 0.629312 -0.777153 0
    outer loop
      vertex -9.69846 -35.0012 2.4
      vertex -11.0407 -36.0881 3.8147e-07
      vertex -9.69846 -35.0012 3.8147e-07
    endloop
  endfacet
  facet normal -0.998629 -0.0523431 0
    outer loop
      vertex 16.5 -48.35 3.8147e-07
      vertex 16.4096 -46.6253 2.4
      vertex 16.4096 -46.6253 3.8147e-07
    endloop
  endfacet
  facet normal -0.998629 -0.0523431 0
    outer loop
      vertex 16.4096 -46.6253 2.4
      vertex 16.5 -48.35 3.8147e-07
      vertex 16.5 -48.35 2.4
    endloop
  endfacet
  facet normal -0.544622 0.838681 0
    outer loop
      vertex 9.69846 -61.6988 3.8147e-07
      vertex 8.25 -62.6394 2.4
      vertex 9.69846 -61.6988 2.4
    endloop
  endfacet
  facet normal -0.544622 0.838681 0
    outer loop
      vertex 8.25 -62.6394 2.4
      vertex 9.69846 -61.6988 3.8147e-07
      vertex 8.25 -62.6394 3.8147e-07
    endloop
  endfacet
  facet normal 0.453998 -0.891003 0
    outer loop
      vertex -8.25 -34.0606 3.8147e-07
      vertex -6.71115 -33.2765 2.4
      vertex -8.25 -34.0606 2.4
    endloop
  endfacet
  facet normal 0.453998 -0.891003 0
    outer loop
      vertex -6.71115 -33.2765 2.4
      vertex -8.25 -34.0606 3.8147e-07
      vertex -6.71115 -33.2765 3.8147e-07
    endloop
  endfacet
  facet normal -0.156448 -0.987686 0
    outer loop
      vertex 1.72472 -31.9404 3.8147e-07
      vertex 3.43054 -32.2106 2.4
      vertex 1.72472 -31.9404 2.4
    endloop
  endfacet
  facet normal -0.156448 -0.987686 -0
    outer loop
      vertex 3.43054 -32.2106 2.4
      vertex 1.72472 -31.9404 3.8147e-07
      vertex 3.43054 -32.2106 3.8147e-07
    endloop
  endfacet
  facet normal -0.998629 0.0523431 0
    outer loop
      vertex 16.4096 -50.0747 3.8147e-07
      vertex 16.5 -48.35 2.4
      vertex 16.5 -48.35 3.8147e-07
    endloop
  endfacet
  facet normal -0.998629 0.0523431 0
    outer loop
      vertex 16.5 -48.35 2.4
      vertex 16.4096 -50.0747 3.8147e-07
      vertex 16.4096 -50.0747 2.4
    endloop
  endfacet
  facet normal 0.0523425 0.998629 -0
    outer loop
      vertex 0 -64.85 3.8147e-07
      vertex -1.72472 -64.7596 2.4
      vertex 0 -64.85 2.4
    endloop
  endfacet
  facet normal 0.0523425 0.998629 0
    outer loop
      vertex -1.72472 -64.7596 2.4
      vertex 0 -64.85 3.8147e-07
      vertex -1.72472 -64.7596 3.8147e-07
    endloop
  endfacet
  facet normal -0.965929 -0.258808 0
    outer loop
      vertex 16.1394 -44.9195 3.8147e-07
      vertex 15.6924 -43.2512 2.4
      vertex 15.6924 -43.2512 3.8147e-07
    endloop
  endfacet
  facet normal -0.965929 -0.258808 0
    outer loop
      vertex 15.6924 -43.2512 2.4
      vertex 16.1394 -44.9195 3.8147e-07
      vertex 16.1394 -44.9195 2.4
    endloop
  endfacet
  facet normal 0.358352 -0.933586 0
    outer loop
      vertex -6.71115 -33.2765 3.8147e-07
      vertex -5.09878 -32.6576 2.4
      vertex -6.71115 -33.2765 2.4
    endloop
  endfacet
  facet normal 0.358352 -0.933586 0
    outer loop
      vertex -5.09878 -32.6576 2.4
      vertex -6.71115 -33.2765 3.8147e-07
      vertex -5.09878 -32.6576 3.8147e-07
    endloop
  endfacet
  facet normal 0.890997 -0.45401 0
    outer loop
      vertex -15.0735 -41.6388 2.4
      vertex -14.2894 -40.1 3.8147e-07
      vertex -14.2894 -40.1 2.4
    endloop
  endfacet
  facet normal 0.890997 -0.45401 0
    outer loop
      vertex -14.2894 -40.1 3.8147e-07
      vertex -15.0735 -41.6388 2.4
      vertex -15.0735 -41.6388 3.8147e-07
    endloop
  endfacet
  facet normal -0.777144 -0.629323 0
    outer loop
      vertex 13.3488 -38.6515 3.8147e-07
      vertex 12.2619 -37.3093 2.4
      vertex 12.2619 -37.3093 3.8147e-07
    endloop
  endfacet
  facet normal -0.777144 -0.629323 0
    outer loop
      vertex 12.2619 -37.3093 2.4
      vertex 13.3488 -38.6515 3.8147e-07
      vertex 13.3488 -38.6515 2.4
    endloop
  endfacet
  facet normal -0.453998 -0.891003 0
    outer loop
      vertex 6.71115 -33.2765 3.8147e-07
      vertex 8.25 -34.0606 2.4
      vertex 6.71115 -33.2765 2.4
    endloop
  endfacet
  facet normal -0.453998 -0.891003 -0
    outer loop
      vertex 8.25 -34.0606 2.4
      vertex 6.71115 -33.2765 3.8147e-07
      vertex 8.25 -34.0606 3.8147e-07
    endloop
  endfacet
  facet normal -0.890997 -0.45401 0
    outer loop
      vertex 15.0735 -41.6388 3.8147e-07
      vertex 14.2894 -40.1 2.4
      vertex 14.2894 -40.1 3.8147e-07
    endloop
  endfacet
  facet normal -0.890997 -0.45401 0
    outer loop
      vertex 14.2894 -40.1 2.4
      vertex 15.0735 -41.6388 3.8147e-07
      vertex 15.0735 -41.6388 2.4
    endloop
  endfacet
  facet normal 0.707107 -0.707107 0
    outer loop
      vertex -12.2619 -37.3093 3.8147e-07
      vertex -11.0407 -36.0881 2.4
      vertex -12.2619 -37.3093 2.4
    endloop
  endfacet
  facet normal 0.707107 -0.707107 0
    outer loop
      vertex -11.0407 -36.0881 2.4
      vertex -12.2619 -37.3093 3.8147e-07
      vertex -11.0407 -36.0881 3.8147e-07
    endloop
  endfacet
  facet normal -0.156448 0.987686 0
    outer loop
      vertex 3.43054 -64.4894 3.8147e-07
      vertex 1.72472 -64.7596 2.4
      vertex 3.43054 -64.4894 2.4
    endloop
  endfacet
  facet normal -0.156448 0.987686 0
    outer loop
      vertex 1.72472 -64.7596 2.4
      vertex 3.43054 -64.4894 3.8147e-07
      vertex 1.72472 -64.7596 3.8147e-07
    endloop
  endfacet
  facet normal 0.965929 -0.258808 0
    outer loop
      vertex -16.1394 -44.9195 2.4
      vertex -15.6924 -43.2512 3.8147e-07
      vertex -15.6924 -43.2512 2.4
    endloop
  endfacet
  facet normal 0.965929 -0.258808 0
    outer loop
      vertex -15.6924 -43.2512 3.8147e-07
      vertex -16.1394 -44.9195 2.4
      vertex -16.1394 -44.9195 3.8147e-07
    endloop
  endfacet
  facet normal -0.453998 0.891003 0
    outer loop
      vertex 8.25 -62.6394 3.8147e-07
      vertex 6.71115 -63.4235 2.4
      vertex 8.25 -62.6394 2.4
    endloop
  endfacet
  facet normal -0.453998 0.891003 0
    outer loop
      vertex 6.71115 -63.4235 2.4
      vertex 8.25 -62.6394 3.8147e-07
      vertex 6.71115 -63.4235 3.8147e-07
    endloop
  endfacet
  facet normal -0.933589 0.358347 0
    outer loop
      vertex 15.0735 -55.0612 3.8147e-07
      vertex 15.6924 -53.4488 2.4
      vertex 15.6924 -53.4488 3.8147e-07
    endloop
  endfacet
  facet normal -0.933589 0.358347 0
    outer loop
      vertex 15.6924 -53.4488 2.4
      vertex 15.0735 -55.0612 3.8147e-07
      vertex 15.0735 -55.0612 2.4
    endloop
  endfacet
  facet normal 0.890997 0.45401 0
    outer loop
      vertex -14.2894 -56.6 2.4
      vertex -15.0735 -55.0612 3.8147e-07
      vertex -15.0735 -55.0612 2.4
    endloop
  endfacet
  facet normal 0.890997 0.45401 0
    outer loop
      vertex -15.0735 -55.0612 3.8147e-07
      vertex -14.2894 -56.6 2.4
      vertex -14.2894 -56.6 3.8147e-07
    endloop
  endfacet
  facet normal -0.258817 -0.965926 0
    outer loop
      vertex 3.43054 -32.2106 3.8147e-07
      vertex 5.09878 -32.6576 2.4
      vertex 3.43054 -32.2106 2.4
    endloop
  endfacet
  facet normal -0.258817 -0.965926 -0
    outer loop
      vertex 5.09878 -32.6576 2.4
      vertex 3.43054 -32.2106 3.8147e-07
      vertex 5.09878 -32.6576 3.8147e-07
    endloop
  endfacet
  facet normal -0.358352 -0.933586 0
    outer loop
      vertex 5.09878 -32.6576 3.8147e-07
      vertex 6.71115 -33.2765 2.4
      vertex 5.09878 -32.6576 2.4
    endloop
  endfacet
  facet normal -0.358352 -0.933586 -0
    outer loop
      vertex 6.71115 -33.2765 2.4
      vertex 5.09878 -32.6576 3.8147e-07
      vertex 6.71115 -33.2765 3.8147e-07
    endloop
  endfacet
  facet normal -0.838688 -0.544612 0
    outer loop
      vertex 14.2894 -40.1 3.8147e-07
      vertex 13.3488 -38.6515 2.4
      vertex 13.3488 -38.6515 3.8147e-07
    endloop
  endfacet
  facet normal -0.838688 -0.544612 0
    outer loop
      vertex 13.3488 -38.6515 2.4
      vertex 14.2894 -40.1 3.8147e-07
      vertex 14.2894 -40.1 2.4
    endloop
  endfacet
  facet normal -0.0523425 -0.998629 0
    outer loop
      vertex 0 -31.85 3.8147e-07
      vertex 1.72472 -31.9404 2.4
      vertex 0 -31.85 2.4
    endloop
  endfacet
  facet normal -0.0523425 -0.998629 -0
    outer loop
      vertex 1.72472 -31.9404 2.4
      vertex 0 -31.85 3.8147e-07
      vertex 1.72472 -31.9404 3.8147e-07
    endloop
  endfacet
  facet normal -0.629312 -0.777153 0
    outer loop
      vertex 9.69846 -35.0012 3.8147e-07
      vertex 11.0407 -36.0881 2.4
      vertex 9.69846 -35.0012 2.4
    endloop
  endfacet
  facet normal -0.629312 -0.777153 -0
    outer loop
      vertex 11.0407 -36.0881 2.4
      vertex 9.69846 -35.0012 3.8147e-07
      vertex 11.0407 -36.0881 3.8147e-07
    endloop
  endfacet
  facet normal 0.838688 -0.544612 0
    outer loop
      vertex -14.2894 -40.1 2.4
      vertex -13.3488 -38.6515 3.8147e-07
      vertex -13.3488 -38.6515 2.4
    endloop
  endfacet
  facet normal 0.838688 -0.544612 0
    outer loop
      vertex -13.3488 -38.6515 3.8147e-07
      vertex -14.2894 -40.1 2.4
      vertex -14.2894 -40.1 3.8147e-07
    endloop
  endfacet
  facet normal 0.838688 0.544612 0
    outer loop
      vertex -13.3488 -58.0485 2.4
      vertex -14.2894 -56.6 3.8147e-07
      vertex -14.2894 -56.6 2.4
    endloop
  endfacet
  facet normal 0.838688 0.544612 0
    outer loop
      vertex -14.2894 -56.6 3.8147e-07
      vertex -13.3488 -58.0485 2.4
      vertex -13.3488 -58.0485 3.8147e-07
    endloop
  endfacet
  facet normal 0.258817 -0.965926 0
    outer loop
      vertex -5.09878 -32.6576 3.8147e-07
      vertex -3.43054 -32.2106 2.4
      vertex -5.09878 -32.6576 2.4
    endloop
  endfacet
  facet normal 0.258817 -0.965926 0
    outer loop
      vertex -3.43054 -32.2106 2.4
      vertex -5.09878 -32.6576 3.8147e-07
      vertex -3.43054 -32.2106 3.8147e-07
    endloop
  endfacet
  facet normal -0.0523425 0.998629 0
    outer loop
      vertex 1.72472 -64.7596 3.8147e-07
      vertex 0 -64.85 2.4
      vertex 1.72472 -64.7596 2.4
    endloop
  endfacet
  facet normal -0.0523425 0.998629 0
    outer loop
      vertex 0 -64.85 2.4
      vertex 1.72472 -64.7596 3.8147e-07
      vertex 0 -64.85 3.8147e-07
    endloop
  endfacet
  facet normal 0.453998 0.891003 -0
    outer loop
      vertex -6.71115 -63.4235 3.8147e-07
      vertex -8.25 -62.6394 2.4
      vertex -6.71115 -63.4235 2.4
    endloop
  endfacet
  facet normal 0.453998 0.891003 0
    outer loop
      vertex -8.25 -62.6394 2.4
      vertex -6.71115 -63.4235 3.8147e-07
      vertex -8.25 -62.6394 3.8147e-07
    endloop
  endfacet
  facet normal 0.707107 0.707107 -0
    outer loop
      vertex -11.0407 -60.6119 3.8147e-07
      vertex -12.2619 -59.3907 2.4
      vertex -11.0407 -60.6119 2.4
    endloop
  endfacet
  facet normal 0.707107 0.707107 0
    outer loop
      vertex -12.2619 -59.3907 2.4
      vertex -11.0407 -60.6119 3.8147e-07
      vertex -12.2619 -59.3907 3.8147e-07
    endloop
  endfacet
  facet normal 0.987686 0.15645 0
    outer loop
      vertex -16.1394 -51.7805 2.4
      vertex -16.4096 -50.0747 3.8147e-07
      vertex -16.4096 -50.0747 2.4
    endloop
  endfacet
  facet normal 0.987686 0.15645 0
    outer loop
      vertex -16.4096 -50.0747 3.8147e-07
      vertex -16.1394 -51.7805 2.4
      vertex -16.1394 -51.7805 3.8147e-07
    endloop
  endfacet
  facet normal 0.965929 0.258808 0
    outer loop
      vertex -15.6924 -53.4488 2.4
      vertex -16.1394 -51.7805 3.8147e-07
      vertex -16.1394 -51.7805 2.4
    endloop
  endfacet
  facet normal 0.965929 0.258808 0
    outer loop
      vertex -16.1394 -51.7805 3.8147e-07
      vertex -15.6924 -53.4488 2.4
      vertex -15.6924 -53.4488 3.8147e-07
    endloop
  endfacet
  facet normal -0.965929 0.258808 0
    outer loop
      vertex 15.6924 -53.4488 3.8147e-07
      vertex 16.1394 -51.7805 2.4
      vertex 16.1394 -51.7805 3.8147e-07
    endloop
  endfacet
  facet normal -0.965929 0.258808 0
    outer loop
      vertex 16.1394 -51.7805 2.4
      vertex 15.6924 -53.4488 3.8147e-07
      vertex 15.6924 -53.4488 2.4
    endloop
  endfacet
  facet normal 0.629312 0.777153 -0
    outer loop
      vertex -9.69846 -61.6988 3.8147e-07
      vertex -11.0407 -60.6119 2.4
      vertex -9.69846 -61.6988 2.4
    endloop
  endfacet
  facet normal 0.629312 0.777153 0
    outer loop
      vertex -11.0407 -60.6119 2.4
      vertex -9.69846 -61.6988 3.8147e-07
      vertex -11.0407 -60.6119 3.8147e-07
    endloop
  endfacet
  facet normal -0.707107 -0.707107 0
    outer loop
      vertex 11.0407 -36.0881 3.8147e-07
      vertex 12.2619 -37.3093 2.4
      vertex 11.0407 -36.0881 2.4
    endloop
  endfacet
  facet normal -0.707107 -0.707107 -0
    outer loop
      vertex 12.2619 -37.3093 2.4
      vertex 11.0407 -36.0881 3.8147e-07
      vertex 12.2619 -37.3093 3.8147e-07
    endloop
  endfacet
  facet normal 0.987686 -0.15645 0
    outer loop
      vertex -16.4096 -46.6253 2.4
      vertex -16.1394 -44.9195 3.8147e-07
      vertex -16.1394 -44.9195 2.4
    endloop
  endfacet
  facet normal 0.987686 -0.15645 0
    outer loop
      vertex -16.1394 -44.9195 3.8147e-07
      vertex -16.4096 -46.6253 2.4
      vertex -16.4096 -46.6253 3.8147e-07
    endloop
  endfacet
  facet normal -0.707107 0.707107 0
    outer loop
      vertex 12.2619 -59.3907 3.8147e-07
      vertex 11.0407 -60.6119 2.4
      vertex 12.2619 -59.3907 2.4
    endloop
  endfacet
  facet normal -0.707107 0.707107 0
    outer loop
      vertex 11.0407 -60.6119 2.4
      vertex 12.2619 -59.3907 3.8147e-07
      vertex 11.0407 -60.6119 3.8147e-07
    endloop
  endfacet
  facet normal -0.629312 0.777153 0
    outer loop
      vertex 11.0407 -60.6119 3.8147e-07
      vertex 9.69846 -61.6988 2.4
      vertex 11.0407 -60.6119 2.4
    endloop
  endfacet
  facet normal -0.629312 0.777153 0
    outer loop
      vertex 9.69846 -61.6988 2.4
      vertex 11.0407 -60.6119 3.8147e-07
      vertex 9.69846 -61.6988 3.8147e-07
    endloop
  endfacet
  facet normal 0.358352 0.933586 -0
    outer loop
      vertex -5.09878 -64.0424 3.8147e-07
      vertex -6.71115 -63.4235 2.4
      vertex -5.09878 -64.0424 2.4
    endloop
  endfacet
  facet normal 0.358352 0.933586 0
    outer loop
      vertex -6.71115 -63.4235 2.4
      vertex -5.09878 -64.0424 3.8147e-07
      vertex -6.71115 -63.4235 3.8147e-07
    endloop
  endfacet
  facet normal 0.544622 0.838681 -0
    outer loop
      vertex -8.25 -62.6394 3.8147e-07
      vertex -9.69846 -61.6988 2.4
      vertex -8.25 -62.6394 2.4
    endloop
  endfacet
  facet normal 0.544622 0.838681 0
    outer loop
      vertex -9.69846 -61.6988 2.4
      vertex -8.25 -62.6394 3.8147e-07
      vertex -9.69846 -61.6988 3.8147e-07
    endloop
  endfacet
  facet normal 0.933589 -0.358347 0
    outer loop
      vertex -15.6924 -43.2512 2.4
      vertex -15.0735 -41.6388 3.8147e-07
      vertex -15.0735 -41.6388 2.4
    endloop
  endfacet
  facet normal 0.933589 -0.358347 0
    outer loop
      vertex -15.0735 -41.6388 3.8147e-07
      vertex -15.6924 -43.2512 2.4
      vertex -15.6924 -43.2512 3.8147e-07
    endloop
  endfacet
  facet normal -1 0 0
    outer loop
      vertex 25 -23.1 18.9
      vertex 25 -20 2.4
      vertex 25 -23.1 2.4
    endloop
  endfacet
  facet normal -1 0 0
    outer loop
      vertex 25 -20 2.4
      vertex 25 -23.1 18.9
      vertex 25 -20 20.4
    endloop
  endfacet
  facet normal -1 0 0
    outer loop
      vertex 25 -50 20.4
      vertex 25 -23.1 18.9
      vertex 25 -50 18.9
    endloop
  endfacet
  facet normal -1 0 0
    outer loop
      vertex 25 -23.1 18.9
      vertex 25 -50 20.4
      vertex 25 -20 20.4
    endloop
  endfacet
  facet normal 1 0 0
    outer loop
      vertex 21 -20 20.4
      vertex 21 -23.1 18.9
      vertex 21 -20 2.4
    endloop
  endfacet
  facet normal 1 -0 0
    outer loop
      vertex 21 -50 20.4
      vertex 21 -23.1 18.9
      vertex 21 -20 20.4
    endloop
  endfacet
  facet normal 1 0 0
    outer loop
      vertex 21 -23.1 18.9
      vertex 21 -50 20.4
      vertex 21 -50 18.9
    endloop
  endfacet
  facet normal 1 0 0
    outer loop
      vertex 21 -20 2.4
      vertex 21 -23.1 18.9
      vertex 21 -23.1 2.4
    endloop
  endfacet
  facet normal 0 -1 0
    outer loop
      vertex 21 -20 2.4
      vertex 25 -20 20.4
      vertex 21 -20 20.4
    endloop
  endfacet
  facet normal 0 -1 -0
    outer loop
      vertex 25 -20 20.4
      vertex 21 -20 2.4
      vertex 25 -20 2.4
    endloop
  endfacet
  facet normal 0 1 -0
    outer loop
      vertex 25 -50 18.9
      vertex 21 -50 20.4
      vertex 25 -50 20.4
    endloop
  endfacet
  facet normal 0 1 0
    outer loop
      vertex 21 -50 20.4
      vertex 25 -50 18.9
      vertex 21 -50 18.9
    endloop
  endfacet
  facet normal 0.156407 0.987693 -0
    outer loop
      vertex -0.146339 -1.39233 15.4
      vertex -0.291076 -1.36941 17.6
      vertex -0.146339 -1.39233 17.6
    endloop
  endfacet
  facet normal 0.156407 0.987693 0
    outer loop
      vertex -0.291076 -1.36941 17.6
      vertex -0.146339 -1.39233 15.4
      vertex -0.291076 -1.36941 15.4
    endloop
  endfacet
  facet normal 0.707107 0.707107 0
    outer loop
      vertex -0.936783 -1.0404 17.6
      vertex -1.0404 -0.936783 15.4
      vertex -1.0404 -0.936783 17.6
    endloop
  endfacet
  facet normal 0.707107 0.707107 0
    outer loop
      vertex -1.0404 -0.936783 15.4
      vertex -0.936783 -1.0404 17.6
      vertex -0.936783 -1.0404 15.4
    endloop
  endfacet
  facet normal -0.987693 -0.156407 0
    outer loop
      vertex 1.39233 0.146339 15.4
      vertex 1.36941 0.291076 17.6
      vertex 1.36941 0.291076 15.4
    endloop
  endfacet
  facet normal -0.987693 -0.156407 0
    outer loop
      vertex 1.36941 0.291076 17.6
      vertex 1.39233 0.146339 15.4
      vertex 1.39233 0.146339 17.6
    endloop
  endfacet
  facet normal 0.156407 -0.987693 0
    outer loop
      vertex -0.291076 1.36941 15.4
      vertex -0.146339 1.39233 17.6
      vertex -0.291076 1.36941 17.6
    endloop
  endfacet
  facet normal 0.156407 -0.987693 0
    outer loop
      vertex -0.146339 1.39233 17.6
      vertex -0.291076 1.36941 15.4
      vertex -0.146339 1.39233 15.4
    endloop
  endfacet
  facet normal -0.453997 -0.891003 0
    outer loop
      vertex 0.56943 1.27896 15.4
      vertex 0.7 1.21243 17.6
      vertex 0.56943 1.27896 17.6
    endloop
  endfacet
  facet normal -0.453997 -0.891003 -0
    outer loop
      vertex 0.7 1.21243 17.6
      vertex 0.56943 1.27896 15.4
      vertex 0.7 1.21243 15.4
    endloop
  endfacet
  facet normal 0.0523407 0.998629 -0
    outer loop
      vertex 0 -1.4 15.4
      vertex -0.146339 -1.39233 17.6
      vertex 0 -1.4 17.6
    endloop
  endfacet
  facet normal 0.0523407 0.998629 0
    outer loop
      vertex -0.146339 -1.39233 17.6
      vertex 0 -1.4 15.4
      vertex -0.146339 -1.39233 15.4
    endloop
  endfacet
  facet normal 0.965921 0.258836 0
    outer loop
      vertex -1.33148 -0.432623 17.6
      vertex -1.36941 -0.291076 15.4
      vertex -1.36941 -0.291076 17.6
    endloop
  endfacet
  facet normal 0.965921 0.258836 0
    outer loop
      vertex -1.36941 -0.291076 15.4
      vertex -1.33148 -0.432623 17.6
      vertex -1.33148 -0.432623 15.4
    endloop
  endfacet
  facet normal -0.544632 0.838675 0
    outer loop
      vertex 0.822899 -1.13262 15.4
      vertex 0.7 -1.21243 17.6
      vertex 0.822899 -1.13262 17.6
    endloop
  endfacet
  facet normal -0.544632 0.838675 0
    outer loop
      vertex 0.7 -1.21243 17.6
      vertex 0.822899 -1.13262 15.4
      vertex 0.7 -1.21243 15.4
    endloop
  endfacet
  facet normal -0.707107 -0.707107 0
    outer loop
      vertex 1.0404 0.936783 15.4
      vertex 0.936783 1.0404 17.6
      vertex 0.936783 1.0404 15.4
    endloop
  endfacet
  facet normal -0.707107 -0.707107 0
    outer loop
      vertex 0.936783 1.0404 17.6
      vertex 1.0404 0.936783 15.4
      vertex 1.0404 0.936783 17.6
    endloop
  endfacet
  facet normal -0.777151 0.629314 0
    outer loop
      vertex 1.0404 -0.936783 15.4
      vertex 1.13262 -0.822899 17.6
      vertex 1.13262 -0.822899 15.4
    endloop
  endfacet
  facet normal -0.777151 0.629314 0
    outer loop
      vertex 1.13262 -0.822899 17.6
      vertex 1.0404 -0.936783 15.4
      vertex 1.0404 -0.936783 17.6
    endloop
  endfacet
  facet normal -0.0523407 -0.998629 0
    outer loop
      vertex 0 1.4 15.4
      vertex 0.146339 1.39233 17.6
      vertex 0 1.4 17.6
    endloop
  endfacet
  facet normal -0.0523407 -0.998629 -0
    outer loop
      vertex 0.146339 1.39233 17.6
      vertex 0 1.4 15.4
      vertex 0.146339 1.39233 15.4
    endloop
  endfacet
  facet normal -0.93357 -0.358396 0
    outer loop
      vertex 1.33148 0.432623 15.4
      vertex 1.27896 0.56943 17.6
      vertex 1.27896 0.56943 15.4
    endloop
  endfacet
  facet normal -0.93357 -0.358396 0
    outer loop
      vertex 1.27896 0.56943 17.6
      vertex 1.33148 0.432623 15.4
      vertex 1.33148 0.432623 17.6
    endloop
  endfacet
  facet normal 0.258836 -0.965921 0
    outer loop
      vertex -0.432623 1.33148 15.4
      vertex -0.291076 1.36941 17.6
      vertex -0.432623 1.33148 17.6
    endloop
  endfacet
  facet normal 0.258836 -0.965921 0
    outer loop
      vertex -0.291076 1.36941 17.6
      vertex -0.432623 1.33148 15.4
      vertex -0.291076 1.36941 15.4
    endloop
  endfacet
  facet normal 0.0523407 -0.998629 0
    outer loop
      vertex -0.146339 1.39233 15.4
      vertex 0 1.4 17.6
      vertex -0.146339 1.39233 17.6
    endloop
  endfacet
  facet normal 0.0523407 -0.998629 0
    outer loop
      vertex 0 1.4 17.6
      vertex -0.146339 1.39233 15.4
      vertex 0 1.4 15.4
    endloop
  endfacet
  facet normal -0.629314 0.777151 0
    outer loop
      vertex 0.936783 -1.0404 15.4
      vertex 0.822899 -1.13262 17.6
      vertex 0.936783 -1.0404 17.6
    endloop
  endfacet
  facet normal -0.629314 0.777151 0
    outer loop
      vertex 0.822899 -1.13262 17.6
      vertex 0.936783 -1.0404 15.4
      vertex 0.822899 -1.13262 15.4
    endloop
  endfacet
  facet normal 0.544632 -0.838675 0
    outer loop
      vertex -0.822899 1.13262 15.4
      vertex -0.7 1.21243 17.6
      vertex -0.822899 1.13262 17.6
    endloop
  endfacet
  facet normal 0.544632 -0.838675 0
    outer loop
      vertex -0.7 1.21243 17.6
      vertex -0.822899 1.13262 15.4
      vertex -0.7 1.21243 15.4
    endloop
  endfacet
  facet normal -0.891003 0.453997 0
    outer loop
      vertex 1.21243 -0.7 15.4
      vertex 1.27896 -0.56943 17.6
      vertex 1.27896 -0.56943 15.4
    endloop
  endfacet
  facet normal -0.891003 0.453997 0
    outer loop
      vertex 1.27896 -0.56943 17.6
      vertex 1.21243 -0.7 15.4
      vertex 1.21243 -0.7 17.6
    endloop
  endfacet
  facet normal 0.891003 0.453997 0
    outer loop
      vertex -1.21243 -0.7 17.6
      vertex -1.27896 -0.56943 15.4
      vertex -1.27896 -0.56943 17.6
    endloop
  endfacet
  facet normal 0.891003 0.453997 0
    outer loop
      vertex -1.27896 -0.56943 15.4
      vertex -1.21243 -0.7 17.6
      vertex -1.21243 -0.7 15.4
    endloop
  endfacet
  facet normal -0.998629 -0.0523407 0
    outer loop
      vertex 1.4 0 15.4
      vertex 1.39233 0.146339 17.6
      vertex 1.39233 0.146339 15.4
    endloop
  endfacet
  facet normal -0.998629 -0.0523407 0
    outer loop
      vertex 1.39233 0.146339 17.6
      vertex 1.4 0 15.4
      vertex 1.4 0 17.6
    endloop
  endfacet
  facet normal -0.965921 -0.258836 0
    outer loop
      vertex 1.36941 0.291076 15.4
      vertex 1.33148 0.432623 17.6
      vertex 1.33148 0.432623 15.4
    endloop
  endfacet
  facet normal -0.965921 -0.258836 0
    outer loop
      vertex 1.33148 0.432623 17.6
      vertex 1.36941 0.291076 15.4
      vertex 1.36941 0.291076 17.6
    endloop
  endfacet
  facet normal 0.998629 0.0523407 0
    outer loop
      vertex -1.39233 -0.146339 17.6
      vertex -1.4 0 15.4
      vertex -1.4 0 17.6
    endloop
  endfacet
  facet normal 0.998629 0.0523407 0
    outer loop
      vertex -1.4 0 15.4
      vertex -1.39233 -0.146339 17.6
      vertex -1.39233 -0.146339 15.4
    endloop
  endfacet
  facet normal 0.93357 0.358396 0
    outer loop
      vertex -1.27896 -0.56943 17.6
      vertex -1.33148 -0.432623 15.4
      vertex -1.33148 -0.432623 17.6
    endloop
  endfacet
  facet normal 0.93357 0.358396 0
    outer loop
      vertex -1.33148 -0.432623 15.4
      vertex -1.27896 -0.56943 17.6
      vertex -1.27896 -0.56943 15.4
    endloop
  endfacet
  facet normal -0.156407 0.987693 0
    outer loop
      vertex 0.291076 -1.36941 15.4
      vertex 0.146339 -1.39233 17.6
      vertex 0.291076 -1.36941 17.6
    endloop
  endfacet
  facet normal -0.156407 0.987693 0
    outer loop
      vertex 0.146339 -1.39233 17.6
      vertex 0.291076 -1.36941 15.4
      vertex 0.146339 -1.39233 15.4
    endloop
  endfacet
  facet normal 0.629314 -0.777151 0
    outer loop
      vertex -0.936783 1.0404 15.4
      vertex -0.822899 1.13262 17.6
      vertex -0.936783 1.0404 17.6
    endloop
  endfacet
  facet normal 0.629314 -0.777151 0
    outer loop
      vertex -0.822899 1.13262 17.6
      vertex -0.936783 1.0404 15.4
      vertex -0.822899 1.13262 15.4
    endloop
  endfacet
  facet normal -0.838675 -0.544632 0
    outer loop
      vertex 1.21243 0.7 15.4
      vertex 1.13262 0.822899 17.6
      vertex 1.13262 0.822899 15.4
    endloop
  endfacet
  facet normal -0.838675 -0.544632 0
    outer loop
      vertex 1.13262 0.822899 17.6
      vertex 1.21243 0.7 15.4
      vertex 1.21243 0.7 17.6
    endloop
  endfacet
  facet normal -0.891003 -0.453997 0
    outer loop
      vertex 1.27896 0.56943 15.4
      vertex 1.21243 0.7 17.6
      vertex 1.21243 0.7 15.4
    endloop
  endfacet
  facet normal -0.891003 -0.453997 0
    outer loop
      vertex 1.21243 0.7 17.6
      vertex 1.27896 0.56943 15.4
      vertex 1.27896 0.56943 17.6
    endloop
  endfacet
  facet normal 0.258836 0.965921 -0
    outer loop
      vertex -0.291076 -1.36941 15.4
      vertex -0.432623 -1.33148 17.6
      vertex -0.291076 -1.36941 17.6
    endloop
  endfacet
  facet normal 0.258836 0.965921 0
    outer loop
      vertex -0.432623 -1.33148 17.6
      vertex -0.291076 -1.36941 15.4
      vertex -0.432623 -1.33148 15.4
    endloop
  endfacet
  facet normal -0.777151 -0.629314 0
    outer loop
      vertex 1.13262 0.822899 15.4
      vertex 1.0404 0.936783 17.6
      vertex 1.0404 0.936783 15.4
    endloop
  endfacet
  facet normal -0.777151 -0.629314 0
    outer loop
      vertex 1.0404 0.936783 17.6
      vertex 1.13262 0.822899 15.4
      vertex 1.13262 0.822899 17.6
    endloop
  endfacet
  facet normal 0.544632 0.838675 -0
    outer loop
      vertex -0.7 -1.21243 15.4
      vertex -0.822899 -1.13262 17.6
      vertex -0.7 -1.21243 17.6
    endloop
  endfacet
  facet normal 0.544632 0.838675 0
    outer loop
      vertex -0.822899 -1.13262 17.6
      vertex -0.7 -1.21243 15.4
      vertex -0.822899 -1.13262 15.4
    endloop
  endfacet
  facet normal -0.838675 0.544632 0
    outer loop
      vertex 1.13262 -0.822899 15.4
      vertex 1.21243 -0.7 17.6
      vertex 1.21243 -0.7 15.4
    endloop
  endfacet
  facet normal -0.838675 0.544632 0
    outer loop
      vertex 1.21243 -0.7 17.6
      vertex 1.13262 -0.822899 15.4
      vertex 1.13262 -0.822899 17.6
    endloop
  endfacet
  facet normal -0.998629 0.0523407 0
    outer loop
      vertex 1.39233 -0.146339 15.4
      vertex 1.4 0 17.6
      vertex 1.4 0 15.4
    endloop
  endfacet
  facet normal -0.998629 0.0523407 0
    outer loop
      vertex 1.4 0 17.6
      vertex 1.39233 -0.146339 15.4
      vertex 1.39233 -0.146339 17.6
    endloop
  endfacet
  facet normal 0.453997 0.891003 -0
    outer loop
      vertex -0.56943 -1.27896 15.4
      vertex -0.7 -1.21243 17.6
      vertex -0.56943 -1.27896 17.6
    endloop
  endfacet
  facet normal 0.453997 0.891003 0
    outer loop
      vertex -0.7 -1.21243 17.6
      vertex -0.56943 -1.27896 15.4
      vertex -0.7 -1.21243 15.4
    endloop
  endfacet
  facet normal 0.838675 -0.544632 0
    outer loop
      vertex -1.21243 0.7 17.6
      vertex -1.13262 0.822899 15.4
      vertex -1.13262 0.822899 17.6
    endloop
  endfacet
  facet normal 0.838675 -0.544632 0
    outer loop
      vertex -1.13262 0.822899 15.4
      vertex -1.21243 0.7 17.6
      vertex -1.21243 0.7 15.4
    endloop
  endfacet
  facet normal -0.987693 0.156407 0
    outer loop
      vertex 1.36941 -0.291076 15.4
      vertex 1.39233 -0.146339 17.6
      vertex 1.39233 -0.146339 15.4
    endloop
  endfacet
  facet normal -0.987693 0.156407 0
    outer loop
      vertex 1.39233 -0.146339 17.6
      vertex 1.36941 -0.291076 15.4
      vertex 1.36941 -0.291076 17.6
    endloop
  endfacet
  facet normal 0.707107 -0.707107 0
    outer loop
      vertex -1.0404 0.936783 17.6
      vertex -0.936783 1.0404 15.4
      vertex -0.936783 1.0404 17.6
    endloop
  endfacet
  facet normal 0.707107 -0.707107 0
    outer loop
      vertex -0.936783 1.0404 15.4
      vertex -1.0404 0.936783 17.6
      vertex -1.0404 0.936783 15.4
    endloop
  endfacet
  facet normal -0.0523407 0.998629 0
    outer loop
      vertex 0.146339 -1.39233 15.4
      vertex 0 -1.4 17.6
      vertex 0.146339 -1.39233 17.6
    endloop
  endfacet
  facet normal -0.0523407 0.998629 0
    outer loop
      vertex 0 -1.4 17.6
      vertex 0.146339 -1.39233 15.4
      vertex 0 -1.4 15.4
    endloop
  endfacet
  facet normal 0.998629 -0.0523407 0
    outer loop
      vertex -1.4 0 17.6
      vertex -1.39233 0.146339 15.4
      vertex -1.39233 0.146339 17.6
    endloop
  endfacet
  facet normal 0.998629 -0.0523407 0
    outer loop
      vertex -1.39233 0.146339 15.4
      vertex -1.4 0 17.6
      vertex -1.4 0 15.4
    endloop
  endfacet
  facet normal 0.629314 0.777151 -0
    outer loop
      vertex -0.822899 -1.13262 15.4
      vertex -0.936783 -1.0404 17.6
      vertex -0.822899 -1.13262 17.6
    endloop
  endfacet
  facet normal 0.629314 0.777151 0
    outer loop
      vertex -0.936783 -1.0404 17.6
      vertex -0.822899 -1.13262 15.4
      vertex -0.936783 -1.0404 15.4
    endloop
  endfacet
  facet normal -0.358396 -0.93357 0
    outer loop
      vertex 0.432623 1.33148 15.4
      vertex 0.56943 1.27896 17.6
      vertex 0.432623 1.33148 17.6
    endloop
  endfacet
  facet normal -0.358396 -0.93357 -0
    outer loop
      vertex 0.56943 1.27896 17.6
      vertex 0.432623 1.33148 15.4
      vertex 0.56943 1.27896 15.4
    endloop
  endfacet
  facet normal -0.544632 -0.838675 0
    outer loop
      vertex 0.7 1.21243 15.4
      vertex 0.822899 1.13262 17.6
      vertex 0.7 1.21243 17.6
    endloop
  endfacet
  facet normal -0.544632 -0.838675 -0
    outer loop
      vertex 0.822899 1.13262 17.6
      vertex 0.7 1.21243 15.4
      vertex 0.822899 1.13262 15.4
    endloop
  endfacet
  facet normal -0.965921 0.258836 0
    outer loop
      vertex 1.33148 -0.432623 15.4
      vertex 1.36941 -0.291076 17.6
      vertex 1.36941 -0.291076 15.4
    endloop
  endfacet
  facet normal -0.965921 0.258836 0
    outer loop
      vertex 1.36941 -0.291076 17.6
      vertex 1.33148 -0.432623 15.4
      vertex 1.33148 -0.432623 17.6
    endloop
  endfacet
  facet normal -0.93357 0.358396 0
    outer loop
      vertex 1.27896 -0.56943 15.4
      vertex 1.33148 -0.432623 17.6
      vertex 1.33148 -0.432623 15.4
    endloop
  endfacet
  facet normal -0.93357 0.358396 0
    outer loop
      vertex 1.33148 -0.432623 17.6
      vertex 1.27896 -0.56943 15.4
      vertex 1.27896 -0.56943 17.6
    endloop
  endfacet
  facet normal -0.258836 0.965921 0
    outer loop
      vertex 0.432623 -1.33148 15.4
      vertex 0.291076 -1.36941 17.6
      vertex 0.432623 -1.33148 17.6
    endloop
  endfacet
  facet normal -0.258836 0.965921 0
    outer loop
      vertex 0.291076 -1.36941 17.6
      vertex 0.432623 -1.33148 15.4
      vertex 0.291076 -1.36941 15.4
    endloop
  endfacet
  facet normal 0.987693 -0.156407 0
    outer loop
      vertex -1.39233 0.146339 17.6
      vertex -1.36941 0.291076 15.4
      vertex -1.36941 0.291076 17.6
    endloop
  endfacet
  facet normal 0.987693 -0.156407 0
    outer loop
      vertex -1.36941 0.291076 15.4
      vertex -1.39233 0.146339 17.6
      vertex -1.39233 0.146339 15.4
    endloop
  endfacet
  facet normal 0.93357 -0.358396 0
    outer loop
      vertex -1.33148 0.432623 17.6
      vertex -1.27896 0.56943 15.4
      vertex -1.27896 0.56943 17.6
    endloop
  endfacet
  facet normal 0.93357 -0.358396 0
    outer loop
      vertex -1.27896 0.56943 15.4
      vertex -1.33148 0.432623 17.6
      vertex -1.33148 0.432623 15.4
    endloop
  endfacet
  facet normal -0.629314 -0.777151 0
    outer loop
      vertex 0.822899 1.13262 15.4
      vertex 0.936783 1.0404 17.6
      vertex 0.822899 1.13262 17.6
    endloop
  endfacet
  facet normal -0.629314 -0.777151 -0
    outer loop
      vertex 0.936783 1.0404 17.6
      vertex 0.822899 1.13262 15.4
      vertex 0.936783 1.0404 15.4
    endloop
  endfacet
  facet normal -0.156407 -0.987693 0
    outer loop
      vertex 0.146339 1.39233 15.4
      vertex 0.291076 1.36941 17.6
      vertex 0.146339 1.39233 17.6
    endloop
  endfacet
  facet normal -0.156407 -0.987693 -0
    outer loop
      vertex 0.291076 1.36941 17.6
      vertex 0.146339 1.39233 15.4
      vertex 0.291076 1.36941 15.4
    endloop
  endfacet
  facet normal 0.777151 0.629314 0
    outer loop
      vertex -1.0404 -0.936783 17.6
      vertex -1.13262 -0.822899 15.4
      vertex -1.13262 -0.822899 17.6
    endloop
  endfacet
  facet normal 0.777151 0.629314 0
    outer loop
      vertex -1.13262 -0.822899 15.4
      vertex -1.0404 -0.936783 17.6
      vertex -1.0404 -0.936783 15.4
    endloop
  endfacet
  facet normal 0.838675 0.544632 0
    outer loop
      vertex -1.13262 -0.822899 17.6
      vertex -1.21243 -0.7 15.4
      vertex -1.21243 -0.7 17.6
    endloop
  endfacet
  facet normal 0.838675 0.544632 0
    outer loop
      vertex -1.21243 -0.7 15.4
      vertex -1.13262 -0.822899 17.6
      vertex -1.13262 -0.822899 15.4
    endloop
  endfacet
  facet normal 0.358396 0.93357 -0
    outer loop
      vertex -0.432623 -1.33148 15.4
      vertex -0.56943 -1.27896 17.6
      vertex -0.432623 -1.33148 17.6
    endloop
  endfacet
  facet normal 0.358396 0.93357 0
    outer loop
      vertex -0.56943 -1.27896 17.6
      vertex -0.432623 -1.33148 15.4
      vertex -0.56943 -1.27896 15.4
    endloop
  endfacet
  facet normal -0.707107 0.707107 0
    outer loop
      vertex 0.936783 -1.0404 15.4
      vertex 1.0404 -0.936783 17.6
      vertex 1.0404 -0.936783 15.4
    endloop
  endfacet
  facet normal -0.707107 0.707107 0
    outer loop
      vertex 1.0404 -0.936783 17.6
      vertex 0.936783 -1.0404 15.4
      vertex 0.936783 -1.0404 17.6
    endloop
  endfacet
  facet normal 0.965921 -0.258836 0
    outer loop
      vertex -1.36941 0.291076 17.6
      vertex -1.33148 0.432623 15.4
      vertex -1.33148 0.432623 17.6
    endloop
  endfacet
  facet normal 0.965921 -0.258836 0
    outer loop
      vertex -1.33148 0.432623 15.4
      vertex -1.36941 0.291076 17.6
      vertex -1.36941 0.291076 15.4
    endloop
  endfacet
  facet normal -0.258836 -0.965921 0
    outer loop
      vertex 0.291076 1.36941 15.4
      vertex 0.432623 1.33148 17.6
      vertex 0.291076 1.36941 17.6
    endloop
  endfacet
  facet normal -0.258836 -0.965921 -0
    outer loop
      vertex 0.432623 1.33148 17.6
      vertex 0.291076 1.36941 15.4
      vertex 0.432623 1.33148 15.4
    endloop
  endfacet
  facet normal 0.987693 0.156407 0
    outer loop
      vertex -1.36941 -0.291076 17.6
      vertex -1.39233 -0.146339 15.4
      vertex -1.39233 -0.146339 17.6
    endloop
  endfacet
  facet normal 0.987693 0.156407 0
    outer loop
      vertex -1.39233 -0.146339 15.4
      vertex -1.36941 -0.291076 17.6
      vertex -1.36941 -0.291076 15.4
    endloop
  endfacet
  facet normal -0.358396 0.93357 0
    outer loop
      vertex 0.56943 -1.27896 15.4
      vertex 0.432623 -1.33148 17.6
      vertex 0.56943 -1.27896 17.6
    endloop
  endfacet
  facet normal -0.358396 0.93357 0
    outer loop
      vertex 0.432623 -1.33148 17.6
      vertex 0.56943 -1.27896 15.4
      vertex 0.432623 -1.33148 15.4
    endloop
  endfacet
  facet normal -0.453997 0.891003 0
    outer loop
      vertex 0.7 -1.21243 15.4
      vertex 0.56943 -1.27896 17.6
      vertex 0.7 -1.21243 17.6
    endloop
  endfacet
  facet normal -0.453997 0.891003 0
    outer loop
      vertex 0.56943 -1.27896 17.6
      vertex 0.7 -1.21243 15.4
      vertex 0.56943 -1.27896 15.4
    endloop
  endfacet
  facet normal 0.777151 -0.629314 0
    outer loop
      vertex -1.13262 0.822899 17.6
      vertex -1.0404 0.936783 15.4
      vertex -1.0404 0.936783 17.6
    endloop
  endfacet
  facet normal 0.777151 -0.629314 0
    outer loop
      vertex -1.0404 0.936783 15.4
      vertex -1.13262 0.822899 17.6
      vertex -1.13262 0.822899 15.4
    endloop
  endfacet
  facet normal 0.453997 -0.891003 0
    outer loop
      vertex -0.7 1.21243 15.4
      vertex -0.56943 1.27896 17.6
      vertex -0.7 1.21243 17.6
    endloop
  endfacet
  facet normal 0.453997 -0.891003 0
    outer loop
      vertex -0.56943 1.27896 17.6
      vertex -0.7 1.21243 15.4
      vertex -0.56943 1.27896 15.4
    endloop
  endfacet
  facet normal 0.358396 -0.93357 0
    outer loop
      vertex -0.56943 1.27896 15.4
      vertex -0.432623 1.33148 17.6
      vertex -0.56943 1.27896 17.6
    endloop
  endfacet
  facet normal 0.358396 -0.93357 0
    outer loop
      vertex -0.432623 1.33148 17.6
      vertex -0.56943 1.27896 15.4
      vertex -0.432623 1.33148 15.4
    endloop
  endfacet
  facet normal 0.891003 -0.453997 0
    outer loop
      vertex -1.27896 0.56943 17.6
      vertex -1.21243 0.7 15.4
      vertex -1.21243 0.7 17.6
    endloop
  endfacet
  facet normal 0.891003 -0.453997 0
    outer loop
      vertex -1.21243 0.7 15.4
      vertex -1.27896 0.56943 17.6
      vertex -1.27896 0.56943 15.4
    endloop
  endfacet
endsolid OpenSCAD_Model
