solid OpenSCAD_Model
  facet normal 0.987688 0 -0.156435
    outer loop
      vertex 15.6637 46.8 10.3537
      vertex 15.4058 58 8.72539
      vertex 15.6637 58 10.3537
    endloop
  endfacet
  facet normal 0.987688 0 -0.156435
    outer loop
      vertex 15.4058 58 8.72539
      vertex 15.6637 46.8 10.3537
      vertex 15.4058 46.8 8.72539
    endloop
  endfacet
  facet normal 0.987688 0 -0.156435
    outer loop
      vertex 15.6637 29 10.3537
      vertex 15.4058 44 8.72539
      vertex 15.6637 44 10.3537
    endloop
  endfacet
  facet normal 0.987688 0 -0.156435
    outer loop
      vertex 15.4058 44 8.72539
      vertex 15.6637 29 10.3537
      vertex 15.4058 29 8.72539
    endloop
  endfacet
  facet normal 0.998629 0 -0.0523487
    outer loop
      vertex 15.75 46.8 12
      vertex 15.6637 58 10.3537
      vertex 15.75 58 12
    endloop
  endfacet
  facet normal 0.998629 0 -0.0523487
    outer loop
      vertex 15.6637 58 10.3537
      vertex 15.75 46.8 12
      vertex 15.6637 46.8 10.3537
    endloop
  endfacet
  facet normal 0.998629 0 -0.0523487
    outer loop
      vertex 15.75 29 12
      vertex 15.6637 44 10.3537
      vertex 15.75 44 12
    endloop
  endfacet
  facet normal 0.998629 0 -0.0523487
    outer loop
      vertex 15.6637 44 10.3537
      vertex 15.75 29 12
      vertex 15.6637 29 10.3537
    endloop
  endfacet
  facet normal 0 1 0
    outer loop
      vertex 0 58 25.25
      vertex 0 58 27.75
      vertex 1.64632 58 27.6637
    endloop
  endfacet
  facet normal 0 1 0
    outer loop
      vertex 1.385 58 25.1774
      vertex 1.64632 58 27.6637
      vertex 3.27461 58 27.4058
    endloop
  endfacet
  facet normal 0 1 0
    outer loop
      vertex 0 58 27.75
      vertex 0 58 25.25
      vertex -1.64632 58 27.6637
    endloop
  endfacet
  facet normal 0 1 0
    outer loop
      vertex 2.75483 58 24.9605
      vertex 3.27461 58 27.4058
      vertex 4.86702 58 26.9791
    endloop
  endfacet
  facet normal 0 1 -0
    outer loop
      vertex -1.385 58 25.1774
      vertex -1.64632 58 27.6637
      vertex 0 58 25.25
    endloop
  endfacet
  facet normal 0 1 0
    outer loop
      vertex 4.09447 58 24.6015
      vertex 4.86702 58 26.9791
      vertex 6.4061 58 26.3883
    endloop
  endfacet
  facet normal 0 1 0
    outer loop
      vertex -1.64632 58 27.6637
      vertex -1.385 58 25.1774
      vertex -3.27461 58 27.4058
    endloop
  endfacet
  facet normal 0 1 0
    outer loop
      vertex 5.38926 58 24.1045
      vertex 6.4061 58 26.3883
      vertex 7.875 58 25.6399
    endloop
  endfacet
  facet normal 0 1 -0
    outer loop
      vertex -2.75483 58 24.9605
      vertex -3.27461 58 27.4058
      vertex -1.385 58 25.1774
    endloop
  endfacet
  facet normal 0 1 0
    outer loop
      vertex -3.27461 58 27.4058
      vertex -2.75483 58 24.9605
      vertex -4.86702 58 26.9791
    endloop
  endfacet
  facet normal 0 1 0
    outer loop
      vertex 1.64632 58 27.6637
      vertex 1.385 58 25.1774
      vertex 0 58 25.25
    endloop
  endfacet
  facet normal 0 1 0
    outer loop
      vertex 3.27461 58 27.4058
      vertex 2.75483 58 24.9605
      vertex 1.385 58 25.1774
    endloop
  endfacet
  facet normal 0 1 0
    outer loop
      vertex 6.625 58 23.4748
      vertex 7.875 58 25.6399
      vertex 9.25762 58 24.742
    endloop
  endfacet
  facet normal 0 1 0
    outer loop
      vertex 4.86702 58 26.9791
      vertex 4.09447 58 24.6015
      vertex 2.75483 58 24.9605
    endloop
  endfacet
  facet normal 0 1 0
    outer loop
      vertex 6.4061 58 26.3883
      vertex 5.38926 58 24.1045
      vertex 4.09447 58 24.6015
    endloop
  endfacet
  facet normal 0 1 0
    outer loop
      vertex 7.78815 58 22.7195
      vertex 9.25762 58 24.742
      vertex 10.5388 58 23.7045
    endloop
  endfacet
  facet normal 0 1 0
    outer loop
      vertex 7.875 58 25.6399
      vertex 6.625 58 23.4748
      vertex 5.38926 58 24.1045
    endloop
  endfacet
  facet normal 0 1 0
    outer loop
      vertex 9.25762 58 24.742
      vertex 7.78815 58 22.7195
      vertex 6.625 58 23.4748
    endloop
  endfacet
  facet normal 0 1 0
    outer loop
      vertex 8.86598 58 21.8467
      vertex 10.5388 58 23.7045
      vertex 11.7045 58 22.5388
    endloop
  endfacet
  facet normal 0 1 0
    outer loop
      vertex 10.5388 58 23.7045
      vertex 8.86598 58 21.8467
      vertex 7.78815 58 22.7195
    endloop
  endfacet
  facet normal 0 1 0
    outer loop
      vertex 9.84667 58 20.866
      vertex 11.7045 58 22.5388
      vertex 12.742 58 21.2576
    endloop
  endfacet
  facet normal 0 1 0
    outer loop
      vertex 11.7045 58 22.5388
      vertex 9.84667 58 20.866
      vertex 8.86598 58 21.8467
    endloop
  endfacet
  facet normal 0 1 0
    outer loop
      vertex 10.7195 58 19.7882
      vertex 12.742 58 21.2576
      vertex 13.6399 58 19.875
    endloop
  endfacet
  facet normal 0 1 0
    outer loop
      vertex 12.742 58 21.2576
      vertex 10.7195 58 19.7882
      vertex 9.84667 58 20.866
    endloop
  endfacet
  facet normal 0 1 0
    outer loop
      vertex 13.6399 58 19.875
      vertex 11.4748 58 18.625
      vertex 10.7195 58 19.7882
    endloop
  endfacet
  facet normal 0 1 0
    outer loop
      vertex 14.3883 58 18.4061
      vertex 11.4748 58 18.625
      vertex 13.6399 58 19.875
    endloop
  endfacet
  facet normal 0 1 0
    outer loop
      vertex 14.3883 58 18.4061
      vertex 12.1045 58 17.3893
      vertex 11.4748 58 18.625
    endloop
  endfacet
  facet normal 0 1 0
    outer loop
      vertex 14.9791 58 16.867
      vertex 12.1045 58 17.3893
      vertex 14.3883 58 18.4061
    endloop
  endfacet
  facet normal 0 1 0
    outer loop
      vertex 14.9791 58 16.867
      vertex 12.6015 58 16.0945
      vertex 12.1045 58 17.3893
    endloop
  endfacet
  facet normal 0 1 0
    outer loop
      vertex 15.4058 58 15.2746
      vertex 12.6015 58 16.0945
      vertex 14.9791 58 16.867
    endloop
  endfacet
  facet normal 0 1 0
    outer loop
      vertex 15.4058 58 15.2746
      vertex 12.9605 58 14.7548
      vertex 12.6015 58 16.0945
    endloop
  endfacet
  facet normal 0 1 0
    outer loop
      vertex 15.6637 58 13.6463
      vertex 12.9605 58 14.7548
      vertex 15.4058 58 15.2746
    endloop
  endfacet
  facet normal 0 1 0
    outer loop
      vertex 15.6637 58 13.6463
      vertex 13.1774 58 13.385
      vertex 12.9605 58 14.7548
    endloop
  endfacet
  facet normal 0 1 0
    outer loop
      vertex 15.75 58 12
      vertex 13.1774 58 13.385
      vertex 15.6637 58 13.6463
    endloop
  endfacet
  facet normal 0 1 0
    outer loop
      vertex 15.75 58 12
      vertex 13.25 58 12
      vertex 13.1774 58 13.385
    endloop
  endfacet
  facet normal 0 1 0
    outer loop
      vertex 15.75 58 12
      vertex 13.1774 58 10.615
      vertex 13.25 58 12
    endloop
  endfacet
  facet normal 0 1 -0
    outer loop
      vertex 15.6637 58 10.3537
      vertex 13.1774 58 10.615
      vertex 15.75 58 12
    endloop
  endfacet
  facet normal 0 1 0
    outer loop
      vertex 15.6637 58 10.3537
      vertex 12.9605 58 9.24517
      vertex 13.1774 58 10.615
    endloop
  endfacet
  facet normal 0 1 -0
    outer loop
      vertex 15.4058 58 8.72539
      vertex 12.9605 58 9.24517
      vertex 15.6637 58 10.3537
    endloop
  endfacet
  facet normal 0 1 0
    outer loop
      vertex 15.4058 58 8.72539
      vertex 12.6015 58 7.90552
      vertex 12.9605 58 9.24517
    endloop
  endfacet
  facet normal 0 1 -0
    outer loop
      vertex 14.9791 58 7.13298
      vertex 12.6015 58 7.90552
      vertex 15.4058 58 8.72539
    endloop
  endfacet
  facet normal 0 1 0
    outer loop
      vertex 14.9791 58 7.13298
      vertex 12.1045 58 6.61074
      vertex 12.6015 58 7.90552
    endloop
  endfacet
  facet normal 0 1 -0
    outer loop
      vertex 14.3883 58 5.5939
      vertex 12.1045 58 6.61074
      vertex 14.9791 58 7.13298
    endloop
  endfacet
  facet normal 0 1 0
    outer loop
      vertex 14.3883 58 5.5939
      vertex 11.4748 58 5.375
      vertex 12.1045 58 6.61074
    endloop
  endfacet
  facet normal 0 1 -0
    outer loop
      vertex 13.6399 58 4.125
      vertex 11.4748 58 5.375
      vertex 14.3883 58 5.5939
    endloop
  endfacet
  facet normal 0 1 0
    outer loop
      vertex 11.4748 58 5.375
      vertex 13.6399 58 4.125
      vertex 10.7195 58 4.21185
    endloop
  endfacet
  facet normal 0 1 -0
    outer loop
      vertex 12.742 58 2.74238
      vertex 10.7195 58 4.21185
      vertex 13.6399 58 4.125
    endloop
  endfacet
  facet normal 0 1 0
    outer loop
      vertex 10.7195 58 4.21185
      vertex 12.742 58 2.74238
      vertex 9.84667 58 3.13402
    endloop
  endfacet
  facet normal 0 1 -0
    outer loop
      vertex 11.7045 58 1.46119
      vertex 9.84667 58 3.13402
      vertex 12.742 58 2.74238
    endloop
  endfacet
  facet normal 0 1 0
    outer loop
      vertex 9.84667 58 3.13402
      vertex 11.7045 58 1.46119
      vertex 8.86598 58 2.15333
    endloop
  endfacet
  facet normal 0 1 -0
    outer loop
      vertex 10.5388 58 0.295469
      vertex 8.86598 58 2.15333
      vertex 11.7045 58 1.46119
    endloop
  endfacet
  facet normal 0 1 0
    outer loop
      vertex 8.86598 58 2.15333
      vertex 10.5388 58 0.295469
      vertex 7.78815 58 1.28052
    endloop
  endfacet
  facet normal 0 1 -0
    outer loop
      vertex 9.25762 58 -0.742017
      vertex 7.78815 58 1.28052
      vertex 10.5388 58 0.295469
    endloop
  endfacet
  facet normal 0 1 0
    outer loop
      vertex 7.78815 58 1.28052
      vertex 9.25762 58 -0.742017
      vertex 6.625 58 0.525163
    endloop
  endfacet
  facet normal 0 1 -0
    outer loop
      vertex 7.875 58 -1.6399
      vertex 6.625 58 0.525163
      vertex 9.25762 58 -0.742017
    endloop
  endfacet
  facet normal 0 1 0
    outer loop
      vertex 6.625 58 0.525163
      vertex 7.875 58 -1.6399
      vertex 5.38926 58 -0.104477
    endloop
  endfacet
  facet normal 0 1 -0
    outer loop
      vertex 6.4061 58 -2.38834
      vertex 5.38926 58 -0.104477
      vertex 7.875 58 -1.6399
    endloop
  endfacet
  facet normal 0 1 0
    outer loop
      vertex 5.38926 58 -0.104477
      vertex 6.4061 58 -2.38834
      vertex 4.09447 58 -0.601499
    endloop
  endfacet
  facet normal 0 1 0
    outer loop
      vertex 4.09447 58 -0.601499
      vertex 4.86702 58 -2.97914
      vertex 2.75483 58 -0.960455
    endloop
  endfacet
  facet normal 0 1 -0
    outer loop
      vertex 4.86702 58 -2.97914
      vertex 4.09447 58 -0.601499
      vertex 6.4061 58 -2.38834
    endloop
  endfacet
  facet normal 0 1 -0
    outer loop
      vertex -4.09447 58 24.6015
      vertex -4.86702 58 26.9791
      vertex -2.75483 58 24.9605
    endloop
  endfacet
  facet normal 0 1 0
    outer loop
      vertex -4.86702 58 26.9791
      vertex -4.09447 58 24.6015
      vertex -6.4061 58 26.3883
    endloop
  endfacet
  facet normal 0 1 -0
    outer loop
      vertex -5.38926 58 24.1045
      vertex -6.4061 58 26.3883
      vertex -4.09447 58 24.6015
    endloop
  endfacet
  facet normal 0 1 0
    outer loop
      vertex -6.4061 58 26.3883
      vertex -5.38926 58 24.1045
      vertex -7.875 58 25.6399
    endloop
  endfacet
  facet normal 0 1 -0
    outer loop
      vertex -6.625 58 23.4748
      vertex -7.875 58 25.6399
      vertex -5.38926 58 24.1045
    endloop
  endfacet
  facet normal 0 1 0
    outer loop
      vertex -7.875 58 25.6399
      vertex -6.625 58 23.4748
      vertex -9.25762 58 24.742
    endloop
  endfacet
  facet normal 0 1 -0
    outer loop
      vertex -7.78815 58 22.7195
      vertex -9.25762 58 24.742
      vertex -6.625 58 23.4748
    endloop
  endfacet
  facet normal 0 1 0
    outer loop
      vertex -9.25762 58 24.742
      vertex -7.78815 58 22.7195
      vertex -10.5388 58 23.7045
    endloop
  endfacet
  facet normal 0 1 -0
    outer loop
      vertex -8.86598 58 21.8467
      vertex -10.5388 58 23.7045
      vertex -7.78815 58 22.7195
    endloop
  endfacet
  facet normal 0 1 0
    outer loop
      vertex -10.5388 58 23.7045
      vertex -8.86598 58 21.8467
      vertex -11.7045 58 22.5388
    endloop
  endfacet
  facet normal 0 1 -0
    outer loop
      vertex -9.84667 58 20.866
      vertex -11.7045 58 22.5388
      vertex -8.86598 58 21.8467
    endloop
  endfacet
  facet normal 0 1 0
    outer loop
      vertex -11.7045 58 22.5388
      vertex -9.84667 58 20.866
      vertex -12.742 58 21.2576
    endloop
  endfacet
  facet normal 0 1 -0
    outer loop
      vertex -10.7195 58 19.7882
      vertex -12.742 58 21.2576
      vertex -9.84667 58 20.866
    endloop
  endfacet
  facet normal 0 1 0
    outer loop
      vertex -12.742 58 21.2576
      vertex -10.7195 58 19.7882
      vertex -13.6399 58 19.875
    endloop
  endfacet
  facet normal 0 1 -0
    outer loop
      vertex -11.4748 58 18.625
      vertex -13.6399 58 19.875
      vertex -10.7195 58 19.7882
    endloop
  endfacet
  facet normal 0 1 0
    outer loop
      vertex -11.4748 58 18.625
      vertex -14.3883 58 18.4061
      vertex -13.6399 58 19.875
    endloop
  endfacet
  facet normal 0 1 -0
    outer loop
      vertex -12.1045 58 17.3893
      vertex -14.3883 58 18.4061
      vertex -11.4748 58 18.625
    endloop
  endfacet
  facet normal 0 1 0
    outer loop
      vertex -12.1045 58 17.3893
      vertex -14.9791 58 16.867
      vertex -14.3883 58 18.4061
    endloop
  endfacet
  facet normal 0 1 -0
    outer loop
      vertex -12.6015 58 16.0945
      vertex -14.9791 58 16.867
      vertex -12.1045 58 17.3893
    endloop
  endfacet
  facet normal 0 1 0
    outer loop
      vertex -12.6015 58 16.0945
      vertex -15.4058 58 15.2746
      vertex -14.9791 58 16.867
    endloop
  endfacet
  facet normal 0 1 -0
    outer loop
      vertex -12.9605 58 14.7548
      vertex -15.4058 58 15.2746
      vertex -12.6015 58 16.0945
    endloop
  endfacet
  facet normal 0 1 0
    outer loop
      vertex -12.9605 58 14.7548
      vertex -15.6637 58 13.6463
      vertex -15.4058 58 15.2746
    endloop
  endfacet
  facet normal 0 1 -0
    outer loop
      vertex -13.1774 58 13.385
      vertex -15.6637 58 13.6463
      vertex -12.9605 58 14.7548
    endloop
  endfacet
  facet normal 0 1 -0
    outer loop
      vertex -13.25 58 12
      vertex -15.6637 58 13.6463
      vertex -13.1774 58 13.385
    endloop
  endfacet
  facet normal 0 1 0
    outer loop
      vertex -13.25 58 12
      vertex -15.75 58 12
      vertex -15.6637 58 13.6463
    endloop
  endfacet
  facet normal 0 1 0
    outer loop
      vertex -13.1774 58 10.615
      vertex -15.75 58 12
      vertex -13.25 58 12
    endloop
  endfacet
  facet normal 0 1 0
    outer loop
      vertex -13.1774 58 10.615
      vertex -15.6637 58 10.3537
      vertex -15.75 58 12
    endloop
  endfacet
  facet normal 0 1 0
    outer loop
      vertex -12.9605 58 9.24517
      vertex -15.6637 58 10.3537
      vertex -13.1774 58 10.615
    endloop
  endfacet
  facet normal 0 1 0
    outer loop
      vertex -12.9605 58 9.24517
      vertex -15.4058 58 8.72539
      vertex -15.6637 58 10.3537
    endloop
  endfacet
  facet normal 0 1 0
    outer loop
      vertex -12.6015 58 7.90552
      vertex -15.4058 58 8.72539
      vertex -12.9605 58 9.24517
    endloop
  endfacet
  facet normal 0 1 0
    outer loop
      vertex -12.6015 58 7.90552
      vertex -14.9791 58 7.13298
      vertex -15.4058 58 8.72539
    endloop
  endfacet
  facet normal 0 1 0
    outer loop
      vertex -12.1045 58 6.61074
      vertex -14.9791 58 7.13298
      vertex -12.6015 58 7.90552
    endloop
  endfacet
  facet normal 0 1 0
    outer loop
      vertex -12.1045 58 6.61074
      vertex -14.3883 58 5.5939
      vertex -14.9791 58 7.13298
    endloop
  endfacet
  facet normal 0 1 0
    outer loop
      vertex -11.4748 58 5.375
      vertex -14.3883 58 5.5939
      vertex -12.1045 58 6.61074
    endloop
  endfacet
  facet normal 0 1 0
    outer loop
      vertex -13.6399 58 4.125
      vertex -11.4748 58 5.375
      vertex -10.7195 58 4.21185
    endloop
  endfacet
  facet normal 0 1 0
    outer loop
      vertex -11.4748 58 5.375
      vertex -13.6399 58 4.125
      vertex -14.3883 58 5.5939
    endloop
  endfacet
  facet normal 0 1 0
    outer loop
      vertex -12.742 58 2.74238
      vertex -10.7195 58 4.21185
      vertex -9.84667 58 3.13402
    endloop
  endfacet
  facet normal 0 1 0
    outer loop
      vertex -10.7195 58 4.21185
      vertex -12.742 58 2.74238
      vertex -13.6399 58 4.125
    endloop
  endfacet
  facet normal 0 1 0
    outer loop
      vertex -11.7045 58 1.46119
      vertex -9.84667 58 3.13402
      vertex -8.86598 58 2.15333
    endloop
  endfacet
  facet normal 0 1 0
    outer loop
      vertex -9.84667 58 3.13402
      vertex -11.7045 58 1.46119
      vertex -12.742 58 2.74238
    endloop
  endfacet
  facet normal 0 1 0
    outer loop
      vertex -10.5388 58 0.295469
      vertex -8.86598 58 2.15333
      vertex -7.78815 58 1.28052
    endloop
  endfacet
  facet normal 0 1 0
    outer loop
      vertex -9.25762 58 -0.742017
      vertex -7.78815 58 1.28052
      vertex -6.625 58 0.525163
    endloop
  endfacet
  facet normal 0 1 0
    outer loop
      vertex -8.86598 58 2.15333
      vertex -10.5388 58 0.295469
      vertex -11.7045 58 1.46119
    endloop
  endfacet
  facet normal 0 1 0
    outer loop
      vertex -7.875 58 -1.6399
      vertex -6.625 58 0.525163
      vertex -5.38926 58 -0.104477
    endloop
  endfacet
  facet normal 0 1 0
    outer loop
      vertex -6.4061 58 -2.38834
      vertex -5.38926 58 -0.104477
      vertex -4.09447 58 -0.601499
    endloop
  endfacet
  facet normal 0 1 0
    outer loop
      vertex -7.78815 58 1.28052
      vertex -9.25762 58 -0.742017
      vertex -10.5388 58 0.295469
    endloop
  endfacet
  facet normal 0 1 0
    outer loop
      vertex -4.86702 58 -2.97914
      vertex -4.09447 58 -0.601499
      vertex -2.75483 58 -0.960455
    endloop
  endfacet
  facet normal 0 1 0
    outer loop
      vertex -3.27461 58 -3.40582
      vertex -2.75483 58 -0.960455
      vertex -1.385 58 -1.17741
    endloop
  endfacet
  facet normal 0 1 0
    outer loop
      vertex -6.625 58 0.525163
      vertex -7.875 58 -1.6399
      vertex -9.25762 58 -0.742017
    endloop
  endfacet
  facet normal 0 1 0
    outer loop
      vertex -1.64632 58 -3.66372
      vertex -1.385 58 -1.17741
      vertex 0 58 -1.25
    endloop
  endfacet
  facet normal 0 1 -0
    outer loop
      vertex 3.27461 58 -3.40582
      vertex 2.75483 58 -0.960455
      vertex 4.86702 58 -2.97914
    endloop
  endfacet
  facet normal 0 1 0
    outer loop
      vertex 2.75483 58 -0.960455
      vertex 3.27461 58 -3.40582
      vertex 1.385 58 -1.17741
    endloop
  endfacet
  facet normal 0 1 0
    outer loop
      vertex -5.38926 58 -0.104477
      vertex -6.4061 58 -2.38834
      vertex -7.875 58 -1.6399
    endloop
  endfacet
  facet normal 0 1 -0
    outer loop
      vertex 1.64632 58 -3.66372
      vertex 1.385 58 -1.17741
      vertex 3.27461 58 -3.40582
    endloop
  endfacet
  facet normal 0 1 0
    outer loop
      vertex -4.09447 58 -0.601499
      vertex -4.86702 58 -2.97914
      vertex -6.4061 58 -2.38834
    endloop
  endfacet
  facet normal 0 1 0
    outer loop
      vertex 1.385 58 -1.17741
      vertex 1.64632 58 -3.66372
      vertex 0 58 -1.25
    endloop
  endfacet
  facet normal 0 1 0
    outer loop
      vertex -2.75483 58 -0.960455
      vertex -3.27461 58 -3.40582
      vertex -4.86702 58 -2.97914
    endloop
  endfacet
  facet normal 0 1 0
    outer loop
      vertex 0 58 -3.75
      vertex 0 58 -1.25
      vertex 1.64632 58 -3.66372
    endloop
  endfacet
  facet normal 0 1 0
    outer loop
      vertex -1.385 58 -1.17741
      vertex -1.64632 58 -3.66372
      vertex -3.27461 58 -3.40582
    endloop
  endfacet
  facet normal 0 1 0
    outer loop
      vertex 0 58 -1.25
      vertex 0 58 -3.75
      vertex -1.64632 58 -3.66372
    endloop
  endfacet
  facet normal 0.933581 -0 0.358365
    outer loop
      vertex 14.3883 46.8 18.4061
      vertex 14.9791 58 16.867
      vertex 14.3883 58 18.4061
    endloop
  endfacet
  facet normal 0.933581 0 0.358365
    outer loop
      vertex 14.9791 58 16.867
      vertex 14.3883 46.8 18.4061
      vertex 14.9791 46.8 16.867
    endloop
  endfacet
  facet normal 0.933581 -0 0.358365
    outer loop
      vertex 14.3883 29 18.4061
      vertex 14.9791 44 16.867
      vertex 14.3883 44 18.4061
    endloop
  endfacet
  facet normal 0.933581 0 0.358365
    outer loop
      vertex 14.9791 44 16.867
      vertex 14.3883 29 18.4061
      vertex 14.9791 29 16.867
    endloop
  endfacet
  facet normal -0.777145 0 0.629322
    outer loop
      vertex -12.742 46.8 21.2576
      vertex -11.7045 58 22.5388
      vertex -12.742 58 21.2576
    endloop
  endfacet
  facet normal -0.777145 0 0.629322
    outer loop
      vertex -11.7045 58 22.5388
      vertex -12.742 46.8 21.2576
      vertex -11.7045 46.8 22.5388
    endloop
  endfacet
  facet normal -0.777145 0 0.629322
    outer loop
      vertex -12.742 29 21.2576
      vertex -11.7045 44 22.5388
      vertex -12.742 44 21.2576
    endloop
  endfacet
  facet normal -0.777145 0 0.629322
    outer loop
      vertex -11.7045 44 22.5388
      vertex -12.742 29 21.2576
      vertex -11.7045 29 22.5388
    endloop
  endfacet
  facet normal -0.156437 0 -0.987688
    outer loop
      vertex -3.27461 46.8 -3.40582
      vertex -1.64632 58 -3.66372
      vertex -1.64632 46.8 -3.66372
    endloop
  endfacet
  facet normal -0.156437 0 -0.987688
    outer loop
      vertex -1.64632 58 -3.66372
      vertex -3.27461 46.8 -3.40582
      vertex -3.27461 58 -3.40582
    endloop
  endfacet
  facet normal -0.156437 0 -0.987688
    outer loop
      vertex -3.27461 29 -3.40582
      vertex -1.64632 44 -3.66372
      vertex -1.64632 29 -3.66372
    endloop
  endfacet
  facet normal -0.156437 0 -0.987688
    outer loop
      vertex -1.64632 44 -3.66372
      vertex -3.27461 29 -3.40582
      vertex -3.27461 44 -3.40582
    endloop
  endfacet
  facet normal -0.965923 0 0.258829
    outer loop
      vertex -15.4058 46.8 15.2746
      vertex -14.9791 58 16.867
      vertex -15.4058 58 15.2746
    endloop
  endfacet
  facet normal -0.965923 0 0.258829
    outer loop
      vertex -14.9791 58 16.867
      vertex -15.4058 46.8 15.2746
      vertex -14.9791 46.8 16.867
    endloop
  endfacet
  facet normal -0.965923 0 0.258829
    outer loop
      vertex -15.4058 29 15.2746
      vertex -14.9791 44 16.867
      vertex -15.4058 44 15.2746
    endloop
  endfacet
  facet normal -0.965923 0 0.258829
    outer loop
      vertex -14.9791 44 16.867
      vertex -15.4058 29 15.2746
      vertex -14.9791 29 16.867
    endloop
  endfacet
  facet normal 0.156437 0 -0.987688
    outer loop
      vertex 1.64632 46.8 -3.66372
      vertex 3.27461 58 -3.40582
      vertex 3.27461 46.8 -3.40582
    endloop
  endfacet
  facet normal 0.156437 0 -0.987688
    outer loop
      vertex 3.27461 58 -3.40582
      vertex 1.64632 46.8 -3.66372
      vertex 1.64632 58 -3.66372
    endloop
  endfacet
  facet normal 0.156437 0 -0.987688
    outer loop
      vertex 1.64632 29 -3.66372
      vertex 3.27461 44 -3.40582
      vertex 3.27461 29 -3.40582
    endloop
  endfacet
  facet normal 0.156437 0 -0.987688
    outer loop
      vertex 3.27461 44 -3.40582
      vertex 1.64632 29 -3.66372
      vertex 1.64632 44 -3.66372
    endloop
  endfacet
  facet normal -0.891017 0 -0.45397
    outer loop
      vertex -13.6399 46.8 4.125
      vertex -14.3883 58 5.5939
      vertex -13.6399 58 4.125
    endloop
  endfacet
  facet normal -0.891017 -0 -0.45397
    outer loop
      vertex -14.3883 58 5.5939
      vertex -13.6399 46.8 4.125
      vertex -14.3883 46.8 5.5939
    endloop
  endfacet
  facet normal -0.891017 0 -0.45397
    outer loop
      vertex -13.6399 29 4.125
      vertex -14.3883 44 5.5939
      vertex -13.6399 44 4.125
    endloop
  endfacet
  facet normal -0.891017 -0 -0.45397
    outer loop
      vertex -14.3883 44 5.5939
      vertex -13.6399 29 4.125
      vertex -14.3883 29 5.5939
    endloop
  endfacet
  facet normal -0.258816 0 -0.965927
    outer loop
      vertex -4.86702 46.8 -2.97914
      vertex -3.27461 58 -3.40582
      vertex -3.27461 46.8 -3.40582
    endloop
  endfacet
  facet normal -0.258816 0 -0.965927
    outer loop
      vertex -3.27461 58 -3.40582
      vertex -4.86702 46.8 -2.97914
      vertex -4.86702 58 -2.97914
    endloop
  endfacet
  facet normal -0.258816 0 -0.965927
    outer loop
      vertex -4.86702 29 -2.97914
      vertex -3.27461 44 -3.40582
      vertex -3.27461 29 -3.40582
    endloop
  endfacet
  facet normal -0.258816 0 -0.965927
    outer loop
      vertex -3.27461 44 -3.40582
      vertex -4.86702 29 -2.97914
      vertex -4.86702 44 -2.97914
    endloop
  endfacet
  facet normal 0.156437 0 0.987688
    outer loop
      vertex 1.64632 58 27.6637
      vertex 3.27461 46.8 27.4058
      vertex 3.27461 58 27.4058
    endloop
  endfacet
  facet normal 0.156437 0 0.987688
    outer loop
      vertex 3.27461 46.8 27.4058
      vertex 1.64632 58 27.6637
      vertex 1.64632 46.8 27.6637
    endloop
  endfacet
  facet normal 0.156437 0 0.987688
    outer loop
      vertex 1.64632 44 27.6637
      vertex 3.27461 29 27.4058
      vertex 3.27461 44 27.4058
    endloop
  endfacet
  facet normal 0.156437 0 0.987688
    outer loop
      vertex 3.27461 29 27.4058
      vertex 1.64632 44 27.6637
      vertex 1.64632 29 27.6637
    endloop
  endfacet
  facet normal 0.629323 0 -0.777144
    outer loop
      vertex 9.25762 46.8 -0.742017
      vertex 10.5388 58 0.295469
      vertex 10.5388 46.8 0.295469
    endloop
  endfacet
  facet normal 0.629323 0 -0.777144
    outer loop
      vertex 10.5388 58 0.295469
      vertex 9.25762 46.8 -0.742017
      vertex 9.25762 58 -0.742017
    endloop
  endfacet
  facet normal 0.629323 0 -0.777144
    outer loop
      vertex 9.25762 29 -0.742017
      vertex 10.5388 44 0.295469
      vertex 10.5388 29 0.295469
    endloop
  endfacet
  facet normal 0.629323 0 -0.777144
    outer loop
      vertex 10.5388 44 0.295469
      vertex 9.25762 29 -0.742017
      vertex 9.25762 44 -0.742017
    endloop
  endfacet
  facet normal -0.544639 0 -0.838671
    outer loop
      vertex -9.25762 46.8 -0.742017
      vertex -7.875 58 -1.6399
      vertex -7.875 46.8 -1.6399
    endloop
  endfacet
  facet normal -0.544639 0 -0.838671
    outer loop
      vertex -7.875 58 -1.6399
      vertex -9.25762 46.8 -0.742017
      vertex -9.25762 58 -0.742017
    endloop
  endfacet
  facet normal -0.544639 0 -0.838671
    outer loop
      vertex -9.25762 29 -0.742017
      vertex -7.875 44 -1.6399
      vertex -7.875 29 -1.6399
    endloop
  endfacet
  facet normal -0.544639 0 -0.838671
    outer loop
      vertex -7.875 44 -1.6399
      vertex -9.25762 29 -0.742017
      vertex -9.25762 44 -0.742017
    endloop
  endfacet
  facet normal -0.93358 0 -0.358369
    outer loop
      vertex -14.3883 46.8 5.5939
      vertex -14.9791 58 7.13298
      vertex -14.3883 58 5.5939
    endloop
  endfacet
  facet normal -0.93358 -0 -0.358369
    outer loop
      vertex -14.9791 58 7.13298
      vertex -14.3883 46.8 5.5939
      vertex -14.9791 46.8 7.13298
    endloop
  endfacet
  facet normal -0.93358 0 -0.358369
    outer loop
      vertex -14.3883 29 5.5939
      vertex -14.9791 44 7.13298
      vertex -14.3883 44 5.5939
    endloop
  endfacet
  facet normal -0.93358 -0 -0.358369
    outer loop
      vertex -14.9791 44 7.13298
      vertex -14.3883 29 5.5939
      vertex -14.9791 29 7.13298
    endloop
  endfacet
  facet normal -0.707113 0 -0.7071
    outer loop
      vertex -10.5388 46.8 0.295469
      vertex -11.7045 58 1.46119
      vertex -10.5388 58 0.295469
    endloop
  endfacet
  facet normal -0.707113 -0 -0.7071
    outer loop
      vertex -11.7045 58 1.46119
      vertex -10.5388 46.8 0.295469
      vertex -11.7045 46.8 1.46119
    endloop
  endfacet
  facet normal -0.707113 0 -0.7071
    outer loop
      vertex -10.5388 29 0.295469
      vertex -11.7045 44 1.46119
      vertex -10.5388 44 0.295469
    endloop
  endfacet
  facet normal -0.707113 -0 -0.7071
    outer loop
      vertex -11.7045 44 1.46119
      vertex -10.5388 29 0.295469
      vertex -11.7045 29 1.46119
    endloop
  endfacet
  facet normal 0.838663 -0 0.544651
    outer loop
      vertex 12.742 46.8 21.2576
      vertex 13.6399 58 19.875
      vertex 12.742 58 21.2576
    endloop
  endfacet
  facet normal 0.838663 0 0.544651
    outer loop
      vertex 13.6399 58 19.875
      vertex 12.742 46.8 21.2576
      vertex 13.6399 46.8 19.875
    endloop
  endfacet
  facet normal 0.838663 -0 0.544651
    outer loop
      vertex 12.742 29 21.2576
      vertex 13.6399 44 19.875
      vertex 12.742 44 21.2576
    endloop
  endfacet
  facet normal 0.838663 0 0.544651
    outer loop
      vertex 13.6399 44 19.875
      vertex 12.742 29 21.2576
      vertex 13.6399 29 19.875
    endloop
  endfacet
  facet normal 0.544646 0 0.838666
    outer loop
      vertex 7.875 58 25.6399
      vertex 9.25762 46.8 24.742
      vertex 9.25762 58 24.742
    endloop
  endfacet
  facet normal 0.544646 0 0.838666
    outer loop
      vertex 9.25762 46.8 24.742
      vertex 7.875 58 25.6399
      vertex 7.875 46.8 25.6399
    endloop
  endfacet
  facet normal 0.544646 0 0.838666
    outer loop
      vertex 7.875 44 25.6399
      vertex 9.25762 29 24.742
      vertex 9.25762 44 24.742
    endloop
  endfacet
  facet normal 0.544646 0 0.838666
    outer loop
      vertex 9.25762 29 24.742
      vertex 7.875 44 25.6399
      vertex 7.875 29 25.6399
    endloop
  endfacet
  facet normal -0.358369 0 -0.93358
    outer loop
      vertex -6.4061 46.8 -2.38834
      vertex -4.86702 58 -2.97914
      vertex -4.86702 46.8 -2.97914
    endloop
  endfacet
  facet normal -0.358369 0 -0.93358
    outer loop
      vertex -4.86702 58 -2.97914
      vertex -6.4061 46.8 -2.38834
      vertex -6.4061 58 -2.38834
    endloop
  endfacet
  facet normal -0.358369 0 -0.93358
    outer loop
      vertex -6.4061 29 -2.38834
      vertex -4.86702 44 -2.97914
      vertex -4.86702 29 -2.97914
    endloop
  endfacet
  facet normal -0.358369 0 -0.93358
    outer loop
      vertex -4.86702 44 -2.97914
      vertex -6.4061 29 -2.38834
      vertex -6.4061 44 -2.38834
    endloop
  endfacet
  facet normal -0.258828 0 0.965924
    outer loop
      vertex -4.86702 58 26.9791
      vertex -3.27461 46.8 27.4058
      vertex -3.27461 58 27.4058
    endloop
  endfacet
  facet normal -0.258828 0 0.965924
    outer loop
      vertex -3.27461 46.8 27.4058
      vertex -4.86702 58 26.9791
      vertex -4.86702 46.8 26.9791
    endloop
  endfacet
  facet normal -0.258828 0 0.965924
    outer loop
      vertex -4.86702 44 26.9791
      vertex -3.27461 29 27.4058
      vertex -3.27461 44 27.4058
    endloop
  endfacet
  facet normal -0.258828 0 0.965924
    outer loop
      vertex -3.27461 29 27.4058
      vertex -4.86702 44 26.9791
      vertex -4.86702 29 26.9791
    endloop
  endfacet
  facet normal 0.838666 0 -0.544646
    outer loop
      vertex 13.6399 46.8 4.125
      vertex 12.742 58 2.74238
      vertex 13.6399 58 4.125
    endloop
  endfacet
  facet normal 0.838666 0 -0.544646
    outer loop
      vertex 12.742 58 2.74238
      vertex 13.6399 46.8 4.125
      vertex 12.742 46.8 2.74238
    endloop
  endfacet
  facet normal 0.838666 0 -0.544646
    outer loop
      vertex 13.6399 29 4.125
      vertex 12.742 44 2.74238
      vertex 13.6399 44 4.125
    endloop
  endfacet
  facet normal 0.838666 0 -0.544646
    outer loop
      vertex 12.742 44 2.74238
      vertex 13.6399 29 4.125
      vertex 12.742 29 2.74238
    endloop
  endfacet
  facet normal 0.891017 0 -0.45397
    outer loop
      vertex 14.3883 46.8 5.5939
      vertex 13.6399 58 4.125
      vertex 14.3883 58 5.5939
    endloop
  endfacet
  facet normal 0.891017 0 -0.45397
    outer loop
      vertex 13.6399 58 4.125
      vertex 14.3883 46.8 5.5939
      vertex 13.6399 46.8 4.125
    endloop
  endfacet
  facet normal 0.891017 0 -0.45397
    outer loop
      vertex 14.3883 29 5.5939
      vertex 13.6399 44 4.125
      vertex 14.3883 44 5.5939
    endloop
  endfacet
  facet normal 0.891017 0 -0.45397
    outer loop
      vertex 13.6399 44 4.125
      vertex 14.3883 29 5.5939
      vertex 13.6399 29 4.125
    endloop
  endfacet
  facet normal 0.965923 -0 0.258829
    outer loop
      vertex 14.9791 46.8 16.867
      vertex 15.4058 58 15.2746
      vertex 14.9791 58 16.867
    endloop
  endfacet
  facet normal 0.965923 0 0.258829
    outer loop
      vertex 15.4058 58 15.2746
      vertex 14.9791 46.8 16.867
      vertex 15.4058 46.8 15.2746
    endloop
  endfacet
  facet normal 0.965923 -0 0.258829
    outer loop
      vertex 14.9791 29 16.867
      vertex 15.4058 44 15.2746
      vertex 14.9791 44 16.867
    endloop
  endfacet
  facet normal 0.965923 0 0.258829
    outer loop
      vertex 15.4058 44 15.2746
      vertex 14.9791 29 16.867
      vertex 15.4058 29 15.2746
    endloop
  endfacet
  facet normal -0.45399 0 -0.891007
    outer loop
      vertex -7.875 46.8 -1.6399
      vertex -6.4061 58 -2.38834
      vertex -6.4061 46.8 -2.38834
    endloop
  endfacet
  facet normal -0.45399 0 -0.891007
    outer loop
      vertex -6.4061 58 -2.38834
      vertex -7.875 46.8 -1.6399
      vertex -7.875 58 -1.6399
    endloop
  endfacet
  facet normal -0.45399 0 -0.891007
    outer loop
      vertex -7.875 29 -1.6399
      vertex -6.4061 44 -2.38834
      vertex -6.4061 29 -2.38834
    endloop
  endfacet
  facet normal -0.45399 0 -0.891007
    outer loop
      vertex -6.4061 44 -2.38834
      vertex -7.875 29 -1.6399
      vertex -7.875 44 -1.6399
    endloop
  endfacet
  facet normal -0.998629 0 0.0523487
    outer loop
      vertex -15.75 46.8 12
      vertex -15.6637 58 13.6463
      vertex -15.75 58 12
    endloop
  endfacet
  facet normal -0.998629 0 0.0523487
    outer loop
      vertex -15.6637 58 13.6463
      vertex -15.75 46.8 12
      vertex -15.6637 46.8 13.6463
    endloop
  endfacet
  facet normal -0.998629 0 0.0523487
    outer loop
      vertex -15.75 29 12
      vertex -15.6637 44 13.6463
      vertex -15.75 44 12
    endloop
  endfacet
  facet normal -0.998629 0 0.0523487
    outer loop
      vertex -15.6637 44 13.6463
      vertex -15.75 29 12
      vertex -15.6637 29 13.6463
    endloop
  endfacet
  facet normal 0.45399 0 -0.891007
    outer loop
      vertex 6.4061 46.8 -2.38834
      vertex 7.875 58 -1.6399
      vertex 7.875 46.8 -1.6399
    endloop
  endfacet
  facet normal 0.45399 0 -0.891007
    outer loop
      vertex 7.875 58 -1.6399
      vertex 6.4061 46.8 -2.38834
      vertex 6.4061 58 -2.38834
    endloop
  endfacet
  facet normal 0.45399 0 -0.891007
    outer loop
      vertex 6.4061 29 -2.38834
      vertex 7.875 44 -1.6399
      vertex 7.875 29 -1.6399
    endloop
  endfacet
  facet normal 0.45399 0 -0.891007
    outer loop
      vertex 7.875 44 -1.6399
      vertex 6.4061 29 -2.38834
      vertex 6.4061 44 -2.38834
    endloop
  endfacet
  facet normal -0.777142 0 -0.629325
    outer loop
      vertex -11.7045 46.8 1.46119
      vertex -12.742 58 2.74238
      vertex -11.7045 58 1.46119
    endloop
  endfacet
  facet normal -0.777142 -0 -0.629325
    outer loop
      vertex -12.742 58 2.74238
      vertex -11.7045 46.8 1.46119
      vertex -12.742 46.8 2.74238
    endloop
  endfacet
  facet normal -0.777142 0 -0.629325
    outer loop
      vertex -11.7045 29 1.46119
      vertex -12.742 44 2.74238
      vertex -11.7045 44 1.46119
    endloop
  endfacet
  facet normal -0.777142 -0 -0.629325
    outer loop
      vertex -12.742 44 2.74238
      vertex -11.7045 29 1.46119
      vertex -12.742 29 2.74238
    endloop
  endfacet
  facet normal -0.998629 0 -0.0523487
    outer loop
      vertex -15.6637 46.8 10.3537
      vertex -15.75 58 12
      vertex -15.6637 58 10.3537
    endloop
  endfacet
  facet normal -0.998629 -0 -0.0523487
    outer loop
      vertex -15.75 58 12
      vertex -15.6637 46.8 10.3537
      vertex -15.75 46.8 12
    endloop
  endfacet
  facet normal -0.998629 0 -0.0523487
    outer loop
      vertex -15.6637 29 10.3537
      vertex -15.75 44 12
      vertex -15.6637 44 10.3537
    endloop
  endfacet
  facet normal -0.998629 -0 -0.0523487
    outer loop
      vertex -15.75 44 12
      vertex -15.6637 29 10.3537
      vertex -15.75 29 12
    endloop
  endfacet
  facet normal 0.965924 0 -0.258828
    outer loop
      vertex 15.4058 46.8 8.72539
      vertex 14.9791 58 7.13298
      vertex 15.4058 58 8.72539
    endloop
  endfacet
  facet normal 0.965924 0 -0.258828
    outer loop
      vertex 14.9791 58 7.13298
      vertex 15.4058 46.8 8.72539
      vertex 14.9791 46.8 7.13298
    endloop
  endfacet
  facet normal 0.965924 0 -0.258828
    outer loop
      vertex 15.4058 29 8.72539
      vertex 14.9791 44 7.13298
      vertex 15.4058 44 8.72539
    endloop
  endfacet
  facet normal 0.965924 0 -0.258828
    outer loop
      vertex 14.9791 44 7.13298
      vertex 15.4058 29 8.72539
      vertex 14.9791 29 7.13298
    endloop
  endfacet
  facet normal -0.0523481 0 0.998629
    outer loop
      vertex -1.64632 58 27.6637
      vertex 0 46.8 27.75
      vertex 0 58 27.75
    endloop
  endfacet
  facet normal -0.0523481 0 0.998629
    outer loop
      vertex 0 46.8 27.75
      vertex -1.64632 58 27.6637
      vertex -1.64632 46.8 27.6637
    endloop
  endfacet
  facet normal -0.0523481 0 0.998629
    outer loop
      vertex -1.64632 44 27.6637
      vertex 0 29 27.75
      vertex 0 44 27.75
    endloop
  endfacet
  facet normal -0.0523481 0 0.998629
    outer loop
      vertex 0 29 27.75
      vertex -1.64632 44 27.6637
      vertex -1.64632 29 27.6637
    endloop
  endfacet
  facet normal 0.707113 0 -0.7071
    outer loop
      vertex 11.7045 46.8 1.46119
      vertex 10.5388 58 0.295469
      vertex 11.7045 58 1.46119
    endloop
  endfacet
  facet normal 0.707113 0 -0.7071
    outer loop
      vertex 10.5388 58 0.295469
      vertex 11.7045 46.8 1.46119
      vertex 10.5388 46.8 0.295469
    endloop
  endfacet
  facet normal 0.707113 0 -0.7071
    outer loop
      vertex 11.7045 29 1.46119
      vertex 10.5388 44 0.295469
      vertex 11.7045 44 1.46119
    endloop
  endfacet
  facet normal 0.707113 0 -0.7071
    outer loop
      vertex 10.5388 44 0.295469
      vertex 11.7045 29 1.46119
      vertex 10.5388 29 0.295469
    endloop
  endfacet
  facet normal -0.707107 0 0.707107
    outer loop
      vertex -11.7045 46.8 22.5388
      vertex -10.5388 58 23.7045
      vertex -11.7045 58 22.5388
    endloop
  endfacet
  facet normal -0.707107 0 0.707107
    outer loop
      vertex -10.5388 58 23.7045
      vertex -11.7045 46.8 22.5388
      vertex -10.5388 46.8 23.7045
    endloop
  endfacet
  facet normal -0.707107 0 0.707107
    outer loop
      vertex -11.7045 29 22.5388
      vertex -10.5388 44 23.7045
      vertex -11.7045 44 22.5388
    endloop
  endfacet
  facet normal -0.707107 0 0.707107
    outer loop
      vertex -10.5388 44 23.7045
      vertex -11.7045 29 22.5388
      vertex -10.5388 29 23.7045
    endloop
  endfacet
  facet normal -0.891017 0 0.45397
    outer loop
      vertex -14.3883 46.8 18.4061
      vertex -13.6399 58 19.875
      vertex -14.3883 58 18.4061
    endloop
  endfacet
  facet normal -0.891017 0 0.45397
    outer loop
      vertex -13.6399 58 19.875
      vertex -14.3883 46.8 18.4061
      vertex -13.6399 46.8 19.875
    endloop
  endfacet
  facet normal -0.891017 0 0.45397
    outer loop
      vertex -14.3883 29 18.4061
      vertex -13.6399 44 19.875
      vertex -14.3883 44 18.4061
    endloop
  endfacet
  facet normal -0.891017 0 0.45397
    outer loop
      vertex -13.6399 44 19.875
      vertex -14.3883 29 18.4061
      vertex -13.6399 29 19.875
    endloop
  endfacet
  facet normal 0.93358 0 -0.358369
    outer loop
      vertex 14.9791 46.8 7.13298
      vertex 14.3883 58 5.5939
      vertex 14.9791 58 7.13298
    endloop
  endfacet
  facet normal 0.93358 0 -0.358369
    outer loop
      vertex 14.3883 58 5.5939
      vertex 14.9791 46.8 7.13298
      vertex 14.3883 46.8 5.5939
    endloop
  endfacet
  facet normal 0.93358 0 -0.358369
    outer loop
      vertex 14.9791 29 7.13298
      vertex 14.3883 44 5.5939
      vertex 14.9791 44 7.13298
    endloop
  endfacet
  facet normal 0.93358 0 -0.358369
    outer loop
      vertex 14.3883 44 5.5939
      vertex 14.9791 29 7.13298
      vertex 14.3883 29 5.5939
    endloop
  endfacet
  facet normal -0.933581 0 0.358365
    outer loop
      vertex -14.9791 46.8 16.867
      vertex -14.3883 58 18.4061
      vertex -14.9791 58 16.867
    endloop
  endfacet
  facet normal -0.933581 0 0.358365
    outer loop
      vertex -14.3883 58 18.4061
      vertex -14.9791 46.8 16.867
      vertex -14.3883 46.8 18.4061
    endloop
  endfacet
  facet normal -0.933581 0 0.358365
    outer loop
      vertex -14.9791 29 16.867
      vertex -14.3883 44 18.4061
      vertex -14.9791 44 16.867
    endloop
  endfacet
  facet normal -0.933581 0 0.358365
    outer loop
      vertex -14.3883 44 18.4061
      vertex -14.9791 29 16.867
      vertex -14.3883 29 18.4061
    endloop
  endfacet
  facet normal 0.358369 0 -0.93358
    outer loop
      vertex 4.86702 46.8 -2.97914
      vertex 6.4061 58 -2.38834
      vertex 6.4061 46.8 -2.38834
    endloop
  endfacet
  facet normal 0.358369 0 -0.93358
    outer loop
      vertex 6.4061 58 -2.38834
      vertex 4.86702 46.8 -2.97914
      vertex 4.86702 58 -2.97914
    endloop
  endfacet
  facet normal 0.358369 0 -0.93358
    outer loop
      vertex 4.86702 29 -2.97914
      vertex 6.4061 44 -2.38834
      vertex 6.4061 29 -2.38834
    endloop
  endfacet
  facet normal 0.358369 0 -0.93358
    outer loop
      vertex 6.4061 44 -2.38834
      vertex 4.86702 29 -2.97914
      vertex 4.86702 44 -2.97914
    endloop
  endfacet
  facet normal 0.0523481 0 0.998629
    outer loop
      vertex 0 58 27.75
      vertex 1.64632 46.8 27.6637
      vertex 1.64632 58 27.6637
    endloop
  endfacet
  facet normal 0.0523481 0 0.998629
    outer loop
      vertex 1.64632 46.8 27.6637
      vertex 0 58 27.75
      vertex 0 46.8 27.75
    endloop
  endfacet
  facet normal 0.0523481 0 0.998629
    outer loop
      vertex 0 44 27.75
      vertex 1.64632 29 27.6637
      vertex 1.64632 44 27.6637
    endloop
  endfacet
  facet normal 0.0523481 0 0.998629
    outer loop
      vertex 1.64632 29 27.6637
      vertex 0 44 27.75
      vertex 0 29 27.75
    endloop
  endfacet
  facet normal 0.258816 0 -0.965927
    outer loop
      vertex 3.27461 46.8 -3.40582
      vertex 4.86702 58 -2.97914
      vertex 4.86702 46.8 -2.97914
    endloop
  endfacet
  facet normal 0.258816 0 -0.965927
    outer loop
      vertex 4.86702 58 -2.97914
      vertex 3.27461 46.8 -3.40582
      vertex 3.27461 58 -3.40582
    endloop
  endfacet
  facet normal 0.258816 0 -0.965927
    outer loop
      vertex 3.27461 29 -3.40582
      vertex 4.86702 44 -2.97914
      vertex 4.86702 29 -2.97914
    endloop
  endfacet
  facet normal 0.258816 0 -0.965927
    outer loop
      vertex 4.86702 44 -2.97914
      vertex 3.27461 29 -3.40582
      vertex 3.27461 44 -3.40582
    endloop
  endfacet
  facet normal 0.777145 -0 0.629322
    outer loop
      vertex 11.7045 46.8 22.5388
      vertex 12.742 58 21.2576
      vertex 11.7045 58 22.5388
    endloop
  endfacet
  facet normal 0.777145 0 0.629322
    outer loop
      vertex 12.742 58 21.2576
      vertex 11.7045 46.8 22.5388
      vertex 12.742 46.8 21.2576
    endloop
  endfacet
  facet normal 0.777145 -0 0.629322
    outer loop
      vertex 11.7045 29 22.5388
      vertex 12.742 44 21.2576
      vertex 11.7045 44 22.5388
    endloop
  endfacet
  facet normal 0.777145 0 0.629322
    outer loop
      vertex 12.742 44 21.2576
      vertex 11.7045 29 22.5388
      vertex 12.742 29 21.2576
    endloop
  endfacet
  facet normal 0.544639 0 -0.838671
    outer loop
      vertex 7.875 46.8 -1.6399
      vertex 9.25762 58 -0.742017
      vertex 9.25762 46.8 -0.742017
    endloop
  endfacet
  facet normal 0.544639 0 -0.838671
    outer loop
      vertex 9.25762 58 -0.742017
      vertex 7.875 46.8 -1.6399
      vertex 7.875 58 -1.6399
    endloop
  endfacet
  facet normal 0.544639 0 -0.838671
    outer loop
      vertex 7.875 29 -1.6399
      vertex 9.25762 44 -0.742017
      vertex 9.25762 29 -0.742017
    endloop
  endfacet
  facet normal 0.544639 0 -0.838671
    outer loop
      vertex 9.25762 44 -0.742017
      vertex 7.875 29 -1.6399
      vertex 7.875 44 -1.6399
    endloop
  endfacet
  facet normal 0 -1 0
    outer loop
      vertex 7.728 26 -5.35736
      vertex 5.59431 26 0
      vertex 5.38926 26 -0.104477
    endloop
  endfacet
  facet normal 0 -1 0
    outer loop
      vertex 0 26 25.25
      vertex 0 26 31
      vertex -1.98604 26 30.8959
    endloop
  endfacet
  facet normal 0 -1 0
    outer loop
      vertex -1.385 26 25.1774
      vertex -1.98604 26 30.8959
      vertex -3.95032 26 30.5848
    endloop
  endfacet
  facet normal 0 -1 0
    outer loop
      vertex 0 26 31
      vertex 0 26 25.25
      vertex 1.98604 26 30.8959
    endloop
  endfacet
  facet normal 0 -1 0
    outer loop
      vertex -2.75483 26 24.9605
      vertex -3.95032 26 30.5848
      vertex -5.87132 26 30.0701
    endloop
  endfacet
  facet normal 0 -1 0
    outer loop
      vertex 1.385 26 25.1774
      vertex 1.98604 26 30.8959
      vertex 0 26 25.25
    endloop
  endfacet
  facet normal 0 -1 0
    outer loop
      vertex -4.09447 26 24.6015
      vertex -5.87132 26 30.0701
      vertex -7.728 26 29.3574
    endloop
  endfacet
  facet normal 0 -1 -0
    outer loop
      vertex 1.98604 26 30.8959
      vertex 1.385 26 25.1774
      vertex 3.95032 26 30.5848
    endloop
  endfacet
  facet normal 0 -1 0
    outer loop
      vertex -5.38926 26 24.1045
      vertex -7.728 26 29.3574
      vertex -9.5 26 28.4545
    endloop
  endfacet
  facet normal 0 -1 0
    outer loop
      vertex 2.75483 26 24.9605
      vertex 3.95032 26 30.5848
      vertex 1.385 26 25.1774
    endloop
  endfacet
  facet normal 0 -1 0
    outer loop
      vertex -6.625 26 23.4748
      vertex -9.5 26 28.4545
      vertex -11.1679 26 27.3713
    endloop
  endfacet
  facet normal 0 -1 -0
    outer loop
      vertex 3.95032 26 30.5848
      vertex 2.75483 26 24.9605
      vertex 5.87132 26 30.0701
    endloop
  endfacet
  facet normal 0 -1 0
    outer loop
      vertex -10.2926 26 22
      vertex -11.1679 26 27.3713
      vertex -12.7135 26 26.1198
    endloop
  endfacet
  facet normal 0 -1 0
    outer loop
      vertex 4.09447 26 24.6015
      vertex 5.87132 26 30.0701
      vertex 2.75483 26 24.9605
    endloop
  endfacet
  facet normal 0 -1 -0
    outer loop
      vertex 5.87132 26 30.0701
      vertex 4.09447 26 24.6015
      vertex 7.728 26 29.3574
    endloop
  endfacet
  facet normal 0 -1 0
    outer loop
      vertex -1.98604 26 30.8959
      vertex -1.385 26 25.1774
      vertex 0 26 25.25
    endloop
  endfacet
  facet normal 0 -1 0
    outer loop
      vertex -3.95032 26 30.5848
      vertex -2.75483 26 24.9605
      vertex -1.385 26 25.1774
    endloop
  endfacet
  facet normal 0 -1 0
    outer loop
      vertex -10.2926 26 22
      vertex -12.7135 26 26.1198
      vertex -14.1198 26 24.7135
    endloop
  endfacet
  facet normal 0 -1 0
    outer loop
      vertex -5.87132 26 30.0701
      vertex -4.09447 26 24.6015
      vertex -2.75483 26 24.9605
    endloop
  endfacet
  facet normal 0 -1 0
    outer loop
      vertex -7.728 26 29.3574
      vertex -5.38926 26 24.1045
      vertex -4.09447 26 24.6015
    endloop
  endfacet
  facet normal 0 -1 0
    outer loop
      vertex -9.5 26 28.4545
      vertex -6.625 26 23.4748
      vertex -5.38926 26 24.1045
    endloop
  endfacet
  facet normal 0 -1 0
    outer loop
      vertex -10.2926 26 22
      vertex -14.1198 26 24.7135
      vertex -15.3713 26 23.1679
    endloop
  endfacet
  facet normal 0 -1 0
    outer loop
      vertex -11.1679 26 27.3713
      vertex -10.2926 26 22
      vertex -7.78815 26 22.7195
    endloop
  endfacet
  facet normal 0 -1 0
    outer loop
      vertex -11.1679 26 27.3713
      vertex -7.78815 26 22.7195
      vertex -6.625 26 23.4748
    endloop
  endfacet
  facet normal 0 -1 0
    outer loop
      vertex -10.7195 26 19.7882
      vertex -15.3713 26 23.1679
      vertex -16.4545 26 21.5
    endloop
  endfacet
  facet normal 0 -1 0
    outer loop
      vertex -15.3713 26 23.1679
      vertex -10.7195 26 19.7882
      vertex -10.2926 26 22
    endloop
  endfacet
  facet normal 0 -1 -0
    outer loop
      vertex -10.2926 26 22
      vertex -10.7195 26 19.7882
      vertex -10.2926 26 20.3153
    endloop
  endfacet
  facet normal 0 -1 0
    outer loop
      vertex -11.4748 26 18.625
      vertex -16.4545 26 21.5
      vertex -17.3574 26 19.728
    endloop
  endfacet
  facet normal 0 -1 0
    outer loop
      vertex -16.4545 26 21.5
      vertex -11.4748 26 18.625
      vertex -10.7195 26 19.7882
    endloop
  endfacet
  facet normal 0 -1 0
    outer loop
      vertex -12.1045 26 17.3893
      vertex -17.3574 26 19.728
      vertex -18.0701 26 17.8713
    endloop
  endfacet
  facet normal 0 -1 0
    outer loop
      vertex -17.3574 26 19.728
      vertex -12.1045 26 17.3893
      vertex -11.4748 26 18.625
    endloop
  endfacet
  facet normal 0 -1 0
    outer loop
      vertex -18.0701 26 17.8713
      vertex -12.6015 26 16.0945
      vertex -12.1045 26 17.3893
    endloop
  endfacet
  facet normal 0 -1 0
    outer loop
      vertex -18.5848 26 15.9503
      vertex -12.6015 26 16.0945
      vertex -18.0701 26 17.8713
    endloop
  endfacet
  facet normal 0 -1 0
    outer loop
      vertex -18.5848 26 15.9503
      vertex -12.9605 26 14.7548
      vertex -12.6015 26 16.0945
    endloop
  endfacet
  facet normal 0 -1 0
    outer loop
      vertex -18.8959 26 13.986
      vertex -12.9605 26 14.7548
      vertex -18.5848 26 15.9503
    endloop
  endfacet
  facet normal 0 -1 0
    outer loop
      vertex -18.8959 26 13.986
      vertex -13.1774 26 13.385
      vertex -12.9605 26 14.7548
    endloop
  endfacet
  facet normal 0 -1 0
    outer loop
      vertex -19 26 12
      vertex -13.1774 26 13.385
      vertex -18.8959 26 13.986
    endloop
  endfacet
  facet normal 0 -1 0
    outer loop
      vertex -19 26 12
      vertex -13.25 26 12
      vertex -13.1774 26 13.385
    endloop
  endfacet
  facet normal 0 -1 0
    outer loop
      vertex -19 26 12
      vertex -13.1774 26 10.615
      vertex -13.25 26 12
    endloop
  endfacet
  facet normal 0 -1 0
    outer loop
      vertex -18.8959 26 10.014
      vertex -13.1774 26 10.615
      vertex -19 26 12
    endloop
  endfacet
  facet normal 0 -1 0
    outer loop
      vertex -18.8959 26 10.014
      vertex -12.9605 26 9.24517
      vertex -13.1774 26 10.615
    endloop
  endfacet
  facet normal 0 -1 0
    outer loop
      vertex -18.5848 26 8.04968
      vertex -12.9605 26 9.24517
      vertex -18.8959 26 10.014
    endloop
  endfacet
  facet normal 0 -1 0
    outer loop
      vertex -18.5848 26 8.04968
      vertex -12.6015 26 7.90552
      vertex -12.9605 26 9.24517
    endloop
  endfacet
  facet normal 0 -1 0
    outer loop
      vertex -18.0701 26 6.12868
      vertex -12.6015 26 7.90552
      vertex -18.5848 26 8.04968
    endloop
  endfacet
  facet normal 0 -1 -0
    outer loop
      vertex -12.6015 26 7.90552
      vertex -18.0701 26 6.12868
      vertex -12.1045 26 6.61074
    endloop
  endfacet
  facet normal 0 -1 0
    outer loop
      vertex -17.3574 26 4.272
      vertex -12.1045 26 6.61074
      vertex -18.0701 26 6.12868
    endloop
  endfacet
  facet normal 0 -1 -0
    outer loop
      vertex -12.1045 26 6.61074
      vertex -17.3574 26 4.272
      vertex -11.4748 26 5.375
    endloop
  endfacet
  facet normal 0 -1 0
    outer loop
      vertex -16.4545 26 2.5
      vertex -11.4748 26 5.375
      vertex -17.3574 26 4.272
    endloop
  endfacet
  facet normal 0 -1 -0
    outer loop
      vertex -11.4748 26 5.375
      vertex -16.4545 26 2.5
      vertex -10.7195 26 4.21185
    endloop
  endfacet
  facet normal 0 -1 0
    outer loop
      vertex -15.3713 26 0.832081
      vertex -10.7195 26 4.21185
      vertex -16.4545 26 2.5
    endloop
  endfacet
  facet normal 0 -1 -0
    outer loop
      vertex -10.7195 26 4.21185
      vertex -15.3713 26 0.832081
      vertex -10.2926 26 3.68469
    endloop
  endfacet
  facet normal 0 -1 0
    outer loop
      vertex -15.3713 26 0.832081
      vertex -10.2926 26 0
      vertex -10.2926 26 3.68469
    endloop
  endfacet
  facet normal 0 -1 0
    outer loop
      vertex -9.5 26 -4.45448
      vertex -5.59431 26 0
      vertex -10.2926 26 0
    endloop
  endfacet
  facet normal 0 -1 0
    outer loop
      vertex -7.728 26 -5.35736
      vertex -5.59431 26 0
      vertex -9.5 26 -4.45448
    endloop
  endfacet
  facet normal 0 -1 0
    outer loop
      vertex -14.1198 26 -0.713481
      vertex -10.2926 26 0
      vertex -15.3713 26 0.832081
    endloop
  endfacet
  facet normal 0 -1 0
    outer loop
      vertex -12.7135 26 -2.11975
      vertex -10.2926 26 0
      vertex -14.1198 26 -0.713481
    endloop
  endfacet
  facet normal 0 -1 0
    outer loop
      vertex -11.1679 26 -3.37132
      vertex -10.2926 26 0
      vertex -12.7135 26 -2.11975
    endloop
  endfacet
  facet normal 0 -1 0
    outer loop
      vertex -9.5 26 -4.45448
      vertex -10.2926 26 0
      vertex -11.1679 26 -3.37132
    endloop
  endfacet
  facet normal 0 -1 -0
    outer loop
      vertex -5.59431 26 0
      vertex -7.728 26 -5.35736
      vertex -5.38926 26 -0.104477
    endloop
  endfacet
  facet normal 0 -1 -0
    outer loop
      vertex -5.38926 26 -0.104477
      vertex -7.728 26 -5.35736
      vertex -4.09447 26 -0.601499
    endloop
  endfacet
  facet normal 0 -1 0
    outer loop
      vertex 5.38926 26 24.1045
      vertex 7.728 26 29.3574
      vertex 4.09447 26 24.6015
    endloop
  endfacet
  facet normal 0 -1 -0
    outer loop
      vertex 7.728 26 29.3574
      vertex 5.38926 26 24.1045
      vertex 9.5 26 28.4545
    endloop
  endfacet
  facet normal 0 -1 0
    outer loop
      vertex 6.625 26 23.4748
      vertex 9.5 26 28.4545
      vertex 5.38926 26 24.1045
    endloop
  endfacet
  facet normal 0 -1 -0
    outer loop
      vertex 9.5 26 28.4545
      vertex 6.625 26 23.4748
      vertex 11.1679 26 27.3713
    endloop
  endfacet
  facet normal 0 -1 0
    outer loop
      vertex 7.78815 26 22.7195
      vertex 11.1679 26 27.3713
      vertex 6.625 26 23.4748
    endloop
  endfacet
  facet normal 0 -1 0
    outer loop
      vertex 10.2926 26 22
      vertex 11.1679 26 27.3713
      vertex 7.78815 26 22.7195
    endloop
  endfacet
  facet normal 0 -1 -0
    outer loop
      vertex 11.1679 26 27.3713
      vertex 10.2926 26 22
      vertex 12.7135 26 26.1198
    endloop
  endfacet
  facet normal 0 -1 -0
    outer loop
      vertex 12.7135 26 26.1198
      vertex 10.2926 26 22
      vertex 14.1198 26 24.7135
    endloop
  endfacet
  facet normal 0 -1 0
    outer loop
      vertex 10.2926 26 22
      vertex 7.78815 26 22.7195
      vertex 8.67663 26 22
    endloop
  endfacet
  facet normal 0 -1 -0
    outer loop
      vertex 14.1198 26 24.7135
      vertex 10.2926 26 22
      vertex 15.3713 26 23.1679
    endloop
  endfacet
  facet normal 0 -1 0
    outer loop
      vertex 10.7195 26 19.7882
      vertex 15.3713 26 23.1679
      vertex 10.2926 26 22
    endloop
  endfacet
  facet normal 0 -1 0
    outer loop
      vertex 10.7195 26 19.7882
      vertex 10.2926 26 22
      vertex 10.2926 26 20.3153
    endloop
  endfacet
  facet normal 0 -1 -0
    outer loop
      vertex 15.3713 26 23.1679
      vertex 10.7195 26 19.7882
      vertex 16.4545 26 21.5
    endloop
  endfacet
  facet normal 0 -1 0
    outer loop
      vertex 11.4748 26 18.625
      vertex 16.4545 26 21.5
      vertex 10.7195 26 19.7882
    endloop
  endfacet
  facet normal 0 -1 -0
    outer loop
      vertex 16.4545 26 21.5
      vertex 11.4748 26 18.625
      vertex 17.3574 26 19.728
    endloop
  endfacet
  facet normal 0 -1 0
    outer loop
      vertex 12.1045 26 17.3893
      vertex 17.3574 26 19.728
      vertex 11.4748 26 18.625
    endloop
  endfacet
  facet normal 0 -1 -0
    outer loop
      vertex 17.3574 26 19.728
      vertex 12.1045 26 17.3893
      vertex 18.0701 26 17.8713
    endloop
  endfacet
  facet normal 0 -1 0
    outer loop
      vertex 12.6015 26 16.0945
      vertex 18.0701 26 17.8713
      vertex 12.1045 26 17.3893
    endloop
  endfacet
  facet normal 0 -1 0
    outer loop
      vertex 12.6015 26 16.0945
      vertex 18.5848 26 15.9503
      vertex 18.0701 26 17.8713
    endloop
  endfacet
  facet normal 0 -1 0
    outer loop
      vertex 12.9605 26 14.7548
      vertex 18.5848 26 15.9503
      vertex 12.6015 26 16.0945
    endloop
  endfacet
  facet normal 0 -1 0
    outer loop
      vertex 12.9605 26 14.7548
      vertex 18.8959 26 13.986
      vertex 18.5848 26 15.9503
    endloop
  endfacet
  facet normal 0 -1 0
    outer loop
      vertex 13.1774 26 13.385
      vertex 18.8959 26 13.986
      vertex 12.9605 26 14.7548
    endloop
  endfacet
  facet normal 0 -1 0
    outer loop
      vertex 13.25 26 12
      vertex 18.8959 26 13.986
      vertex 13.1774 26 13.385
    endloop
  endfacet
  facet normal 0 -1 0
    outer loop
      vertex 13.25 26 12
      vertex 19 26 12
      vertex 18.8959 26 13.986
    endloop
  endfacet
  facet normal 0 -1 0
    outer loop
      vertex 13.1774 26 10.615
      vertex 19 26 12
      vertex 13.25 26 12
    endloop
  endfacet
  facet normal 0 -1 0
    outer loop
      vertex 13.1774 26 10.615
      vertex 18.8959 26 10.014
      vertex 19 26 12
    endloop
  endfacet
  facet normal 0 -1 0
    outer loop
      vertex 12.9605 26 9.24517
      vertex 18.8959 26 10.014
      vertex 13.1774 26 10.615
    endloop
  endfacet
  facet normal 0 -1 0
    outer loop
      vertex 12.9605 26 9.24517
      vertex 18.5848 26 8.04968
      vertex 18.8959 26 10.014
    endloop
  endfacet
  facet normal 0 -1 0
    outer loop
      vertex 12.6015 26 7.90552
      vertex 18.5848 26 8.04968
      vertex 12.9605 26 9.24517
    endloop
  endfacet
  facet normal 0 -1 0
    outer loop
      vertex 18.0701 26 6.12868
      vertex 12.6015 26 7.90552
      vertex 12.1045 26 6.61074
    endloop
  endfacet
  facet normal 0 -1 0
    outer loop
      vertex 12.6015 26 7.90552
      vertex 18.0701 26 6.12868
      vertex 18.5848 26 8.04968
    endloop
  endfacet
  facet normal 0 -1 0
    outer loop
      vertex 17.3574 26 4.272
      vertex 12.1045 26 6.61074
      vertex 11.4748 26 5.375
    endloop
  endfacet
  facet normal 0 -1 0
    outer loop
      vertex 12.1045 26 6.61074
      vertex 17.3574 26 4.272
      vertex 18.0701 26 6.12868
    endloop
  endfacet
  facet normal 0 -1 0
    outer loop
      vertex 16.4545 26 2.5
      vertex 11.4748 26 5.375
      vertex 10.7195 26 4.21185
    endloop
  endfacet
  facet normal 0 -1 0
    outer loop
      vertex 15.3713 26 0.832081
      vertex 10.7195 26 4.21185
      vertex 10.2926 26 3.68469
    endloop
  endfacet
  facet normal 0 -1 0
    outer loop
      vertex 11.4748 26 5.375
      vertex 16.4545 26 2.5
      vertex 17.3574 26 4.272
    endloop
  endfacet
  facet normal 0 -1 0
    outer loop
      vertex 10.7195 26 4.21185
      vertex 15.3713 26 0.832081
      vertex 16.4545 26 2.5
    endloop
  endfacet
  facet normal 0 -1 0
    outer loop
      vertex 10.2926 26 0
      vertex 15.3713 26 0.832081
      vertex 10.2926 26 3.68469
    endloop
  endfacet
  facet normal 0 -1 0
    outer loop
      vertex 7.728 26 -5.35736
      vertex 5.38926 26 -0.104477
      vertex 4.09447 26 -0.601499
    endloop
  endfacet
  facet normal 0 -1 0
    outer loop
      vertex 10.2926 26 0
      vertex 14.1198 26 -0.713481
      vertex 15.3713 26 0.832081
    endloop
  endfacet
  facet normal 0 -1 0
    outer loop
      vertex 5.59431 26 0
      vertex 9.5 26 -4.45448
      vertex 10.2926 26 0
    endloop
  endfacet
  facet normal 0 -1 0
    outer loop
      vertex 5.87132 26 -6.07007
      vertex 4.09447 26 -0.601499
      vertex 2.75483 26 -0.960455
    endloop
  endfacet
  facet normal 0 -1 0
    outer loop
      vertex 3.95032 26 -6.5848
      vertex 2.75483 26 -0.960455
      vertex 1.385 26 -1.17741
    endloop
  endfacet
  facet normal 0 -1 0
    outer loop
      vertex 1.98604 26 -6.89592
      vertex 1.385 26 -1.17741
      vertex 0 26 -1.25
    endloop
  endfacet
  facet normal 0 -1 0
    outer loop
      vertex -5.87132 26 -6.07007
      vertex -4.09447 26 -0.601499
      vertex -7.728 26 -5.35736
    endloop
  endfacet
  facet normal 0 -1 0
    outer loop
      vertex 10.2926 26 0
      vertex 12.7135 26 -2.11975
      vertex 14.1198 26 -0.713481
    endloop
  endfacet
  facet normal 0 -1 -0
    outer loop
      vertex -4.09447 26 -0.601499
      vertex -5.87132 26 -6.07007
      vertex -2.75483 26 -0.960455
    endloop
  endfacet
  facet normal 0 -1 0
    outer loop
      vertex 10.2926 26 0
      vertex 11.1679 26 -3.37132
      vertex 12.7135 26 -2.11975
    endloop
  endfacet
  facet normal 0 -1 0
    outer loop
      vertex -3.95032 26 -6.5848
      vertex -2.75483 26 -0.960455
      vertex -5.87132 26 -6.07007
    endloop
  endfacet
  facet normal 0 -1 -0
    outer loop
      vertex 10.2926 26 0
      vertex 9.5 26 -4.45448
      vertex 11.1679 26 -3.37132
    endloop
  endfacet
  facet normal 0 -1 -0
    outer loop
      vertex -2.75483 26 -0.960455
      vertex -3.95032 26 -6.5848
      vertex -1.385 26 -1.17741
    endloop
  endfacet
  facet normal 0 -1 0
    outer loop
      vertex 5.59431 26 0
      vertex 7.728 26 -5.35736
      vertex 9.5 26 -4.45448
    endloop
  endfacet
  facet normal 0 -1 0
    outer loop
      vertex -1.98604 26 -6.89592
      vertex -1.385 26 -1.17741
      vertex -3.95032 26 -6.5848
    endloop
  endfacet
  facet normal 0 -1 0
    outer loop
      vertex 4.09447 26 -0.601499
      vertex 5.87132 26 -6.07007
      vertex 7.728 26 -5.35736
    endloop
  endfacet
  facet normal 0 -1 -0
    outer loop
      vertex -1.385 26 -1.17741
      vertex -1.98604 26 -6.89592
      vertex 0 26 -1.25
    endloop
  endfacet
  facet normal 0 -1 0
    outer loop
      vertex 2.75483 26 -0.960455
      vertex 3.95032 26 -6.5848
      vertex 5.87132 26 -6.07007
    endloop
  endfacet
  facet normal 0 -1 0
    outer loop
      vertex 0 26 -7
      vertex 0 26 -1.25
      vertex -1.98604 26 -6.89592
    endloop
  endfacet
  facet normal 0 -1 0
    outer loop
      vertex 1.385 26 -1.17741
      vertex 1.98604 26 -6.89592
      vertex 3.95032 26 -6.5848
    endloop
  endfacet
  facet normal 0 -1 0
    outer loop
      vertex 0 26 -1.25
      vertex 0 26 -7
      vertex 1.98604 26 -6.89592
    endloop
  endfacet
  facet normal 0 -1 0
    outer loop
      vertex -7.78815 26 22.7195
      vertex -10.2926 26 22
      vertex -8.67663 26 22
    endloop
  endfacet
  facet normal 0.629328 0 0.77714
    outer loop
      vertex 9.25762 58 24.742
      vertex 10.5388 46.8 23.7045
      vertex 10.5388 58 23.7045
    endloop
  endfacet
  facet normal 0.629328 0 0.77714
    outer loop
      vertex 10.5388 46.8 23.7045
      vertex 9.25762 58 24.742
      vertex 9.25762 46.8 24.742
    endloop
  endfacet
  facet normal 0.629328 0 0.77714
    outer loop
      vertex 9.25762 44 24.742
      vertex 10.5388 29 23.7045
      vertex 10.5388 44 23.7045
    endloop
  endfacet
  facet normal 0.629328 0 0.77714
    outer loop
      vertex 10.5388 29 23.7045
      vertex 9.25762 44 24.742
      vertex 9.25762 29 24.742
    endloop
  endfacet
  facet normal 0.052336 0 -0.99863
    outer loop
      vertex 0 46.8 -3.75
      vertex 1.64632 58 -3.66372
      vertex 1.64632 46.8 -3.66372
    endloop
  endfacet
  facet normal 0.052336 0 -0.99863
    outer loop
      vertex 1.64632 58 -3.66372
      vertex 0 46.8 -3.75
      vertex 0 58 -3.75
    endloop
  endfacet
  facet normal 0.052336 0 -0.99863
    outer loop
      vertex 0 29 -3.75
      vertex 1.64632 44 -3.66372
      vertex 1.64632 29 -3.66372
    endloop
  endfacet
  facet normal 0.052336 0 -0.99863
    outer loop
      vertex 1.64632 44 -3.66372
      vertex 0 29 -3.75
      vertex 0 44 -3.75
    endloop
  endfacet
  facet normal -0.629323 0 -0.777144
    outer loop
      vertex -10.5388 46.8 0.295469
      vertex -9.25762 58 -0.742017
      vertex -9.25762 46.8 -0.742017
    endloop
  endfacet
  facet normal -0.629323 0 -0.777144
    outer loop
      vertex -9.25762 58 -0.742017
      vertex -10.5388 46.8 0.295469
      vertex -10.5388 58 0.295469
    endloop
  endfacet
  facet normal -0.629323 0 -0.777144
    outer loop
      vertex -10.5388 29 0.295469
      vertex -9.25762 44 -0.742017
      vertex -9.25762 29 -0.742017
    endloop
  endfacet
  facet normal -0.629323 0 -0.777144
    outer loop
      vertex -9.25762 44 -0.742017
      vertex -10.5388 29 0.295469
      vertex -10.5388 44 0.295469
    endloop
  endfacet
  facet normal 0.258828 0 0.965924
    outer loop
      vertex 3.27461 58 27.4058
      vertex 4.86702 46.8 26.9791
      vertex 4.86702 58 26.9791
    endloop
  endfacet
  facet normal 0.258828 0 0.965924
    outer loop
      vertex 4.86702 46.8 26.9791
      vertex 3.27461 58 27.4058
      vertex 3.27461 46.8 27.4058
    endloop
  endfacet
  facet normal 0.258828 0 0.965924
    outer loop
      vertex 3.27461 44 27.4058
      vertex 4.86702 29 26.9791
      vertex 4.86702 44 26.9791
    endloop
  endfacet
  facet normal 0.258828 0 0.965924
    outer loop
      vertex 4.86702 29 26.9791
      vertex 3.27461 44 27.4058
      vertex 3.27461 29 27.4058
    endloop
  endfacet
  facet normal 0.998629 -0 0.0523487
    outer loop
      vertex 15.6637 46.8 13.6463
      vertex 15.75 58 12
      vertex 15.6637 58 13.6463
    endloop
  endfacet
  facet normal 0.998629 0 0.0523487
    outer loop
      vertex 15.75 58 12
      vertex 15.6637 46.8 13.6463
      vertex 15.75 46.8 12
    endloop
  endfacet
  facet normal 0.998629 -0 0.0523487
    outer loop
      vertex 15.6637 29 13.6463
      vertex 15.75 44 12
      vertex 15.6637 44 13.6463
    endloop
  endfacet
  facet normal 0.998629 0 0.0523487
    outer loop
      vertex 15.75 44 12
      vertex 15.6637 29 13.6463
      vertex 15.75 29 12
    endloop
  endfacet
  facet normal 0.987688 -0 0.156436
    outer loop
      vertex 15.4058 46.8 15.2746
      vertex 15.6637 58 13.6463
      vertex 15.4058 58 15.2746
    endloop
  endfacet
  facet normal 0.987688 0 0.156436
    outer loop
      vertex 15.6637 58 13.6463
      vertex 15.4058 46.8 15.2746
      vertex 15.6637 46.8 13.6463
    endloop
  endfacet
  facet normal 0.987688 -0 0.156436
    outer loop
      vertex 15.4058 29 15.2746
      vertex 15.6637 44 13.6463
      vertex 15.4058 44 15.2746
    endloop
  endfacet
  facet normal 0.987688 0 0.156436
    outer loop
      vertex 15.6637 44 13.6463
      vertex 15.4058 29 15.2746
      vertex 15.6637 29 13.6463
    endloop
  endfacet
  facet normal -0.052336 0 -0.99863
    outer loop
      vertex -1.64632 46.8 -3.66372
      vertex 0 58 -3.75
      vertex 0 46.8 -3.75
    endloop
  endfacet
  facet normal -0.052336 0 -0.99863
    outer loop
      vertex 0 58 -3.75
      vertex -1.64632 46.8 -3.66372
      vertex -1.64632 58 -3.66372
    endloop
  endfacet
  facet normal -0.052336 0 -0.99863
    outer loop
      vertex -1.64632 29 -3.66372
      vertex 0 44 -3.75
      vertex 0 29 -3.75
    endloop
  endfacet
  facet normal -0.052336 0 -0.99863
    outer loop
      vertex 0 44 -3.75
      vertex -1.64632 29 -3.66372
      vertex -1.64632 44 -3.66372
    endloop
  endfacet
  facet normal -0.965924 0 -0.258828
    outer loop
      vertex -14.9791 46.8 7.13298
      vertex -15.4058 58 8.72539
      vertex -14.9791 58 7.13298
    endloop
  endfacet
  facet normal -0.965924 -0 -0.258828
    outer loop
      vertex -15.4058 58 8.72539
      vertex -14.9791 46.8 7.13298
      vertex -15.4058 46.8 8.72539
    endloop
  endfacet
  facet normal -0.965924 0 -0.258828
    outer loop
      vertex -14.9791 29 7.13298
      vertex -15.4058 44 8.72539
      vertex -14.9791 44 7.13298
    endloop
  endfacet
  facet normal -0.965924 -0 -0.258828
    outer loop
      vertex -15.4058 44 8.72539
      vertex -14.9791 29 7.13298
      vertex -15.4058 29 8.72539
    endloop
  endfacet
  facet normal 0.707107 -0 0.707107
    outer loop
      vertex 10.5388 46.8 23.7045
      vertex 11.7045 58 22.5388
      vertex 10.5388 58 23.7045
    endloop
  endfacet
  facet normal 0.707107 0 0.707107
    outer loop
      vertex 11.7045 58 22.5388
      vertex 10.5388 46.8 23.7045
      vertex 11.7045 46.8 22.5388
    endloop
  endfacet
  facet normal 0.707107 -0 0.707107
    outer loop
      vertex 10.5388 29 23.7045
      vertex 11.7045 44 22.5388
      vertex 10.5388 44 23.7045
    endloop
  endfacet
  facet normal 0.707107 0 0.707107
    outer loop
      vertex 11.7045 44 22.5388
      vertex 10.5388 29 23.7045
      vertex 11.7045 29 22.5388
    endloop
  endfacet
  facet normal 0.777142 0 -0.629325
    outer loop
      vertex 12.742 46.8 2.74238
      vertex 11.7045 58 1.46119
      vertex 12.742 58 2.74238
    endloop
  endfacet
  facet normal 0.777142 0 -0.629325
    outer loop
      vertex 11.7045 58 1.46119
      vertex 12.742 46.8 2.74238
      vertex 11.7045 46.8 1.46119
    endloop
  endfacet
  facet normal 0.777142 0 -0.629325
    outer loop
      vertex 12.742 29 2.74238
      vertex 11.7045 44 1.46119
      vertex 12.742 44 2.74238
    endloop
  endfacet
  facet normal 0.777142 0 -0.629325
    outer loop
      vertex 11.7045 44 1.46119
      vertex 12.742 29 2.74238
      vertex 11.7045 29 1.46119
    endloop
  endfacet
  facet normal 0.358369 0 0.93358
    outer loop
      vertex 4.86702 58 26.9791
      vertex 6.4061 46.8 26.3883
      vertex 6.4061 58 26.3883
    endloop
  endfacet
  facet normal 0.358369 0 0.93358
    outer loop
      vertex 6.4061 46.8 26.3883
      vertex 4.86702 58 26.9791
      vertex 4.86702 46.8 26.9791
    endloop
  endfacet
  facet normal 0.358369 0 0.93358
    outer loop
      vertex 4.86702 44 26.9791
      vertex 6.4061 29 26.3883
      vertex 6.4061 44 26.3883
    endloop
  endfacet
  facet normal 0.358369 0 0.93358
    outer loop
      vertex 6.4061 29 26.3883
      vertex 4.86702 44 26.9791
      vertex 4.86702 29 26.9791
    endloop
  endfacet
  facet normal -0.838663 0 0.544651
    outer loop
      vertex -13.6399 46.8 19.875
      vertex -12.742 58 21.2576
      vertex -13.6399 58 19.875
    endloop
  endfacet
  facet normal -0.838663 0 0.544651
    outer loop
      vertex -12.742 58 21.2576
      vertex -13.6399 46.8 19.875
      vertex -12.742 46.8 21.2576
    endloop
  endfacet
  facet normal -0.838663 0 0.544651
    outer loop
      vertex -13.6399 29 19.875
      vertex -12.742 44 21.2576
      vertex -13.6399 44 19.875
    endloop
  endfacet
  facet normal -0.838663 0 0.544651
    outer loop
      vertex -12.742 44 21.2576
      vertex -13.6399 29 19.875
      vertex -12.742 29 21.2576
    endloop
  endfacet
  facet normal -0.358369 0 0.93358
    outer loop
      vertex -6.4061 58 26.3883
      vertex -4.86702 46.8 26.9791
      vertex -4.86702 58 26.9791
    endloop
  endfacet
  facet normal -0.358369 0 0.93358
    outer loop
      vertex -4.86702 46.8 26.9791
      vertex -6.4061 58 26.3883
      vertex -6.4061 46.8 26.3883
    endloop
  endfacet
  facet normal -0.358369 0 0.93358
    outer loop
      vertex -6.4061 44 26.3883
      vertex -4.86702 29 26.9791
      vertex -4.86702 44 26.9791
    endloop
  endfacet
  facet normal -0.358369 0 0.93358
    outer loop
      vertex -4.86702 29 26.9791
      vertex -6.4061 44 26.3883
      vertex -6.4061 29 26.3883
    endloop
  endfacet
  facet normal -0.987688 0 0.156436
    outer loop
      vertex -15.6637 46.8 13.6463
      vertex -15.4058 58 15.2746
      vertex -15.6637 58 13.6463
    endloop
  endfacet
  facet normal -0.987688 0 0.156436
    outer loop
      vertex -15.4058 58 15.2746
      vertex -15.6637 46.8 13.6463
      vertex -15.4058 46.8 15.2746
    endloop
  endfacet
  facet normal -0.987688 0 0.156436
    outer loop
      vertex -15.6637 29 13.6463
      vertex -15.4058 44 15.2746
      vertex -15.6637 44 13.6463
    endloop
  endfacet
  facet normal -0.987688 0 0.156436
    outer loop
      vertex -15.4058 44 15.2746
      vertex -15.6637 29 13.6463
      vertex -15.4058 29 15.2746
    endloop
  endfacet
  facet normal -0.838666 0 -0.544646
    outer loop
      vertex -12.742 46.8 2.74238
      vertex -13.6399 58 4.125
      vertex -12.742 58 2.74238
    endloop
  endfacet
  facet normal -0.838666 -0 -0.544646
    outer loop
      vertex -13.6399 58 4.125
      vertex -12.742 46.8 2.74238
      vertex -13.6399 46.8 4.125
    endloop
  endfacet
  facet normal -0.838666 0 -0.544646
    outer loop
      vertex -12.742 29 2.74238
      vertex -13.6399 44 4.125
      vertex -12.742 44 2.74238
    endloop
  endfacet
  facet normal -0.838666 -0 -0.544646
    outer loop
      vertex -13.6399 44 4.125
      vertex -12.742 29 2.74238
      vertex -13.6399 29 4.125
    endloop
  endfacet
  facet normal 0.45397 0 0.891017
    outer loop
      vertex 6.4061 58 26.3883
      vertex 7.875 46.8 25.6399
      vertex 7.875 58 25.6399
    endloop
  endfacet
  facet normal 0.45397 0 0.891017
    outer loop
      vertex 7.875 46.8 25.6399
      vertex 6.4061 58 26.3883
      vertex 6.4061 46.8 26.3883
    endloop
  endfacet
  facet normal 0.45397 0 0.891017
    outer loop
      vertex 6.4061 44 26.3883
      vertex 7.875 29 25.6399
      vertex 7.875 44 25.6399
    endloop
  endfacet
  facet normal 0.45397 0 0.891017
    outer loop
      vertex 7.875 29 25.6399
      vertex 6.4061 44 26.3883
      vertex 6.4061 29 26.3883
    endloop
  endfacet
  facet normal 0.891017 -0 0.45397
    outer loop
      vertex 13.6399 46.8 19.875
      vertex 14.3883 58 18.4061
      vertex 13.6399 58 19.875
    endloop
  endfacet
  facet normal 0.891017 0 0.45397
    outer loop
      vertex 14.3883 58 18.4061
      vertex 13.6399 46.8 19.875
      vertex 14.3883 46.8 18.4061
    endloop
  endfacet
  facet normal 0.891017 -0 0.45397
    outer loop
      vertex 13.6399 29 19.875
      vertex 14.3883 44 18.4061
      vertex 13.6399 44 19.875
    endloop
  endfacet
  facet normal 0.891017 0 0.45397
    outer loop
      vertex 14.3883 44 18.4061
      vertex 13.6399 29 19.875
      vertex 14.3883 29 18.4061
    endloop
  endfacet
  facet normal -0.987688 0 -0.156435
    outer loop
      vertex -15.4058 46.8 8.72539
      vertex -15.6637 58 10.3537
      vertex -15.4058 58 8.72539
    endloop
  endfacet
  facet normal -0.987688 -0 -0.156435
    outer loop
      vertex -15.6637 58 10.3537
      vertex -15.4058 46.8 8.72539
      vertex -15.6637 46.8 10.3537
    endloop
  endfacet
  facet normal -0.987688 0 -0.156435
    outer loop
      vertex -15.4058 29 8.72539
      vertex -15.6637 44 10.3537
      vertex -15.4058 44 8.72539
    endloop
  endfacet
  facet normal -0.987688 -0 -0.156435
    outer loop
      vertex -15.6637 44 10.3537
      vertex -15.4058 29 8.72539
      vertex -15.6637 29 10.3537
    endloop
  endfacet
  facet normal -0.156437 0 0.987688
    outer loop
      vertex -3.27461 58 27.4058
      vertex -1.64632 46.8 27.6637
      vertex -1.64632 58 27.6637
    endloop
  endfacet
  facet normal -0.156437 0 0.987688
    outer loop
      vertex -1.64632 46.8 27.6637
      vertex -3.27461 58 27.4058
      vertex -3.27461 46.8 27.4058
    endloop
  endfacet
  facet normal -0.156437 0 0.987688
    outer loop
      vertex -3.27461 44 27.4058
      vertex -1.64632 29 27.6637
      vertex -1.64632 44 27.6637
    endloop
  endfacet
  facet normal -0.156437 0 0.987688
    outer loop
      vertex -1.64632 29 27.6637
      vertex -3.27461 44 27.4058
      vertex -3.27461 29 27.4058
    endloop
  endfacet
  facet normal -0.629328 0 0.77714
    outer loop
      vertex -10.5388 58 23.7045
      vertex -9.25762 46.8 24.742
      vertex -9.25762 58 24.742
    endloop
  endfacet
  facet normal -0.629328 0 0.77714
    outer loop
      vertex -9.25762 46.8 24.742
      vertex -10.5388 58 23.7045
      vertex -10.5388 46.8 23.7045
    endloop
  endfacet
  facet normal -0.629328 0 0.77714
    outer loop
      vertex -10.5388 44 23.7045
      vertex -9.25762 29 24.742
      vertex -9.25762 44 24.742
    endloop
  endfacet
  facet normal -0.629328 0 0.77714
    outer loop
      vertex -9.25762 29 24.742
      vertex -10.5388 44 23.7045
      vertex -10.5388 29 23.7045
    endloop
  endfacet
  facet normal -0.45397 0 0.891017
    outer loop
      vertex -7.875 58 25.6399
      vertex -6.4061 46.8 26.3883
      vertex -6.4061 58 26.3883
    endloop
  endfacet
  facet normal -0.45397 0 0.891017
    outer loop
      vertex -6.4061 46.8 26.3883
      vertex -7.875 58 25.6399
      vertex -7.875 46.8 25.6399
    endloop
  endfacet
  facet normal -0.45397 0 0.891017
    outer loop
      vertex -7.875 44 25.6399
      vertex -6.4061 29 26.3883
      vertex -6.4061 44 26.3883
    endloop
  endfacet
  facet normal -0.45397 0 0.891017
    outer loop
      vertex -6.4061 29 26.3883
      vertex -7.875 44 25.6399
      vertex -7.875 29 25.6399
    endloop
  endfacet
  facet normal -0.544646 0 0.838666
    outer loop
      vertex -9.25762 58 24.742
      vertex -7.875 46.8 25.6399
      vertex -7.875 58 25.6399
    endloop
  endfacet
  facet normal -0.544646 0 0.838666
    outer loop
      vertex -7.875 46.8 25.6399
      vertex -9.25762 58 24.742
      vertex -9.25762 46.8 24.742
    endloop
  endfacet
  facet normal -0.544646 0 0.838666
    outer loop
      vertex -9.25762 44 24.742
      vertex -7.875 29 25.6399
      vertex -7.875 44 25.6399
    endloop
  endfacet
  facet normal -0.544646 0 0.838666
    outer loop
      vertex -7.875 29 25.6399
      vertex -9.25762 44 24.742
      vertex -9.25762 29 24.742
    endloop
  endfacet
  facet normal 0.987689 -0 0.156427
    outer loop
      vertex 18.5848 26 15.9503
      vertex 18.8959 29 13.986
      vertex 18.5848 29 15.9503
    endloop
  endfacet
  facet normal 0.987689 0 0.156427
    outer loop
      vertex 18.8959 29 13.986
      vertex 18.5848 26 15.9503
      vertex 18.8959 26 13.986
    endloop
  endfacet
  facet normal 0.98769 0 -0.156426
    outer loop
      vertex 18.8959 26 10.014
      vertex 18.5848 29 8.04968
      vertex 18.8959 29 10.014
    endloop
  endfacet
  facet normal 0.98769 0 -0.156426
    outer loop
      vertex 18.5848 29 8.04968
      vertex 18.8959 26 10.014
      vertex 18.5848 26 8.04968
    endloop
  endfacet
  facet normal 0.998629 0 -0.0523451
    outer loop
      vertex 19 26 12
      vertex 18.8959 29 10.014
      vertex 19 29 12
    endloop
  endfacet
  facet normal 0.998629 0 -0.0523451
    outer loop
      vertex 18.8959 29 10.014
      vertex 19 26 12
      vertex 18.8959 26 10.014
    endloop
  endfacet
  facet normal 0.96593 0 -0.258805
    outer loop
      vertex 18.5848 26 8.04968
      vertex 18.0701 29 6.12868
      vertex 18.5848 29 8.04968
    endloop
  endfacet
  facet normal 0.96593 0 -0.258805
    outer loop
      vertex 18.0701 29 6.12868
      vertex 18.5848 26 8.04968
      vertex 18.0701 26 6.12868
    endloop
  endfacet
  facet normal 0.838661 0 -0.544653
    outer loop
      vertex 16.4545 26 2.5
      vertex 15.3713 29 0.832081
      vertex 16.4545 29 2.5
    endloop
  endfacet
  facet normal 0.838661 0 -0.544653
    outer loop
      vertex 15.3713 29 0.832081
      vertex 16.4545 26 2.5
      vertex 15.3713 26 0.832081
    endloop
  endfacet
  facet normal -0.156439 0 -0.987688
    outer loop
      vertex -3.95032 26 -6.5848
      vertex -1.98604 29 -6.89592
      vertex -1.98604 26 -6.89592
    endloop
  endfacet
  facet normal -0.156439 0 -0.987688
    outer loop
      vertex -1.98604 29 -6.89592
      vertex -3.95032 26 -6.5848
      vertex -3.95032 29 -6.5848
    endloop
  endfacet
  facet normal -0.96593 0 0.258805
    outer loop
      vertex -18.5848 26 15.9503
      vertex -18.0701 29 17.8713
      vertex -18.5848 29 15.9503
    endloop
  endfacet
  facet normal -0.96593 0 0.258805
    outer loop
      vertex -18.0701 29 17.8713
      vertex -18.5848 26 15.9503
      vertex -18.0701 26 17.8713
    endloop
  endfacet
  facet normal -0.453999 0 0.891002
    outer loop
      vertex -9.5 29 28.4545
      vertex -7.728 26 29.3574
      vertex -7.728 29 29.3574
    endloop
  endfacet
  facet normal -0.453999 0 0.891002
    outer loop
      vertex -7.728 26 29.3574
      vertex -9.5 29 28.4545
      vertex -9.5 26 28.4545
    endloop
  endfacet
  facet normal 0.998629 -0 0.0523451
    outer loop
      vertex 18.8959 26 13.986
      vertex 19 29 12
      vertex 18.8959 29 13.986
    endloop
  endfacet
  facet normal 0.998629 0 0.0523451
    outer loop
      vertex 19 29 12
      vertex 18.8959 26 13.986
      vertex 19 26 12
    endloop
  endfacet
  facet normal 0.258805 0 0.96593
    outer loop
      vertex 3.95032 29 30.5848
      vertex 5.87132 26 30.0701
      vertex 5.87132 29 30.0701
    endloop
  endfacet
  facet normal 0.258805 0 0.96593
    outer loop
      vertex 5.87132 26 30.0701
      vertex 3.95032 29 30.5848
      vertex 3.95032 26 30.5848
    endloop
  endfacet
  facet normal -0.629289 0 0.777171
    outer loop
      vertex -12.7135 29 26.1198
      vertex -11.1679 26 27.3713
      vertex -11.1679 29 27.3713
    endloop
  endfacet
  facet normal -0.629289 0 0.777171
    outer loop
      vertex -11.1679 26 27.3713
      vertex -12.7135 29 26.1198
      vertex -12.7135 26 26.1198
    endloop
  endfacet
  facet normal -0.156429 0 0.987689
    outer loop
      vertex -3.95032 29 30.5848
      vertex -1.98604 26 30.8959
      vertex -1.98604 29 30.8959
    endloop
  endfacet
  facet normal -0.156429 0 0.987689
    outer loop
      vertex -1.98604 26 30.8959
      vertex -3.95032 29 30.5848
      vertex -3.95032 26 30.5848
    endloop
  endfacet
  facet normal -0.707107 0 0.707107
    outer loop
      vertex -14.1198 29 24.7135
      vertex -12.7135 26 26.1198
      vertex -12.7135 29 26.1198
    endloop
  endfacet
  facet normal -0.707107 0 0.707107
    outer loop
      vertex -12.7135 26 26.1198
      vertex -14.1198 29 24.7135
      vertex -14.1198 26 24.7135
    endloop
  endfacet
  facet normal -0.96593 0 -0.258805
    outer loop
      vertex -18.0701 26 6.12868
      vertex -18.5848 29 8.04968
      vertex -18.0701 29 6.12868
    endloop
  endfacet
  facet normal -0.96593 -0 -0.258805
    outer loop
      vertex -18.5848 29 8.04968
      vertex -18.0701 26 6.12868
      vertex -18.5848 26 8.04968
    endloop
  endfacet
  facet normal -0.544658 0 0.838658
    outer loop
      vertex -11.1679 29 27.3713
      vertex -9.5 26 28.4545
      vertex -9.5 29 28.4545
    endloop
  endfacet
  facet normal -0.544658 0 0.838658
    outer loop
      vertex -9.5 26 28.4545
      vertex -11.1679 29 27.3713
      vertex -11.1679 26 27.3713
    endloop
  endfacet
  facet normal 0.156439 0 -0.987688
    outer loop
      vertex 1.98604 26 -6.89592
      vertex 3.95032 29 -6.5848
      vertex 3.95032 26 -6.5848
    endloop
  endfacet
  facet normal 0.156439 0 -0.987688
    outer loop
      vertex 3.95032 29 -6.5848
      vertex 1.98604 26 -6.89592
      vertex 1.98604 29 -6.89592
    endloop
  endfacet
  facet normal 0.544644 0 -0.838668
    outer loop
      vertex 9.5 26 -4.45448
      vertex 11.1679 29 -3.37132
      vertex 11.1679 26 -3.37132
    endloop
  endfacet
  facet normal 0.544644 0 -0.838668
    outer loop
      vertex 11.1679 29 -3.37132
      vertex 9.5 26 -4.45448
      vertex 9.5 29 -4.45448
    endloop
  endfacet
  facet normal 0.358362 0 0.933583
    outer loop
      vertex 5.87132 29 30.0701
      vertex 7.728 26 29.3574
      vertex 7.728 29 29.3574
    endloop
  endfacet
  facet normal 0.358362 0 0.933583
    outer loop
      vertex 7.728 26 29.3574
      vertex 5.87132 29 30.0701
      vertex 5.87132 26 30.0701
    endloop
  endfacet
  facet normal -0.258819 0 -0.965926
    outer loop
      vertex -5.87132 26 -6.07007
      vertex -3.95032 29 -6.5848
      vertex -3.95032 26 -6.5848
    endloop
  endfacet
  facet normal -0.258819 0 -0.965926
    outer loop
      vertex -3.95032 29 -6.5848
      vertex -5.87132 26 -6.07007
      vertex -5.87132 29 -6.07007
    endloop
  endfacet
  facet normal 0.052334 0 -0.99863
    outer loop
      vertex 0 26 -7
      vertex 1.98604 29 -6.89592
      vertex 1.98604 26 -6.89592
    endloop
  endfacet
  facet normal 0.052334 0 -0.99863
    outer loop
      vertex 1.98604 29 -6.89592
      vertex 0 26 -7
      vertex 0 29 -7
    endloop
  endfacet
  facet normal 0.358367 0 -0.933581
    outer loop
      vertex 5.87132 26 -6.07007
      vertex 7.728 29 -5.35736
      vertex 7.728 26 -5.35736
    endloop
  endfacet
  facet normal 0.358367 0 -0.933581
    outer loop
      vertex 7.728 29 -5.35736
      vertex 5.87132 26 -6.07007
      vertex 5.87132 29 -6.07007
    endloop
  endfacet
  facet normal 0.96593 -0 0.258805
    outer loop
      vertex 18.0701 26 17.8713
      vertex 18.5848 29 15.9503
      vertex 18.0701 29 17.8713
    endloop
  endfacet
  facet normal 0.96593 0 0.258805
    outer loop
      vertex 18.5848 29 15.9503
      vertex 18.0701 26 17.8713
      vertex 18.5848 26 15.9503
    endloop
  endfacet
  facet normal 0.453991 0 -0.891006
    outer loop
      vertex 7.728 26 -5.35736
      vertex 9.5 29 -4.45448
      vertex 9.5 26 -4.45448
    endloop
  endfacet
  facet normal 0.453991 0 -0.891006
    outer loop
      vertex 9.5 29 -4.45448
      vertex 7.728 26 -5.35736
      vertex 7.728 29 -5.35736
    endloop
  endfacet
  facet normal 0.156429 0 0.987689
    outer loop
      vertex 1.98604 29 30.8959
      vertex 3.95032 26 30.5848
      vertex 3.95032 29 30.5848
    endloop
  endfacet
  facet normal 0.156429 0 0.987689
    outer loop
      vertex 3.95032 26 30.5848
      vertex 1.98604 29 30.8959
      vertex 1.98604 26 30.8959
    endloop
  endfacet
  facet normal -0.258805 0 0.96593
    outer loop
      vertex -5.87132 29 30.0701
      vertex -3.95032 26 30.5848
      vertex -3.95032 29 30.5848
    endloop
  endfacet
  facet normal -0.258805 0 0.96593
    outer loop
      vertex -3.95032 26 30.5848
      vertex -5.87132 29 30.0701
      vertex -5.87132 26 30.0701
    endloop
  endfacet
  facet normal 0.777171 -0 0.629289
    outer loop
      vertex 14.1198 26 24.7135
      vertex 15.3713 29 23.1679
      vertex 14.1198 29 24.7135
    endloop
  endfacet
  facet normal 0.777171 0 0.629289
    outer loop
      vertex 15.3713 29 23.1679
      vertex 14.1198 26 24.7135
      vertex 15.3713 26 23.1679
    endloop
  endfacet
  facet normal 0.629311 0 -0.777154
    outer loop
      vertex 11.1679 26 -3.37132
      vertex 12.7135 29 -2.11975
      vertex 12.7135 26 -2.11975
    endloop
  endfacet
  facet normal 0.629311 0 -0.777154
    outer loop
      vertex 12.7135 29 -2.11975
      vertex 11.1679 26 -3.37132
      vertex 11.1679 29 -3.37132
    endloop
  endfacet
  facet normal 0.891002 -0 0.453999
    outer loop
      vertex 16.4545 26 21.5
      vertex 17.3574 29 19.728
      vertex 16.4545 29 21.5
    endloop
  endfacet
  facet normal 0.891002 0 0.453999
    outer loop
      vertex 17.3574 29 19.728
      vertex 16.4545 26 21.5
      vertex 17.3574 26 19.728
    endloop
  endfacet
  facet normal -0.707099 0 -0.707115
    outer loop
      vertex -12.7135 26 -2.11975
      vertex -14.1198 29 -0.713481
      vertex -12.7135 29 -2.11975
    endloop
  endfacet
  facet normal -0.707099 -0 -0.707115
    outer loop
      vertex -14.1198 29 -0.713481
      vertex -12.7135 26 -2.11975
      vertex -14.1198 26 -0.713481
    endloop
  endfacet
  facet normal 0.052344 0 0.998629
    outer loop
      vertex 0 29 31
      vertex 1.98604 26 30.8959
      vertex 1.98604 29 30.8959
    endloop
  endfacet
  facet normal 0.052344 0 0.998629
    outer loop
      vertex 1.98604 26 30.8959
      vertex 0 29 31
      vertex 0 26 31
    endloop
  endfacet
  facet normal -0.358367 0 -0.933581
    outer loop
      vertex -7.728 26 -5.35736
      vertex -5.87132 29 -6.07007
      vertex -5.87132 26 -6.07007
    endloop
  endfacet
  facet normal -0.358367 0 -0.933581
    outer loop
      vertex -5.87132 29 -6.07007
      vertex -7.728 26 -5.35736
      vertex -7.728 29 -5.35736
    endloop
  endfacet
  facet normal -0.052334 0 -0.99863
    outer loop
      vertex -1.98604 26 -6.89592
      vertex 0 29 -7
      vertex 0 26 -7
    endloop
  endfacet
  facet normal -0.052334 0 -0.99863
    outer loop
      vertex 0 29 -7
      vertex -1.98604 26 -6.89592
      vertex -1.98604 29 -6.89592
    endloop
  endfacet
  facet normal 0.453999 0 0.891002
    outer loop
      vertex 7.728 29 29.3574
      vertex 9.5 26 28.4545
      vertex 9.5 29 28.4545
    endloop
  endfacet
  facet normal 0.453999 0 0.891002
    outer loop
      vertex 9.5 26 28.4545
      vertex 7.728 29 29.3574
      vertex 7.728 26 29.3574
    endloop
  endfacet
  facet normal -0.933583 0 -0.358362
    outer loop
      vertex -17.3574 26 4.272
      vertex -18.0701 29 6.12868
      vertex -17.3574 29 4.272
    endloop
  endfacet
  facet normal -0.933583 -0 -0.358362
    outer loop
      vertex -18.0701 29 6.12868
      vertex -17.3574 26 4.272
      vertex -18.0701 26 6.12868
    endloop
  endfacet
  facet normal -0.891002 0 -0.453999
    outer loop
      vertex -16.4545 26 2.5
      vertex -17.3574 29 4.272
      vertex -16.4545 29 2.5
    endloop
  endfacet
  facet normal -0.891002 -0 -0.453999
    outer loop
      vertex -17.3574 29 4.272
      vertex -16.4545 26 2.5
      vertex -17.3574 26 4.272
    endloop
  endfacet
  facet normal 0.777164 0 -0.629299
    outer loop
      vertex 15.3713 26 0.832081
      vertex 14.1198 29 -0.713481
      vertex 15.3713 29 0.832081
    endloop
  endfacet
  facet normal 0.777164 0 -0.629299
    outer loop
      vertex 14.1198 29 -0.713481
      vertex 15.3713 26 0.832081
      vertex 14.1198 26 -0.713481
    endloop
  endfacet
  facet normal 0.258819 0 -0.965926
    outer loop
      vertex 3.95032 26 -6.5848
      vertex 5.87132 29 -6.07007
      vertex 5.87132 26 -6.07007
    endloop
  endfacet
  facet normal 0.258819 0 -0.965926
    outer loop
      vertex 5.87132 29 -6.07007
      vertex 3.95032 26 -6.5848
      vertex 3.95032 29 -6.5848
    endloop
  endfacet
  facet normal 0.933583 0 -0.358362
    outer loop
      vertex 18.0701 26 6.12868
      vertex 17.3574 29 4.272
      vertex 18.0701 29 6.12868
    endloop
  endfacet
  facet normal 0.933583 0 -0.358362
    outer loop
      vertex 17.3574 29 4.272
      vertex 18.0701 26 6.12868
      vertex 17.3574 26 4.272
    endloop
  endfacet
  facet normal 0.838658 -0 0.544658
    outer loop
      vertex 15.3713 26 23.1679
      vertex 16.4545 29 21.5
      vertex 15.3713 29 23.1679
    endloop
  endfacet
  facet normal 0.838658 0 0.544658
    outer loop
      vertex 16.4545 29 21.5
      vertex 15.3713 26 23.1679
      vertex 16.4545 26 21.5
    endloop
  endfacet
  facet normal -0.998629 0 0.0523451
    outer loop
      vertex -19 26 12
      vertex -18.8959 29 13.986
      vertex -19 29 12
    endloop
  endfacet
  facet normal -0.998629 0 0.0523451
    outer loop
      vertex -18.8959 29 13.986
      vertex -19 26 12
      vertex -18.8959 26 13.986
    endloop
  endfacet
  facet normal 0 1 0
    outer loop
      vertex 0 29 27.75
      vertex 0 29 31
      vertex 1.98604 29 30.8959
    endloop
  endfacet
  facet normal 0 1 0
    outer loop
      vertex 1.64632 29 27.6637
      vertex 1.98604 29 30.8959
      vertex 3.95032 29 30.5848
    endloop
  endfacet
  facet normal 0 1 0
    outer loop
      vertex 0 29 31
      vertex 0 29 27.75
      vertex -1.98604 29 30.8959
    endloop
  endfacet
  facet normal 0 1 0
    outer loop
      vertex 3.27461 29 27.4058
      vertex 3.95032 29 30.5848
      vertex 5.87132 29 30.0701
    endloop
  endfacet
  facet normal 0 1 -0
    outer loop
      vertex -1.64632 29 27.6637
      vertex -1.98604 29 30.8959
      vertex 0 29 27.75
    endloop
  endfacet
  facet normal 0 1 0
    outer loop
      vertex 4.86702 29 26.9791
      vertex 5.87132 29 30.0701
      vertex 7.728 29 29.3574
    endloop
  endfacet
  facet normal 0 1 0
    outer loop
      vertex -1.98604 29 30.8959
      vertex -1.64632 29 27.6637
      vertex -3.95032 29 30.5848
    endloop
  endfacet
  facet normal 0 1 0
    outer loop
      vertex 6.4061 29 26.3883
      vertex 7.728 29 29.3574
      vertex 9.5 29 28.4545
    endloop
  endfacet
  facet normal 0 1 -0
    outer loop
      vertex -3.27461 29 27.4058
      vertex -3.95032 29 30.5848
      vertex -1.64632 29 27.6637
    endloop
  endfacet
  facet normal 0 1 0
    outer loop
      vertex -3.95032 29 30.5848
      vertex -3.27461 29 27.4058
      vertex -5.87132 29 30.0701
    endloop
  endfacet
  facet normal 0 1 0
    outer loop
      vertex 1.98604 29 30.8959
      vertex 1.64632 29 27.6637
      vertex 0 29 27.75
    endloop
  endfacet
  facet normal 0 1 0
    outer loop
      vertex 3.95032 29 30.5848
      vertex 3.27461 29 27.4058
      vertex 1.64632 29 27.6637
    endloop
  endfacet
  facet normal 0 1 0
    outer loop
      vertex 7.875 29 25.6399
      vertex 9.5 29 28.4545
      vertex 11.1679 29 27.3713
    endloop
  endfacet
  facet normal 0 1 0
    outer loop
      vertex 5.87132 29 30.0701
      vertex 4.86702 29 26.9791
      vertex 3.27461 29 27.4058
    endloop
  endfacet
  facet normal 0 1 0
    outer loop
      vertex 7.728 29 29.3574
      vertex 6.4061 29 26.3883
      vertex 4.86702 29 26.9791
    endloop
  endfacet
  facet normal 0 1 0
    outer loop
      vertex 9.25762 29 24.742
      vertex 11.1679 29 27.3713
      vertex 12.7135 29 26.1198
    endloop
  endfacet
  facet normal 0 1 0
    outer loop
      vertex 9.5 29 28.4545
      vertex 7.875 29 25.6399
      vertex 6.4061 29 26.3883
    endloop
  endfacet
  facet normal 0 1 0
    outer loop
      vertex 11.1679 29 27.3713
      vertex 9.25762 29 24.742
      vertex 7.875 29 25.6399
    endloop
  endfacet
  facet normal 0 1 0
    outer loop
      vertex 10.5388 29 23.7045
      vertex 12.7135 29 26.1198
      vertex 14.1198 29 24.7135
    endloop
  endfacet
  facet normal 0 1 0
    outer loop
      vertex 12.7135 29 26.1198
      vertex 10.5388 29 23.7045
      vertex 9.25762 29 24.742
    endloop
  endfacet
  facet normal 0 1 0
    outer loop
      vertex 11.7045 29 22.5388
      vertex 14.1198 29 24.7135
      vertex 15.3713 29 23.1679
    endloop
  endfacet
  facet normal 0 1 0
    outer loop
      vertex 14.1198 29 24.7135
      vertex 11.7045 29 22.5388
      vertex 10.5388 29 23.7045
    endloop
  endfacet
  facet normal 0 1 0
    outer loop
      vertex 12.742 29 21.2576
      vertex 15.3713 29 23.1679
      vertex 16.4545 29 21.5
    endloop
  endfacet
  facet normal 0 1 0
    outer loop
      vertex 15.3713 29 23.1679
      vertex 12.742 29 21.2576
      vertex 11.7045 29 22.5388
    endloop
  endfacet
  facet normal 0 1 0
    outer loop
      vertex 16.4545 29 21.5
      vertex 13.6399 29 19.875
      vertex 12.742 29 21.2576
    endloop
  endfacet
  facet normal 0 1 0
    outer loop
      vertex 17.3574 29 19.728
      vertex 13.6399 29 19.875
      vertex 16.4545 29 21.5
    endloop
  endfacet
  facet normal 0 1 0
    outer loop
      vertex 17.3574 29 19.728
      vertex 14.3883 29 18.4061
      vertex 13.6399 29 19.875
    endloop
  endfacet
  facet normal 0 1 0
    outer loop
      vertex 18.0701 29 17.8713
      vertex 14.3883 29 18.4061
      vertex 17.3574 29 19.728
    endloop
  endfacet
  facet normal 0 1 0
    outer loop
      vertex 18.0701 29 17.8713
      vertex 14.9791 29 16.867
      vertex 14.3883 29 18.4061
    endloop
  endfacet
  facet normal 0 1 0
    outer loop
      vertex 18.5848 29 15.9503
      vertex 14.9791 29 16.867
      vertex 18.0701 29 17.8713
    endloop
  endfacet
  facet normal 0 1 0
    outer loop
      vertex 18.5848 29 15.9503
      vertex 15.4058 29 15.2746
      vertex 14.9791 29 16.867
    endloop
  endfacet
  facet normal 0 1 0
    outer loop
      vertex 18.8959 29 13.986
      vertex 15.4058 29 15.2746
      vertex 18.5848 29 15.9503
    endloop
  endfacet
  facet normal 0 1 0
    outer loop
      vertex 18.8959 29 13.986
      vertex 15.6637 29 13.6463
      vertex 15.4058 29 15.2746
    endloop
  endfacet
  facet normal 0 1 0
    outer loop
      vertex 19 29 12
      vertex 15.6637 29 13.6463
      vertex 18.8959 29 13.986
    endloop
  endfacet
  facet normal 0 1 0
    outer loop
      vertex 19 29 12
      vertex 15.75 29 12
      vertex 15.6637 29 13.6463
    endloop
  endfacet
  facet normal 0 1 0
    outer loop
      vertex 19 29 12
      vertex 15.6637 29 10.3537
      vertex 15.75 29 12
    endloop
  endfacet
  facet normal 0 1 -0
    outer loop
      vertex 18.8959 29 10.014
      vertex 15.6637 29 10.3537
      vertex 19 29 12
    endloop
  endfacet
  facet normal 0 1 0
    outer loop
      vertex 18.8959 29 10.014
      vertex 15.4058 29 8.72539
      vertex 15.6637 29 10.3537
    endloop
  endfacet
  facet normal 0 1 -0
    outer loop
      vertex 18.5848 29 8.04968
      vertex 15.4058 29 8.72539
      vertex 18.8959 29 10.014
    endloop
  endfacet
  facet normal 0 1 0
    outer loop
      vertex 18.5848 29 8.04968
      vertex 14.9791 29 7.13298
      vertex 15.4058 29 8.72539
    endloop
  endfacet
  facet normal 0 1 -0
    outer loop
      vertex 18.0701 29 6.12868
      vertex 14.9791 29 7.13298
      vertex 18.5848 29 8.04968
    endloop
  endfacet
  facet normal 0 1 0
    outer loop
      vertex 18.0701 29 6.12868
      vertex 14.3883 29 5.5939
      vertex 14.9791 29 7.13298
    endloop
  endfacet
  facet normal 0 1 -0
    outer loop
      vertex 17.3574 29 4.272
      vertex 14.3883 29 5.5939
      vertex 18.0701 29 6.12868
    endloop
  endfacet
  facet normal 0 1 0
    outer loop
      vertex 17.3574 29 4.272
      vertex 13.6399 29 4.125
      vertex 14.3883 29 5.5939
    endloop
  endfacet
  facet normal 0 1 -0
    outer loop
      vertex 16.4545 29 2.5
      vertex 13.6399 29 4.125
      vertex 17.3574 29 4.272
    endloop
  endfacet
  facet normal 0 1 0
    outer loop
      vertex 13.6399 29 4.125
      vertex 16.4545 29 2.5
      vertex 12.742 29 2.74238
    endloop
  endfacet
  facet normal 0 1 -0
    outer loop
      vertex 15.3713 29 0.832081
      vertex 12.742 29 2.74238
      vertex 16.4545 29 2.5
    endloop
  endfacet
  facet normal 0 1 0
    outer loop
      vertex 12.742 29 2.74238
      vertex 15.3713 29 0.832081
      vertex 11.7045 29 1.46119
    endloop
  endfacet
  facet normal 0 1 -0
    outer loop
      vertex 14.1198 29 -0.713481
      vertex 11.7045 29 1.46119
      vertex 15.3713 29 0.832081
    endloop
  endfacet
  facet normal 0 1 0
    outer loop
      vertex 11.7045 29 1.46119
      vertex 14.1198 29 -0.713481
      vertex 10.5388 29 0.295469
    endloop
  endfacet
  facet normal 0 1 -0
    outer loop
      vertex 12.7135 29 -2.11975
      vertex 10.5388 29 0.295469
      vertex 14.1198 29 -0.713481
    endloop
  endfacet
  facet normal 0 1 0
    outer loop
      vertex 10.5388 29 0.295469
      vertex 12.7135 29 -2.11975
      vertex 9.25762 29 -0.742017
    endloop
  endfacet
  facet normal 0 1 -0
    outer loop
      vertex 11.1679 29 -3.37132
      vertex 9.25762 29 -0.742017
      vertex 12.7135 29 -2.11975
    endloop
  endfacet
  facet normal 0 1 0
    outer loop
      vertex 9.25762 29 -0.742017
      vertex 11.1679 29 -3.37132
      vertex 7.875 29 -1.6399
    endloop
  endfacet
  facet normal 0 1 -0
    outer loop
      vertex 9.5 29 -4.45448
      vertex 7.875 29 -1.6399
      vertex 11.1679 29 -3.37132
    endloop
  endfacet
  facet normal 0 1 0
    outer loop
      vertex 7.875 29 -1.6399
      vertex 9.5 29 -4.45448
      vertex 6.4061 29 -2.38834
    endloop
  endfacet
  facet normal 0 1 -0
    outer loop
      vertex 7.728 29 -5.35736
      vertex 6.4061 29 -2.38834
      vertex 9.5 29 -4.45448
    endloop
  endfacet
  facet normal 0 1 0
    outer loop
      vertex 6.4061 29 -2.38834
      vertex 7.728 29 -5.35736
      vertex 4.86702 29 -2.97914
    endloop
  endfacet
  facet normal 0 1 -0
    outer loop
      vertex 5.87132 29 -6.07007
      vertex 4.86702 29 -2.97914
      vertex 7.728 29 -5.35736
    endloop
  endfacet
  facet normal 0 1 0
    outer loop
      vertex 4.86702 29 -2.97914
      vertex 5.87132 29 -6.07007
      vertex 3.27461 29 -3.40582
    endloop
  endfacet
  facet normal 0 1 -0
    outer loop
      vertex -4.86702 29 26.9791
      vertex -5.87132 29 30.0701
      vertex -3.27461 29 27.4058
    endloop
  endfacet
  facet normal 0 1 0
    outer loop
      vertex -5.87132 29 30.0701
      vertex -4.86702 29 26.9791
      vertex -7.728 29 29.3574
    endloop
  endfacet
  facet normal 0 1 -0
    outer loop
      vertex -6.4061 29 26.3883
      vertex -7.728 29 29.3574
      vertex -4.86702 29 26.9791
    endloop
  endfacet
  facet normal 0 1 0
    outer loop
      vertex -7.728 29 29.3574
      vertex -6.4061 29 26.3883
      vertex -9.5 29 28.4545
    endloop
  endfacet
  facet normal 0 1 -0
    outer loop
      vertex -7.875 29 25.6399
      vertex -9.5 29 28.4545
      vertex -6.4061 29 26.3883
    endloop
  endfacet
  facet normal 0 1 0
    outer loop
      vertex -9.5 29 28.4545
      vertex -7.875 29 25.6399
      vertex -11.1679 29 27.3713
    endloop
  endfacet
  facet normal 0 1 -0
    outer loop
      vertex -9.25762 29 24.742
      vertex -11.1679 29 27.3713
      vertex -7.875 29 25.6399
    endloop
  endfacet
  facet normal 0 1 0
    outer loop
      vertex -11.1679 29 27.3713
      vertex -9.25762 29 24.742
      vertex -12.7135 29 26.1198
    endloop
  endfacet
  facet normal 0 1 -0
    outer loop
      vertex -10.5388 29 23.7045
      vertex -12.7135 29 26.1198
      vertex -9.25762 29 24.742
    endloop
  endfacet
  facet normal 0 1 0
    outer loop
      vertex -12.7135 29 26.1198
      vertex -10.5388 29 23.7045
      vertex -14.1198 29 24.7135
    endloop
  endfacet
  facet normal 0 1 -0
    outer loop
      vertex -11.7045 29 22.5388
      vertex -14.1198 29 24.7135
      vertex -10.5388 29 23.7045
    endloop
  endfacet
  facet normal 0 1 0
    outer loop
      vertex -14.1198 29 24.7135
      vertex -11.7045 29 22.5388
      vertex -15.3713 29 23.1679
    endloop
  endfacet
  facet normal 0 1 -0
    outer loop
      vertex -12.742 29 21.2576
      vertex -15.3713 29 23.1679
      vertex -11.7045 29 22.5388
    endloop
  endfacet
  facet normal 0 1 0
    outer loop
      vertex -15.3713 29 23.1679
      vertex -12.742 29 21.2576
      vertex -16.4545 29 21.5
    endloop
  endfacet
  facet normal 0 1 -0
    outer loop
      vertex -13.6399 29 19.875
      vertex -16.4545 29 21.5
      vertex -12.742 29 21.2576
    endloop
  endfacet
  facet normal 0 1 0
    outer loop
      vertex -13.6399 29 19.875
      vertex -17.3574 29 19.728
      vertex -16.4545 29 21.5
    endloop
  endfacet
  facet normal 0 1 -0
    outer loop
      vertex -14.3883 29 18.4061
      vertex -17.3574 29 19.728
      vertex -13.6399 29 19.875
    endloop
  endfacet
  facet normal 0 1 0
    outer loop
      vertex -14.3883 29 18.4061
      vertex -18.0701 29 17.8713
      vertex -17.3574 29 19.728
    endloop
  endfacet
  facet normal 0 1 -0
    outer loop
      vertex -14.9791 29 16.867
      vertex -18.0701 29 17.8713
      vertex -14.3883 29 18.4061
    endloop
  endfacet
  facet normal 0 1 0
    outer loop
      vertex -14.9791 29 16.867
      vertex -18.5848 29 15.9503
      vertex -18.0701 29 17.8713
    endloop
  endfacet
  facet normal 0 1 -0
    outer loop
      vertex -15.4058 29 15.2746
      vertex -18.5848 29 15.9503
      vertex -14.9791 29 16.867
    endloop
  endfacet
  facet normal 0 1 0
    outer loop
      vertex -15.4058 29 15.2746
      vertex -18.8959 29 13.986
      vertex -18.5848 29 15.9503
    endloop
  endfacet
  facet normal 0 1 -0
    outer loop
      vertex -15.6637 29 13.6463
      vertex -18.8959 29 13.986
      vertex -15.4058 29 15.2746
    endloop
  endfacet
  facet normal 0 1 -0
    outer loop
      vertex -15.75 29 12
      vertex -18.8959 29 13.986
      vertex -15.6637 29 13.6463
    endloop
  endfacet
  facet normal 0 1 0
    outer loop
      vertex -15.75 29 12
      vertex -19 29 12
      vertex -18.8959 29 13.986
    endloop
  endfacet
  facet normal 0 1 0
    outer loop
      vertex -15.6637 29 10.3537
      vertex -19 29 12
      vertex -15.75 29 12
    endloop
  endfacet
  facet normal 0 1 0
    outer loop
      vertex -15.6637 29 10.3537
      vertex -18.8959 29 10.014
      vertex -19 29 12
    endloop
  endfacet
  facet normal 0 1 0
    outer loop
      vertex -15.4058 29 8.72539
      vertex -18.8959 29 10.014
      vertex -15.6637 29 10.3537
    endloop
  endfacet
  facet normal 0 1 0
    outer loop
      vertex -15.4058 29 8.72539
      vertex -18.5848 29 8.04968
      vertex -18.8959 29 10.014
    endloop
  endfacet
  facet normal 0 1 0
    outer loop
      vertex -14.9791 29 7.13298
      vertex -18.5848 29 8.04968
      vertex -15.4058 29 8.72539
    endloop
  endfacet
  facet normal 0 1 0
    outer loop
      vertex -14.9791 29 7.13298
      vertex -18.0701 29 6.12868
      vertex -18.5848 29 8.04968
    endloop
  endfacet
  facet normal 0 1 0
    outer loop
      vertex -14.3883 29 5.5939
      vertex -18.0701 29 6.12868
      vertex -14.9791 29 7.13298
    endloop
  endfacet
  facet normal 0 1 0
    outer loop
      vertex -14.3883 29 5.5939
      vertex -17.3574 29 4.272
      vertex -18.0701 29 6.12868
    endloop
  endfacet
  facet normal 0 1 0
    outer loop
      vertex -13.6399 29 4.125
      vertex -17.3574 29 4.272
      vertex -14.3883 29 5.5939
    endloop
  endfacet
  facet normal 0 1 0
    outer loop
      vertex -16.4545 29 2.5
      vertex -13.6399 29 4.125
      vertex -12.742 29 2.74238
    endloop
  endfacet
  facet normal 0 1 0
    outer loop
      vertex -13.6399 29 4.125
      vertex -16.4545 29 2.5
      vertex -17.3574 29 4.272
    endloop
  endfacet
  facet normal 0 1 0
    outer loop
      vertex -15.3713 29 0.832081
      vertex -12.742 29 2.74238
      vertex -11.7045 29 1.46119
    endloop
  endfacet
  facet normal 0 1 0
    outer loop
      vertex -12.742 29 2.74238
      vertex -15.3713 29 0.832081
      vertex -16.4545 29 2.5
    endloop
  endfacet
  facet normal 0 1 0
    outer loop
      vertex -14.1198 29 -0.713481
      vertex -11.7045 29 1.46119
      vertex -10.5388 29 0.295469
    endloop
  endfacet
  facet normal 0 1 0
    outer loop
      vertex -11.7045 29 1.46119
      vertex -14.1198 29 -0.713481
      vertex -15.3713 29 0.832081
    endloop
  endfacet
  facet normal 0 1 0
    outer loop
      vertex -12.7135 29 -2.11975
      vertex -10.5388 29 0.295469
      vertex -9.25762 29 -0.742017
    endloop
  endfacet
  facet normal 0 1 0
    outer loop
      vertex -11.1679 29 -3.37132
      vertex -9.25762 29 -0.742017
      vertex -7.875 29 -1.6399
    endloop
  endfacet
  facet normal 0 1 0
    outer loop
      vertex -10.5388 29 0.295469
      vertex -12.7135 29 -2.11975
      vertex -14.1198 29 -0.713481
    endloop
  endfacet
  facet normal 0 1 0
    outer loop
      vertex -9.5 29 -4.45448
      vertex -7.875 29 -1.6399
      vertex -6.4061 29 -2.38834
    endloop
  endfacet
  facet normal 0 1 0
    outer loop
      vertex -7.728 29 -5.35736
      vertex -6.4061 29 -2.38834
      vertex -4.86702 29 -2.97914
    endloop
  endfacet
  facet normal 0 1 0
    outer loop
      vertex -9.25762 29 -0.742017
      vertex -11.1679 29 -3.37132
      vertex -12.7135 29 -2.11975
    endloop
  endfacet
  facet normal 0 1 0
    outer loop
      vertex -5.87132 29 -6.07007
      vertex -4.86702 29 -2.97914
      vertex -3.27461 29 -3.40582
    endloop
  endfacet
  facet normal 0 1 0
    outer loop
      vertex -3.95032 29 -6.5848
      vertex -3.27461 29 -3.40582
      vertex -1.64632 29 -3.66372
    endloop
  endfacet
  facet normal 0 1 0
    outer loop
      vertex -1.98604 29 -6.89592
      vertex -1.64632 29 -3.66372
      vertex 0 29 -3.75
    endloop
  endfacet
  facet normal 0 1 -0
    outer loop
      vertex 3.95032 29 -6.5848
      vertex 3.27461 29 -3.40582
      vertex 5.87132 29 -6.07007
    endloop
  endfacet
  facet normal 0 1 0
    outer loop
      vertex -7.875 29 -1.6399
      vertex -9.5 29 -4.45448
      vertex -11.1679 29 -3.37132
    endloop
  endfacet
  facet normal 0 1 0
    outer loop
      vertex 3.27461 29 -3.40582
      vertex 3.95032 29 -6.5848
      vertex 1.64632 29 -3.66372
    endloop
  endfacet
  facet normal 0 1 0
    outer loop
      vertex -6.4061 29 -2.38834
      vertex -7.728 29 -5.35736
      vertex -9.5 29 -4.45448
    endloop
  endfacet
  facet normal 0 1 -0
    outer loop
      vertex 1.98604 29 -6.89592
      vertex 1.64632 29 -3.66372
      vertex 3.95032 29 -6.5848
    endloop
  endfacet
  facet normal 0 1 0
    outer loop
      vertex -4.86702 29 -2.97914
      vertex -5.87132 29 -6.07007
      vertex -7.728 29 -5.35736
    endloop
  endfacet
  facet normal 0 1 0
    outer loop
      vertex 1.64632 29 -3.66372
      vertex 1.98604 29 -6.89592
      vertex 0 29 -3.75
    endloop
  endfacet
  facet normal 0 1 0
    outer loop
      vertex -3.27461 29 -3.40582
      vertex -3.95032 29 -6.5848
      vertex -5.87132 29 -6.07007
    endloop
  endfacet
  facet normal 0 1 0
    outer loop
      vertex 0 29 -7
      vertex 0 29 -3.75
      vertex 1.98604 29 -6.89592
    endloop
  endfacet
  facet normal 0 1 0
    outer loop
      vertex -1.64632 29 -3.66372
      vertex -1.98604 29 -6.89592
      vertex -3.95032 29 -6.5848
    endloop
  endfacet
  facet normal 0 1 0
    outer loop
      vertex 0 29 -3.75
      vertex 0 29 -7
      vertex -1.98604 29 -6.89592
    endloop
  endfacet
  facet normal 0.707099 0 -0.707115
    outer loop
      vertex 14.1198 26 -0.713481
      vertex 12.7135 29 -2.11975
      vertex 14.1198 29 -0.713481
    endloop
  endfacet
  facet normal 0.707099 0 -0.707115
    outer loop
      vertex 12.7135 29 -2.11975
      vertex 14.1198 26 -0.713481
      vertex 12.7135 26 -2.11975
    endloop
  endfacet
  facet normal 0.891002 0 -0.453999
    outer loop
      vertex 17.3574 26 4.272
      vertex 16.4545 29 2.5
      vertex 17.3574 29 4.272
    endloop
  endfacet
  facet normal 0.891002 0 -0.453999
    outer loop
      vertex 16.4545 29 2.5
      vertex 17.3574 26 4.272
      vertex 16.4545 26 2.5
    endloop
  endfacet
  facet normal -0.838661 0 -0.544653
    outer loop
      vertex -15.3713 26 0.832081
      vertex -16.4545 29 2.5
      vertex -15.3713 29 0.832081
    endloop
  endfacet
  facet normal -0.838661 -0 -0.544653
    outer loop
      vertex -16.4545 29 2.5
      vertex -15.3713 26 0.832081
      vertex -16.4545 26 2.5
    endloop
  endfacet
  facet normal -0.98769 0 -0.156426
    outer loop
      vertex -18.5848 26 8.04968
      vertex -18.8959 29 10.014
      vertex -18.5848 29 8.04968
    endloop
  endfacet
  facet normal -0.98769 -0 -0.156426
    outer loop
      vertex -18.8959 29 10.014
      vertex -18.5848 26 8.04968
      vertex -18.8959 26 10.014
    endloop
  endfacet
  facet normal -0.777164 0 -0.629299
    outer loop
      vertex -14.1198 26 -0.713481
      vertex -15.3713 29 0.832081
      vertex -14.1198 29 -0.713481
    endloop
  endfacet
  facet normal -0.777164 -0 -0.629299
    outer loop
      vertex -15.3713 29 0.832081
      vertex -14.1198 26 -0.713481
      vertex -15.3713 26 0.832081
    endloop
  endfacet
  facet normal -0.629311 0 -0.777154
    outer loop
      vertex -12.7135 26 -2.11975
      vertex -11.1679 29 -3.37132
      vertex -11.1679 26 -3.37132
    endloop
  endfacet
  facet normal -0.629311 0 -0.777154
    outer loop
      vertex -11.1679 29 -3.37132
      vertex -12.7135 26 -2.11975
      vertex -12.7135 29 -2.11975
    endloop
  endfacet
  facet normal -0.544644 0 -0.838668
    outer loop
      vertex -11.1679 26 -3.37132
      vertex -9.5 29 -4.45448
      vertex -9.5 26 -4.45448
    endloop
  endfacet
  facet normal -0.544644 0 -0.838668
    outer loop
      vertex -9.5 29 -4.45448
      vertex -11.1679 26 -3.37132
      vertex -11.1679 29 -3.37132
    endloop
  endfacet
  facet normal -0.891002 0 0.453999
    outer loop
      vertex -17.3574 26 19.728
      vertex -16.4545 29 21.5
      vertex -17.3574 29 19.728
    endloop
  endfacet
  facet normal -0.891002 0 0.453999
    outer loop
      vertex -16.4545 29 21.5
      vertex -17.3574 26 19.728
      vertex -16.4545 26 21.5
    endloop
  endfacet
  facet normal 0.629289 0 0.777171
    outer loop
      vertex 11.1679 29 27.3713
      vertex 12.7135 26 26.1198
      vertex 12.7135 29 26.1198
    endloop
  endfacet
  facet normal 0.629289 0 0.777171
    outer loop
      vertex 12.7135 26 26.1198
      vertex 11.1679 29 27.3713
      vertex 11.1679 26 27.3713
    endloop
  endfacet
  facet normal -0.358362 0 0.933583
    outer loop
      vertex -7.728 29 29.3574
      vertex -5.87132 26 30.0701
      vertex -5.87132 29 30.0701
    endloop
  endfacet
  facet normal -0.358362 0 0.933583
    outer loop
      vertex -5.87132 26 30.0701
      vertex -7.728 29 29.3574
      vertex -7.728 26 29.3574
    endloop
  endfacet
  facet normal -0.838658 0 0.544658
    outer loop
      vertex -16.4545 26 21.5
      vertex -15.3713 29 23.1679
      vertex -16.4545 29 21.5
    endloop
  endfacet
  facet normal -0.838658 0 0.544658
    outer loop
      vertex -15.3713 29 23.1679
      vertex -16.4545 26 21.5
      vertex -15.3713 26 23.1679
    endloop
  endfacet
  facet normal -0.987689 0 0.156427
    outer loop
      vertex -18.8959 26 13.986
      vertex -18.5848 29 15.9503
      vertex -18.8959 29 13.986
    endloop
  endfacet
  facet normal -0.987689 0 0.156427
    outer loop
      vertex -18.5848 29 15.9503
      vertex -18.8959 26 13.986
      vertex -18.5848 26 15.9503
    endloop
  endfacet
  facet normal -0.933584 0 0.358359
    outer loop
      vertex -18.0701 26 17.8713
      vertex -17.3574 29 19.728
      vertex -18.0701 29 17.8713
    endloop
  endfacet
  facet normal -0.933584 0 0.358359
    outer loop
      vertex -17.3574 29 19.728
      vertex -18.0701 26 17.8713
      vertex -17.3574 26 19.728
    endloop
  endfacet
  facet normal -0.777171 0 0.629289
    outer loop
      vertex -15.3713 26 23.1679
      vertex -14.1198 29 24.7135
      vertex -15.3713 29 23.1679
    endloop
  endfacet
  facet normal -0.777171 0 0.629289
    outer loop
      vertex -14.1198 29 24.7135
      vertex -15.3713 26 23.1679
      vertex -14.1198 26 24.7135
    endloop
  endfacet
  facet normal -0.453991 0 -0.891006
    outer loop
      vertex -9.5 26 -4.45448
      vertex -7.728 29 -5.35736
      vertex -7.728 26 -5.35736
    endloop
  endfacet
  facet normal -0.453991 0 -0.891006
    outer loop
      vertex -7.728 29 -5.35736
      vertex -9.5 26 -4.45448
      vertex -9.5 29 -4.45448
    endloop
  endfacet
  facet normal 0.544658 0 0.838658
    outer loop
      vertex 9.5 29 28.4545
      vertex 11.1679 26 27.3713
      vertex 11.1679 29 27.3713
    endloop
  endfacet
  facet normal 0.544658 0 0.838658
    outer loop
      vertex 11.1679 26 27.3713
      vertex 9.5 29 28.4545
      vertex 9.5 26 28.4545
    endloop
  endfacet
  facet normal 0.933584 -0 0.358359
    outer loop
      vertex 17.3574 26 19.728
      vertex 18.0701 29 17.8713
      vertex 17.3574 29 19.728
    endloop
  endfacet
  facet normal 0.933584 0 0.358359
    outer loop
      vertex 18.0701 29 17.8713
      vertex 17.3574 26 19.728
      vertex 18.0701 26 17.8713
    endloop
  endfacet
  facet normal -0.052344 0 0.998629
    outer loop
      vertex -1.98604 29 30.8959
      vertex 0 26 31
      vertex 0 29 31
    endloop
  endfacet
  facet normal -0.052344 0 0.998629
    outer loop
      vertex 0 26 31
      vertex -1.98604 29 30.8959
      vertex -1.98604 26 30.8959
    endloop
  endfacet
  facet normal -0.998629 0 -0.0523451
    outer loop
      vertex -18.8959 26 10.014
      vertex -19 29 12
      vertex -18.8959 29 10.014
    endloop
  endfacet
  facet normal -0.998629 -0 -0.0523451
    outer loop
      vertex -19 29 12
      vertex -18.8959 26 10.014
      vertex -19 26 12
    endloop
  endfacet
  facet normal 0.707107 0 0.707107
    outer loop
      vertex 12.7135 29 26.1198
      vertex 14.1198 26 24.7135
      vertex 14.1198 29 24.7135
    endloop
  endfacet
  facet normal 0.707107 0 0.707107
    outer loop
      vertex 14.1198 26 24.7135
      vertex 12.7135 29 26.1198
      vertex 12.7135 26 26.1198
    endloop
  endfacet
  facet normal -0.9877 -0.156363 0
    outer loop
      vertex -27.8689 -71.2475 0
      vertex -27.9671 -70.6272 22
      vertex -27.9671 -70.6272 0
    endloop
  endfacet
  facet normal -0.9877 -0.156363 0
    outer loop
      vertex -27.9671 -70.6272 22
      vertex -27.8689 -71.2475 0
      vertex -27.8689 -71.2475 22
    endloop
  endfacet
  facet normal -0.93358 0.358369 0
    outer loop
      vertex -26.6296 8.65248 0
      vertex -25.5793 11.3886 22
      vertex -25.5793 11.3886 0
    endloop
  endfacet
  facet normal -0.93358 0.358369 0
    outer loop
      vertex -25.5793 11.3886 22
      vertex -26.6296 8.65248 0
      vertex -26.6296 8.65248 22
    endloop
  endfacet
  facet normal 0.998627 -0.0523833 0
    outer loop
      vertex 27.9671 -70.6272 22
      vertex 28 -70 0
      vertex 28 -70 22
    endloop
  endfacet
  facet normal 0.998627 -0.0523833 0
    outer loop
      vertex 28 -70 0
      vertex 27.9671 -70.6272 22
      vertex 27.9671 -70.6272 0
    endloop
  endfacet
  facet normal -0.998627 -0.0523833 0
    outer loop
      vertex -27.9671 -70.6272 0
      vertex -28 -70 22
      vertex -28 -70 0
    endloop
  endfacet
  facet normal -0.998627 -0.0523833 0
    outer loop
      vertex -28 -70 22
      vertex -27.9671 -70.6272 0
      vertex -27.9671 -70.6272 22
    endloop
  endfacet
  facet normal 0.891026 -0.453952 0
    outer loop
      vertex 27.1962 -73 22
      vertex 27.4813 -72.4404 0
      vertex 27.4813 -72.4404 22
    endloop
  endfacet
  facet normal 0.891026 -0.453952 0
    outer loop
      vertex 27.4813 -72.4404 0
      vertex 27.1962 -73 22
      vertex 27.1962 -73 0
    endloop
  endfacet
  facet normal -0.358285 -0.933612 0
    outer loop
      vertex -24.4404 -75.4813 0
      vertex -23.8541 -75.7063 22
      vertex -24.4404 -75.4813 22
    endloop
  endfacet
  facet normal -0.358285 -0.933612 -0
    outer loop
      vertex -23.8541 -75.7063 22
      vertex -24.4404 -75.4813 0
      vertex -23.8541 -75.7063 0
    endloop
  endfacet
  facet normal 0.544629 0.838677 -0
    outer loop
      vertex 16.458 22.6525 0
      vertex 14 24.2487 22
      vertex 16.458 22.6525 22
    endloop
  endfacet
  facet normal 0.544629 0.838677 0
    outer loop
      vertex 14 24.2487 22
      vertex 16.458 22.6525 0
      vertex 14 24.2487 0
    endloop
  endfacet
  facet normal -0.838685 0.544617 0
    outer loop
      vertex -24.2487 14 0
      vertex -23.4853 15.1756 17
      vertex -23.4853 15.1756 0
    endloop
  endfacet
  facet normal -0.838685 0.544617 0
    outer loop
      vertex -23.4853 15.1756 17
      vertex -24.2487 14 0
      vertex -24.2487 14 17
    endloop
  endfacet
  facet normal -0.453997 0.891003 0
    outer loop
      vertex -11.3886 25.5793 18.8421
      vertex -14 24.2487 22
      vertex -11.3886 25.5793 22
    endloop
  endfacet
  facet normal -0.45397 0.891017 2.80476e-05
    outer loop
      vertex -11.4944 25.5254 18.69
      vertex -14 24.2487 22
      vertex -11.3886 25.5793 18.8421
    endloop
  endfacet
  facet normal -0.45394 0.891032 5.66981e-05
    outer loop
      vertex -11.5211 25.5118 18.6517
      vertex -14 24.2487 22
      vertex -11.4944 25.5254 18.69
    endloop
  endfacet
  facet normal -0.453704 0.891153 0.00027732
    outer loop
      vertex -11.5445 25.4999 18.6086
      vertex -14 24.2487 22
      vertex -11.5211 25.5118 18.6517
    endloop
  endfacet
  facet normal -0.454014 0.890995 -5.26014e-06
    outer loop
      vertex -12.1872 25.1724 17.4261
      vertex -14 24.2487 22
      vertex -11.5445 25.4999 18.6086
    endloop
  endfacet
  facet normal -0.454029 0.890987 -1.29107e-05
    outer loop
      vertex -12.2184 25.1565 17.3495
      vertex -14 24.2487 22
      vertex -12.1872 25.1724 17.4261
    endloop
  endfacet
  facet normal -0.454043 0.89098 -1.9735e-05
    outer loop
      vertex -12.7156 24.9031 16.1315
      vertex -14 24.2487 22
      vertex -12.2184 25.1565 17.3495
    endloop
  endfacet
  facet normal -0.452856 0.891583 0.000307329
    outer loop
      vertex -12.7454 24.888 16.0267
      vertex -14 24.2487 22
      vertex -12.7156 24.9031 16.1315
    endloop
  endfacet
  facet normal -0.453985 0.891009 8.90959e-06
    outer loop
      vertex -13.0987 24.708 14.7842
      vertex -14 24.2487 22
      vertex -12.7454 24.888 16.0267
    endloop
  endfacet
  facet normal -0.454023 0.89099 2.94467e-06
    outer loop
      vertex -13.3081 24.6013 13.5366
      vertex -14 24.2487 22
      vertex -13.0987 24.708 14.7842
    endloop
  endfacet
  facet normal -0.454717 0.890636 -6.86035e-05
    outer loop
      vertex -13.3308 24.5897 13.4011
      vertex -14 24.2487 22
      vertex -13.3081 24.6013 13.5366
    endloop
  endfacet
  facet normal -0.453112 0.891454 8.8755e-05
    outer loop
      vertex -13.3385 24.5858 13.2626
      vertex -14 24.2487 22
      vertex -13.3308 24.5897 13.4011
    endloop
  endfacet
  facet normal -0.453945 0.89103 9.33066e-06
    outer loop
      vertex -13.4086 24.5501 12
      vertex -14 24.2487 22
      vertex -13.3385 24.5858 13.2626
    endloop
  endfacet
  facet normal -0.453933 0.891036 -8.50689e-06
    outer loop
      vertex -14 24.2487 0
      vertex -13.4086 24.5501 12
      vertex -13.3385 24.5858 10.7374
    endloop
  endfacet
  facet normal -0.453 0.891511 -8.09182e-05
    outer loop
      vertex -14 24.2487 0
      vertex -13.3385 24.5858 10.7374
      vertex -13.3308 24.5897 10.5989
    endloop
  endfacet
  facet normal -0.454021 0.890991 -2.54089e-06
    outer loop
      vertex -14 24.2487 0
      vertex -13.3081 24.6013 10.4634
      vertex -13.0987 24.708 9.21579
    endloop
  endfacet
  facet normal -0.452718 0.891654 -0.000257633
    outer loop
      vertex -14 24.2487 0
      vertex -12.7454 24.888 7.97335
      vertex -12.7156 24.9031 7.86845
    endloop
  endfacet
  facet normal -0.454034 0.890985 1.05702e-05
    outer loop
      vertex -14 24.2487 0
      vertex -12.2184 25.1565 6.65049
      vertex -12.1872 25.1724 6.57392
    endloop
  endfacet
  facet normal -0.453997 0.891003 0
    outer loop
      vertex -14 24.2487 0
      vertex -11.3886 25.5793 5.15787
      vertex -11.3886 25.5793 0
    endloop
  endfacet
  facet normal -0.453963 0.89102 -2.17529e-05
    outer loop
      vertex -11.3886 25.5793 5.15787
      vertex -14 24.2487 0
      vertex -11.4944 25.5254 5.30998
    endloop
  endfacet
  facet normal -0.453926 0.891039 -4.39541e-05
    outer loop
      vertex -11.4944 25.5254 5.30998
      vertex -14 24.2487 0
      vertex -11.5211 25.5118 5.3483
    endloop
  endfacet
  facet normal -0.453622 0.891194 -0.000221433
    outer loop
      vertex -11.5211 25.5118 5.3483
      vertex -14 24.2487 0
      vertex -11.5445 25.4999 5.39138
    endloop
  endfacet
  facet normal -0.454015 0.890994 4.19842e-06
    outer loop
      vertex -11.5445 25.4999 5.39138
      vertex -14 24.2487 0
      vertex -12.1872 25.1724 6.57392
    endloop
  endfacet
  facet normal -0.45405 0.890976 1.61518e-05
    outer loop
      vertex -12.2184 25.1565 6.65049
      vertex -14 24.2487 0
      vertex -12.7156 24.9031 7.86845
    endloop
  endfacet
  facet normal -0.45407 0.890966 0
    outer loop
      vertex -13.4086 24.5501 12
      vertex -14 24.2487 0
      vertex -14 24.2487 22
    endloop
  endfacet
  facet normal -0.454762 0.890613 5.92001e-05
    outer loop
      vertex -13.3081 24.6013 10.4634
      vertex -14 24.2487 0
      vertex -13.3308 24.5897 10.5989
    endloop
  endfacet
  facet normal -0.453981 0.891012 -7.471e-06
    outer loop
      vertex -12.7454 24.888 7.97335
      vertex -14 24.2487 0
      vertex -13.0987 24.708 9.21579
    endloop
  endfacet
  facet normal 0.93358 0.358369 0
    outer loop
      vertex 26.6296 8.65248 22
      vertex 25.5793 11.3886 0
      vertex 25.5793 11.3886 22
    endloop
  endfacet
  facet normal 0.93358 0.358369 0
    outer loop
      vertex 25.5793 11.3886 0
      vertex 26.6296 8.65248 22
      vertex 26.6296 8.65248 0
    endloop
  endfacet
  facet normal -0.544629 0.838677 0
    outer loop
      vertex -14 24.2487 0
      vertex -16.458 22.6525 22
      vertex -14 24.2487 22
    endloop
  endfacet
  facet normal -0.544629 0.838677 0
    outer loop
      vertex -16.458 22.6525 22
      vertex -14 24.2487 0
      vertex -16.458 22.6525 0
    endloop
  endfacet
  facet normal -0.96593 0.258803 0
    outer loop
      vertex -27.3881 5.82153 0
      vertex -26.6296 8.65248 22
      vertex -26.6296 8.65248 0
    endloop
  endfacet
  facet normal -0.96593 0.258803 0
    outer loop
      vertex -26.6296 8.65248 22
      vertex -27.3881 5.82153 0
      vertex -27.3881 5.82153 22
    endloop
  endfacet
  facet normal 1 -0 0
    outer loop
      vertex 28 -70 22
      vertex 28 0 0
      vertex 28 0 22
    endloop
  endfacet
  facet normal 1 0 0
    outer loop
      vertex 28 0 0
      vertex 28 -70 22
      vertex 28 -70 0
    endloop
  endfacet
  facet normal -0.998629 0.0523403 0
    outer loop
      vertex -28 0 0
      vertex -27.8466 2.9268 22
      vertex -27.8466 2.9268 0
    endloop
  endfacet
  facet normal -0.998629 0.0523403 0
    outer loop
      vertex -27.8466 2.9268 22
      vertex -28 0 0
      vertex -28 0 22
    endloop
  endfacet
  facet normal -0.629311 0.777153 0
    outer loop
      vertex -16.458 22.6525 0
      vertex -18.7357 20.8081 22
      vertex -16.458 22.6525 22
    endloop
  endfacet
  facet normal -0.629311 0.777153 0
    outer loop
      vertex -18.7357 20.8081 22
      vertex -16.458 22.6525 0
      vertex -18.7357 20.8081 0
    endloop
  endfacet
  facet normal -0.777158 0.629305 0
    outer loop
      vertex -21.6734 17.6671 0
      vertex -20.8081 18.7357 17
      vertex -20.8081 18.7357 0
    endloop
  endfacet
  facet normal -0.777158 0.629305 0
    outer loop
      vertex -20.8081 18.7357 17
      vertex -21.6734 17.6671 0
      vertex -21.6734 17.6671 17
    endloop
  endfacet
  facet normal -0.258911 -0.965901 0
    outer loop
      vertex -23.8541 -75.7063 0
      vertex -23.2475 -75.8689 22
      vertex -23.8541 -75.7063 22
    endloop
  endfacet
  facet normal -0.258911 -0.965901 -0
    outer loop
      vertex -23.2475 -75.8689 22
      vertex -23.8541 -75.7063 0
      vertex -23.2475 -75.8689 0
    endloop
  endfacet
  facet normal 0.707126 0.707088 -0
    outer loop
      vertex 20.6096 18.9341 17
      vertex 18.7357 20.8081 22
      vertex 20.6096 18.9341 22
    endloop
  endfacet
  facet normal 0.707126 0.707088 0
    outer loop
      vertex 18.7357 20.8081 22
      vertex 20.6096 18.9341 17
      vertex 18.7357 20.8081 0
    endloop
  endfacet
  facet normal 0.706929 0.707285 -0
    outer loop
      vertex 20.8081 18.7357 0
      vertex 20.6096 18.9341 17
      vertex 20.8081 18.7357 17
    endloop
  endfacet
  facet normal 0.707107 0.707107 4.15945e-06
    outer loop
      vertex 20.6096 18.9341 17
      vertex 20.8081 18.7357 0
      vertex 18.7357 20.8081 0
    endloop
  endfacet
  facet normal -0.629267 -0.777189 0
    outer loop
      vertex -26.0148 -74.4589 0
      vertex -25.5267 -74.8541 22
      vertex -26.0148 -74.4589 22
    endloop
  endfacet
  facet normal -0.629267 -0.777189 -0
    outer loop
      vertex -25.5267 -74.8541 22
      vertex -26.0148 -74.4589 0
      vertex -25.5267 -74.8541 0
    endloop
  endfacet
  facet normal -0.987687 0.156441 0
    outer loop
      vertex -27.8466 2.9268 0
      vertex -27.3881 5.82153 22
      vertex -27.3881 5.82153 0
    endloop
  endfacet
  facet normal -0.987687 0.156441 0
    outer loop
      vertex -27.3881 5.82153 22
      vertex -27.8466 2.9268 0
      vertex -27.8466 2.9268 22
    endloop
  endfacet
  facet normal -1 0 0
    outer loop
      vertex -28 -70 0
      vertex -28 0 22
      vertex -28 0 0
    endloop
  endfacet
  facet normal -1 -0 0
    outer loop
      vertex -28 0 22
      vertex -28 -70 0
      vertex -28 -70 22
    endloop
  endfacet
  facet normal 0.453952 -0.891026 0
    outer loop
      vertex 24.4404 -75.4813 0
      vertex 25 -75.1962 22
      vertex 24.4404 -75.4813 22
    endloop
  endfacet
  facet normal 0.453952 -0.891026 0
    outer loop
      vertex 25 -75.1962 22
      vertex 24.4404 -75.4813 0
      vertex 25 -75.1962 0
    endloop
  endfacet
  facet normal 0 -1 0
    outer loop
      vertex -22 -76 22
      vertex -8.5 -76 19
      vertex 22 -76 22
    endloop
  endfacet
  facet normal 0 -1 0
    outer loop
      vertex -22 -76 22
      vertex -8.5 -76 3
      vertex -8.5 -76 19
    endloop
  endfacet
  facet normal 0 -1 -0
    outer loop
      vertex -8.5 -76 3
      vertex -22 -76 0
      vertex 8.5 -76 3
    endloop
  endfacet
  facet normal 0 -1 0
    outer loop
      vertex -22 -76 0
      vertex -8.5 -76 3
      vertex -22 -76 22
    endloop
  endfacet
  facet normal 0 -1 0
    outer loop
      vertex 8.5 -76 19
      vertex 22 -76 22
      vertex -8.5 -76 19
    endloop
  endfacet
  facet normal 0 -1 0
    outer loop
      vertex 8.5 -76 3
      vertex 22 -76 22
      vertex 8.5 -76 19
    endloop
  endfacet
  facet normal 0 -1 0
    outer loop
      vertex 8.5 -76 3
      vertex 22 -76 0
      vertex 22 -76 22
    endloop
  endfacet
  facet normal 0 -1 0
    outer loop
      vertex 22 -76 0
      vertex 8.5 -76 3
      vertex -22 -76 0
    endloop
  endfacet
  facet normal -0.156363 -0.9877 0
    outer loop
      vertex -23.2475 -75.8689 0
      vertex -22.6272 -75.9671 22
      vertex -23.2475 -75.8689 22
    endloop
  endfacet
  facet normal -0.156363 -0.9877 -0
    outer loop
      vertex -22.6272 -75.9671 22
      vertex -23.2475 -75.8689 0
      vertex -22.6272 -75.9671 0
    endloop
  endfacet
  facet normal 0.998629 0.0523403 0
    outer loop
      vertex 28 0 22
      vertex 27.8466 2.9268 0
      vertex 27.8466 2.9268 22
    endloop
  endfacet
  facet normal 0.998629 0.0523403 0
    outer loop
      vertex 27.8466 2.9268 0
      vertex 28 0 22
      vertex 28 0 0
    endloop
  endfacet
  facet normal 0.987687 0.156441 0
    outer loop
      vertex 27.8466 2.9268 22
      vertex 27.3881 5.82153 0
      vertex 27.3881 5.82153 22
    endloop
  endfacet
  facet normal 0.987687 0.156441 0
    outer loop
      vertex 27.3881 5.82153 0
      vertex 27.8466 2.9268 22
      vertex 27.8466 2.9268 0
    endloop
  endfacet
  facet normal -0.358357 0.933585 0
    outer loop
      vertex -11.3886 25.5793 0
      vertex -10.2926 26 3.68469
      vertex -10.2926 26 0
    endloop
  endfacet
  facet normal -0.358325 0.933597 -1.09483e-05
    outer loop
      vertex -10.2926 26 3.68469
      vertex -11.3886 25.5793 0
      vertex -10.7345 25.8304 4.20094
    endloop
  endfacet
  facet normal -0.358386 0.933573 0
    outer loop
      vertex -10.7345 25.8304 4.20094
      vertex -11.3886 25.5793 0
      vertex -11.3886 25.5793 5.15787
    endloop
  endfacet
  facet normal -0.358357 0.933585 0
    outer loop
      vertex -10.2926 26 20.3153
      vertex -11.3886 25.5793 22
      vertex -10.2926 26 22
    endloop
  endfacet
  facet normal -0.358332 0.933594 1.83338e-05
    outer loop
      vertex -10.7345 25.8304 19.7991
      vertex -11.3886 25.5793 22
      vertex -10.2926 26 20.3153
    endloop
  endfacet
  facet normal -0.358386 0.933573 0
    outer loop
      vertex -11.3886 25.5793 22
      vertex -10.7345 25.8304 19.7991
      vertex -11.3886 25.5793 18.8421
    endloop
  endfacet
  facet normal 0.777158 0.629305 0
    outer loop
      vertex 21.6734 17.6671 17
      vertex 20.8081 18.7357 0
      vertex 20.8081 18.7357 17
    endloop
  endfacet
  facet normal 0.777158 0.629305 0
    outer loop
      vertex 20.8081 18.7357 0
      vertex 21.6734 17.6671 17
      vertex 21.6734 17.6671 0
    endloop
  endfacet
  facet normal -0.890931 0.454138 0
    outer loop
      vertex -24.2487 14 0
      vertex -24.3639 13.774 17
      vertex -24.2487 14 17
    endloop
  endfacet
  facet normal -0.891003 0.453997 -2.36189e-06
    outer loop
      vertex -25.5793 11.3886 0
      vertex -24.3639 13.774 17
      vertex -24.2487 14 0
    endloop
  endfacet
  facet normal -0.89101 0.453984 0
    outer loop
      vertex -25.5793 11.3886 22
      vertex -24.3639 13.774 17
      vertex -25.5793 11.3886 0
    endloop
  endfacet
  facet normal -0.89101 0.453984 0
    outer loop
      vertex -24.3639 13.774 17
      vertex -25.5793 11.3886 22
      vertex -24.3639 13.774 22
    endloop
  endfacet
  facet normal -0.965901 -0.258911 0
    outer loop
      vertex -27.7063 -71.8541 0
      vertex -27.8689 -71.2475 22
      vertex -27.8689 -71.2475 0
    endloop
  endfacet
  facet normal -0.965901 -0.258911 0
    outer loop
      vertex -27.8689 -71.2475 22
      vertex -27.7063 -71.8541 0
      vertex -27.7063 -71.8541 22
    endloop
  endfacet
  facet normal 0.258911 -0.965901 0
    outer loop
      vertex 23.2475 -75.8689 0
      vertex 23.8541 -75.7063 22
      vertex 23.2475 -75.8689 22
    endloop
  endfacet
  facet normal 0.258911 -0.965901 0
    outer loop
      vertex 23.8541 -75.7063 22
      vertex 23.2475 -75.8689 0
      vertex 23.8541 -75.7063 0
    endloop
  endfacet
  facet normal 0.933612 -0.358285 0
    outer loop
      vertex 27.4813 -72.4404 22
      vertex 27.7063 -71.8541 0
      vertex 27.7063 -71.8541 22
    endloop
  endfacet
  facet normal 0.933612 -0.358285 0
    outer loop
      vertex 27.7063 -71.8541 0
      vertex 27.4813 -72.4404 22
      vertex 27.4813 -72.4404 0
    endloop
  endfacet
  facet normal 0.89101 0.453984 0
    outer loop
      vertex 24.3639 13.774 22
      vertex 25.5793 11.3886 22
      vertex 24.3639 13.774 17
    endloop
  endfacet
  facet normal 0.890931 0.454138 0
    outer loop
      vertex 24.3639 13.774 17
      vertex 24.2487 14 0
      vertex 24.2487 14 17
    endloop
  endfacet
  facet normal 0.89101 0.453984 -0
    outer loop
      vertex 25.5793 11.3886 0
      vertex 24.3639 13.774 17
      vertex 25.5793 11.3886 22
    endloop
  endfacet
  facet normal 0.891003 0.453997 -2.36189e-06
    outer loop
      vertex 24.3639 13.774 17
      vertex 25.5793 11.3886 0
      vertex 24.2487 14 0
    endloop
  endfacet
  facet normal -0.777189 -0.629267 0
    outer loop
      vertex -26.4589 -74.0148 0
      vertex -26.8541 -73.5267 22
      vertex -26.8541 -73.5267 0
    endloop
  endfacet
  facet normal -0.777189 -0.629267 0
    outer loop
      vertex -26.8541 -73.5267 22
      vertex -26.4589 -74.0148 0
      vertex -26.4589 -74.0148 22
    endloop
  endfacet
  facet normal 0.965901 -0.258911 0
    outer loop
      vertex 27.7063 -71.8541 22
      vertex 27.8689 -71.2475 0
      vertex 27.8689 -71.2475 22
    endloop
  endfacet
  facet normal 0.965901 -0.258911 0
    outer loop
      vertex 27.8689 -71.2475 0
      vertex 27.7063 -71.8541 22
      vertex 27.7063 -71.8541 0
    endloop
  endfacet
  facet normal 0.358285 -0.933612 0
    outer loop
      vertex 23.8541 -75.7063 0
      vertex 24.4404 -75.4813 22
      vertex 23.8541 -75.7063 22
    endloop
  endfacet
  facet normal 0.358285 -0.933612 0
    outer loop
      vertex 24.4404 -75.4813 22
      vertex 23.8541 -75.7063 0
      vertex 24.4404 -75.4813 0
    endloop
  endfacet
  facet normal -0.0523833 -0.998627 0
    outer loop
      vertex -22.6272 -75.9671 0
      vertex -22 -76 22
      vertex -22.6272 -75.9671 22
    endloop
  endfacet
  facet normal -0.0523833 -0.998627 -0
    outer loop
      vertex -22 -76 22
      vertex -22.6272 -75.9671 0
      vertex -22 -76 0
    endloop
  endfacet
  facet normal -0.891026 -0.453952 0
    outer loop
      vertex -27.1962 -73 0
      vertex -27.4813 -72.4404 22
      vertex -27.4813 -72.4404 0
    endloop
  endfacet
  facet normal -0.891026 -0.453952 0
    outer loop
      vertex -27.4813 -72.4404 22
      vertex -27.1962 -73 0
      vertex -27.1962 -73 22
    endloop
  endfacet
  facet normal -0.707107 -0.707107 0
    outer loop
      vertex -26.4589 -74.0148 0
      vertex -26.0148 -74.4589 22
      vertex -26.4589 -74.0148 22
    endloop
  endfacet
  facet normal -0.707107 -0.707107 -0
    outer loop
      vertex -26.0148 -74.4589 22
      vertex -26.4589 -74.0148 0
      vertex -26.0148 -74.4589 0
    endloop
  endfacet
  facet normal 0.838629 -0.544703 0
    outer loop
      vertex 26.8541 -73.5267 22
      vertex 27.1962 -73 0
      vertex 27.1962 -73 22
    endloop
  endfacet
  facet normal 0.838629 -0.544703 0
    outer loop
      vertex 27.1962 -73 0
      vertex 26.8541 -73.5267 22
      vertex 26.8541 -73.5267 0
    endloop
  endfacet
  facet normal 0.544703 -0.838629 0
    outer loop
      vertex 25 -75.1962 0
      vertex 25.5267 -74.8541 22
      vertex 25 -75.1962 22
    endloop
  endfacet
  facet normal 0.544703 -0.838629 0
    outer loop
      vertex 25.5267 -74.8541 22
      vertex 25 -75.1962 0
      vertex 25.5267 -74.8541 0
    endloop
  endfacet
  facet normal 0.0523833 -0.998627 0
    outer loop
      vertex 22 -76 0
      vertex 22.6272 -75.9671 22
      vertex 22 -76 22
    endloop
  endfacet
  facet normal 0.0523833 -0.998627 0
    outer loop
      vertex 22.6272 -75.9671 22
      vertex 22 -76 0
      vertex 22.6272 -75.9671 0
    endloop
  endfacet
  facet normal 0.9877 -0.156363 0
    outer loop
      vertex 27.8689 -71.2475 22
      vertex 27.9671 -70.6272 0
      vertex 27.9671 -70.6272 22
    endloop
  endfacet
  facet normal 0.9877 -0.156363 0
    outer loop
      vertex 27.9671 -70.6272 0
      vertex 27.8689 -71.2475 22
      vertex 27.8689 -71.2475 0
    endloop
  endfacet
  facet normal 0.453997 0.891003 0
    outer loop
      vertex 14 24.2487 22
      vertex 11.3886 25.5793 18.8421
      vertex 11.3886 25.5793 22
    endloop
  endfacet
  facet normal 0.45397 0.891017 2.80476e-05
    outer loop
      vertex 14 24.2487 22
      vertex 11.4944 25.5254 18.69
      vertex 11.3886 25.5793 18.8421
    endloop
  endfacet
  facet normal 0.45394 0.891032 5.66981e-05
    outer loop
      vertex 14 24.2487 22
      vertex 11.5211 25.5118 18.6517
      vertex 11.4944 25.5254 18.69
    endloop
  endfacet
  facet normal 0.453704 0.891153 0.00027732
    outer loop
      vertex 14 24.2487 22
      vertex 11.5445 25.4999 18.6086
      vertex 11.5211 25.5118 18.6517
    endloop
  endfacet
  facet normal 0.454014 0.890995 -5.26014e-06
    outer loop
      vertex 14 24.2487 22
      vertex 12.1872 25.1724 17.4261
      vertex 11.5445 25.4999 18.6086
    endloop
  endfacet
  facet normal 0.454029 0.890987 -1.29107e-05
    outer loop
      vertex 14 24.2487 22
      vertex 12.2184 25.1565 17.3495
      vertex 12.1872 25.1724 17.4261
    endloop
  endfacet
  facet normal 0.454043 0.89098 -1.9735e-05
    outer loop
      vertex 14 24.2487 22
      vertex 12.7156 24.9031 16.1315
      vertex 12.2184 25.1565 17.3495
    endloop
  endfacet
  facet normal 0.452856 0.891583 0.000307329
    outer loop
      vertex 14 24.2487 22
      vertex 12.7454 24.888 16.0267
      vertex 12.7156 24.9031 16.1315
    endloop
  endfacet
  facet normal 0.453985 0.891009 8.90959e-06
    outer loop
      vertex 14 24.2487 22
      vertex 13.0987 24.708 14.7842
      vertex 12.7454 24.888 16.0267
    endloop
  endfacet
  facet normal 0.454023 0.89099 2.94467e-06
    outer loop
      vertex 14 24.2487 22
      vertex 13.3081 24.6013 13.5366
      vertex 13.0987 24.708 14.7842
    endloop
  endfacet
  facet normal 0.454717 0.890636 -6.86035e-05
    outer loop
      vertex 14 24.2487 22
      vertex 13.3308 24.5897 13.4011
      vertex 13.3081 24.6013 13.5366
    endloop
  endfacet
  facet normal 0.453112 0.891454 8.8755e-05
    outer loop
      vertex 14 24.2487 22
      vertex 13.3385 24.5858 13.2626
      vertex 13.3308 24.5897 13.4011
    endloop
  endfacet
  facet normal 0.453945 0.89103 9.33066e-06
    outer loop
      vertex 14 24.2487 22
      vertex 13.4086 24.5501 12
      vertex 13.3385 24.5858 13.2626
    endloop
  endfacet
  facet normal 0.45407 0.890966 -0
    outer loop
      vertex 14 24.2487 0
      vertex 13.4086 24.5501 12
      vertex 14 24.2487 22
    endloop
  endfacet
  facet normal 0.453933 0.891036 -8.50689e-06
    outer loop
      vertex 13.4086 24.5501 12
      vertex 14 24.2487 0
      vertex 13.3385 24.5858 10.7374
    endloop
  endfacet
  facet normal 0.454762 0.890613 5.92001e-05
    outer loop
      vertex 14 24.2487 0
      vertex 13.3081 24.6013 10.4634
      vertex 13.3308 24.5897 10.5989
    endloop
  endfacet
  facet normal 0.453981 0.891012 -7.471e-06
    outer loop
      vertex 14 24.2487 0
      vertex 12.7454 24.888 7.97335
      vertex 13.0987 24.708 9.21579
    endloop
  endfacet
  facet normal 0.45405 0.890976 1.61518e-05
    outer loop
      vertex 14 24.2487 0
      vertex 12.2184 25.1565 6.65049
      vertex 12.7156 24.9031 7.86845
    endloop
  endfacet
  facet normal 0.453 0.891511 -8.09182e-05
    outer loop
      vertex 13.3385 24.5858 10.7374
      vertex 14 24.2487 0
      vertex 13.3308 24.5897 10.5989
    endloop
  endfacet
  facet normal 0.454021 0.890991 -2.54089e-06
    outer loop
      vertex 13.3081 24.6013 10.4634
      vertex 14 24.2487 0
      vertex 13.0987 24.708 9.21579
    endloop
  endfacet
  facet normal 0.452718 0.891654 -0.000257633
    outer loop
      vertex 12.7454 24.888 7.97335
      vertex 14 24.2487 0
      vertex 12.7156 24.9031 7.86845
    endloop
  endfacet
  facet normal 0.454034 0.890985 1.05702e-05
    outer loop
      vertex 12.2184 25.1565 6.65049
      vertex 14 24.2487 0
      vertex 12.1872 25.1724 6.57392
    endloop
  endfacet
  facet normal 0.454015 0.890994 4.19842e-06
    outer loop
      vertex 14 24.2487 0
      vertex 11.5445 25.4999 5.39138
      vertex 12.1872 25.1724 6.57392
    endloop
  endfacet
  facet normal 0.453622 0.891194 -0.000221433
    outer loop
      vertex 14 24.2487 0
      vertex 11.5211 25.5118 5.3483
      vertex 11.5445 25.4999 5.39138
    endloop
  endfacet
  facet normal 0.453926 0.891039 -4.39541e-05
    outer loop
      vertex 14 24.2487 0
      vertex 11.4944 25.5254 5.30998
      vertex 11.5211 25.5118 5.3483
    endloop
  endfacet
  facet normal 0.453963 0.89102 -2.17529e-05
    outer loop
      vertex 14 24.2487 0
      vertex 11.3886 25.5793 5.15787
      vertex 11.4944 25.5254 5.30998
    endloop
  endfacet
  facet normal 0.453997 0.891003 0
    outer loop
      vertex 11.3886 25.5793 5.15787
      vertex 14 24.2487 0
      vertex 11.3886 25.5793 0
    endloop
  endfacet
  facet normal -0.453952 -0.891026 0
    outer loop
      vertex -25 -75.1962 0
      vertex -24.4404 -75.4813 22
      vertex -25 -75.1962 22
    endloop
  endfacet
  facet normal -0.453952 -0.891026 -0
    outer loop
      vertex -24.4404 -75.4813 22
      vertex -25 -75.1962 0
      vertex -24.4404 -75.4813 0
    endloop
  endfacet
  facet normal 0 0 -1
    outer loop
      vertex 21.6465 17.6628 0
      vertex 20.8081 18.7357 0
      vertex 21.6734 17.6671 0
    endloop
  endfacet
  facet normal 0 0 -1
    outer loop
      vertex 21.4747 17.6168 0
      vertex 20.8081 18.7357 0
      vertex 21.6465 17.6628 0
    endloop
  endfacet
  facet normal 0 0 -1
    outer loop
      vertex 21.3085 17.553 0
      vertex 20.8081 18.7357 0
      vertex 21.4747 17.6168 0
    endloop
  endfacet
  facet normal 0 0 -1
    outer loop
      vertex 21.15 17.4722 0
      vertex 20.8081 18.7357 0
      vertex 21.3085 17.553 0
    endloop
  endfacet
  facet normal 0 0 -1
    outer loop
      vertex 21.0008 17.3753 0
      vertex 20.8081 18.7357 0
      vertex 21.15 17.4722 0
    endloop
  endfacet
  facet normal 0 0 -1
    outer loop
      vertex 20.8625 17.2633 0
      vertex 20.8081 18.7357 0
      vertex 21.0008 17.3753 0
    endloop
  endfacet
  facet normal 0 0 -1
    outer loop
      vertex 20.7367 17.1375 0
      vertex 20.8081 18.7357 0
      vertex 20.8625 17.2633 0
    endloop
  endfacet
  facet normal 0 0 -1
    outer loop
      vertex 20.6247 16.9992 0
      vertex 20.8081 18.7357 0
      vertex 20.7367 17.1375 0
    endloop
  endfacet
  facet normal 0 0 -1
    outer loop
      vertex 18.43 16.5944 0
      vertex 20.6247 16.9992 0
      vertex 20.5278 16.85 0
    endloop
  endfacet
  facet normal 0 0 -1
    outer loop
      vertex 18.43 16.5944 0
      vertex 20.5278 16.85 0
      vertex 20.447 16.6915 0
    endloop
  endfacet
  facet normal 0 0 -1
    outer loop
      vertex 18.43 16.5944 0
      vertex 20.447 16.6915 0
      vertex 20.3832 16.5253 0
    endloop
  endfacet
  facet normal 0 0 -1
    outer loop
      vertex 18.43 16.5944 0
      vertex 20.3832 16.5253 0
      vertex 20.3372 16.3535 0
    endloop
  endfacet
  facet normal 0 0 -1
    outer loop
      vertex 20.3093 15.8223 0
      vertex 18.43 16.5944 0
      vertex 20.3 16 0
    endloop
  endfacet
  facet normal -0 0 -1
    outer loop
      vertex 20.6247 16.9992 0
      vertex 18.43 16.5944 0
      vertex 20.8081 18.7357 0
    endloop
  endfacet
  facet normal 0 0 -1
    outer loop
      vertex 18.43 16.5944 0
      vertex 20.3372 16.3535 0
      vertex 20.3093 16.1777 0
    endloop
  endfacet
  facet normal 0 0 -1
    outer loop
      vertex 20.3 16 0
      vertex 18.43 16.5944 0
      vertex 20.3093 16.1777 0
    endloop
  endfacet
  facet normal -0 0 -1
    outer loop
      vertex 20.8081 18.7357 0
      vertex 18.43 16.5944 0
      vertex 18.7357 20.8081 0
    endloop
  endfacet
  facet normal 0 0 -1
    outer loop
      vertex 16.5944 18.43 0
      vertex 18.7357 20.8081 0
      vertex 18.43 16.5944 0
    endloop
  endfacet
  facet normal 0 0 -1
    outer loop
      vertex 16.5944 18.43 0
      vertex 16.458 22.6525 0
      vertex 18.7357 20.8081 0
    endloop
  endfacet
  facet normal 0 0 -1
    outer loop
      vertex 14.5771 20.0636 0
      vertex 16.458 22.6525 0
      vertex 16.5944 18.43 0
    endloop
  endfacet
  facet normal 0 0 -1
    outer loop
      vertex 14.5771 20.0636 0
      vertex 14 24.2487 0
      vertex 16.458 22.6525 0
    endloop
  endfacet
  facet normal 0 0 -1
    outer loop
      vertex 12.4 21.4774 0
      vertex 14 24.2487 0
      vertex 14.5771 20.0636 0
    endloop
  endfacet
  facet normal 0 0 -1
    outer loop
      vertex 12.4 21.4774 0
      vertex 11.3886 25.5793 0
      vertex 14 24.2487 0
    endloop
  endfacet
  facet normal 0 0 -1
    outer loop
      vertex 10.0871 22.6559 0
      vertex 11.3886 25.5793 0
      vertex 12.4 21.4774 0
    endloop
  endfacet
  facet normal -0 0 -1
    outer loop
      vertex 11.3886 25.5793 0
      vertex 10.0871 22.6559 0
      vertex 10.2926 26 0
    endloop
  endfacet
  facet normal 0 0 -1
    outer loop
      vertex 7.66362 23.5862 0
      vertex 10.2926 26 0
      vertex 10.0871 22.6559 0
    endloop
  endfacet
  facet normal 0 0 -1
    outer loop
      vertex 5.59431 26 0
      vertex 7.66362 23.5862 0
      vertex 6.07247 24.0126 0
    endloop
  endfacet
  facet normal 0 0 -1
    outer loop
      vertex 7.66362 23.5862 0
      vertex 5.59431 26 0
      vertex 10.2926 26 0
    endloop
  endfacet
  facet normal 0 0 -1
    outer loop
      vertex -18.43 16.5944 0
      vertex -20.3093 15.8223 0
      vertex -20.3 16 0
    endloop
  endfacet
  facet normal 0 0 -1
    outer loop
      vertex -18.43 16.5944 0
      vertex -20.3372 15.6466 0
      vertex -20.3093 15.8223 0
    endloop
  endfacet
  facet normal 0 0 -1
    outer loop
      vertex -20.0636 14.5771 0
      vertex -20.3832 15.4747 0
      vertex -20.3372 15.6466 0
    endloop
  endfacet
  facet normal 0 0 -1
    outer loop
      vertex -20.0636 14.5771 0
      vertex -20.447 15.3085 0
      vertex -20.3832 15.4747 0
    endloop
  endfacet
  facet normal 0 0 -1
    outer loop
      vertex -20.0636 14.5771 0
      vertex -20.5278 15.15 0
      vertex -20.447 15.3085 0
    endloop
  endfacet
  facet normal 0 0 -1
    outer loop
      vertex -20.0636 14.5771 0
      vertex -20.6247 15.0008 0
      vertex -20.5278 15.15 0
    endloop
  endfacet
  facet normal 0 0 -1
    outer loop
      vertex -20.0636 14.5771 0
      vertex -20.7367 14.8625 0
      vertex -20.6247 15.0008 0
    endloop
  endfacet
  facet normal 0 0 -1
    outer loop
      vertex -20.0636 14.5771 0
      vertex -20.8625 14.7367 0
      vertex -20.7367 14.8625 0
    endloop
  endfacet
  facet normal 0 0 -1
    outer loop
      vertex -20.0636 14.5771 0
      vertex -21.0008 14.6247 0
      vertex -20.8625 14.7367 0
    endloop
  endfacet
  facet normal -0 0 -1
    outer loop
      vertex -20.0636 14.5771 0
      vertex -21.15 14.5278 0
      vertex -21.0008 14.6247 0
    endloop
  endfacet
  facet normal 0 0 -1
    outer loop
      vertex -21.4774 12.4 0
      vertex -21.15 14.5278 0
      vertex -20.0636 14.5771 0
    endloop
  endfacet
  facet normal 0 0 -1
    outer loop
      vertex -21.15 14.5278 0
      vertex -21.4774 12.4 0
      vertex -21.3085 14.447 0
    endloop
  endfacet
  facet normal 0 0 -1
    outer loop
      vertex -21.3085 14.447 0
      vertex -21.4774 12.4 0
      vertex -21.4747 14.3832 0
    endloop
  endfacet
  facet normal 0 0 -1
    outer loop
      vertex -21.4774 12.4 0
      vertex -21.6465 14.3371 0
      vertex -21.4747 14.3832 0
    endloop
  endfacet
  facet normal 0 0 -1
    outer loop
      vertex -21.4774 12.4 0
      vertex -21.8223 14.3093 0
      vertex -21.6465 14.3371 0
    endloop
  endfacet
  facet normal 0 0 -1
    outer loop
      vertex -21.4774 12.4 0
      vertex -22 14.3 0
      vertex -21.8223 14.3093 0
    endloop
  endfacet
  facet normal 0 0 -1
    outer loop
      vertex -21.4774 12.4 0
      vertex -22.1777 14.3093 0
      vertex -22 14.3 0
    endloop
  endfacet
  facet normal 0 0 -1
    outer loop
      vertex -21.4774 12.4 0
      vertex -22.3535 14.3371 0
      vertex -22.1777 14.3093 0
    endloop
  endfacet
  facet normal 0 0 -1
    outer loop
      vertex -21.4774 12.4 0
      vertex -22.5253 14.3832 0
      vertex -22.3535 14.3371 0
    endloop
  endfacet
  facet normal 0 0 -1
    outer loop
      vertex -24.2487 14 0
      vertex -21.4774 12.4 0
      vertex -22.6559 10.0871 0
    endloop
  endfacet
  facet normal 0 0 -1
    outer loop
      vertex -21.4774 12.4 0
      vertex -24.2487 14 0
      vertex -22.5253 14.3832 0
    endloop
  endfacet
  facet normal -0 0 -1
    outer loop
      vertex -22.5253 14.3832 0
      vertex -24.2487 14 0
      vertex -22.6915 14.447 0
    endloop
  endfacet
  facet normal -0 0 -1
    outer loop
      vertex -22.6915 14.447 0
      vertex -24.2487 14 0
      vertex -22.85 14.5278 0
    endloop
  endfacet
  facet normal -0 0 -1
    outer loop
      vertex -22.85 14.5278 0
      vertex -24.2487 14 0
      vertex -22.9992 14.6247 0
    endloop
  endfacet
  facet normal -0 0 -1
    outer loop
      vertex -22.9992 14.6247 0
      vertex -24.2487 14 0
      vertex -23.1375 14.7367 0
    endloop
  endfacet
  facet normal -0 0 -1
    outer loop
      vertex -23.1375 14.7367 0
      vertex -24.2487 14 0
      vertex -23.2633 14.8625 0
    endloop
  endfacet
  facet normal -0 0 -1
    outer loop
      vertex -23.2633 14.8625 0
      vertex -24.2487 14 0
      vertex -23.3753 15.0008 0
    endloop
  endfacet
  facet normal -0 0 -1
    outer loop
      vertex -23.3753 15.0008 0
      vertex -24.2487 14 0
      vertex -23.4722 15.15 0
    endloop
  endfacet
  facet normal 0 0 -1
    outer loop
      vertex -25.5793 11.3886 0
      vertex -22.6559 10.0871 0
      vertex -23.5862 7.66362 0
    endloop
  endfacet
  facet normal -0 0 -1
    outer loop
      vertex -23.4722 15.15 0
      vertex -24.2487 14 0
      vertex -23.4853 15.1756 0
    endloop
  endfacet
  facet normal 0 0 -1
    outer loop
      vertex -26.6296 8.65248 0
      vertex -23.5862 7.66362 0
      vertex -24.2581 5.15621 0
    endloop
  endfacet
  facet normal 0 0 -1
    outer loop
      vertex -27.3881 5.82153 0
      vertex -24.2581 5.15621 0
      vertex -24.6641 2.59231 0
    endloop
  endfacet
  facet normal 0 0 -1
    outer loop
      vertex -27.8466 2.9268 0
      vertex -24.6641 2.59231 0
      vertex -24.8 0 0
    endloop
  endfacet
  facet normal -0 0 -1
    outer loop
      vertex -23.2633 -67.1375 0
      vertex -28 -70 0
      vertex -23.3753 -66.9992 0
    endloop
  endfacet
  facet normal 0 0 -1
    outer loop
      vertex -22.6559 10.0871 0
      vertex -25.5793 11.3886 0
      vertex -24.2487 14 0
    endloop
  endfacet
  facet normal 0 0 -1
    outer loop
      vertex -28 0 0
      vertex -23.6628 -65.6466 0
      vertex -28 -70 0
    endloop
  endfacet
  facet normal -0 0 -1
    outer loop
      vertex -23.3753 -66.9992 0
      vertex -28 -70 0
      vertex -23.4722 -66.85 0
    endloop
  endfacet
  facet normal -0 0 -1
    outer loop
      vertex -23.4722 -66.85 0
      vertex -28 -70 0
      vertex -23.553 -66.6915 0
    endloop
  endfacet
  facet normal 0 -0 -1
    outer loop
      vertex -27.8466 2.9268 0
      vertex -24.8 0 0
      vertex -28 0 0
    endloop
  endfacet
  facet normal -0 0 -1
    outer loop
      vertex -23.553 -66.6915 0
      vertex -28 -70 0
      vertex -23.6168 -66.5253 0
    endloop
  endfacet
  facet normal -0 0 -1
    outer loop
      vertex -23.6168 -66.5253 0
      vertex -28 -70 0
      vertex -23.6628 -66.3534 0
    endloop
  endfacet
  facet normal 0 0 -1
    outer loop
      vertex -23.5862 7.66362 0
      vertex -26.6296 8.65248 0
      vertex -25.5793 11.3886 0
    endloop
  endfacet
  facet normal -0 0 -1
    outer loop
      vertex -23.6628 -66.3534 0
      vertex -28 -70 0
      vertex -23.6907 -66.1777 0
    endloop
  endfacet
  facet normal -0 0 -1
    outer loop
      vertex -23.6907 -66.1777 0
      vertex -28 -70 0
      vertex -23.7 -66 0
    endloop
  endfacet
  facet normal 0 0 -1
    outer loop
      vertex -24.2581 5.15621 0
      vertex -27.3881 5.82153 0
      vertex -26.6296 8.65248 0
    endloop
  endfacet
  facet normal -0 0 -1
    outer loop
      vertex -23.7 -66 0
      vertex -28 -70 0
      vertex -23.6907 -65.8223 0
    endloop
  endfacet
  facet normal -0 0 -1
    outer loop
      vertex -23.6907 -65.8223 0
      vertex -28 -70 0
      vertex -23.6628 -65.6466 0
    endloop
  endfacet
  facet normal 0 0 -1
    outer loop
      vertex -23.6628 -65.6466 0
      vertex -28 0 0
      vertex -24.8 0 0
    endloop
  endfacet
  facet normal 0 0 -1
    outer loop
      vertex -24.6641 2.59231 0
      vertex -27.8466 2.9268 0
      vertex -27.3881 5.82153 0
    endloop
  endfacet
  facet normal 0 0 -1
    outer loop
      vertex -7.66362 23.5862 0
      vertex -5.59431 26 0
      vertex -6.07247 24.0126 0
    endloop
  endfacet
  facet normal 0 0 -1
    outer loop
      vertex -10.2926 26 0
      vertex -7.66362 23.5862 0
      vertex -10.0871 22.6559 0
    endloop
  endfacet
  facet normal 0 0 -1
    outer loop
      vertex -7.66362 23.5862 0
      vertex -10.2926 26 0
      vertex -5.59431 26 0
    endloop
  endfacet
  facet normal 0 0 -1
    outer loop
      vertex -10.0871 22.6559 0
      vertex -11.3886 25.5793 0
      vertex -10.2926 26 0
    endloop
  endfacet
  facet normal 0 0 -1
    outer loop
      vertex -12.4 21.4774 0
      vertex -11.3886 25.5793 0
      vertex -10.0871 22.6559 0
    endloop
  endfacet
  facet normal 0 0 -1
    outer loop
      vertex -12.4 21.4774 0
      vertex -14 24.2487 0
      vertex -11.3886 25.5793 0
    endloop
  endfacet
  facet normal 0 0 -1
    outer loop
      vertex -14.5771 20.0636 0
      vertex -14 24.2487 0
      vertex -12.4 21.4774 0
    endloop
  endfacet
  facet normal 0 0 -1
    outer loop
      vertex -14.5771 20.0636 0
      vertex -16.458 22.6525 0
      vertex -14 24.2487 0
    endloop
  endfacet
  facet normal 0 0 -1
    outer loop
      vertex -16.5944 18.43 0
      vertex -16.458 22.6525 0
      vertex -14.5771 20.0636 0
    endloop
  endfacet
  facet normal 0 0 -1
    outer loop
      vertex -18.7357 20.8081 0
      vertex -16.5944 18.43 0
      vertex -18.43 16.5944 0
    endloop
  endfacet
  facet normal 0 0 -1
    outer loop
      vertex -16.5944 18.43 0
      vertex -18.7357 20.8081 0
      vertex -16.458 22.6525 0
    endloop
  endfacet
  facet normal 0 0 -1
    outer loop
      vertex -20.3372 15.6466 0
      vertex -18.43 16.5944 0
      vertex -20.0636 14.5771 0
    endloop
  endfacet
  facet normal 0 0 -1
    outer loop
      vertex -20.3093 16.1777 0
      vertex -18.43 16.5944 0
      vertex -20.3 16 0
    endloop
  endfacet
  facet normal 0 0 -1
    outer loop
      vertex -20.3372 16.3535 0
      vertex -18.43 16.5944 0
      vertex -20.3093 16.1777 0
    endloop
  endfacet
  facet normal 0 0 -1
    outer loop
      vertex -20.3832 16.5253 0
      vertex -18.43 16.5944 0
      vertex -20.3372 16.3535 0
    endloop
  endfacet
  facet normal 0 0 -1
    outer loop
      vertex -20.447 16.6915 0
      vertex -18.43 16.5944 0
      vertex -20.3832 16.5253 0
    endloop
  endfacet
  facet normal 0 0 -1
    outer loop
      vertex -20.5278 16.85 0
      vertex -18.43 16.5944 0
      vertex -20.447 16.6915 0
    endloop
  endfacet
  facet normal 0 0 -1
    outer loop
      vertex -20.6247 16.9992 0
      vertex -18.43 16.5944 0
      vertex -20.5278 16.85 0
    endloop
  endfacet
  facet normal 0 0 -1
    outer loop
      vertex -18.43 16.5944 0
      vertex -20.6247 16.9992 0
      vertex -20.8081 18.7357 0
    endloop
  endfacet
  facet normal 0 0 -1
    outer loop
      vertex -20.8081 18.7357 0
      vertex -20.6247 16.9992 0
      vertex -20.7367 17.1375 0
    endloop
  endfacet
  facet normal 0 0 -1
    outer loop
      vertex -18.43 16.5944 0
      vertex -20.8081 18.7357 0
      vertex -18.7357 20.8081 0
    endloop
  endfacet
  facet normal 0 0 -1
    outer loop
      vertex -20.8625 17.2633 0
      vertex -20.8081 18.7357 0
      vertex -20.7367 17.1375 0
    endloop
  endfacet
  facet normal 0 0 -1
    outer loop
      vertex -21.0008 17.3753 0
      vertex -20.8081 18.7357 0
      vertex -20.8625 17.2633 0
    endloop
  endfacet
  facet normal 0 0 -1
    outer loop
      vertex -21.15 17.4722 0
      vertex -20.8081 18.7357 0
      vertex -21.0008 17.3753 0
    endloop
  endfacet
  facet normal 0 0 -1
    outer loop
      vertex -21.3085 17.553 0
      vertex -20.8081 18.7357 0
      vertex -21.15 17.4722 0
    endloop
  endfacet
  facet normal 0 0 -1
    outer loop
      vertex -21.4747 17.6168 0
      vertex -20.8081 18.7357 0
      vertex -21.3085 17.553 0
    endloop
  endfacet
  facet normal 0 0 -1
    outer loop
      vertex -21.6465 17.6628 0
      vertex -20.8081 18.7357 0
      vertex -21.4747 17.6168 0
    endloop
  endfacet
  facet normal 0 0 -1
    outer loop
      vertex -20.8081 18.7357 0
      vertex -21.6465 17.6628 0
      vertex -21.6734 17.6671 0
    endloop
  endfacet
  facet normal 0 0 -1
    outer loop
      vertex -20.447 -65.3085 0
      vertex 20.447 -65.3085 0
      vertex -20.3832 -65.4747 0
    endloop
  endfacet
  facet normal 0 0 -1
    outer loop
      vertex 20.447 -65.3085 0
      vertex -20.447 -65.3085 0
      vertex 21 -50 0
    endloop
  endfacet
  facet normal 0 0 -1
    outer loop
      vertex -20.5278 -65.15 0
      vertex 21 -50 0
      vertex -20.447 -65.3085 0
    endloop
  endfacet
  facet normal 0 0 -1
    outer loop
      vertex -20.6247 -65.0008 0
      vertex 21 -50 0
      vertex -20.5278 -65.15 0
    endloop
  endfacet
  facet normal 0 0 -1
    outer loop
      vertex -20.7367 -64.8625 0
      vertex 21 -50 0
      vertex -20.6247 -65.0008 0
    endloop
  endfacet
  facet normal 0 0 -1
    outer loop
      vertex -20.8625 -64.7367 0
      vertex 21 -50 0
      vertex -20.7367 -64.8625 0
    endloop
  endfacet
  facet normal 0 0 -1
    outer loop
      vertex -21.0008 -64.6247 0
      vertex 21 -50 0
      vertex -20.8625 -64.7367 0
    endloop
  endfacet
  facet normal -0 0 -1
    outer loop
      vertex 21 -50 0
      vertex -21.0008 -64.6247 0
      vertex -6.3 -17.4 0
    endloop
  endfacet
  facet normal 0 0 -1
    outer loop
      vertex -21.15 -64.5278 0
      vertex -6.3 -17.4 0
      vertex -21.0008 -64.6247 0
    endloop
  endfacet
  facet normal 0 0 -1
    outer loop
      vertex -21.3085 -64.447 0
      vertex -6.3 -17.4 0
      vertex -21.15 -64.5278 0
    endloop
  endfacet
  facet normal 0 0 -1
    outer loop
      vertex -21.4747 -64.3832 0
      vertex -6.3 -17.4 0
      vertex -21.3085 -64.447 0
    endloop
  endfacet
  facet normal 0 0 -1
    outer loop
      vertex -21.6465 -64.3372 0
      vertex -6.3 -17.4 0
      vertex -21.4747 -64.3832 0
    endloop
  endfacet
  facet normal 0 0 -1
    outer loop
      vertex -21.8223 -64.3093 0
      vertex -6.3 -17.4 0
      vertex -21.6465 -64.3372 0
    endloop
  endfacet
  facet normal 0 0 -1
    outer loop
      vertex -22 -64.3 0
      vertex -6.3 -17.4 0
      vertex -21.8223 -64.3093 0
    endloop
  endfacet
  facet normal 0 0 -1
    outer loop
      vertex -22.1777 -64.3093 0
      vertex -6.3 -17.4 0
      vertex -22 -64.3 0
    endloop
  endfacet
  facet normal 0 0 -1
    outer loop
      vertex -22.3535 -64.3372 0
      vertex -6.3 -17.4 0
      vertex -22.1777 -64.3093 0
    endloop
  endfacet
  facet normal 0 0 -1
    outer loop
      vertex -22.5253 -64.3832 0
      vertex -6.3 -17.4 0
      vertex -22.3535 -64.3372 0
    endloop
  endfacet
  facet normal 0 0 -1
    outer loop
      vertex -22.6915 -64.447 0
      vertex -6.3 -17.4 0
      vertex -22.5253 -64.3832 0
    endloop
  endfacet
  facet normal -0 0 -1
    outer loop
      vertex -6.3 -17.4 0
      vertex -22.6915 -64.447 0
      vertex -24.8 0 0
    endloop
  endfacet
  facet normal 0 0 -1
    outer loop
      vertex -24.8 0 0
      vertex -22.6915 -64.447 0
      vertex -22.85 -64.5278 0
    endloop
  endfacet
  facet normal 0 0 -1
    outer loop
      vertex -24.8 0 0
      vertex -22.85 -64.5278 0
      vertex -22.9992 -64.6247 0
    endloop
  endfacet
  facet normal 0 0 -1
    outer loop
      vertex -24.8 0 0
      vertex -22.9992 -64.6247 0
      vertex -23.1375 -64.7367 0
    endloop
  endfacet
  facet normal 0 0 -1
    outer loop
      vertex -24.8 0 0
      vertex -23.1375 -64.7367 0
      vertex -23.2633 -64.8625 0
    endloop
  endfacet
  facet normal 0 0 -1
    outer loop
      vertex -24.8 0 0
      vertex -23.2633 -64.8625 0
      vertex -23.3753 -65.0008 0
    endloop
  endfacet
  facet normal 0 0 -1
    outer loop
      vertex -24.8 0 0
      vertex -23.3753 -65.0008 0
      vertex -23.4722 -65.15 0
    endloop
  endfacet
  facet normal 0 0 -1
    outer loop
      vertex -24.8 0 0
      vertex -23.4722 -65.15 0
      vertex -23.553 -65.3085 0
    endloop
  endfacet
  facet normal 0 0 -1
    outer loop
      vertex -24.8 0 0
      vertex -23.553 -65.3085 0
      vertex -23.6168 -65.4747 0
    endloop
  endfacet
  facet normal 0 0 -1
    outer loop
      vertex -24.8 0 0
      vertex -23.6168 -65.4747 0
      vertex -23.6628 -65.6466 0
    endloop
  endfacet
  facet normal 0 0 -1
    outer loop
      vertex -27.9671 -70.6272 0
      vertex -22.85 -67.4722 0
      vertex -27.8689 -71.2475 0
    endloop
  endfacet
  facet normal -0 0 -1
    outer loop
      vertex -22.85 -67.4722 0
      vertex -27.9671 -70.6272 0
      vertex -22.9992 -67.3753 0
    endloop
  endfacet
  facet normal 0 0 -1
    outer loop
      vertex -6.3 -17.4 0
      vertex -24.8 0 0
      vertex -6.3 0 0
    endloop
  endfacet
  facet normal -0 0 -1
    outer loop
      vertex -23.1375 -67.2633 0
      vertex -28 -70 0
      vertex -23.2633 -67.1375 0
    endloop
  endfacet
  facet normal 0 0 -1
    outer loop
      vertex -28 -70 0
      vertex -22.9992 -67.3753 0
      vertex -27.9671 -70.6272 0
    endloop
  endfacet
  facet normal -0 0 -1
    outer loop
      vertex -22.9992 -67.3753 0
      vertex -28 -70 0
      vertex -23.1375 -67.2633 0
    endloop
  endfacet
  facet normal 0 0 -1
    outer loop
      vertex 28 -70 0
      vertex 23.6907 -66.1777 0
      vertex 23.7 -66 0
    endloop
  endfacet
  facet normal 0 0 -1
    outer loop
      vertex 24.4404 -75.4813 0
      vertex 23.6628 -66.3534 0
      vertex 23.6907 -66.1777 0
    endloop
  endfacet
  facet normal 0 0 -1
    outer loop
      vertex 24.4404 -75.4813 0
      vertex 23.6168 -66.5253 0
      vertex 23.6628 -66.3534 0
    endloop
  endfacet
  facet normal 0 0 -1
    outer loop
      vertex 24.4404 -75.4813 0
      vertex 23.553 -66.6915 0
      vertex 23.6168 -66.5253 0
    endloop
  endfacet
  facet normal 0 0 -1
    outer loop
      vertex 24.4404 -75.4813 0
      vertex 23.4722 -66.85 0
      vertex 23.553 -66.6915 0
    endloop
  endfacet
  facet normal 0 0 -1
    outer loop
      vertex 24.4404 -75.4813 0
      vertex 23.3753 -66.9992 0
      vertex 23.4722 -66.85 0
    endloop
  endfacet
  facet normal 0 0 -1
    outer loop
      vertex 24.4404 -75.4813 0
      vertex 23.2633 -67.1375 0
      vertex 23.3753 -66.9992 0
    endloop
  endfacet
  facet normal 0 0 -1
    outer loop
      vertex 22.1777 -67.6907 0
      vertex 23.8541 -75.7063 0
      vertex 23.2475 -75.8689 0
    endloop
  endfacet
  facet normal 0 0 -1
    outer loop
      vertex 24.4404 -75.4813 0
      vertex 23.1375 -67.2633 0
      vertex 23.2633 -67.1375 0
    endloop
  endfacet
  facet normal 0 0 -1
    outer loop
      vertex 24.4404 -75.4813 0
      vertex 22.9992 -67.3753 0
      vertex 23.1375 -67.2633 0
    endloop
  endfacet
  facet normal 0 0 -1
    outer loop
      vertex 24.4404 -75.4813 0
      vertex 22.85 -67.4722 0
      vertex 22.9992 -67.3753 0
    endloop
  endfacet
  facet normal 0 0 -1
    outer loop
      vertex 24.4404 -75.4813 0
      vertex 22.6915 -67.553 0
      vertex 22.85 -67.4722 0
    endloop
  endfacet
  facet normal 0 0 -1
    outer loop
      vertex 22.1777 -67.6907 0
      vertex 23.2475 -75.8689 0
      vertex 22.6272 -75.9671 0
    endloop
  endfacet
  facet normal 0 0 -1
    outer loop
      vertex 24.4404 -75.4813 0
      vertex 22.5253 -67.6168 0
      vertex 22.6915 -67.553 0
    endloop
  endfacet
  facet normal 0 0 -1
    outer loop
      vertex 24.4404 -75.4813 0
      vertex 22.3535 -67.6628 0
      vertex 22.5253 -67.6168 0
    endloop
  endfacet
  facet normal 0 0 -1
    outer loop
      vertex 24.4404 -75.4813 0
      vertex 22.1777 -67.6907 0
      vertex 22.3535 -67.6628 0
    endloop
  endfacet
  facet normal 0 0 -1
    outer loop
      vertex 22 -67.7 0
      vertex 22.6272 -75.9671 0
      vertex 22 -76 0
    endloop
  endfacet
  facet normal 0 0 -1
    outer loop
      vertex 22.6272 -75.9671 0
      vertex 22 -67.7 0
      vertex 22.1777 -67.6907 0
    endloop
  endfacet
  facet normal 0 0 -1
    outer loop
      vertex 22 -76 0
      vertex 21.8223 -67.6907 0
      vertex 22 -67.7 0
    endloop
  endfacet
  facet normal 0 0 -1
    outer loop
      vertex 22 -76 0
      vertex 21.6465 -67.6628 0
      vertex 21.8223 -67.6907 0
    endloop
  endfacet
  facet normal 0 0 -1
    outer loop
      vertex 22 -76 0
      vertex 21.4747 -67.6168 0
      vertex 21.6465 -67.6628 0
    endloop
  endfacet
  facet normal 0 0 -1
    outer loop
      vertex 22 -76 0
      vertex 21.3085 -67.553 0
      vertex 21.4747 -67.6168 0
    endloop
  endfacet
  facet normal 0 0 -1
    outer loop
      vertex 22 -76 0
      vertex 21.15 -67.4722 0
      vertex 21.3085 -67.553 0
    endloop
  endfacet
  facet normal 0 0 -1
    outer loop
      vertex 22 -76 0
      vertex 21.0008 -67.3753 0
      vertex 21.15 -67.4722 0
    endloop
  endfacet
  facet normal 0 0 -1
    outer loop
      vertex 22 -76 0
      vertex 20.8625 -67.2633 0
      vertex 21.0008 -67.3753 0
    endloop
  endfacet
  facet normal 0 0 -1
    outer loop
      vertex 22 -76 0
      vertex 20.7367 -67.1375 0
      vertex 20.8625 -67.2633 0
    endloop
  endfacet
  facet normal 0 0 -1
    outer loop
      vertex 22 -76 0
      vertex 20.6247 -66.9992 0
      vertex 20.7367 -67.1375 0
    endloop
  endfacet
  facet normal 0 0 -1
    outer loop
      vertex 22 -76 0
      vertex 20.5278 -66.85 0
      vertex 20.6247 -66.9992 0
    endloop
  endfacet
  facet normal 0 0 -1
    outer loop
      vertex 22 -76 0
      vertex 20.447 -66.6915 0
      vertex 20.5278 -66.85 0
    endloop
  endfacet
  facet normal 0 0 -1
    outer loop
      vertex -20.447 -66.6915 0
      vertex 20.447 -66.6915 0
      vertex 22 -76 0
    endloop
  endfacet
  facet normal 0 0 -1
    outer loop
      vertex 20.447 -66.6915 0
      vertex -20.447 -66.6915 0
      vertex 20.3832 -66.5253 0
    endloop
  endfacet
  facet normal 0 0 -1
    outer loop
      vertex -20.3 -66 0
      vertex 20.3 -66 0
      vertex 20.3093 -66.1777 0
    endloop
  endfacet
  facet normal 0 0 -1
    outer loop
      vertex -20.3093 -66.1777 0
      vertex 20.3093 -66.1777 0
      vertex 20.3372 -66.3534 0
    endloop
  endfacet
  facet normal 0 -0 -1
    outer loop
      vertex -20.3832 -66.5253 0
      vertex 20.3832 -66.5253 0
      vertex -20.447 -66.6915 0
    endloop
  endfacet
  facet normal 0 0 -1
    outer loop
      vertex -20.3093 -65.8223 0
      vertex 20.3 -66 0
      vertex -20.3 -66 0
    endloop
  endfacet
  facet normal 0 0 -1
    outer loop
      vertex 21 -50 0
      vertex -6.3 -17.4 0
      vertex 6.3 -17.4 0
    endloop
  endfacet
  facet normal 0 0 -1
    outer loop
      vertex 20.3832 -65.4747 0
      vertex -20.3832 -65.4747 0
      vertex 20.447 -65.3085 0
    endloop
  endfacet
  facet normal 0 0 -1
    outer loop
      vertex 20.3093 -66.1777 0
      vertex -20.3093 -66.1777 0
      vertex -20.3 -66 0
    endloop
  endfacet
  facet normal 0 0 -1
    outer loop
      vertex 20.3372 -66.3534 0
      vertex -20.3372 -66.3534 0
      vertex -20.3093 -66.1777 0
    endloop
  endfacet
  facet normal -0 0 -1
    outer loop
      vertex 20.3372 -66.3534 0
      vertex -20.3832 -66.5253 0
      vertex -20.3372 -66.3534 0
    endloop
  endfacet
  facet normal 0 0 -1
    outer loop
      vertex 20.3832 -66.5253 0
      vertex -20.3832 -66.5253 0
      vertex 20.3372 -66.3534 0
    endloop
  endfacet
  facet normal 0 0 -1
    outer loop
      vertex -22 -76 0
      vertex -20.447 -66.6915 0
      vertex 22 -76 0
    endloop
  endfacet
  facet normal 0 0 -1
    outer loop
      vertex -20.447 -66.6915 0
      vertex -22 -76 0
      vertex -20.5278 -66.85 0
    endloop
  endfacet
  facet normal 0 0 -1
    outer loop
      vertex -20.5278 -66.85 0
      vertex -22 -76 0
      vertex -20.6247 -66.9992 0
    endloop
  endfacet
  facet normal 0 0 -1
    outer loop
      vertex -20.6247 -66.9992 0
      vertex -22 -76 0
      vertex -20.7367 -67.1375 0
    endloop
  endfacet
  facet normal 0 0 -1
    outer loop
      vertex -20.7367 -67.1375 0
      vertex -22 -76 0
      vertex -20.8625 -67.2633 0
    endloop
  endfacet
  facet normal 0 0 -1
    outer loop
      vertex -20.8625 -67.2633 0
      vertex -22 -76 0
      vertex -21.0008 -67.3753 0
    endloop
  endfacet
  facet normal 0 0 -1
    outer loop
      vertex -21.0008 -67.3753 0
      vertex -22 -76 0
      vertex -21.15 -67.4722 0
    endloop
  endfacet
  facet normal 0 0 -1
    outer loop
      vertex -21.15 -67.4722 0
      vertex -22 -76 0
      vertex -21.3085 -67.553 0
    endloop
  endfacet
  facet normal 0 0 -1
    outer loop
      vertex -21.3085 -67.553 0
      vertex -22 -76 0
      vertex -21.4747 -67.6168 0
    endloop
  endfacet
  facet normal 0 0 -1
    outer loop
      vertex -21.4747 -67.6168 0
      vertex -22 -76 0
      vertex -21.6465 -67.6628 0
    endloop
  endfacet
  facet normal 0 0 -1
    outer loop
      vertex -21.6465 -67.6628 0
      vertex -22 -76 0
      vertex -21.8223 -67.6907 0
    endloop
  endfacet
  facet normal 0 0 -1
    outer loop
      vertex -22 -76 0
      vertex -22 -67.7 0
      vertex -21.8223 -67.6907 0
    endloop
  endfacet
  facet normal 0 0 -1
    outer loop
      vertex -22.6272 -75.9671 0
      vertex -22 -67.7 0
      vertex -22 -76 0
    endloop
  endfacet
  facet normal -0 0 -1
    outer loop
      vertex -22 -67.7 0
      vertex -22.6272 -75.9671 0
      vertex -22.1777 -67.6907 0
    endloop
  endfacet
  facet normal 0 0 -1
    outer loop
      vertex -23.2475 -75.8689 0
      vertex -22.1777 -67.6907 0
      vertex -22.6272 -75.9671 0
    endloop
  endfacet
  facet normal 0 0 -1
    outer loop
      vertex -23.8541 -75.7063 0
      vertex -22.1777 -67.6907 0
      vertex -23.2475 -75.8689 0
    endloop
  endfacet
  facet normal 0 0 -1
    outer loop
      vertex -24.4404 -75.4813 0
      vertex -22.1777 -67.6907 0
      vertex -23.8541 -75.7063 0
    endloop
  endfacet
  facet normal -0 0 -1
    outer loop
      vertex -22.1777 -67.6907 0
      vertex -24.4404 -75.4813 0
      vertex -22.3535 -67.6628 0
    endloop
  endfacet
  facet normal 0 0 -1
    outer loop
      vertex -25 -75.1962 0
      vertex -22.3535 -67.6628 0
      vertex -24.4404 -75.4813 0
    endloop
  endfacet
  facet normal 0 0 -1
    outer loop
      vertex -25.5267 -74.8541 0
      vertex -22.3535 -67.6628 0
      vertex -25 -75.1962 0
    endloop
  endfacet
  facet normal 0 0 -1
    outer loop
      vertex -26.0148 -74.4589 0
      vertex -22.3535 -67.6628 0
      vertex -25.5267 -74.8541 0
    endloop
  endfacet
  facet normal -0 0 -1
    outer loop
      vertex -22.3535 -67.6628 0
      vertex -26.0148 -74.4589 0
      vertex -22.5253 -67.6168 0
    endloop
  endfacet
  facet normal 0 0 -1
    outer loop
      vertex -26.4589 -74.0148 0
      vertex -22.5253 -67.6168 0
      vertex -26.0148 -74.4589 0
    endloop
  endfacet
  facet normal 0 0 -1
    outer loop
      vertex -26.8541 -73.5267 0
      vertex -22.5253 -67.6168 0
      vertex -26.4589 -74.0148 0
    endloop
  endfacet
  facet normal 0 0 -1
    outer loop
      vertex -27.1962 -73 0
      vertex -22.5253 -67.6168 0
      vertex -26.8541 -73.5267 0
    endloop
  endfacet
  facet normal -0 0 -1
    outer loop
      vertex -22.5253 -67.6168 0
      vertex -27.1962 -73 0
      vertex -22.6915 -67.553 0
    endloop
  endfacet
  facet normal 0 0 -1
    outer loop
      vertex -27.4813 -72.4404 0
      vertex -22.6915 -67.553 0
      vertex -27.1962 -73 0
    endloop
  endfacet
  facet normal 0 0 -1
    outer loop
      vertex -27.7063 -71.8541 0
      vertex -22.6915 -67.553 0
      vertex -27.4813 -72.4404 0
    endloop
  endfacet
  facet normal -0 0 -1
    outer loop
      vertex -22.6915 -67.553 0
      vertex -27.7063 -71.8541 0
      vertex -22.85 -67.4722 0
    endloop
  endfacet
  facet normal 0 0 -1
    outer loop
      vertex -27.8689 -71.2475 0
      vertex -22.85 -67.4722 0
      vertex -27.7063 -71.8541 0
    endloop
  endfacet
  facet normal 0 0 -1
    outer loop
      vertex 21 -30 0
      vertex 24.8 0 0
      vertex 25 -30 0
    endloop
  endfacet
  facet normal 0 0 -1
    outer loop
      vertex 20.6247 -65.0008 0
      vertex 21 -50 0
      vertex 20.7367 -64.8625 0
    endloop
  endfacet
  facet normal 0 0 -1
    outer loop
      vertex 20.5278 -65.15 0
      vertex 21 -50 0
      vertex 20.6247 -65.0008 0
    endloop
  endfacet
  facet normal 0 0 -1
    outer loop
      vertex 20.447 -65.3085 0
      vertex 21 -50 0
      vertex 20.5278 -65.15 0
    endloop
  endfacet
  facet normal 0 0 -1
    outer loop
      vertex 20.3372 -65.6466 0
      vertex -20.3372 -65.6466 0
      vertex 20.3832 -65.4747 0
    endloop
  endfacet
  facet normal 0 0 -1
    outer loop
      vertex -20.3372 -65.6466 0
      vertex 20.3372 -65.6466 0
      vertex -20.3093 -65.8223 0
    endloop
  endfacet
  facet normal 0 0 -1
    outer loop
      vertex -20.3832 -65.4747 0
      vertex 20.3832 -65.4747 0
      vertex -20.3372 -65.6466 0
    endloop
  endfacet
  facet normal 0 0 -1
    outer loop
      vertex -20.3093 -65.8223 0
      vertex 20.3372 -65.6466 0
      vertex 20.3093 -65.8223 0
    endloop
  endfacet
  facet normal 0 0 -1
    outer loop
      vertex -20.3093 -65.8223 0
      vertex 20.3093 -65.8223 0
      vertex 20.3 -66 0
    endloop
  endfacet
  facet normal 0 0 -1
    outer loop
      vertex 21 -50 0
      vertex 6.3 -17.4 0
      vertex 21 -30 0
    endloop
  endfacet
  facet normal 0 0 -1
    outer loop
      vertex 6.3 -17.4 0
      vertex 24.8 0 0
      vertex 21 -30 0
    endloop
  endfacet
  facet normal -0 0 -1
    outer loop
      vertex 24.8 0 0
      vertex 6.3 -17.4 0
      vertex 6.3 0 0
    endloop
  endfacet
  facet normal 0 0 -1
    outer loop
      vertex 23.6907 -66.1777 0
      vertex 28 -70 0
      vertex 27.9671 -70.6272 0
    endloop
  endfacet
  facet normal 0 0 -1
    outer loop
      vertex 22.1777 -67.6907 0
      vertex 24.4404 -75.4813 0
      vertex 23.8541 -75.7063 0
    endloop
  endfacet
  facet normal 0 0 -1
    outer loop
      vertex 23.6907 -65.8223 0
      vertex 28 -70 0
      vertex 23.7 -66 0
    endloop
  endfacet
  facet normal 0 0 -1
    outer loop
      vertex 23.6628 -65.6466 0
      vertex 28 -70 0
      vertex 23.6907 -65.8223 0
    endloop
  endfacet
  facet normal 0 0 -1
    outer loop
      vertex 23.6168 -65.4747 0
      vertex 28 -70 0
      vertex 23.6628 -65.6466 0
    endloop
  endfacet
  facet normal 0 0 -1
    outer loop
      vertex 23.553 -65.3085 0
      vertex 28 -70 0
      vertex 23.6168 -65.4747 0
    endloop
  endfacet
  facet normal 0 0 -1
    outer loop
      vertex 23.4722 -65.15 0
      vertex 28 -70 0
      vertex 23.553 -65.3085 0
    endloop
  endfacet
  facet normal 0 0 -1
    outer loop
      vertex 28 -70 0
      vertex 23.4722 -65.15 0
      vertex 25 -50 0
    endloop
  endfacet
  facet normal 0 0 -1
    outer loop
      vertex 23.3753 -65.0008 0
      vertex 25 -50 0
      vertex 23.4722 -65.15 0
    endloop
  endfacet
  facet normal 0 0 -1
    outer loop
      vertex 23.2633 -64.8625 0
      vertex 25 -50 0
      vertex 23.3753 -65.0008 0
    endloop
  endfacet
  facet normal 0 0 -1
    outer loop
      vertex 23.1375 -64.7367 0
      vertex 25 -50 0
      vertex 23.2633 -64.8625 0
    endloop
  endfacet
  facet normal 0 0 -1
    outer loop
      vertex 22.9992 -64.6247 0
      vertex 25 -50 0
      vertex 23.1375 -64.7367 0
    endloop
  endfacet
  facet normal 0 0 -1
    outer loop
      vertex 22.85 -64.5278 0
      vertex 25 -50 0
      vertex 22.9992 -64.6247 0
    endloop
  endfacet
  facet normal 0 0 -1
    outer loop
      vertex 22.6915 -64.447 0
      vertex 25 -50 0
      vertex 22.85 -64.5278 0
    endloop
  endfacet
  facet normal 0 0 -1
    outer loop
      vertex 22.5253 -64.3832 0
      vertex 25 -50 0
      vertex 22.6915 -64.447 0
    endloop
  endfacet
  facet normal 0 0 -1
    outer loop
      vertex 22.3535 -64.3372 0
      vertex 25 -50 0
      vertex 22.5253 -64.3832 0
    endloop
  endfacet
  facet normal 0 0 -1
    outer loop
      vertex 22.1777 -64.3093 0
      vertex 25 -50 0
      vertex 22.3535 -64.3372 0
    endloop
  endfacet
  facet normal 0 0 -1
    outer loop
      vertex 21 -50 0
      vertex 22.1777 -64.3093 0
      vertex 22 -64.3 0
    endloop
  endfacet
  facet normal 0 0 -1
    outer loop
      vertex 21 -50 0
      vertex 22 -64.3 0
      vertex 21.8223 -64.3093 0
    endloop
  endfacet
  facet normal 0 0 -1
    outer loop
      vertex 21 -50 0
      vertex 21.8223 -64.3093 0
      vertex 21.6465 -64.3372 0
    endloop
  endfacet
  facet normal 0 0 -1
    outer loop
      vertex 21 -50 0
      vertex 21.6465 -64.3372 0
      vertex 21.4747 -64.3832 0
    endloop
  endfacet
  facet normal 0 0 -1
    outer loop
      vertex 21 -50 0
      vertex 21.4747 -64.3832 0
      vertex 21.3085 -64.447 0
    endloop
  endfacet
  facet normal 0 0 -1
    outer loop
      vertex 21 -50 0
      vertex 21.3085 -64.447 0
      vertex 21.15 -64.5278 0
    endloop
  endfacet
  facet normal 0 0 -1
    outer loop
      vertex 21 -50 0
      vertex 21.15 -64.5278 0
      vertex 21.0008 -64.6247 0
    endloop
  endfacet
  facet normal 0 0 -1
    outer loop
      vertex 22.1777 -64.3093 0
      vertex 21 -50 0
      vertex 25 -50 0
    endloop
  endfacet
  facet normal 0 0 -1
    outer loop
      vertex 20.7367 -64.8625 0
      vertex 21 -50 0
      vertex 20.8625 -64.7367 0
    endloop
  endfacet
  facet normal 0 0 -1
    outer loop
      vertex 20.8625 -64.7367 0
      vertex 21 -50 0
      vertex 21.0008 -64.6247 0
    endloop
  endfacet
  facet normal 0 0 -1
    outer loop
      vertex 23.6907 -66.1777 0
      vertex 27.9671 -70.6272 0
      vertex 27.8689 -71.2475 0
    endloop
  endfacet
  facet normal 0 0 -1
    outer loop
      vertex 23.6907 -66.1777 0
      vertex 27.8689 -71.2475 0
      vertex 27.7063 -71.8541 0
    endloop
  endfacet
  facet normal 0 0 -1
    outer loop
      vertex 28 -70 0
      vertex 25 -30 0
      vertex 28 0 0
    endloop
  endfacet
  facet normal 0 0 -1
    outer loop
      vertex 23.6907 -66.1777 0
      vertex 27.7063 -71.8541 0
      vertex 27.4813 -72.4404 0
    endloop
  endfacet
  facet normal 0 0 -1
    outer loop
      vertex 23.6907 -66.1777 0
      vertex 27.4813 -72.4404 0
      vertex 27.1962 -73 0
    endloop
  endfacet
  facet normal 0 0 -1
    outer loop
      vertex 24.8 0 0
      vertex 28 0 0
      vertex 25 -30 0
    endloop
  endfacet
  facet normal 0 0 -1
    outer loop
      vertex 23.6907 -66.1777 0
      vertex 27.1962 -73 0
      vertex 26.8541 -73.5267 0
    endloop
  endfacet
  facet normal 0 0 -1
    outer loop
      vertex 23.6907 -66.1777 0
      vertex 26.8541 -73.5267 0
      vertex 26.4589 -74.0148 0
    endloop
  endfacet
  facet normal 0 0 -1
    outer loop
      vertex 28 0 0
      vertex 24.8 0 0
      vertex 27.8466 2.9268 0
    endloop
  endfacet
  facet normal 0 0 -1
    outer loop
      vertex 23.6907 -66.1777 0
      vertex 26.4589 -74.0148 0
      vertex 26.0148 -74.4589 0
    endloop
  endfacet
  facet normal 0 0 -1
    outer loop
      vertex 23.6907 -66.1777 0
      vertex 26.0148 -74.4589 0
      vertex 25.5267 -74.8541 0
    endloop
  endfacet
  facet normal 0 0 -1
    outer loop
      vertex 24.6641 2.59231 0
      vertex 27.8466 2.9268 0
      vertex 24.8 0 0
    endloop
  endfacet
  facet normal 0 0 -1
    outer loop
      vertex 23.6907 -66.1777 0
      vertex 25.5267 -74.8541 0
      vertex 25 -75.1962 0
    endloop
  endfacet
  facet normal 0 0 -1
    outer loop
      vertex 23.6907 -66.1777 0
      vertex 25 -75.1962 0
      vertex 24.4404 -75.4813 0
    endloop
  endfacet
  facet normal 0 0 -1
    outer loop
      vertex 28 -70 0
      vertex 25 -50 0
      vertex 25 -30 0
    endloop
  endfacet
  facet normal -0 0 -1
    outer loop
      vertex 27.8466 2.9268 0
      vertex 24.6641 2.59231 0
      vertex 27.3881 5.82153 0
    endloop
  endfacet
  facet normal 0 0 -1
    outer loop
      vertex 24.2581 5.15621 0
      vertex 27.3881 5.82153 0
      vertex 24.6641 2.59231 0
    endloop
  endfacet
  facet normal -0 0 -1
    outer loop
      vertex 27.3881 5.82153 0
      vertex 24.2581 5.15621 0
      vertex 26.6296 8.65248 0
    endloop
  endfacet
  facet normal 0 0 -1
    outer loop
      vertex 23.5862 7.66362 0
      vertex 26.6296 8.65248 0
      vertex 24.2581 5.15621 0
    endloop
  endfacet
  facet normal -0 0 -1
    outer loop
      vertex 26.6296 8.65248 0
      vertex 23.5862 7.66362 0
      vertex 25.5793 11.3886 0
    endloop
  endfacet
  facet normal 0 0 -1
    outer loop
      vertex 22.6559 10.0871 0
      vertex 25.5793 11.3886 0
      vertex 23.5862 7.66362 0
    endloop
  endfacet
  facet normal -0 0 -1
    outer loop
      vertex 25.5793 11.3886 0
      vertex 22.6559 10.0871 0
      vertex 24.2487 14 0
    endloop
  endfacet
  facet normal 0 0 -1
    outer loop
      vertex 24.2487 14 0
      vertex 23.4722 15.15 0
      vertex 23.4853 15.1756 0
    endloop
  endfacet
  facet normal 0 0 -1
    outer loop
      vertex 21.4774 12.4 0
      vertex 24.2487 14 0
      vertex 22.6559 10.0871 0
    endloop
  endfacet
  facet normal 0 0 -1
    outer loop
      vertex 24.2487 14 0
      vertex 23.3753 15.0008 0
      vertex 23.4722 15.15 0
    endloop
  endfacet
  facet normal 0 0 -1
    outer loop
      vertex 24.2487 14 0
      vertex 23.2633 14.8625 0
      vertex 23.3753 15.0008 0
    endloop
  endfacet
  facet normal 0 0 -1
    outer loop
      vertex 24.2487 14 0
      vertex 23.1375 14.7367 0
      vertex 23.2633 14.8625 0
    endloop
  endfacet
  facet normal 0 0 -1
    outer loop
      vertex 24.2487 14 0
      vertex 22.9992 14.6247 0
      vertex 23.1375 14.7367 0
    endloop
  endfacet
  facet normal 0 0 -1
    outer loop
      vertex 24.2487 14 0
      vertex 22.85 14.5278 0
      vertex 22.9992 14.6247 0
    endloop
  endfacet
  facet normal 0 -0 -1
    outer loop
      vertex 22.5253 14.3832 0
      vertex 24.2487 14 0
      vertex 21.4774 12.4 0
    endloop
  endfacet
  facet normal 0 0 -1
    outer loop
      vertex 24.2487 14 0
      vertex 22.6915 14.447 0
      vertex 22.85 14.5278 0
    endloop
  endfacet
  facet normal 0 0 -1
    outer loop
      vertex 24.2487 14 0
      vertex 22.5253 14.3832 0
      vertex 22.6915 14.447 0
    endloop
  endfacet
  facet normal 0 0 -1
    outer loop
      vertex 22.5253 14.3832 0
      vertex 21.4774 12.4 0
      vertex 22.3535 14.3371 0
    endloop
  endfacet
  facet normal 0 0 -1
    outer loop
      vertex 22.3535 14.3371 0
      vertex 21.4774 12.4 0
      vertex 22.1777 14.3093 0
    endloop
  endfacet
  facet normal 0 0 -1
    outer loop
      vertex 22.1777 14.3093 0
      vertex 21.4774 12.4 0
      vertex 22 14.3 0
    endloop
  endfacet
  facet normal -0 0 -1
    outer loop
      vertex 22 14.3 0
      vertex 21.4774 12.4 0
      vertex 21.8223 14.3093 0
    endloop
  endfacet
  facet normal -0 0 -1
    outer loop
      vertex 21.8223 14.3093 0
      vertex 21.4774 12.4 0
      vertex 21.6465 14.3371 0
    endloop
  endfacet
  facet normal 0 0 -1
    outer loop
      vertex 21.4774 12.4 0
      vertex 21.4747 14.3832 0
      vertex 21.6465 14.3371 0
    endloop
  endfacet
  facet normal 0 0 -1
    outer loop
      vertex 21.4774 12.4 0
      vertex 21.3085 14.447 0
      vertex 21.4747 14.3832 0
    endloop
  endfacet
  facet normal 0 0 -1
    outer loop
      vertex 21.4774 12.4 0
      vertex 21.15 14.5278 0
      vertex 21.3085 14.447 0
    endloop
  endfacet
  facet normal 0 0 -1
    outer loop
      vertex 20.0636 14.5771 0
      vertex 21.15 14.5278 0
      vertex 21.4774 12.4 0
    endloop
  endfacet
  facet normal 0 0 -1
    outer loop
      vertex 21.15 14.5278 0
      vertex 20.0636 14.5771 0
      vertex 21.0008 14.6247 0
    endloop
  endfacet
  facet normal -0 0 -1
    outer loop
      vertex 21.0008 14.6247 0
      vertex 20.0636 14.5771 0
      vertex 20.8625 14.7367 0
    endloop
  endfacet
  facet normal -0 0 -1
    outer loop
      vertex 20.8625 14.7367 0
      vertex 20.0636 14.5771 0
      vertex 20.7367 14.8625 0
    endloop
  endfacet
  facet normal -0 0 -1
    outer loop
      vertex 20.7367 14.8625 0
      vertex 20.0636 14.5771 0
      vertex 20.6247 15.0008 0
    endloop
  endfacet
  facet normal -0 0 -1
    outer loop
      vertex 20.6247 15.0008 0
      vertex 20.0636 14.5771 0
      vertex 20.5278 15.15 0
    endloop
  endfacet
  facet normal -0 0 -1
    outer loop
      vertex 20.5278 15.15 0
      vertex 20.0636 14.5771 0
      vertex 20.447 15.3085 0
    endloop
  endfacet
  facet normal 0 0 -1
    outer loop
      vertex 20.3372 15.6466 0
      vertex 18.43 16.5944 0
      vertex 20.3093 15.8223 0
    endloop
  endfacet
  facet normal 0 0 -1
    outer loop
      vertex 18.43 16.5944 0
      vertex 20.3372 15.6466 0
      vertex 20.0636 14.5771 0
    endloop
  endfacet
  facet normal -0 0 -1
    outer loop
      vertex 20.3832 15.4747 0
      vertex 20.0636 14.5771 0
      vertex 20.3372 15.6466 0
    endloop
  endfacet
  facet normal -0 0 -1
    outer loop
      vertex 20.447 15.3085 0
      vertex 20.0636 14.5771 0
      vertex 20.3832 15.4747 0
    endloop
  endfacet
  facet normal 0.96593 0.258803 0
    outer loop
      vertex 27.3881 5.82153 22
      vertex 26.6296 8.65248 0
      vertex 26.6296 8.65248 22
    endloop
  endfacet
  facet normal 0.96593 0.258803 0
    outer loop
      vertex 26.6296 8.65248 0
      vertex 27.3881 5.82153 22
      vertex 27.3881 5.82153 0
    endloop
  endfacet
  facet normal -0.544703 -0.838629 0
    outer loop
      vertex -25.5267 -74.8541 0
      vertex -25 -75.1962 22
      vertex -25.5267 -74.8541 22
    endloop
  endfacet
  facet normal -0.544703 -0.838629 -0
    outer loop
      vertex -25 -75.1962 22
      vertex -25.5267 -74.8541 0
      vertex -25 -75.1962 0
    endloop
  endfacet
  facet normal -0.838629 -0.544703 0
    outer loop
      vertex -26.8541 -73.5267 0
      vertex -27.1962 -73 22
      vertex -27.1962 -73 0
    endloop
  endfacet
  facet normal -0.838629 -0.544703 0
    outer loop
      vertex -27.1962 -73 22
      vertex -26.8541 -73.5267 0
      vertex -26.8541 -73.5267 22
    endloop
  endfacet
  facet normal 0.838685 0.544617 0
    outer loop
      vertex 24.2487 14 17
      vertex 23.4853 15.1756 0
      vertex 23.4853 15.1756 17
    endloop
  endfacet
  facet normal 0.838685 0.544617 0
    outer loop
      vertex 23.4853 15.1756 0
      vertex 24.2487 14 17
      vertex 24.2487 14 0
    endloop
  endfacet
  facet normal -0.707126 0.707088 0
    outer loop
      vertex -18.7357 20.8081 0
      vertex -20.6096 18.9341 17
      vertex -18.7357 20.8081 22
    endloop
  endfacet
  facet normal -0.707107 0.707107 4.15945e-06
    outer loop
      vertex -20.8081 18.7357 0
      vertex -20.6096 18.9341 17
      vertex -18.7357 20.8081 0
    endloop
  endfacet
  facet normal -0.706929 0.707285 0
    outer loop
      vertex -20.6096 18.9341 17
      vertex -20.8081 18.7357 0
      vertex -20.8081 18.7357 17
    endloop
  endfacet
  facet normal -0.707126 0.707088 0
    outer loop
      vertex -18.7357 20.8081 22
      vertex -20.6096 18.9341 17
      vertex -20.6096 18.9341 22
    endloop
  endfacet
  facet normal -0.933612 -0.358285 0
    outer loop
      vertex -27.4813 -72.4404 0
      vertex -27.7063 -71.8541 22
      vertex -27.7063 -71.8541 0
    endloop
  endfacet
  facet normal -0.933612 -0.358285 0
    outer loop
      vertex -27.7063 -71.8541 22
      vertex -27.4813 -72.4404 0
      vertex -27.4813 -72.4404 22
    endloop
  endfacet
  facet normal 0.629267 -0.777189 0
    outer loop
      vertex 25.5267 -74.8541 0
      vertex 26.0148 -74.4589 22
      vertex 25.5267 -74.8541 22
    endloop
  endfacet
  facet normal 0.629267 -0.777189 0
    outer loop
      vertex 26.0148 -74.4589 22
      vertex 25.5267 -74.8541 0
      vertex 26.0148 -74.4589 0
    endloop
  endfacet
  facet normal 0.156363 -0.9877 0
    outer loop
      vertex 22.6272 -75.9671 0
      vertex 23.2475 -75.8689 22
      vertex 22.6272 -75.9671 22
    endloop
  endfacet
  facet normal 0.156363 -0.9877 0
    outer loop
      vertex 23.2475 -75.8689 22
      vertex 22.6272 -75.9671 0
      vertex 23.2475 -75.8689 0
    endloop
  endfacet
  facet normal 0.629311 0.777153 -0
    outer loop
      vertex 18.7357 20.8081 0
      vertex 16.458 22.6525 22
      vertex 18.7357 20.8081 22
    endloop
  endfacet
  facet normal 0.629311 0.777153 0
    outer loop
      vertex 16.458 22.6525 22
      vertex 18.7357 20.8081 0
      vertex 16.458 22.6525 0
    endloop
  endfacet
  facet normal 0.707107 -0.707107 0
    outer loop
      vertex 26.0148 -74.4589 0
      vertex 26.4589 -74.0148 22
      vertex 26.0148 -74.4589 22
    endloop
  endfacet
  facet normal 0.707107 -0.707107 0
    outer loop
      vertex 26.4589 -74.0148 22
      vertex 26.0148 -74.4589 0
      vertex 26.4589 -74.0148 0
    endloop
  endfacet
  facet normal 0.777189 -0.629267 0
    outer loop
      vertex 26.4589 -74.0148 22
      vertex 26.8541 -73.5267 0
      vertex 26.8541 -73.5267 22
    endloop
  endfacet
  facet normal 0.777189 -0.629267 0
    outer loop
      vertex 26.8541 -73.5267 0
      vertex 26.4589 -74.0148 22
      vertex 26.4589 -74.0148 0
    endloop
  endfacet
  facet normal 0.358357 0.933585 0
    outer loop
      vertex 11.3886 25.5793 22
      vertex 10.2926 26 20.3153
      vertex 10.2926 26 22
    endloop
  endfacet
  facet normal 0.358332 0.933594 1.83338e-05
    outer loop
      vertex 11.3886 25.5793 22
      vertex 10.7345 25.8304 19.7991
      vertex 10.2926 26 20.3153
    endloop
  endfacet
  facet normal 0.358386 0.933573 0
    outer loop
      vertex 10.7345 25.8304 19.7991
      vertex 11.3886 25.5793 22
      vertex 11.3886 25.5793 18.8421
    endloop
  endfacet
  facet normal 0.358386 0.933573 -0
    outer loop
      vertex 11.3886 25.5793 0
      vertex 10.7345 25.8304 4.20094
      vertex 11.3886 25.5793 5.15787
    endloop
  endfacet
  facet normal 0.358325 0.933597 -1.09483e-05
    outer loop
      vertex 11.3886 25.5793 0
      vertex 10.2926 26 3.68469
      vertex 10.7345 25.8304 4.20094
    endloop
  endfacet
  facet normal 0.358357 0.933585 0
    outer loop
      vertex 10.2926 26 3.68469
      vertex 11.3886 25.5793 0
      vertex 10.2926 26 0
    endloop
  endfacet
  facet normal -0 0 1
    outer loop
      vertex -10.2926 26 22
      vertex -8.86268 24.928 22
      vertex -8.67663 26 22
    endloop
  endfacet
  facet normal 0 0 1
    outer loop
      vertex -8.86268 24.928 22
      vertex -10.2926 26 22
      vertex -9.00404 24.1136 22
    endloop
  endfacet
  facet normal -0 0 1
    outer loop
      vertex -11.3886 25.5793 22
      vertex -9.00404 24.1136 22
      vertex -10.2926 26 22
    endloop
  endfacet
  facet normal -0 0 1
    outer loop
      vertex -14 24.2487 22
      vertex -9.00404 24.1136 22
      vertex -11.3886 25.5793 22
    endloop
  endfacet
  facet normal 0 0 1
    outer loop
      vertex -16.458 22.6525 22
      vertex -9.00404 24.1136 22
      vertex -14 24.2487 22
    endloop
  endfacet
  facet normal 0 0 1
    outer loop
      vertex 18.75 16 22
      vertex 11.1061 10.505 22
      vertex 11.1771 10 22
    endloop
  endfacet
  facet normal 0 0 1
    outer loop
      vertex 9.00404 24.1136 22
      vertex 11.3886 25.5793 22
      vertex 10.2926 26 22
    endloop
  endfacet
  facet normal 0 0 1
    outer loop
      vertex 14 24.2487 22
      vertex 9.00404 24.1136 22
      vertex 11.1061 10.505 22
    endloop
  endfacet
  facet normal 0 0 1
    outer loop
      vertex 10.2926 26 22
      vertex 8.86268 24.928 22
      vertex 9.00404 24.1136 22
    endloop
  endfacet
  facet normal 0 -0 1
    outer loop
      vertex 8.86268 24.928 22
      vertex 10.2926 26 22
      vertex 8.67663 26 22
    endloop
  endfacet
  facet normal -0 0 1
    outer loop
      vertex -19.031 14.6781 22
      vertex -11.1061 10.505 22
      vertex -18.9091 14.9957 22
    endloop
  endfacet
  facet normal 0 0 1
    outer loop
      vertex -6.3 -17.4 22
      vertex -18.7678 -65.6603 22
      vertex -18.75 -66 22
    endloop
  endfacet
  facet normal -0 0 1
    outer loop
      vertex -19.1854 14.375 22
      vertex -11.1061 10.505 22
      vertex -19.031 14.6781 22
    endloop
  endfacet
  facet normal 0 0 1
    outer loop
      vertex -6.3 -17.4 22
      vertex -18.821 -65.3243 22
      vertex -18.7678 -65.6603 22
    endloop
  endfacet
  facet normal -0 0 1
    outer loop
      vertex -19.3707 14.0897 22
      vertex -11.1061 10.505 22
      vertex -19.1854 14.375 22
    endloop
  endfacet
  facet normal 0 0 1
    outer loop
      vertex -6.3 -17.4 22
      vertex -18.9091 -64.9957 22
      vertex -18.821 -65.3243 22
    endloop
  endfacet
  facet normal -0 0 1
    outer loop
      vertex -19.5848 13.8253 22
      vertex -11.1061 10.505 22
      vertex -19.3707 14.0897 22
    endloop
  endfacet
  facet normal 0 0 1
    outer loop
      vertex -6.3 -17.4 22
      vertex -19.031 -64.6781 22
      vertex -18.9091 -64.9957 22
    endloop
  endfacet
  facet normal 0 0 1
    outer loop
      vertex -11.1061 10.505 22
      vertex -19.5848 13.8253 22
      vertex -11.1771 10 22
    endloop
  endfacet
  facet normal 0 0 1
    outer loop
      vertex -6.3 -17.4 22
      vertex -19.1854 -64.375 22
      vertex -19.031 -64.6781 22
    endloop
  endfacet
  facet normal -0 0 1
    outer loop
      vertex -19.8253 13.5848 22
      vertex -11.1771 10 22
      vertex -19.5848 13.8253 22
    endloop
  endfacet
  facet normal 0 0 1
    outer loop
      vertex -6.3 -17.4 22
      vertex -19.3707 -64.0897 22
      vertex -19.1854 -64.375 22
    endloop
  endfacet
  facet normal -0 0 1
    outer loop
      vertex -20.0897 13.3707 22
      vertex -11.1771 10 22
      vertex -19.8253 13.5848 22
    endloop
  endfacet
  facet normal 0 0 1
    outer loop
      vertex -6.3 -17.4 22
      vertex -19.5848 -63.8253 22
      vertex -19.3707 -64.0897 22
    endloop
  endfacet
  facet normal -0 0 1
    outer loop
      vertex -20.375 13.1854 22
      vertex -11.1771 10 22
      vertex -20.0897 13.3707 22
    endloop
  endfacet
  facet normal 0 -0 1
    outer loop
      vertex -23.3219 -63.031 22
      vertex -6.3 -17.4 22
      vertex -28 0 22
    endloop
  endfacet
  facet normal 0 0 1
    outer loop
      vertex -11.1771 10 22
      vertex -28 0 22
      vertex -6.3 -17.4 22
    endloop
  endfacet
  facet normal 0 0 1
    outer loop
      vertex -6.3 -17.4 22
      vertex -19.8253 -63.5848 22
      vertex -19.5848 -63.8253 22
    endloop
  endfacet
  facet normal -0 0 1
    outer loop
      vertex -20.6781 13.031 22
      vertex -11.1771 10 22
      vertex -20.375 13.1854 22
    endloop
  endfacet
  facet normal 0 0 1
    outer loop
      vertex -6.3 -17.4 22
      vertex -20.0897 -63.3707 22
      vertex -19.8253 -63.5848 22
    endloop
  endfacet
  facet normal -0 0 1
    outer loop
      vertex -20.9957 12.9091 22
      vertex -11.1771 10 22
      vertex -20.6781 13.031 22
    endloop
  endfacet
  facet normal 0 0 1
    outer loop
      vertex -6.3 -17.4 22
      vertex -20.375 -63.1854 22
      vertex -20.0897 -63.3707 22
    endloop
  endfacet
  facet normal 0 0 1
    outer loop
      vertex -11.1771 10 22
      vertex -20.9957 12.9091 22
      vertex -27.3881 5.82153 22
    endloop
  endfacet
  facet normal 0 0 1
    outer loop
      vertex -6.3 -17.4 22
      vertex -20.6781 -63.031 22
      vertex -20.375 -63.1854 22
    endloop
  endfacet
  facet normal 0 0 1
    outer loop
      vertex -27.3881 5.82153 22
      vertex -20.9957 12.9091 22
      vertex -21.3243 12.821 22
    endloop
  endfacet
  facet normal 0 0 1
    outer loop
      vertex -6.3 -17.4 22
      vertex -20.9957 -62.9091 22
      vertex -20.6781 -63.031 22
    endloop
  endfacet
  facet normal 0 0 1
    outer loop
      vertex -26.6296 8.65248 22
      vertex -21.3243 12.821 22
      vertex -21.6603 12.7678 22
    endloop
  endfacet
  facet normal 0 0 1
    outer loop
      vertex -6.3 -17.4 22
      vertex -21.3243 -62.821 22
      vertex -20.9957 -62.9091 22
    endloop
  endfacet
  facet normal 0 0 1
    outer loop
      vertex -26.6296 8.65248 22
      vertex -21.6603 12.7678 22
      vertex -22 12.75 22
    endloop
  endfacet
  facet normal 0 0 1
    outer loop
      vertex -6.3 -17.4 22
      vertex -21.6603 -62.7678 22
      vertex -21.3243 -62.821 22
    endloop
  endfacet
  facet normal 0 0 1
    outer loop
      vertex -26.6296 8.65248 22
      vertex -22 12.75 22
      vertex -22.3397 12.7678 22
    endloop
  endfacet
  facet normal 0 0 1
    outer loop
      vertex -6.3 -17.4 22
      vertex -22 -62.75 22
      vertex -21.6603 -62.7678 22
    endloop
  endfacet
  facet normal 0 0 1
    outer loop
      vertex -25.5793 11.3886 22
      vertex -22.3397 12.7678 22
      vertex -22.6757 12.821 22
    endloop
  endfacet
  facet normal 0 0 1
    outer loop
      vertex -6.3 -17.4 22
      vertex -22.3397 -62.7678 22
      vertex -22 -62.75 22
    endloop
  endfacet
  facet normal 0 0 1
    outer loop
      vertex -25.5793 11.3886 22
      vertex -22.6757 12.821 22
      vertex -23.0043 12.9091 22
    endloop
  endfacet
  facet normal 0 0 1
    outer loop
      vertex -6.3 -17.4 22
      vertex -22.6757 -62.821 22
      vertex -22.3397 -62.7678 22
    endloop
  endfacet
  facet normal 0 0 1
    outer loop
      vertex -25.5793 11.3886 22
      vertex -23.0043 12.9091 22
      vertex -23.3219 13.031 22
    endloop
  endfacet
  facet normal 0 0 1
    outer loop
      vertex -6.3 -17.4 22
      vertex -23.0043 -62.9091 22
      vertex -22.6757 -62.821 22
    endloop
  endfacet
  facet normal 0 0 1
    outer loop
      vertex -25.5793 11.3886 22
      vertex -23.3219 13.031 22
      vertex -23.625 13.1854 22
    endloop
  endfacet
  facet normal 0 0 1
    outer loop
      vertex -6.3 -17.4 22
      vertex -23.3219 -63.031 22
      vertex -23.0043 -62.9091 22
    endloop
  endfacet
  facet normal 0 0 1
    outer loop
      vertex -25.5793 11.3886 22
      vertex -23.625 13.1854 22
      vertex -23.9103 13.3707 22
    endloop
  endfacet
  facet normal 0 0 1
    outer loop
      vertex -23.3219 -63.031 22
      vertex -28 0 22
      vertex -23.625 -63.1854 22
    endloop
  endfacet
  facet normal 0 0 1
    outer loop
      vertex -25.5793 11.3886 22
      vertex -23.9103 13.3707 22
      vertex -24.1747 13.5848 22
    endloop
  endfacet
  facet normal 0 0 1
    outer loop
      vertex -23.625 -63.1854 22
      vertex -28 0 22
      vertex -23.9103 -63.3707 22
    endloop
  endfacet
  facet normal 0 0 1
    outer loop
      vertex -25.5793 11.3886 22
      vertex -24.1747 13.5848 22
      vertex -24.3639 13.774 22
    endloop
  endfacet
  facet normal 0 0 1
    outer loop
      vertex -23.9103 -63.3707 22
      vertex -28 0 22
      vertex -24.1747 -63.5848 22
    endloop
  endfacet
  facet normal 0 0 1
    outer loop
      vertex -24.1747 -63.5848 22
      vertex -28 0 22
      vertex -24.4152 -63.8253 22
    endloop
  endfacet
  facet normal 0 0 1
    outer loop
      vertex -24.4152 -63.8253 22
      vertex -28 0 22
      vertex -24.6293 -64.0897 22
    endloop
  endfacet
  facet normal 0 0 1
    outer loop
      vertex -24.6293 -64.0897 22
      vertex -28 0 22
      vertex -24.8146 -64.375 22
    endloop
  endfacet
  facet normal 0 0 1
    outer loop
      vertex -24.8146 -64.375 22
      vertex -28 0 22
      vertex -24.969 -64.6781 22
    endloop
  endfacet
  facet normal 0 0 1
    outer loop
      vertex -28 -70 22
      vertex -24.969 -64.6781 22
      vertex -28 0 22
    endloop
  endfacet
  facet normal 0 0 1
    outer loop
      vertex -24.969 -64.6781 22
      vertex -28 -70 22
      vertex -25.0909 -64.9957 22
    endloop
  endfacet
  facet normal 0 0 1
    outer loop
      vertex -25.0909 -64.9957 22
      vertex -28 -70 22
      vertex -25.179 -65.3243 22
    endloop
  endfacet
  facet normal 0 0 1
    outer loop
      vertex -25.179 -65.3243 22
      vertex -28 -70 22
      vertex -25.2322 -65.6603 22
    endloop
  endfacet
  facet normal 0 0 1
    outer loop
      vertex -22.3397 12.7678 22
      vertex -25.5793 11.3886 22
      vertex -26.6296 8.65248 22
    endloop
  endfacet
  facet normal 0 0 1
    outer loop
      vertex -25.2322 -65.6603 22
      vertex -28 -70 22
      vertex -25.25 -66 22
    endloop
  endfacet
  facet normal 0 -0 1
    outer loop
      vertex -27.9671 -70.6272 22
      vertex -25.25 -66 22
      vertex -28 -70 22
    endloop
  endfacet
  facet normal 0 0 1
    outer loop
      vertex -21.3243 12.821 22
      vertex -26.6296 8.65248 22
      vertex -27.3881 5.82153 22
    endloop
  endfacet
  facet normal 0 0 1
    outer loop
      vertex -25.25 -66 22
      vertex -26.0148 -74.4589 22
      vertex -25.5267 -74.8541 22
    endloop
  endfacet
  facet normal 0 0 1
    outer loop
      vertex -25.25 -66 22
      vertex -26.4589 -74.0148 22
      vertex -26.0148 -74.4589 22
    endloop
  endfacet
  facet normal 0 0 1
    outer loop
      vertex -11.1771 10 22
      vertex -27.3881 5.82153 22
      vertex -27.8466 2.9268 22
    endloop
  endfacet
  facet normal 0 0 1
    outer loop
      vertex -25.25 -66 22
      vertex -26.8541 -73.5267 22
      vertex -26.4589 -74.0148 22
    endloop
  endfacet
  facet normal 0 0 1
    outer loop
      vertex -25.25 -66 22
      vertex -27.1962 -73 22
      vertex -26.8541 -73.5267 22
    endloop
  endfacet
  facet normal 0 0 1
    outer loop
      vertex -11.1771 10 22
      vertex -27.8466 2.9268 22
      vertex -28 0 22
    endloop
  endfacet
  facet normal 0 0 1
    outer loop
      vertex -25.25 -66 22
      vertex -27.4813 -72.4404 22
      vertex -27.1962 -73 22
    endloop
  endfacet
  facet normal 0 0 1
    outer loop
      vertex -25.25 -66 22
      vertex -27.7063 -71.8541 22
      vertex -27.4813 -72.4404 22
    endloop
  endfacet
  facet normal 0 0 1
    outer loop
      vertex -25.25 -66 22
      vertex -27.8689 -71.2475 22
      vertex -27.7063 -71.8541 22
    endloop
  endfacet
  facet normal 0 0 1
    outer loop
      vertex -25.25 -66 22
      vertex -27.9671 -70.6272 22
      vertex -27.8689 -71.2475 22
    endloop
  endfacet
  facet normal -0 0 1
    outer loop
      vertex -18.7678 15.6603 22
      vertex -11.1061 10.505 22
      vertex -18.75 16 22
    endloop
  endfacet
  facet normal 0 0 1
    outer loop
      vertex -16.458 22.6525 22
      vertex -18.821 16.6757 22
      vertex -18.7678 16.3397 22
    endloop
  endfacet
  facet normal 0 0 1
    outer loop
      vertex -16.458 22.6525 22
      vertex -18.9091 17.0043 22
      vertex -18.821 16.6757 22
    endloop
  endfacet
  facet normal 0 0 1
    outer loop
      vertex -16.458 22.6525 22
      vertex -19.031 17.3219 22
      vertex -18.9091 17.0043 22
    endloop
  endfacet
  facet normal 0 0 1
    outer loop
      vertex -18.7357 20.8081 22
      vertex -19.1854 17.625 22
      vertex -19.031 17.3219 22
    endloop
  endfacet
  facet normal 0 0 1
    outer loop
      vertex -18.7357 20.8081 22
      vertex -19.3707 17.9103 22
      vertex -19.1854 17.625 22
    endloop
  endfacet
  facet normal 0 0 1
    outer loop
      vertex -18.7357 20.8081 22
      vertex -19.5848 18.1747 22
      vertex -19.3707 17.9103 22
    endloop
  endfacet
  facet normal 0 0 1
    outer loop
      vertex -18.7357 20.8081 22
      vertex -19.8253 18.4152 22
      vertex -19.5848 18.1747 22
    endloop
  endfacet
  facet normal 0 0 1
    outer loop
      vertex -18.7357 20.8081 22
      vertex -20.0897 18.6293 22
      vertex -19.8253 18.4152 22
    endloop
  endfacet
  facet normal 0 0 1
    outer loop
      vertex -18.7357 20.8081 22
      vertex -20.375 18.8146 22
      vertex -20.0897 18.6293 22
    endloop
  endfacet
  facet normal 0 -0 1
    outer loop
      vertex -20.375 18.8146 22
      vertex -18.7357 20.8081 22
      vertex -20.6096 18.9341 22
    endloop
  endfacet
  facet normal 0 0 1
    outer loop
      vertex 11.1771 10 22
      vertex -6.3 5.8 22
      vertex 6.3 5.8 22
    endloop
  endfacet
  facet normal 0 0 1
    outer loop
      vertex -6.3 5.8 22
      vertex -11.1771 10 22
      vertex -6.3 -17.4 22
    endloop
  endfacet
  facet normal -0 0 1
    outer loop
      vertex -11.1771 10 22
      vertex -6.3 5.8 22
      vertex 11.1771 10 22
    endloop
  endfacet
  facet normal 0 0 1
    outer loop
      vertex 11.1061 10.505 22
      vertex 18.7678 16.3397 22
      vertex 16.458 22.6525 22
    endloop
  endfacet
  facet normal 0 0 1
    outer loop
      vertex 18.821 16.6757 22
      vertex 16.458 22.6525 22
      vertex 18.7678 16.3397 22
    endloop
  endfacet
  facet normal 0 0 1
    outer loop
      vertex 18.9091 17.0043 22
      vertex 16.458 22.6525 22
      vertex 18.821 16.6757 22
    endloop
  endfacet
  facet normal 0 0 1
    outer loop
      vertex 19.031 17.3219 22
      vertex 16.458 22.6525 22
      vertex 18.9091 17.0043 22
    endloop
  endfacet
  facet normal 0 0 1
    outer loop
      vertex 16.458 22.6525 22
      vertex 19.031 17.3219 22
      vertex 18.7357 20.8081 22
    endloop
  endfacet
  facet normal 0 0 1
    outer loop
      vertex 19.1854 17.625 22
      vertex 18.7357 20.8081 22
      vertex 19.031 17.3219 22
    endloop
  endfacet
  facet normal 0 0 1
    outer loop
      vertex 19.3707 17.9103 22
      vertex 18.7357 20.8081 22
      vertex 19.1854 17.625 22
    endloop
  endfacet
  facet normal 0 0 1
    outer loop
      vertex 19.5848 18.1747 22
      vertex 18.7357 20.8081 22
      vertex 19.3707 17.9103 22
    endloop
  endfacet
  facet normal 0 0 1
    outer loop
      vertex 19.8253 18.4152 22
      vertex 18.7357 20.8081 22
      vertex 19.5848 18.1747 22
    endloop
  endfacet
  facet normal 0 0 1
    outer loop
      vertex 20.0897 18.6293 22
      vertex 18.7357 20.8081 22
      vertex 19.8253 18.4152 22
    endloop
  endfacet
  facet normal 0 0 1
    outer loop
      vertex 20.375 18.8146 22
      vertex 18.7357 20.8081 22
      vertex 20.0897 18.6293 22
    endloop
  endfacet
  facet normal 0 0 1
    outer loop
      vertex 18.7357 20.8081 22
      vertex 20.375 18.8146 22
      vertex 20.6096 18.9341 22
    endloop
  endfacet
  facet normal -0 0 1
    outer loop
      vertex 24.969 -64.6781 22
      vertex 28 -70 22
      vertex 28 0 22
    endloop
  endfacet
  facet normal -0 -0 1
    outer loop
      vertex 25.0909 -64.9957 22
      vertex 28 -70 22
      vertex 24.969 -64.6781 22
    endloop
  endfacet
  facet normal 0 0 1
    outer loop
      vertex 20.375 13.1854 22
      vertex 28 0 22
      vertex 27.8466 2.9268 22
    endloop
  endfacet
  facet normal -0 -0 1
    outer loop
      vertex 25.2322 -65.6603 22
      vertex 28 -70 22
      vertex 25.179 -65.3243 22
    endloop
  endfacet
  facet normal -0 -0 1
    outer loop
      vertex 25.25 -66 22
      vertex 28 -70 22
      vertex 25.2322 -65.6603 22
    endloop
  endfacet
  facet normal 0 0 1
    outer loop
      vertex 20.6781 13.031 22
      vertex 27.8466 2.9268 22
      vertex 27.3881 5.82153 22
    endloop
  endfacet
  facet normal -0 0 1
    outer loop
      vertex 25.2322 -66.3397 22
      vertex 28 -70 22
      vertex 25.25 -66 22
    endloop
  endfacet
  facet normal -0 0 1
    outer loop
      vertex 25.0909 -67.0043 22
      vertex 28 -70 22
      vertex 25.179 -66.6757 22
    endloop
  endfacet
  facet normal 0 0 1
    outer loop
      vertex 21.3243 12.821 22
      vertex 27.3881 5.82153 22
      vertex 26.6296 8.65248 22
    endloop
  endfacet
  facet normal -0 0 1
    outer loop
      vertex 24.969 -67.3219 22
      vertex 28 -70 22
      vertex 25.0909 -67.0043 22
    endloop
  endfacet
  facet normal -0 0 1
    outer loop
      vertex 24.6293 -67.9103 22
      vertex 28 -70 22
      vertex 24.8146 -67.625 22
    endloop
  endfacet
  facet normal 0 0 1
    outer loop
      vertex 22.3397 12.7678 22
      vertex 26.6296 8.65248 22
      vertex 25.5793 11.3886 22
    endloop
  endfacet
  facet normal -0 0 1
    outer loop
      vertex 24.4152 -68.1747 22
      vertex 28 -70 22
      vertex 24.6293 -67.9103 22
    endloop
  endfacet
  facet normal 0 0 1
    outer loop
      vertex 28 -70 22
      vertex 24.1747 -68.4152 22
      vertex 27.9671 -70.6272 22
    endloop
  endfacet
  facet normal -0 0 1
    outer loop
      vertex 24.1747 -68.4152 22
      vertex 28 -70 22
      vertex 24.4152 -68.1747 22
    endloop
  endfacet
  facet normal -0 0 1
    outer loop
      vertex 24.8146 -67.625 22
      vertex 28 -70 22
      vertex 24.969 -67.3219 22
    endloop
  endfacet
  facet normal -0 0 1
    outer loop
      vertex 25.179 -66.6757 22
      vertex 28 -70 22
      vertex 25.2322 -66.3397 22
    endloop
  endfacet
  facet normal -0 -0 1
    outer loop
      vertex 25.179 -65.3243 22
      vertex 28 -70 22
      vertex 25.0909 -64.9957 22
    endloop
  endfacet
  facet normal 0 0 1
    outer loop
      vertex 28 0 22
      vertex 24.8146 -64.375 22
      vertex 24.969 -64.6781 22
    endloop
  endfacet
  facet normal 0 0 1
    outer loop
      vertex 28 0 22
      vertex 24.6293 -64.0897 22
      vertex 24.8146 -64.375 22
    endloop
  endfacet
  facet normal 0 0 1
    outer loop
      vertex 28 0 22
      vertex 24.4152 -63.8253 22
      vertex 24.6293 -64.0897 22
    endloop
  endfacet
  facet normal -0 0 1
    outer loop
      vertex 24.1747 13.5848 22
      vertex 25.5793 11.3886 22
      vertex 24.3639 13.774 22
    endloop
  endfacet
  facet normal -0 0 1
    outer loop
      vertex 23.9103 13.3707 22
      vertex 25.5793 11.3886 22
      vertex 24.1747 13.5848 22
    endloop
  endfacet
  facet normal 0 0 1
    outer loop
      vertex 28 0 22
      vertex 24.1747 -63.5848 22
      vertex 24.4152 -63.8253 22
    endloop
  endfacet
  facet normal -0 0 1
    outer loop
      vertex 23.625 13.1854 22
      vertex 25.5793 11.3886 22
      vertex 23.9103 13.3707 22
    endloop
  endfacet
  facet normal 0 0 1
    outer loop
      vertex 28 0 22
      vertex 23.9103 -63.3707 22
      vertex 24.1747 -63.5848 22
    endloop
  endfacet
  facet normal -0 0 1
    outer loop
      vertex 23.3219 13.031 22
      vertex 25.5793 11.3886 22
      vertex 23.625 13.1854 22
    endloop
  endfacet
  facet normal 0 0 1
    outer loop
      vertex 28 0 22
      vertex 23.625 -63.1854 22
      vertex 23.9103 -63.3707 22
    endloop
  endfacet
  facet normal -0 0 1
    outer loop
      vertex 23.0043 12.9091 22
      vertex 25.5793 11.3886 22
      vertex 23.3219 13.031 22
    endloop
  endfacet
  facet normal 0 0 1
    outer loop
      vertex 28 0 22
      vertex 23.3219 -63.031 22
      vertex 23.625 -63.1854 22
    endloop
  endfacet
  facet normal -0 0 1
    outer loop
      vertex 22.6757 12.821 22
      vertex 25.5793 11.3886 22
      vertex 23.0043 12.9091 22
    endloop
  endfacet
  facet normal 0 0 1
    outer loop
      vertex 28 0 22
      vertex 23.0043 -62.9091 22
      vertex 23.3219 -63.031 22
    endloop
  endfacet
  facet normal -0 0 1
    outer loop
      vertex 22.3397 12.7678 22
      vertex 25.5793 11.3886 22
      vertex 22.6757 12.821 22
    endloop
  endfacet
  facet normal 0 0 1
    outer loop
      vertex 28 0 22
      vertex 22.6757 -62.821 22
      vertex 23.0043 -62.9091 22
    endloop
  endfacet
  facet normal 0 0 1
    outer loop
      vertex 26.6296 8.65248 22
      vertex 22.3397 12.7678 22
      vertex 22 12.75 22
    endloop
  endfacet
  facet normal 0 0 1
    outer loop
      vertex 28 0 22
      vertex 22.3397 -62.7678 22
      vertex 22.6757 -62.821 22
    endloop
  endfacet
  facet normal 0 0 1
    outer loop
      vertex 26.6296 8.65248 22
      vertex 22 12.75 22
      vertex 21.6603 12.7678 22
    endloop
  endfacet
  facet normal 0 0 1
    outer loop
      vertex 28 0 22
      vertex 22 -62.75 22
      vertex 22.3397 -62.7678 22
    endloop
  endfacet
  facet normal 0 0 1
    outer loop
      vertex 26.6296 8.65248 22
      vertex 21.6603 12.7678 22
      vertex 21.3243 12.821 22
    endloop
  endfacet
  facet normal 0 0 1
    outer loop
      vertex 28 0 22
      vertex 21.6603 -62.7678 22
      vertex 22 -62.75 22
    endloop
  endfacet
  facet normal 0 0 1
    outer loop
      vertex 27.3881 5.82153 22
      vertex 21.3243 12.821 22
      vertex 20.9957 12.9091 22
    endloop
  endfacet
  facet normal 0 0 1
    outer loop
      vertex 28 0 22
      vertex 21.3243 -62.821 22
      vertex 21.6603 -62.7678 22
    endloop
  endfacet
  facet normal 0 0 1
    outer loop
      vertex 27.3881 5.82153 22
      vertex 20.9957 12.9091 22
      vertex 20.6781 13.031 22
    endloop
  endfacet
  facet normal 0 0 1
    outer loop
      vertex 28 0 22
      vertex 20.9957 -62.9091 22
      vertex 21.3243 -62.821 22
    endloop
  endfacet
  facet normal 0 0 1
    outer loop
      vertex 27.8466 2.9268 22
      vertex 20.6781 13.031 22
      vertex 20.375 13.1854 22
    endloop
  endfacet
  facet normal 0 0 1
    outer loop
      vertex 28 0 22
      vertex 20.6781 -63.031 22
      vertex 20.9957 -62.9091 22
    endloop
  endfacet
  facet normal 0 0 1
    outer loop
      vertex 28 0 22
      vertex 20.375 13.1854 22
      vertex 20.0897 13.3707 22
    endloop
  endfacet
  facet normal 0 0 1
    outer loop
      vertex 28 0 22
      vertex 20.375 -63.1854 22
      vertex 20.6781 -63.031 22
    endloop
  endfacet
  facet normal 0 0 1
    outer loop
      vertex 28 0 22
      vertex 20.0897 13.3707 22
      vertex 19.8253 13.5848 22
    endloop
  endfacet
  facet normal 0 0 1
    outer loop
      vertex 28 0 22
      vertex 20.0897 -63.3707 22
      vertex 20.375 -63.1854 22
    endloop
  endfacet
  facet normal 0 0 1
    outer loop
      vertex 28 0 22
      vertex 19.8253 13.5848 22
      vertex 19.5848 13.8253 22
    endloop
  endfacet
  facet normal 0 0 1
    outer loop
      vertex 28 0 22
      vertex 19.8253 -63.5848 22
      vertex 20.0897 -63.3707 22
    endloop
  endfacet
  facet normal 0 0 1
    outer loop
      vertex 28 0 22
      vertex 19.5848 13.8253 22
      vertex 19.5848 -63.8253 22
    endloop
  endfacet
  facet normal 0 0 1
    outer loop
      vertex 28 0 22
      vertex 19.5848 -63.8253 22
      vertex 19.8253 -63.5848 22
    endloop
  endfacet
  facet normal 0 0 1
    outer loop
      vertex 19.3707 14.0897 22
      vertex 19.5848 -63.8253 22
      vertex 19.5848 13.8253 22
    endloop
  endfacet
  facet normal 0 0 1
    outer loop
      vertex 19.3707 14.0897 22
      vertex 19.3707 -64.0897 22
      vertex 19.5848 -63.8253 22
    endloop
  endfacet
  facet normal 0 0 1
    outer loop
      vertex 19.1854 14.375 22
      vertex 19.3707 -64.0897 22
      vertex 19.3707 14.0897 22
    endloop
  endfacet
  facet normal 0 0 1
    outer loop
      vertex 19.1854 14.375 22
      vertex 19.1854 -64.375 22
      vertex 19.3707 -64.0897 22
    endloop
  endfacet
  facet normal 0 0 1
    outer loop
      vertex 19.031 14.6781 22
      vertex 19.1854 -64.375 22
      vertex 19.1854 14.375 22
    endloop
  endfacet
  facet normal 0 0 1
    outer loop
      vertex 19.031 14.6781 22
      vertex 19.031 -64.6781 22
      vertex 19.1854 -64.375 22
    endloop
  endfacet
  facet normal 0 0 1
    outer loop
      vertex 18.9091 14.9957 22
      vertex 19.031 -64.6781 22
      vertex 19.031 14.6781 22
    endloop
  endfacet
  facet normal 0 0 1
    outer loop
      vertex 18.9091 14.9957 22
      vertex 18.9091 -64.9957 22
      vertex 19.031 -64.6781 22
    endloop
  endfacet
  facet normal 0 0 1
    outer loop
      vertex 18.821 15.3243 22
      vertex 18.9091 -64.9957 22
      vertex 18.9091 14.9957 22
    endloop
  endfacet
  facet normal 0 0 1
    outer loop
      vertex 18.821 15.3243 22
      vertex 18.821 -65.3243 22
      vertex 18.9091 -64.9957 22
    endloop
  endfacet
  facet normal 0 0 1
    outer loop
      vertex 18.7678 15.6603 22
      vertex 18.821 -65.3243 22
      vertex 18.821 15.3243 22
    endloop
  endfacet
  facet normal 0 0 1
    outer loop
      vertex 18.7678 15.6603 22
      vertex 18.7678 -65.6603 22
      vertex 18.821 -65.3243 22
    endloop
  endfacet
  facet normal 0 0 1
    outer loop
      vertex 18.75 16 22
      vertex 18.7678 -65.6603 22
      vertex 18.7678 15.6603 22
    endloop
  endfacet
  facet normal 0 0 1
    outer loop
      vertex 18.7678 -65.6603 22
      vertex 18.75 16 22
      vertex 18.75 -66 22
    endloop
  endfacet
  facet normal -0 0 1
    outer loop
      vertex 23.9103 -68.6293 22
      vertex 27.9671 -70.6272 22
      vertex 24.1747 -68.4152 22
    endloop
  endfacet
  facet normal 0 0 1
    outer loop
      vertex 27.9671 -70.6272 22
      vertex 23.9103 -68.6293 22
      vertex 27.8689 -71.2475 22
    endloop
  endfacet
  facet normal 0 0 1
    outer loop
      vertex 27.8689 -71.2475 22
      vertex 23.9103 -68.6293 22
      vertex 27.7063 -71.8541 22
    endloop
  endfacet
  facet normal -0 0 1
    outer loop
      vertex 23.625 -68.8146 22
      vertex 27.7063 -71.8541 22
      vertex 23.9103 -68.6293 22
    endloop
  endfacet
  facet normal 0 0 1
    outer loop
      vertex 27.7063 -71.8541 22
      vertex 23.625 -68.8146 22
      vertex 27.4813 -72.4404 22
    endloop
  endfacet
  facet normal 0 0 1
    outer loop
      vertex 27.4813 -72.4404 22
      vertex 23.625 -68.8146 22
      vertex 27.1962 -73 22
    endloop
  endfacet
  facet normal -0 0 1
    outer loop
      vertex 23.3219 -68.969 22
      vertex 27.1962 -73 22
      vertex 23.625 -68.8146 22
    endloop
  endfacet
  facet normal 0 0 1
    outer loop
      vertex 27.1962 -73 22
      vertex 23.3219 -68.969 22
      vertex 26.8541 -73.5267 22
    endloop
  endfacet
  facet normal 0 0 1
    outer loop
      vertex 26.8541 -73.5267 22
      vertex 23.3219 -68.969 22
      vertex 26.4589 -74.0148 22
    endloop
  endfacet
  facet normal -0 0 1
    outer loop
      vertex 23.0043 -69.0909 22
      vertex 26.4589 -74.0148 22
      vertex 23.3219 -68.969 22
    endloop
  endfacet
  facet normal 0 0 1
    outer loop
      vertex 26.4589 -74.0148 22
      vertex 23.0043 -69.0909 22
      vertex 26.0148 -74.4589 22
    endloop
  endfacet
  facet normal 0 0 1
    outer loop
      vertex 26.0148 -74.4589 22
      vertex 23.0043 -69.0909 22
      vertex 25.5267 -74.8541 22
    endloop
  endfacet
  facet normal -0 0 1
    outer loop
      vertex 22.6757 -69.179 22
      vertex 25.5267 -74.8541 22
      vertex 23.0043 -69.0909 22
    endloop
  endfacet
  facet normal 0 0 1
    outer loop
      vertex 25.5267 -74.8541 22
      vertex 22.6757 -69.179 22
      vertex 25 -75.1962 22
    endloop
  endfacet
  facet normal 0 0 1
    outer loop
      vertex 25 -75.1962 22
      vertex 22.6757 -69.179 22
      vertex 24.4404 -75.4813 22
    endloop
  endfacet
  facet normal -0 0 1
    outer loop
      vertex 22.3397 -69.2322 22
      vertex 24.4404 -75.4813 22
      vertex 22.6757 -69.179 22
    endloop
  endfacet
  facet normal 0 0 1
    outer loop
      vertex 24.4404 -75.4813 22
      vertex 22.3397 -69.2322 22
      vertex 23.8541 -75.7063 22
    endloop
  endfacet
  facet normal 0 0 1
    outer loop
      vertex 23.8541 -75.7063 22
      vertex 22.3397 -69.2322 22
      vertex 23.2475 -75.8689 22
    endloop
  endfacet
  facet normal 0 0 1
    outer loop
      vertex 23.2475 -75.8689 22
      vertex 22.3397 -69.2322 22
      vertex 22.6272 -75.9671 22
    endloop
  endfacet
  facet normal -0 0 1
    outer loop
      vertex 22 -69.25 22
      vertex 22.6272 -75.9671 22
      vertex 22.3397 -69.2322 22
    endloop
  endfacet
  facet normal 0 0 1
    outer loop
      vertex 22 -69.25 22
      vertex 22 -76 22
      vertex 22.6272 -75.9671 22
    endloop
  endfacet
  facet normal 0 0 1
    outer loop
      vertex 21.6603 -69.2322 22
      vertex 22 -76 22
      vertex 22 -69.25 22
    endloop
  endfacet
  facet normal 0 0 1
    outer loop
      vertex 21.3243 -69.179 22
      vertex 22 -76 22
      vertex 21.6603 -69.2322 22
    endloop
  endfacet
  facet normal 0 0 1
    outer loop
      vertex 20.9957 -69.0909 22
      vertex 22 -76 22
      vertex 21.3243 -69.179 22
    endloop
  endfacet
  facet normal 0 0 1
    outer loop
      vertex 20.6781 -68.969 22
      vertex 22 -76 22
      vertex 20.9957 -69.0909 22
    endloop
  endfacet
  facet normal 0 0 1
    outer loop
      vertex 20.375 -68.8146 22
      vertex 22 -76 22
      vertex 20.6781 -68.969 22
    endloop
  endfacet
  facet normal 0 0 1
    outer loop
      vertex 20.0897 -68.6293 22
      vertex 22 -76 22
      vertex 20.375 -68.8146 22
    endloop
  endfacet
  facet normal 0 0 1
    outer loop
      vertex 19.8253 -68.4152 22
      vertex 22 -76 22
      vertex 20.0897 -68.6293 22
    endloop
  endfacet
  facet normal 0 0 1
    outer loop
      vertex 19.5848 -68.1747 22
      vertex 22 -76 22
      vertex 19.8253 -68.4152 22
    endloop
  endfacet
  facet normal 0 0 1
    outer loop
      vertex 19.3707 -67.9103 22
      vertex 22 -76 22
      vertex 19.5848 -68.1747 22
    endloop
  endfacet
  facet normal 0 0 1
    outer loop
      vertex 19.1854 -67.625 22
      vertex 22 -76 22
      vertex 19.3707 -67.9103 22
    endloop
  endfacet
  facet normal 0 0 1
    outer loop
      vertex -19.1854 -67.625 22
      vertex 19.1854 -67.625 22
      vertex 19.031 -67.3219 22
    endloop
  endfacet
  facet normal 0 0 1
    outer loop
      vertex -19.031 -67.3219 22
      vertex 19.031 -67.3219 22
      vertex 18.9091 -67.0043 22
    endloop
  endfacet
  facet normal 0 0 1
    outer loop
      vertex 11.1061 10.505 22
      vertex 18.75 16 22
      vertex 18.7678 16.3397 22
    endloop
  endfacet
  facet normal 0 0 1
    outer loop
      vertex 11.1061 10.505 22
      vertex 16.458 22.6525 22
      vertex 14 24.2487 22
    endloop
  endfacet
  facet normal 0 0 1
    outer loop
      vertex 18.75 16 22
      vertex 11.1771 10 22
      vertex 6.3 -17.4 22
    endloop
  endfacet
  facet normal 0 0 1
    outer loop
      vertex 9.00404 24.1136 22
      vertex 14 24.2487 22
      vertex 11.3886 25.5793 22
    endloop
  endfacet
  facet normal 0 0 1
    outer loop
      vertex 18.75 16 22
      vertex 6.3 -17.4 22
      vertex 18.75 -66 22
    endloop
  endfacet
  facet normal 0 0 1
    outer loop
      vertex 6.3 -17.4 22
      vertex 11.1771 10 22
      vertex 6.3 5.8 22
    endloop
  endfacet
  facet normal 0 0 1
    outer loop
      vertex -18.75 -66 22
      vertex 18.75 -66 22
      vertex 6.3 -17.4 22
    endloop
  endfacet
  facet normal 0 0 1
    outer loop
      vertex 18.75 -66 22
      vertex -18.75 -66 22
      vertex 18.7678 -66.3397 22
    endloop
  endfacet
  facet normal 0 0 1
    outer loop
      vertex -18.75 -66 22
      vertex 6.3 -17.4 22
      vertex -6.3 -17.4 22
    endloop
  endfacet
  facet normal 0 0 1
    outer loop
      vertex -18.7678 -66.3397 22
      vertex 18.7678 -66.3397 22
      vertex -18.75 -66 22
    endloop
  endfacet
  facet normal 0 0 1
    outer loop
      vertex 18.7678 -66.3397 22
      vertex -18.7678 -66.3397 22
      vertex 18.821 -66.6757 22
    endloop
  endfacet
  facet normal 0 0 1
    outer loop
      vertex -9.00404 24.1136 22
      vertex -16.458 22.6525 22
      vertex -11.1061 10.505 22
    endloop
  endfacet
  facet normal -0 0 1
    outer loop
      vertex -18.7678 16.3397 22
      vertex -11.1061 10.505 22
      vertex -16.458 22.6525 22
    endloop
  endfacet
  facet normal -0 -0 1
    outer loop
      vertex -18.75 16 22
      vertex -11.1061 10.505 22
      vertex -18.7678 16.3397 22
    endloop
  endfacet
  facet normal 0 0 1
    outer loop
      vertex -19.031 17.3219 22
      vertex -16.458 22.6525 22
      vertex -18.7357 20.8081 22
    endloop
  endfacet
  facet normal -0 0 1
    outer loop
      vertex -18.821 15.3243 22
      vertex -11.1061 10.505 22
      vertex -18.7678 15.6603 22
    endloop
  endfacet
  facet normal -0 0 1
    outer loop
      vertex -18.9091 14.9957 22
      vertex -11.1061 10.505 22
      vertex -18.821 15.3243 22
    endloop
  endfacet
  facet normal 0 0 1
    outer loop
      vertex -18.821 -66.6757 22
      vertex 18.821 -66.6757 22
      vertex -18.7678 -66.3397 22
    endloop
  endfacet
  facet normal 0 0 1
    outer loop
      vertex 18.821 -66.6757 22
      vertex -18.821 -66.6757 22
      vertex 18.9091 -67.0043 22
    endloop
  endfacet
  facet normal 0 0 1
    outer loop
      vertex -18.9091 -67.0043 22
      vertex 18.9091 -67.0043 22
      vertex -18.821 -66.6757 22
    endloop
  endfacet
  facet normal 0 0 1
    outer loop
      vertex -19.031 -67.3219 22
      vertex 18.9091 -67.0043 22
      vertex -18.9091 -67.0043 22
    endloop
  endfacet
  facet normal 0 0 1
    outer loop
      vertex 19.031 -67.3219 22
      vertex -19.031 -67.3219 22
      vertex -19.1854 -67.625 22
    endloop
  endfacet
  facet normal 0 0 1
    outer loop
      vertex 19.1854 -67.625 22
      vertex -19.1854 -67.625 22
      vertex 22 -76 22
    endloop
  endfacet
  facet normal 0 0 1
    outer loop
      vertex -22 -76 22
      vertex -19.1854 -67.625 22
      vertex -19.3707 -67.9103 22
    endloop
  endfacet
  facet normal 0 0 1
    outer loop
      vertex -22 -76 22
      vertex -19.3707 -67.9103 22
      vertex -19.5848 -68.1747 22
    endloop
  endfacet
  facet normal 0 0 1
    outer loop
      vertex -22 -76 22
      vertex -19.5848 -68.1747 22
      vertex -19.8253 -68.4152 22
    endloop
  endfacet
  facet normal 0 0 1
    outer loop
      vertex -22 -76 22
      vertex -19.8253 -68.4152 22
      vertex -20.0897 -68.6293 22
    endloop
  endfacet
  facet normal 0 0 1
    outer loop
      vertex -22 -76 22
      vertex -20.0897 -68.6293 22
      vertex -20.375 -68.8146 22
    endloop
  endfacet
  facet normal 0 0 1
    outer loop
      vertex -22 -76 22
      vertex -20.375 -68.8146 22
      vertex -20.6781 -68.969 22
    endloop
  endfacet
  facet normal 0 0 1
    outer loop
      vertex -22 -76 22
      vertex -20.6781 -68.969 22
      vertex -20.9957 -69.0909 22
    endloop
  endfacet
  facet normal 0 0 1
    outer loop
      vertex -22 -76 22
      vertex -20.9957 -69.0909 22
      vertex -21.3243 -69.179 22
    endloop
  endfacet
  facet normal 0 0 1
    outer loop
      vertex -22 -76 22
      vertex -21.3243 -69.179 22
      vertex -21.6603 -69.2322 22
    endloop
  endfacet
  facet normal 0 0 1
    outer loop
      vertex -22 -76 22
      vertex -21.6603 -69.2322 22
      vertex -22 -69.25 22
    endloop
  endfacet
  facet normal 0 0 1
    outer loop
      vertex -19.1854 -67.625 22
      vertex -22 -76 22
      vertex 22 -76 22
    endloop
  endfacet
  facet normal 0 0 1
    outer loop
      vertex -22.6272 -75.9671 22
      vertex -22 -69.25 22
      vertex -22.3397 -69.2322 22
    endloop
  endfacet
  facet normal 0 0 1
    outer loop
      vertex -22 -69.25 22
      vertex -22.6272 -75.9671 22
      vertex -22 -76 22
    endloop
  endfacet
  facet normal 0 0 1
    outer loop
      vertex -24.4404 -75.4813 22
      vertex -22.3397 -69.2322 22
      vertex -22.6757 -69.179 22
    endloop
  endfacet
  facet normal 0 0 1
    outer loop
      vertex -25.5267 -74.8541 22
      vertex -22.6757 -69.179 22
      vertex -23.0043 -69.0909 22
    endloop
  endfacet
  facet normal 0 0 1
    outer loop
      vertex -22.3397 -69.2322 22
      vertex -23.2475 -75.8689 22
      vertex -22.6272 -75.9671 22
    endloop
  endfacet
  facet normal 0 0 1
    outer loop
      vertex -25.5267 -74.8541 22
      vertex -23.0043 -69.0909 22
      vertex -23.3219 -68.969 22
    endloop
  endfacet
  facet normal 0 0 1
    outer loop
      vertex -25.5267 -74.8541 22
      vertex -23.3219 -68.969 22
      vertex -23.625 -68.8146 22
    endloop
  endfacet
  facet normal 0 0 1
    outer loop
      vertex -22.3397 -69.2322 22
      vertex -23.8541 -75.7063 22
      vertex -23.2475 -75.8689 22
    endloop
  endfacet
  facet normal 0 0 1
    outer loop
      vertex -25.5267 -74.8541 22
      vertex -23.625 -68.8146 22
      vertex -23.9103 -68.6293 22
    endloop
  endfacet
  facet normal 0 0 1
    outer loop
      vertex -25.5267 -74.8541 22
      vertex -23.9103 -68.6293 22
      vertex -24.1747 -68.4152 22
    endloop
  endfacet
  facet normal 0 0 1
    outer loop
      vertex -25.5267 -74.8541 22
      vertex -24.1747 -68.4152 22
      vertex -24.4152 -68.1747 22
    endloop
  endfacet
  facet normal 0 0 1
    outer loop
      vertex -22.3397 -69.2322 22
      vertex -24.4404 -75.4813 22
      vertex -23.8541 -75.7063 22
    endloop
  endfacet
  facet normal 0 0 1
    outer loop
      vertex -25.5267 -74.8541 22
      vertex -24.4152 -68.1747 22
      vertex -24.6293 -67.9103 22
    endloop
  endfacet
  facet normal 0 0 1
    outer loop
      vertex -25.5267 -74.8541 22
      vertex -24.6293 -67.9103 22
      vertex -24.8146 -67.625 22
    endloop
  endfacet
  facet normal 0 0 1
    outer loop
      vertex -25.5267 -74.8541 22
      vertex -24.8146 -67.625 22
      vertex -24.969 -67.3219 22
    endloop
  endfacet
  facet normal 0 0 1
    outer loop
      vertex -22.6757 -69.179 22
      vertex -25 -75.1962 22
      vertex -24.4404 -75.4813 22
    endloop
  endfacet
  facet normal 0 0 1
    outer loop
      vertex -25.5267 -74.8541 22
      vertex -24.969 -67.3219 22
      vertex -25.0909 -67.0043 22
    endloop
  endfacet
  facet normal 0 0 1
    outer loop
      vertex -25.5267 -74.8541 22
      vertex -25.0909 -67.0043 22
      vertex -25.179 -66.6757 22
    endloop
  endfacet
  facet normal 0 0 1
    outer loop
      vertex -25.5267 -74.8541 22
      vertex -25.179 -66.6757 22
      vertex -25.2322 -66.3397 22
    endloop
  endfacet
  facet normal 0 0 1
    outer loop
      vertex -25.5267 -74.8541 22
      vertex -25.2322 -66.3397 22
      vertex -25.25 -66 22
    endloop
  endfacet
  facet normal 0 0 1
    outer loop
      vertex -22.6757 -69.179 22
      vertex -25.5267 -74.8541 22
      vertex -25 -75.1962 22
    endloop
  endfacet
  facet normal 0 1 0
    outer loop
      vertex 0 44 26.35
      vertex 0 44 27.75
      vertex 1.64632 44 27.6637
    endloop
  endfacet
  facet normal 0 1 0
    outer loop
      vertex 1.49998 44 26.2714
      vertex 1.64632 44 27.6637
      vertex 3.27461 44 27.4058
    endloop
  endfacet
  facet normal 0 1 0
    outer loop
      vertex 0 44 27.75
      vertex 0 44 26.35
      vertex -1.64632 44 27.6637
    endloop
  endfacet
  facet normal 0 1 0
    outer loop
      vertex 2.98353 44 26.0364
      vertex 3.27461 44 27.4058
      vertex 4.86702 44 26.9791
    endloop
  endfacet
  facet normal 0 1 -0
    outer loop
      vertex -1.49998 44 26.2714
      vertex -1.64632 44 27.6637
      vertex 0 44 26.35
    endloop
  endfacet
  facet normal 0 1 0
    outer loop
      vertex 4.43439 44 25.6477
      vertex 4.86702 44 26.9791
      vertex 6.4061 44 26.3883
    endloop
  endfacet
  facet normal 0 1 0
    outer loop
      vertex -1.64632 44 27.6637
      vertex -1.49998 44 26.2714
      vertex -3.27461 44 27.4058
    endloop
  endfacet
  facet normal 0 1 -0
    outer loop
      vertex -2.98353 44 26.0364
      vertex -3.27461 44 27.4058
      vertex -1.49998 44 26.2714
    endloop
  endfacet
  facet normal 0 1 0
    outer loop
      vertex 1.64632 44 27.6637
      vertex 1.49998 44 26.2714
      vertex 0 44 26.35
    endloop
  endfacet
  facet normal 0 1 0
    outer loop
      vertex 3.27461 44 27.4058
      vertex 2.98353 44 26.0364
      vertex 1.49998 44 26.2714
    endloop
  endfacet
  facet normal 0 1 0
    outer loop
      vertex 4.86702 44 26.9791
      vertex 4.43439 44 25.6477
      vertex 2.98353 44 26.0364
    endloop
  endfacet
  facet normal 0 1 0
    outer loop
      vertex 5.83667 44 25.1094
      vertex 6.4061 44 26.3883
      vertex 7.875 44 25.6399
    endloop
  endfacet
  facet normal 0 1 0
    outer loop
      vertex 6.4061 44 26.3883
      vertex 5.83667 44 25.1094
      vertex 4.43439 44 25.6477
    endloop
  endfacet
  facet normal 0 1 0
    outer loop
      vertex 7.175 44 24.4275
      vertex 7.875 44 25.6399
      vertex 9.25762 44 24.742
    endloop
  endfacet
  facet normal 0 1 0
    outer loop
      vertex 7.875 44 25.6399
      vertex 7.175 44 24.4275
      vertex 5.83667 44 25.1094
    endloop
  endfacet
  facet normal 0 1 0
    outer loop
      vertex 8.43472 44 23.6094
      vertex 9.25762 44 24.742
      vertex 10.5388 44 23.7045
    endloop
  endfacet
  facet normal 0 1 0
    outer loop
      vertex 9.25762 44 24.742
      vertex 8.43472 44 23.6094
      vertex 7.175 44 24.4275
    endloop
  endfacet
  facet normal 0 1 0
    outer loop
      vertex 10.5388 44 23.7045
      vertex 9.60202 44 22.6641
      vertex 8.43472 44 23.6094
    endloop
  endfacet
  facet normal 0 1 0
    outer loop
      vertex 11.7045 44 22.5388
      vertex 9.60202 44 22.6641
      vertex 10.5388 44 23.7045
    endloop
  endfacet
  facet normal 0 1 0
    outer loop
      vertex 11.7045 44 22.5388
      vertex 10.6641 44 21.602
      vertex 9.60202 44 22.6641
    endloop
  endfacet
  facet normal 0 1 0
    outer loop
      vertex 12.742 44 21.2576
      vertex 10.6641 44 21.602
      vertex 11.7045 44 22.5388
    endloop
  endfacet
  facet normal 0 1 0
    outer loop
      vertex 12.742 44 21.2576
      vertex 11.6094 44 20.4347
      vertex 10.6641 44 21.602
    endloop
  endfacet
  facet normal 0 1 0
    outer loop
      vertex 13.6399 44 19.875
      vertex 11.6094 44 20.4347
      vertex 12.742 44 21.2576
    endloop
  endfacet
  facet normal 0 1 0
    outer loop
      vertex 13.6399 44 19.875
      vertex 12.4275 44 19.175
      vertex 11.6094 44 20.4347
    endloop
  endfacet
  facet normal 0 1 0
    outer loop
      vertex 14.3883 44 18.4061
      vertex 12.4275 44 19.175
      vertex 13.6399 44 19.875
    endloop
  endfacet
  facet normal 0 1 0
    outer loop
      vertex 14.3883 44 18.4061
      vertex 13.1094 44 17.8367
      vertex 12.4275 44 19.175
    endloop
  endfacet
  facet normal 0 1 0
    outer loop
      vertex 14.9791 44 16.867
      vertex 13.1094 44 17.8367
      vertex 14.3883 44 18.4061
    endloop
  endfacet
  facet normal 0 1 0
    outer loop
      vertex 14.9791 44 16.867
      vertex 13.6477 44 16.4344
      vertex 13.1094 44 17.8367
    endloop
  endfacet
  facet normal 0 1 0
    outer loop
      vertex 15.4058 44 15.2746
      vertex 13.6477 44 16.4344
      vertex 14.9791 44 16.867
    endloop
  endfacet
  facet normal 0 1 0
    outer loop
      vertex 15.4058 44 15.2746
      vertex 14.0364 44 14.9835
      vertex 13.6477 44 16.4344
    endloop
  endfacet
  facet normal 0 1 0
    outer loop
      vertex 15.6637 44 13.6463
      vertex 14.0364 44 14.9835
      vertex 15.4058 44 15.2746
    endloop
  endfacet
  facet normal 0 1 0
    outer loop
      vertex 15.6637 44 13.6463
      vertex 14.2714 44 13.5
      vertex 14.0364 44 14.9835
    endloop
  endfacet
  facet normal 0 1 0
    outer loop
      vertex 15.75 44 12
      vertex 14.2714 44 13.5
      vertex 15.6637 44 13.6463
    endloop
  endfacet
  facet normal 0 1 0
    outer loop
      vertex 15.75 44 12
      vertex 14.35 44 12
      vertex 14.2714 44 13.5
    endloop
  endfacet
  facet normal 0 1 0
    outer loop
      vertex 15.75 44 12
      vertex 14.2714 44 10.5
      vertex 14.35 44 12
    endloop
  endfacet
  facet normal 0 1 -0
    outer loop
      vertex 15.6637 44 10.3537
      vertex 14.2714 44 10.5
      vertex 15.75 44 12
    endloop
  endfacet
  facet normal 0 1 0
    outer loop
      vertex 15.6637 44 10.3537
      vertex 14.0364 44 9.01647
      vertex 14.2714 44 10.5
    endloop
  endfacet
  facet normal 0 1 -0
    outer loop
      vertex 15.4058 44 8.72539
      vertex 14.0364 44 9.01647
      vertex 15.6637 44 10.3537
    endloop
  endfacet
  facet normal 0 1 0
    outer loop
      vertex 15.4058 44 8.72539
      vertex 13.6477 44 7.56561
      vertex 14.0364 44 9.01647
    endloop
  endfacet
  facet normal 0 1 -0
    outer loop
      vertex 14.9791 44 7.13298
      vertex 13.6477 44 7.56561
      vertex 15.4058 44 8.72539
    endloop
  endfacet
  facet normal 0 1 0
    outer loop
      vertex 14.9791 44 7.13298
      vertex 13.1094 44 6.16333
      vertex 13.6477 44 7.56561
    endloop
  endfacet
  facet normal 0 1 -0
    outer loop
      vertex 14.3883 44 5.5939
      vertex 13.1094 44 6.16333
      vertex 14.9791 44 7.13298
    endloop
  endfacet
  facet normal 0 1 0
    outer loop
      vertex 14.3883 44 5.5939
      vertex 12.4275 44 4.825
      vertex 13.1094 44 6.16333
    endloop
  endfacet
  facet normal 0 1 -0
    outer loop
      vertex 13.6399 44 4.125
      vertex 12.4275 44 4.825
      vertex 14.3883 44 5.5939
    endloop
  endfacet
  facet normal 0 1 0
    outer loop
      vertex 13.6399 44 4.125
      vertex 11.6094 44 3.56528
      vertex 12.4275 44 4.825
    endloop
  endfacet
  facet normal 0 1 -0
    outer loop
      vertex 12.742 44 2.74238
      vertex 11.6094 44 3.56528
      vertex 13.6399 44 4.125
    endloop
  endfacet
  facet normal 0 1 0
    outer loop
      vertex 12.742 44 2.74238
      vertex 10.6641 44 2.39798
      vertex 11.6094 44 3.56528
    endloop
  endfacet
  facet normal 0 1 -0
    outer loop
      vertex 11.7045 44 1.46119
      vertex 10.6641 44 2.39798
      vertex 12.742 44 2.74238
    endloop
  endfacet
  facet normal 0 1 0
    outer loop
      vertex 11.7045 44 1.46119
      vertex 9.60202 44 1.33587
      vertex 10.6641 44 2.39798
    endloop
  endfacet
  facet normal 0 1 -0
    outer loop
      vertex 10.5388 44 0.295469
      vertex 9.60202 44 1.33587
      vertex 11.7045 44 1.46119
    endloop
  endfacet
  facet normal 0 1 0
    outer loop
      vertex 9.60202 44 1.33587
      vertex 10.5388 44 0.295469
      vertex 8.43472 44 0.390607
    endloop
  endfacet
  facet normal 0 1 -0
    outer loop
      vertex 9.25762 44 -0.742017
      vertex 8.43472 44 0.390607
      vertex 10.5388 44 0.295469
    endloop
  endfacet
  facet normal 0 1 0
    outer loop
      vertex 8.43472 44 0.390607
      vertex 9.25762 44 -0.742017
      vertex 7.175 44 -0.427464
    endloop
  endfacet
  facet normal 0 1 -0
    outer loop
      vertex 7.875 44 -1.6399
      vertex 7.175 44 -0.427464
      vertex 9.25762 44 -0.742017
    endloop
  endfacet
  facet normal 0 1 0
    outer loop
      vertex 7.175 44 -0.427464
      vertex 7.875 44 -1.6399
      vertex 5.83667 44 -1.10938
    endloop
  endfacet
  facet normal 0 1 -0
    outer loop
      vertex 6.4061 44 -2.38834
      vertex 5.83667 44 -1.10938
      vertex 7.875 44 -1.6399
    endloop
  endfacet
  facet normal 0 1 0
    outer loop
      vertex 5.83667 44 -1.10938
      vertex 6.4061 44 -2.38834
      vertex 4.43439 44 -1.64766
    endloop
  endfacet
  facet normal 0 1 -0
    outer loop
      vertex 4.86702 44 -2.97914
      vertex 4.43439 44 -1.64766
      vertex 6.4061 44 -2.38834
    endloop
  endfacet
  facet normal 0 1 -0
    outer loop
      vertex 3.27461 44 -3.40582
      vertex 2.98353 44 -2.03642
      vertex 4.86702 44 -2.97914
    endloop
  endfacet
  facet normal 0 1 0
    outer loop
      vertex 4.43439 44 -1.64766
      vertex 4.86702 44 -2.97914
      vertex 2.98353 44 -2.03642
    endloop
  endfacet
  facet normal 0 1 0
    outer loop
      vertex -3.27461 44 27.4058
      vertex -2.98353 44 26.0364
      vertex -4.86702 44 26.9791
    endloop
  endfacet
  facet normal 0 1 -0
    outer loop
      vertex -4.43439 44 25.6477
      vertex -4.86702 44 26.9791
      vertex -2.98353 44 26.0364
    endloop
  endfacet
  facet normal 0 1 0
    outer loop
      vertex -4.86702 44 26.9791
      vertex -4.43439 44 25.6477
      vertex -6.4061 44 26.3883
    endloop
  endfacet
  facet normal 0 1 -0
    outer loop
      vertex -5.83667 44 25.1094
      vertex -6.4061 44 26.3883
      vertex -4.43439 44 25.6477
    endloop
  endfacet
  facet normal 0 1 0
    outer loop
      vertex -6.4061 44 26.3883
      vertex -5.83667 44 25.1094
      vertex -7.875 44 25.6399
    endloop
  endfacet
  facet normal 0 1 -0
    outer loop
      vertex -7.175 44 24.4275
      vertex -7.875 44 25.6399
      vertex -5.83667 44 25.1094
    endloop
  endfacet
  facet normal 0 1 0
    outer loop
      vertex -7.875 44 25.6399
      vertex -7.175 44 24.4275
      vertex -9.25762 44 24.742
    endloop
  endfacet
  facet normal 0 1 -0
    outer loop
      vertex -8.43472 44 23.6094
      vertex -9.25762 44 24.742
      vertex -7.175 44 24.4275
    endloop
  endfacet
  facet normal 0 1 0
    outer loop
      vertex -9.25762 44 24.742
      vertex -8.43472 44 23.6094
      vertex -10.5388 44 23.7045
    endloop
  endfacet
  facet normal 0 1 -0
    outer loop
      vertex -9.60202 44 22.6641
      vertex -10.5388 44 23.7045
      vertex -8.43472 44 23.6094
    endloop
  endfacet
  facet normal 0 1 0
    outer loop
      vertex -9.60202 44 22.6641
      vertex -11.7045 44 22.5388
      vertex -10.5388 44 23.7045
    endloop
  endfacet
  facet normal 0 1 -0
    outer loop
      vertex -10.6641 44 21.602
      vertex -11.7045 44 22.5388
      vertex -9.60202 44 22.6641
    endloop
  endfacet
  facet normal 0 1 0
    outer loop
      vertex -10.6641 44 21.602
      vertex -12.742 44 21.2576
      vertex -11.7045 44 22.5388
    endloop
  endfacet
  facet normal 0 1 -0
    outer loop
      vertex -11.6094 44 20.4347
      vertex -12.742 44 21.2576
      vertex -10.6641 44 21.602
    endloop
  endfacet
  facet normal 0 1 0
    outer loop
      vertex -11.6094 44 20.4347
      vertex -13.6399 44 19.875
      vertex -12.742 44 21.2576
    endloop
  endfacet
  facet normal 0 1 -0
    outer loop
      vertex -12.4275 44 19.175
      vertex -13.6399 44 19.875
      vertex -11.6094 44 20.4347
    endloop
  endfacet
  facet normal 0 1 0
    outer loop
      vertex -12.4275 44 19.175
      vertex -14.3883 44 18.4061
      vertex -13.6399 44 19.875
    endloop
  endfacet
  facet normal 0 1 -0
    outer loop
      vertex -13.1094 44 17.8367
      vertex -14.3883 44 18.4061
      vertex -12.4275 44 19.175
    endloop
  endfacet
  facet normal 0 1 0
    outer loop
      vertex -13.1094 44 17.8367
      vertex -14.9791 44 16.867
      vertex -14.3883 44 18.4061
    endloop
  endfacet
  facet normal 0 1 -0
    outer loop
      vertex -13.6477 44 16.4344
      vertex -14.9791 44 16.867
      vertex -13.1094 44 17.8367
    endloop
  endfacet
  facet normal 0 1 0
    outer loop
      vertex -13.6477 44 16.4344
      vertex -15.4058 44 15.2746
      vertex -14.9791 44 16.867
    endloop
  endfacet
  facet normal 0 1 -0
    outer loop
      vertex -14.0364 44 14.9835
      vertex -15.4058 44 15.2746
      vertex -13.6477 44 16.4344
    endloop
  endfacet
  facet normal 0 1 0
    outer loop
      vertex -14.0364 44 14.9835
      vertex -15.6637 44 13.6463
      vertex -15.4058 44 15.2746
    endloop
  endfacet
  facet normal 0 1 -0
    outer loop
      vertex -14.2714 44 13.5
      vertex -15.6637 44 13.6463
      vertex -14.0364 44 14.9835
    endloop
  endfacet
  facet normal 0 1 -0
    outer loop
      vertex -14.35 44 12
      vertex -15.6637 44 13.6463
      vertex -14.2714 44 13.5
    endloop
  endfacet
  facet normal 0 1 0
    outer loop
      vertex -14.35 44 12
      vertex -15.75 44 12
      vertex -15.6637 44 13.6463
    endloop
  endfacet
  facet normal 0 1 0
    outer loop
      vertex -14.2714 44 10.5
      vertex -15.75 44 12
      vertex -14.35 44 12
    endloop
  endfacet
  facet normal 0 1 0
    outer loop
      vertex -14.2714 44 10.5
      vertex -15.6637 44 10.3537
      vertex -15.75 44 12
    endloop
  endfacet
  facet normal 0 1 0
    outer loop
      vertex -14.0364 44 9.01647
      vertex -15.6637 44 10.3537
      vertex -14.2714 44 10.5
    endloop
  endfacet
  facet normal 0 1 0
    outer loop
      vertex -14.0364 44 9.01647
      vertex -15.4058 44 8.72539
      vertex -15.6637 44 10.3537
    endloop
  endfacet
  facet normal 0 1 0
    outer loop
      vertex -13.6477 44 7.56561
      vertex -15.4058 44 8.72539
      vertex -14.0364 44 9.01647
    endloop
  endfacet
  facet normal 0 1 0
    outer loop
      vertex -13.6477 44 7.56561
      vertex -14.9791 44 7.13298
      vertex -15.4058 44 8.72539
    endloop
  endfacet
  facet normal 0 1 0
    outer loop
      vertex -13.1094 44 6.16333
      vertex -14.9791 44 7.13298
      vertex -13.6477 44 7.56561
    endloop
  endfacet
  facet normal 0 1 0
    outer loop
      vertex -13.1094 44 6.16333
      vertex -14.3883 44 5.5939
      vertex -14.9791 44 7.13298
    endloop
  endfacet
  facet normal 0 1 0
    outer loop
      vertex -12.4275 44 4.825
      vertex -14.3883 44 5.5939
      vertex -13.1094 44 6.16333
    endloop
  endfacet
  facet normal 0 1 0
    outer loop
      vertex -12.4275 44 4.825
      vertex -13.6399 44 4.125
      vertex -14.3883 44 5.5939
    endloop
  endfacet
  facet normal 0 1 0
    outer loop
      vertex -11.6094 44 3.56528
      vertex -13.6399 44 4.125
      vertex -12.4275 44 4.825
    endloop
  endfacet
  facet normal 0 1 0
    outer loop
      vertex -11.6094 44 3.56528
      vertex -12.742 44 2.74238
      vertex -13.6399 44 4.125
    endloop
  endfacet
  facet normal 0 1 0
    outer loop
      vertex -10.6641 44 2.39798
      vertex -12.742 44 2.74238
      vertex -11.6094 44 3.56528
    endloop
  endfacet
  facet normal 0 1 0
    outer loop
      vertex -10.6641 44 2.39798
      vertex -11.7045 44 1.46119
      vertex -12.742 44 2.74238
    endloop
  endfacet
  facet normal 0 1 0
    outer loop
      vertex -9.60202 44 1.33587
      vertex -11.7045 44 1.46119
      vertex -10.6641 44 2.39798
    endloop
  endfacet
  facet normal 0 1 0
    outer loop
      vertex -10.5388 44 0.295469
      vertex -9.60202 44 1.33587
      vertex -8.43472 44 0.390607
    endloop
  endfacet
  facet normal 0 1 0
    outer loop
      vertex -9.60202 44 1.33587
      vertex -10.5388 44 0.295469
      vertex -11.7045 44 1.46119
    endloop
  endfacet
  facet normal 0 1 0
    outer loop
      vertex -9.25762 44 -0.742017
      vertex -8.43472 44 0.390607
      vertex -7.175 44 -0.427464
    endloop
  endfacet
  facet normal 0 1 0
    outer loop
      vertex -8.43472 44 0.390607
      vertex -9.25762 44 -0.742017
      vertex -10.5388 44 0.295469
    endloop
  endfacet
  facet normal 0 1 0
    outer loop
      vertex -7.875 44 -1.6399
      vertex -7.175 44 -0.427464
      vertex -5.83667 44 -1.10938
    endloop
  endfacet
  facet normal 0 1 0
    outer loop
      vertex -7.175 44 -0.427464
      vertex -7.875 44 -1.6399
      vertex -9.25762 44 -0.742017
    endloop
  endfacet
  facet normal 0 1 0
    outer loop
      vertex -6.4061 44 -2.38834
      vertex -5.83667 44 -1.10938
      vertex -4.43439 44 -1.64766
    endloop
  endfacet
  facet normal 0 1 0
    outer loop
      vertex -4.86702 44 -2.97914
      vertex -4.43439 44 -1.64766
      vertex -2.98353 44 -2.03642
    endloop
  endfacet
  facet normal 0 1 0
    outer loop
      vertex -3.27461 44 -3.40582
      vertex -2.98353 44 -2.03642
      vertex -1.49998 44 -2.27139
    endloop
  endfacet
  facet normal 0 1 0
    outer loop
      vertex -5.83667 44 -1.10938
      vertex -6.4061 44 -2.38834
      vertex -7.875 44 -1.6399
    endloop
  endfacet
  facet normal 0 1 0
    outer loop
      vertex -1.64632 44 -3.66372
      vertex -1.49998 44 -2.27139
      vertex 0 44 -2.35
    endloop
  endfacet
  facet normal 0 1 0
    outer loop
      vertex 2.98353 44 -2.03642
      vertex 3.27461 44 -3.40582
      vertex 1.49998 44 -2.27139
    endloop
  endfacet
  facet normal 0 1 -0
    outer loop
      vertex 1.64632 44 -3.66372
      vertex 1.49998 44 -2.27139
      vertex 3.27461 44 -3.40582
    endloop
  endfacet
  facet normal 0 1 0
    outer loop
      vertex -4.43439 44 -1.64766
      vertex -4.86702 44 -2.97914
      vertex -6.4061 44 -2.38834
    endloop
  endfacet
  facet normal 0 1 0
    outer loop
      vertex 1.49998 44 -2.27139
      vertex 1.64632 44 -3.66372
      vertex 0 44 -2.35
    endloop
  endfacet
  facet normal 0 1 0
    outer loop
      vertex -2.98353 44 -2.03642
      vertex -3.27461 44 -3.40582
      vertex -4.86702 44 -2.97914
    endloop
  endfacet
  facet normal 0 1 0
    outer loop
      vertex 0 44 -3.75
      vertex 0 44 -2.35
      vertex 1.64632 44 -3.66372
    endloop
  endfacet
  facet normal 0 1 0
    outer loop
      vertex -1.49998 44 -2.27139
      vertex -1.64632 44 -3.66372
      vertex -3.27461 44 -3.40582
    endloop
  endfacet
  facet normal 0 1 0
    outer loop
      vertex 0 44 -2.35
      vertex 0 44 -3.75
      vertex -1.64632 44 -3.66372
    endloop
  endfacet
  facet normal 0 -1 0
    outer loop
      vertex 0 46.8 26.35
      vertex 0 46.8 27.75
      vertex -1.64632 46.8 27.6637
    endloop
  endfacet
  facet normal 0 -1 0
    outer loop
      vertex -1.49998 46.8 26.2714
      vertex -1.64632 46.8 27.6637
      vertex -3.27461 46.8 27.4058
    endloop
  endfacet
  facet normal 0 -1 0
    outer loop
      vertex 0 46.8 27.75
      vertex 0 46.8 26.35
      vertex 1.64632 46.8 27.6637
    endloop
  endfacet
  facet normal 0 -1 0
    outer loop
      vertex -2.98353 46.8 26.0364
      vertex -3.27461 46.8 27.4058
      vertex -4.86702 46.8 26.9791
    endloop
  endfacet
  facet normal 0 -1 0
    outer loop
      vertex 1.49998 46.8 26.2714
      vertex 1.64632 46.8 27.6637
      vertex 0 46.8 26.35
    endloop
  endfacet
  facet normal 0 -1 0
    outer loop
      vertex -4.43439 46.8 25.6477
      vertex -4.86702 46.8 26.9791
      vertex -6.4061 46.8 26.3883
    endloop
  endfacet
  facet normal 0 -1 -0
    outer loop
      vertex 1.64632 46.8 27.6637
      vertex 1.49998 46.8 26.2714
      vertex 3.27461 46.8 27.4058
    endloop
  endfacet
  facet normal 0 -1 0
    outer loop
      vertex 2.98353 46.8 26.0364
      vertex 3.27461 46.8 27.4058
      vertex 1.49998 46.8 26.2714
    endloop
  endfacet
  facet normal 0 -1 0
    outer loop
      vertex -1.64632 46.8 27.6637
      vertex -1.49998 46.8 26.2714
      vertex 0 46.8 26.35
    endloop
  endfacet
  facet normal 0 -1 0
    outer loop
      vertex -3.27461 46.8 27.4058
      vertex -2.98353 46.8 26.0364
      vertex -1.49998 46.8 26.2714
    endloop
  endfacet
  facet normal 0 -1 0
    outer loop
      vertex -4.86702 46.8 26.9791
      vertex -4.43439 46.8 25.6477
      vertex -2.98353 46.8 26.0364
    endloop
  endfacet
  facet normal 0 -1 0
    outer loop
      vertex -5.83667 46.8 25.1094
      vertex -6.4061 46.8 26.3883
      vertex -7.875 46.8 25.6399
    endloop
  endfacet
  facet normal 0 -1 0
    outer loop
      vertex -6.4061 46.8 26.3883
      vertex -5.83667 46.8 25.1094
      vertex -4.43439 46.8 25.6477
    endloop
  endfacet
  facet normal 0 -1 0
    outer loop
      vertex -7.175 46.8 24.4275
      vertex -7.875 46.8 25.6399
      vertex -9.25762 46.8 24.742
    endloop
  endfacet
  facet normal 0 -1 0
    outer loop
      vertex -7.875 46.8 25.6399
      vertex -7.175 46.8 24.4275
      vertex -5.83667 46.8 25.1094
    endloop
  endfacet
  facet normal 0 -1 0
    outer loop
      vertex -8.43472 46.8 23.6094
      vertex -9.25762 46.8 24.742
      vertex -10.5388 46.8 23.7045
    endloop
  endfacet
  facet normal 0 -1 0
    outer loop
      vertex -9.25762 46.8 24.742
      vertex -8.43472 46.8 23.6094
      vertex -7.175 46.8 24.4275
    endloop
  endfacet
  facet normal 0 -1 0
    outer loop
      vertex -10.5388 46.8 23.7045
      vertex -9.60202 46.8 22.6641
      vertex -8.43472 46.8 23.6094
    endloop
  endfacet
  facet normal 0 -1 0
    outer loop
      vertex -11.7045 46.8 22.5388
      vertex -9.60202 46.8 22.6641
      vertex -10.5388 46.8 23.7045
    endloop
  endfacet
  facet normal 0 -1 0
    outer loop
      vertex -11.7045 46.8 22.5388
      vertex -10.6641 46.8 21.602
      vertex -9.60202 46.8 22.6641
    endloop
  endfacet
  facet normal 0 -1 0
    outer loop
      vertex -12.742 46.8 21.2576
      vertex -10.6641 46.8 21.602
      vertex -11.7045 46.8 22.5388
    endloop
  endfacet
  facet normal 0 -1 0
    outer loop
      vertex -12.742 46.8 21.2576
      vertex -11.6094 46.8 20.4347
      vertex -10.6641 46.8 21.602
    endloop
  endfacet
  facet normal 0 -1 0
    outer loop
      vertex -13.6399 46.8 19.875
      vertex -11.6094 46.8 20.4347
      vertex -12.742 46.8 21.2576
    endloop
  endfacet
  facet normal 0 -1 0
    outer loop
      vertex -13.6399 46.8 19.875
      vertex -12.4275 46.8 19.175
      vertex -11.6094 46.8 20.4347
    endloop
  endfacet
  facet normal 0 -1 0
    outer loop
      vertex -14.3883 46.8 18.4061
      vertex -12.4275 46.8 19.175
      vertex -13.6399 46.8 19.875
    endloop
  endfacet
  facet normal 0 -1 0
    outer loop
      vertex -14.3883 46.8 18.4061
      vertex -13.1094 46.8 17.8367
      vertex -12.4275 46.8 19.175
    endloop
  endfacet
  facet normal 0 -1 0
    outer loop
      vertex -14.9791 46.8 16.867
      vertex -13.1094 46.8 17.8367
      vertex -14.3883 46.8 18.4061
    endloop
  endfacet
  facet normal 0 -1 0
    outer loop
      vertex -14.9791 46.8 16.867
      vertex -13.6477 46.8 16.4344
      vertex -13.1094 46.8 17.8367
    endloop
  endfacet
  facet normal 0 -1 0
    outer loop
      vertex -15.4058 46.8 15.2746
      vertex -13.6477 46.8 16.4344
      vertex -14.9791 46.8 16.867
    endloop
  endfacet
  facet normal 0 -1 0
    outer loop
      vertex -15.4058 46.8 15.2746
      vertex -14.0364 46.8 14.9835
      vertex -13.6477 46.8 16.4344
    endloop
  endfacet
  facet normal 0 -1 0
    outer loop
      vertex -15.6637 46.8 13.6463
      vertex -14.0364 46.8 14.9835
      vertex -15.4058 46.8 15.2746
    endloop
  endfacet
  facet normal 0 -1 0
    outer loop
      vertex -15.6637 46.8 13.6463
      vertex -14.2714 46.8 13.5
      vertex -14.0364 46.8 14.9835
    endloop
  endfacet
  facet normal 0 -1 0
    outer loop
      vertex -15.75 46.8 12
      vertex -14.2714 46.8 13.5
      vertex -15.6637 46.8 13.6463
    endloop
  endfacet
  facet normal 0 -1 0
    outer loop
      vertex -15.75 46.8 12
      vertex -14.35 46.8 12
      vertex -14.2714 46.8 13.5
    endloop
  endfacet
  facet normal 0 -1 0
    outer loop
      vertex -15.75 46.8 12
      vertex -14.2714 46.8 10.5
      vertex -14.35 46.8 12
    endloop
  endfacet
  facet normal 0 -1 0
    outer loop
      vertex -15.6637 46.8 10.3537
      vertex -14.2714 46.8 10.5
      vertex -15.75 46.8 12
    endloop
  endfacet
  facet normal 0 -1 0
    outer loop
      vertex -15.6637 46.8 10.3537
      vertex -14.0364 46.8 9.01647
      vertex -14.2714 46.8 10.5
    endloop
  endfacet
  facet normal 0 -1 0
    outer loop
      vertex -15.4058 46.8 8.72539
      vertex -14.0364 46.8 9.01647
      vertex -15.6637 46.8 10.3537
    endloop
  endfacet
  facet normal 0 -1 0
    outer loop
      vertex -15.4058 46.8 8.72539
      vertex -13.6477 46.8 7.56561
      vertex -14.0364 46.8 9.01647
    endloop
  endfacet
  facet normal 0 -1 0
    outer loop
      vertex -14.9791 46.8 7.13298
      vertex -13.6477 46.8 7.56561
      vertex -15.4058 46.8 8.72539
    endloop
  endfacet
  facet normal 0 -1 0
    outer loop
      vertex -14.9791 46.8 7.13298
      vertex -13.1094 46.8 6.16333
      vertex -13.6477 46.8 7.56561
    endloop
  endfacet
  facet normal 0 -1 0
    outer loop
      vertex -14.3883 46.8 5.5939
      vertex -13.1094 46.8 6.16333
      vertex -14.9791 46.8 7.13298
    endloop
  endfacet
  facet normal 0 -1 0
    outer loop
      vertex -14.3883 46.8 5.5939
      vertex -12.4275 46.8 4.825
      vertex -13.1094 46.8 6.16333
    endloop
  endfacet
  facet normal 0 -1 0
    outer loop
      vertex -13.6399 46.8 4.125
      vertex -12.4275 46.8 4.825
      vertex -14.3883 46.8 5.5939
    endloop
  endfacet
  facet normal 0 -1 0
    outer loop
      vertex -13.6399 46.8 4.125
      vertex -11.6094 46.8 3.56528
      vertex -12.4275 46.8 4.825
    endloop
  endfacet
  facet normal 0 -1 0
    outer loop
      vertex -12.742 46.8 2.74238
      vertex -11.6094 46.8 3.56528
      vertex -13.6399 46.8 4.125
    endloop
  endfacet
  facet normal 0 -1 0
    outer loop
      vertex -12.742 46.8 2.74238
      vertex -10.6641 46.8 2.39798
      vertex -11.6094 46.8 3.56528
    endloop
  endfacet
  facet normal 0 -1 0
    outer loop
      vertex -11.7045 46.8 1.46119
      vertex -10.6641 46.8 2.39798
      vertex -12.742 46.8 2.74238
    endloop
  endfacet
  facet normal 0 -1 0
    outer loop
      vertex -11.7045 46.8 1.46119
      vertex -9.60202 46.8 1.33587
      vertex -10.6641 46.8 2.39798
    endloop
  endfacet
  facet normal 0 -1 0
    outer loop
      vertex -10.5388 46.8 0.295469
      vertex -9.60202 46.8 1.33587
      vertex -11.7045 46.8 1.46119
    endloop
  endfacet
  facet normal 0 -1 -0
    outer loop
      vertex -9.60202 46.8 1.33587
      vertex -10.5388 46.8 0.295469
      vertex -8.43472 46.8 0.390607
    endloop
  endfacet
  facet normal 0 -1 0
    outer loop
      vertex -9.25762 46.8 -0.742017
      vertex -8.43472 46.8 0.390607
      vertex -10.5388 46.8 0.295469
    endloop
  endfacet
  facet normal 0 -1 -0
    outer loop
      vertex -8.43472 46.8 0.390607
      vertex -9.25762 46.8 -0.742017
      vertex -7.175 46.8 -0.427464
    endloop
  endfacet
  facet normal 0 -1 0
    outer loop
      vertex -7.875 46.8 -1.6399
      vertex -7.175 46.8 -0.427464
      vertex -9.25762 46.8 -0.742017
    endloop
  endfacet
  facet normal 0 -1 -0
    outer loop
      vertex -7.175 46.8 -0.427464
      vertex -7.875 46.8 -1.6399
      vertex -5.83667 46.8 -1.10938
    endloop
  endfacet
  facet normal 0 -1 0
    outer loop
      vertex -6.4061 46.8 -2.38834
      vertex -5.83667 46.8 -1.10938
      vertex -7.875 46.8 -1.6399
    endloop
  endfacet
  facet normal 0 -1 -0
    outer loop
      vertex -5.83667 46.8 -1.10938
      vertex -6.4061 46.8 -2.38834
      vertex -4.43439 46.8 -1.64766
    endloop
  endfacet
  facet normal 0 -1 0
    outer loop
      vertex -4.86702 46.8 -2.97914
      vertex -4.43439 46.8 -1.64766
      vertex -6.4061 46.8 -2.38834
    endloop
  endfacet
  facet normal 0 -1 0
    outer loop
      vertex -3.27461 46.8 -3.40582
      vertex -2.98353 46.8 -2.03642
      vertex -4.86702 46.8 -2.97914
    endloop
  endfacet
  facet normal 0 -1 -0
    outer loop
      vertex -4.43439 46.8 -1.64766
      vertex -4.86702 46.8 -2.97914
      vertex -2.98353 46.8 -2.03642
    endloop
  endfacet
  facet normal 0 -1 -0
    outer loop
      vertex 3.27461 46.8 27.4058
      vertex 2.98353 46.8 26.0364
      vertex 4.86702 46.8 26.9791
    endloop
  endfacet
  facet normal 0 -1 0
    outer loop
      vertex 4.43439 46.8 25.6477
      vertex 4.86702 46.8 26.9791
      vertex 2.98353 46.8 26.0364
    endloop
  endfacet
  facet normal 0 -1 -0
    outer loop
      vertex 4.86702 46.8 26.9791
      vertex 4.43439 46.8 25.6477
      vertex 6.4061 46.8 26.3883
    endloop
  endfacet
  facet normal 0 -1 0
    outer loop
      vertex 5.83667 46.8 25.1094
      vertex 6.4061 46.8 26.3883
      vertex 4.43439 46.8 25.6477
    endloop
  endfacet
  facet normal 0 -1 -0
    outer loop
      vertex 6.4061 46.8 26.3883
      vertex 5.83667 46.8 25.1094
      vertex 7.875 46.8 25.6399
    endloop
  endfacet
  facet normal 0 -1 0
    outer loop
      vertex 7.175 46.8 24.4275
      vertex 7.875 46.8 25.6399
      vertex 5.83667 46.8 25.1094
    endloop
  endfacet
  facet normal 0 -1 -0
    outer loop
      vertex 7.875 46.8 25.6399
      vertex 7.175 46.8 24.4275
      vertex 9.25762 46.8 24.742
    endloop
  endfacet
  facet normal 0 -1 0
    outer loop
      vertex 8.43472 46.8 23.6094
      vertex 9.25762 46.8 24.742
      vertex 7.175 46.8 24.4275
    endloop
  endfacet
  facet normal 0 -1 -0
    outer loop
      vertex 9.25762 46.8 24.742
      vertex 8.43472 46.8 23.6094
      vertex 10.5388 46.8 23.7045
    endloop
  endfacet
  facet normal 0 -1 0
    outer loop
      vertex 9.60202 46.8 22.6641
      vertex 10.5388 46.8 23.7045
      vertex 8.43472 46.8 23.6094
    endloop
  endfacet
  facet normal 0 -1 0
    outer loop
      vertex 9.60202 46.8 22.6641
      vertex 11.7045 46.8 22.5388
      vertex 10.5388 46.8 23.7045
    endloop
  endfacet
  facet normal 0 -1 0
    outer loop
      vertex 10.6641 46.8 21.602
      vertex 11.7045 46.8 22.5388
      vertex 9.60202 46.8 22.6641
    endloop
  endfacet
  facet normal 0 -1 0
    outer loop
      vertex 10.6641 46.8 21.602
      vertex 12.742 46.8 21.2576
      vertex 11.7045 46.8 22.5388
    endloop
  endfacet
  facet normal 0 -1 0
    outer loop
      vertex 11.6094 46.8 20.4347
      vertex 12.742 46.8 21.2576
      vertex 10.6641 46.8 21.602
    endloop
  endfacet
  facet normal 0 -1 0
    outer loop
      vertex 11.6094 46.8 20.4347
      vertex 13.6399 46.8 19.875
      vertex 12.742 46.8 21.2576
    endloop
  endfacet
  facet normal 0 -1 0
    outer loop
      vertex 12.4275 46.8 19.175
      vertex 13.6399 46.8 19.875
      vertex 11.6094 46.8 20.4347
    endloop
  endfacet
  facet normal 0 -1 0
    outer loop
      vertex 12.4275 46.8 19.175
      vertex 14.3883 46.8 18.4061
      vertex 13.6399 46.8 19.875
    endloop
  endfacet
  facet normal 0 -1 0
    outer loop
      vertex 13.1094 46.8 17.8367
      vertex 14.3883 46.8 18.4061
      vertex 12.4275 46.8 19.175
    endloop
  endfacet
  facet normal 0 -1 0
    outer loop
      vertex 13.1094 46.8 17.8367
      vertex 14.9791 46.8 16.867
      vertex 14.3883 46.8 18.4061
    endloop
  endfacet
  facet normal 0 -1 0
    outer loop
      vertex 13.6477 46.8 16.4344
      vertex 14.9791 46.8 16.867
      vertex 13.1094 46.8 17.8367
    endloop
  endfacet
  facet normal 0 -1 0
    outer loop
      vertex 13.6477 46.8 16.4344
      vertex 15.4058 46.8 15.2746
      vertex 14.9791 46.8 16.867
    endloop
  endfacet
  facet normal 0 -1 0
    outer loop
      vertex 14.0364 46.8 14.9835
      vertex 15.4058 46.8 15.2746
      vertex 13.6477 46.8 16.4344
    endloop
  endfacet
  facet normal 0 -1 0
    outer loop
      vertex 14.0364 46.8 14.9835
      vertex 15.6637 46.8 13.6463
      vertex 15.4058 46.8 15.2746
    endloop
  endfacet
  facet normal 0 -1 0
    outer loop
      vertex 14.2714 46.8 13.5
      vertex 15.6637 46.8 13.6463
      vertex 14.0364 46.8 14.9835
    endloop
  endfacet
  facet normal 0 -1 0
    outer loop
      vertex 14.35 46.8 12
      vertex 15.6637 46.8 13.6463
      vertex 14.2714 46.8 13.5
    endloop
  endfacet
  facet normal 0 -1 0
    outer loop
      vertex 14.35 46.8 12
      vertex 15.75 46.8 12
      vertex 15.6637 46.8 13.6463
    endloop
  endfacet
  facet normal 0 -1 0
    outer loop
      vertex 14.2714 46.8 10.5
      vertex 15.75 46.8 12
      vertex 14.35 46.8 12
    endloop
  endfacet
  facet normal 0 -1 0
    outer loop
      vertex 14.2714 46.8 10.5
      vertex 15.6637 46.8 10.3537
      vertex 15.75 46.8 12
    endloop
  endfacet
  facet normal 0 -1 0
    outer loop
      vertex 14.0364 46.8 9.01647
      vertex 15.6637 46.8 10.3537
      vertex 14.2714 46.8 10.5
    endloop
  endfacet
  facet normal 0 -1 0
    outer loop
      vertex 14.0364 46.8 9.01647
      vertex 15.4058 46.8 8.72539
      vertex 15.6637 46.8 10.3537
    endloop
  endfacet
  facet normal 0 -1 0
    outer loop
      vertex 13.6477 46.8 7.56561
      vertex 15.4058 46.8 8.72539
      vertex 14.0364 46.8 9.01647
    endloop
  endfacet
  facet normal 0 -1 0
    outer loop
      vertex 13.6477 46.8 7.56561
      vertex 14.9791 46.8 7.13298
      vertex 15.4058 46.8 8.72539
    endloop
  endfacet
  facet normal 0 -1 0
    outer loop
      vertex 13.1094 46.8 6.16333
      vertex 14.9791 46.8 7.13298
      vertex 13.6477 46.8 7.56561
    endloop
  endfacet
  facet normal 0 -1 0
    outer loop
      vertex 13.1094 46.8 6.16333
      vertex 14.3883 46.8 5.5939
      vertex 14.9791 46.8 7.13298
    endloop
  endfacet
  facet normal 0 -1 0
    outer loop
      vertex 12.4275 46.8 4.825
      vertex 14.3883 46.8 5.5939
      vertex 13.1094 46.8 6.16333
    endloop
  endfacet
  facet normal 0 -1 0
    outer loop
      vertex 12.4275 46.8 4.825
      vertex 13.6399 46.8 4.125
      vertex 14.3883 46.8 5.5939
    endloop
  endfacet
  facet normal 0 -1 0
    outer loop
      vertex 11.6094 46.8 3.56528
      vertex 13.6399 46.8 4.125
      vertex 12.4275 46.8 4.825
    endloop
  endfacet
  facet normal 0 -1 0
    outer loop
      vertex 11.6094 46.8 3.56528
      vertex 12.742 46.8 2.74238
      vertex 13.6399 46.8 4.125
    endloop
  endfacet
  facet normal 0 -1 0
    outer loop
      vertex 10.6641 46.8 2.39798
      vertex 12.742 46.8 2.74238
      vertex 11.6094 46.8 3.56528
    endloop
  endfacet
  facet normal 0 -1 0
    outer loop
      vertex 10.6641 46.8 2.39798
      vertex 11.7045 46.8 1.46119
      vertex 12.742 46.8 2.74238
    endloop
  endfacet
  facet normal 0 -1 0
    outer loop
      vertex 9.60202 46.8 1.33587
      vertex 11.7045 46.8 1.46119
      vertex 10.6641 46.8 2.39798
    endloop
  endfacet
  facet normal 0 -1 0
    outer loop
      vertex 10.5388 46.8 0.295469
      vertex 9.60202 46.8 1.33587
      vertex 8.43472 46.8 0.390607
    endloop
  endfacet
  facet normal 0 -1 0
    outer loop
      vertex 9.60202 46.8 1.33587
      vertex 10.5388 46.8 0.295469
      vertex 11.7045 46.8 1.46119
    endloop
  endfacet
  facet normal 0 -1 0
    outer loop
      vertex 9.25762 46.8 -0.742017
      vertex 8.43472 46.8 0.390607
      vertex 7.175 46.8 -0.427464
    endloop
  endfacet
  facet normal 0 -1 0
    outer loop
      vertex 8.43472 46.8 0.390607
      vertex 9.25762 46.8 -0.742017
      vertex 10.5388 46.8 0.295469
    endloop
  endfacet
  facet normal 0 -1 0
    outer loop
      vertex 7.875 46.8 -1.6399
      vertex 7.175 46.8 -0.427464
      vertex 5.83667 46.8 -1.10938
    endloop
  endfacet
  facet normal 0 -1 0
    outer loop
      vertex 7.175 46.8 -0.427464
      vertex 7.875 46.8 -1.6399
      vertex 9.25762 46.8 -0.742017
    endloop
  endfacet
  facet normal 0 -1 0
    outer loop
      vertex 6.4061 46.8 -2.38834
      vertex 5.83667 46.8 -1.10938
      vertex 4.43439 46.8 -1.64766
    endloop
  endfacet
  facet normal 0 -1 0
    outer loop
      vertex 4.86702 46.8 -2.97914
      vertex 4.43439 46.8 -1.64766
      vertex 2.98353 46.8 -2.03642
    endloop
  endfacet
  facet normal 0 -1 0
    outer loop
      vertex 3.27461 46.8 -3.40582
      vertex 2.98353 46.8 -2.03642
      vertex 1.49998 46.8 -2.27139
    endloop
  endfacet
  facet normal 0 -1 0
    outer loop
      vertex 5.83667 46.8 -1.10938
      vertex 6.4061 46.8 -2.38834
      vertex 7.875 46.8 -1.6399
    endloop
  endfacet
  facet normal 0 -1 0
    outer loop
      vertex 1.64632 46.8 -3.66372
      vertex 1.49998 46.8 -2.27139
      vertex 0 46.8 -2.35
    endloop
  endfacet
  facet normal 0 -1 -0
    outer loop
      vertex -2.98353 46.8 -2.03642
      vertex -3.27461 46.8 -3.40582
      vertex -1.49998 46.8 -2.27139
    endloop
  endfacet
  facet normal 0 -1 0
    outer loop
      vertex -1.64632 46.8 -3.66372
      vertex -1.49998 46.8 -2.27139
      vertex -3.27461 46.8 -3.40582
    endloop
  endfacet
  facet normal 0 -1 0
    outer loop
      vertex 4.43439 46.8 -1.64766
      vertex 4.86702 46.8 -2.97914
      vertex 6.4061 46.8 -2.38834
    endloop
  endfacet
  facet normal 0 -1 -0
    outer loop
      vertex -1.49998 46.8 -2.27139
      vertex -1.64632 46.8 -3.66372
      vertex 0 46.8 -2.35
    endloop
  endfacet
  facet normal 0 -1 0
    outer loop
      vertex 2.98353 46.8 -2.03642
      vertex 3.27461 46.8 -3.40582
      vertex 4.86702 46.8 -2.97914
    endloop
  endfacet
  facet normal 0 -1 0
    outer loop
      vertex 0 46.8 -3.75
      vertex 0 46.8 -2.35
      vertex -1.64632 46.8 -3.66372
    endloop
  endfacet
  facet normal 0 -1 0
    outer loop
      vertex 1.49998 46.8 -2.27139
      vertex 1.64632 46.8 -3.66372
      vertex 3.27461 46.8 -3.40582
    endloop
  endfacet
  facet normal 0 -1 0
    outer loop
      vertex 0 46.8 -2.35
      vertex 0 46.8 -3.75
      vertex 1.64632 46.8 -3.66372
    endloop
  endfacet
  facet normal -0.156453 0 0.987685
    outer loop
      vertex -2.98353 46.8 26.0364
      vertex -1.49998 44 26.2714
      vertex -1.49998 46.8 26.2714
    endloop
  endfacet
  facet normal -0.156453 0 0.987685
    outer loop
      vertex -1.49998 44 26.2714
      vertex -2.98353 46.8 26.0364
      vertex -2.98353 44 26.0364
    endloop
  endfacet
  facet normal 0.987685 0 -0.156455
    outer loop
      vertex 14.2714 44 10.5
      vertex 14.0364 46.8 9.01647
      vertex 14.2714 46.8 10.5
    endloop
  endfacet
  facet normal 0.987685 0 -0.156455
    outer loop
      vertex 14.0364 46.8 9.01647
      vertex 14.2714 44 10.5
      vertex 14.0364 44 9.01647
    endloop
  endfacet
  facet normal 0.99863 0 -0.0523282
    outer loop
      vertex 14.35 44 12
      vertex 14.2714 46.8 10.5
      vertex 14.35 46.8 12
    endloop
  endfacet
  facet normal 0.99863 0 -0.0523282
    outer loop
      vertex 14.2714 46.8 10.5
      vertex 14.35 44 12
      vertex 14.2714 44 10.5
    endloop
  endfacet
  facet normal 0.965935 0 -0.258784
    outer loop
      vertex 14.0364 44 9.01647
      vertex 13.6477 46.8 7.56561
      vertex 14.0364 46.8 9.01647
    endloop
  endfacet
  facet normal 0.965935 0 -0.258784
    outer loop
      vertex 13.6477 46.8 7.56561
      vertex 14.0364 44 9.01647
      vertex 13.6477 44 7.56561
    endloop
  endfacet
  facet normal 0.358377 0 0.933577
    outer loop
      vertex 4.43439 46.8 25.6477
      vertex 5.83667 44 25.1094
      vertex 5.83667 46.8 25.1094
    endloop
  endfacet
  facet normal 0.358377 0 0.933577
    outer loop
      vertex 5.83667 44 25.1094
      vertex 4.43439 46.8 25.6477
      vertex 4.43439 44 25.6477
    endloop
  endfacet
  facet normal 0.707113 -0 0.7071
    outer loop
      vertex 9.60202 44 22.6641
      vertex 10.6641 46.8 21.602
      vertex 9.60202 46.8 22.6641
    endloop
  endfacet
  facet normal 0.707113 0 0.7071
    outer loop
      vertex 10.6641 46.8 21.602
      vertex 9.60202 44 22.6641
      vertex 10.6641 44 21.602
    endloop
  endfacet
  facet normal 0.544639 0 -0.838671
    outer loop
      vertex 7.175 44 -0.427464
      vertex 8.43472 46.8 0.390607
      vertex 8.43472 44 0.390607
    endloop
  endfacet
  facet normal 0.544639 0 -0.838671
    outer loop
      vertex 8.43472 46.8 0.390607
      vertex 7.175 44 -0.427464
      vertex 7.175 46.8 -0.427464
    endloop
  endfacet
  facet normal 0.453992 0 -0.891006
    outer loop
      vertex 5.83667 44 -1.10938
      vertex 7.175 46.8 -0.427464
      vertex 7.175 44 -0.427464
    endloop
  endfacet
  facet normal 0.453992 0 -0.891006
    outer loop
      vertex 7.175 46.8 -0.427464
      vertex 5.83667 44 -1.10938
      vertex 5.83667 46.8 -1.10938
    endloop
  endfacet
  facet normal 0.933577 0 -0.358377
    outer loop
      vertex 13.6477 44 7.56561
      vertex 13.1094 46.8 6.16333
      vertex 13.6477 46.8 7.56561
    endloop
  endfacet
  facet normal 0.933577 0 -0.358377
    outer loop
      vertex 13.1094 46.8 6.16333
      vertex 13.6477 44 7.56561
      vertex 13.1094 44 6.16333
    endloop
  endfacet
  facet normal 0.99863 -0 0.0523282
    outer loop
      vertex 14.2714 44 13.5
      vertex 14.35 46.8 12
      vertex 14.2714 46.8 13.5
    endloop
  endfacet
  facet normal 0.99863 0 0.0523282
    outer loop
      vertex 14.35 46.8 12
      vertex 14.2714 44 13.5
      vertex 14.35 44 12
    endloop
  endfacet
  facet normal 0.965937 -0 0.258777
    outer loop
      vertex 13.6477 44 16.4344
      vertex 14.0364 46.8 14.9835
      vertex 13.6477 46.8 16.4344
    endloop
  endfacet
  facet normal 0.965937 0 0.258777
    outer loop
      vertex 14.0364 46.8 14.9835
      vertex 13.6477 44 16.4344
      vertex 14.0364 44 14.9835
    endloop
  endfacet
  facet normal -0.965935 0 -0.258784
    outer loop
      vertex -13.6477 44 7.56561
      vertex -14.0364 46.8 9.01647
      vertex -13.6477 46.8 7.56561
    endloop
  endfacet
  facet normal -0.965935 -0 -0.258784
    outer loop
      vertex -14.0364 46.8 9.01647
      vertex -13.6477 44 7.56561
      vertex -14.0364 44 9.01647
    endloop
  endfacet
  facet normal 0.156453 0 0.987685
    outer loop
      vertex 1.49998 46.8 26.2714
      vertex 2.98353 44 26.0364
      vertex 2.98353 46.8 26.0364
    endloop
  endfacet
  facet normal 0.156453 0 0.987685
    outer loop
      vertex 2.98353 44 26.0364
      vertex 1.49998 46.8 26.2714
      vertex 1.49998 44 26.2714
    endloop
  endfacet
  facet normal -0.707117 0 -0.707097
    outer loop
      vertex -9.60202 44 1.33587
      vertex -10.6641 46.8 2.39798
      vertex -9.60202 46.8 1.33587
    endloop
  endfacet
  facet normal -0.707117 -0 -0.707097
    outer loop
      vertex -10.6641 46.8 2.39798
      vertex -9.60202 44 1.33587
      vertex -10.6641 44 2.39798
    endloop
  endfacet
  facet normal 0.987685 -0 0.156458
    outer loop
      vertex 14.0364 44 14.9835
      vertex 14.2714 46.8 13.5
      vertex 14.0364 46.8 14.9835
    endloop
  endfacet
  facet normal 0.987685 0 0.156458
    outer loop
      vertex 14.2714 46.8 13.5
      vertex 14.0364 44 14.9835
      vertex 14.2714 44 13.5
    endloop
  endfacet
  facet normal -0.838662 0 -0.544652
    outer loop
      vertex -11.6094 44 3.56528
      vertex -12.4275 46.8 4.825
      vertex -11.6094 46.8 3.56528
    endloop
  endfacet
  facet normal -0.838662 -0 -0.544652
    outer loop
      vertex -12.4275 46.8 4.825
      vertex -11.6094 44 3.56528
      vertex -12.4275 44 4.825
    endloop
  endfacet
  facet normal 0.838662 0 -0.544652
    outer loop
      vertex 12.4275 44 4.825
      vertex 11.6094 46.8 3.56528
      vertex 12.4275 46.8 4.825
    endloop
  endfacet
  facet normal 0.838662 0 -0.544652
    outer loop
      vertex 11.6094 46.8 3.56528
      vertex 12.4275 44 4.825
      vertex 11.6094 44 3.56528
    endloop
  endfacet
  facet normal 0.891006 -0 0.453992
    outer loop
      vertex 12.4275 44 19.175
      vertex 13.1094 46.8 17.8367
      vertex 12.4275 46.8 19.175
    endloop
  endfacet
  facet normal 0.891006 0 0.453992
    outer loop
      vertex 13.1094 46.8 17.8367
      vertex 12.4275 44 19.175
      vertex 13.1094 44 17.8367
    endloop
  endfacet
  facet normal 0.777133 -0 0.629336
    outer loop
      vertex 10.6641 44 21.602
      vertex 11.6094 46.8 20.4347
      vertex 10.6641 46.8 21.602
    endloop
  endfacet
  facet normal 0.777133 0 0.629336
    outer loop
      vertex 11.6094 46.8 20.4347
      vertex 10.6641 44 21.602
      vertex 11.6094 44 20.4347
    endloop
  endfacet
  facet normal -0.838658 0 0.544658
    outer loop
      vertex -12.4275 44 19.175
      vertex -11.6094 46.8 20.4347
      vertex -12.4275 46.8 19.175
    endloop
  endfacet
  facet normal -0.838658 0 0.544658
    outer loop
      vertex -11.6094 46.8 20.4347
      vertex -12.4275 44 19.175
      vertex -11.6094 44 20.4347
    endloop
  endfacet
  facet normal -0.0523289 0 0.99863
    outer loop
      vertex -1.49998 46.8 26.2714
      vertex 0 44 26.35
      vertex 0 46.8 26.35
    endloop
  endfacet
  facet normal -0.0523289 0 0.99863
    outer loop
      vertex 0 44 26.35
      vertex -1.49998 46.8 26.2714
      vertex -1.49998 44 26.2714
    endloop
  endfacet
  facet normal -0.156434 0 -0.987688
    outer loop
      vertex -2.98353 44 -2.03642
      vertex -1.49998 46.8 -2.27139
      vertex -1.49998 44 -2.27139
    endloop
  endfacet
  facet normal -0.156434 0 -0.987688
    outer loop
      vertex -1.49998 46.8 -2.27139
      vertex -2.98353 44 -2.03642
      vertex -2.98353 46.8 -2.03642
    endloop
  endfacet
  facet normal 0.258821 0 -0.965925
    outer loop
      vertex 2.98353 44 -2.03642
      vertex 4.43439 46.8 -1.64766
      vertex 4.43439 44 -1.64766
    endloop
  endfacet
  facet normal 0.258821 0 -0.965925
    outer loop
      vertex 4.43439 46.8 -1.64766
      vertex 2.98353 44 -2.03642
      vertex 2.98353 46.8 -2.03642
    endloop
  endfacet
  facet normal 0.707117 0 -0.707097
    outer loop
      vertex 10.6641 44 2.39798
      vertex 9.60202 46.8 1.33587
      vertex 10.6641 46.8 2.39798
    endloop
  endfacet
  facet normal 0.707117 0 -0.707097
    outer loop
      vertex 9.60202 46.8 1.33587
      vertex 10.6641 44 2.39798
      vertex 9.60202 44 1.33587
    endloop
  endfacet
  facet normal 0.0523355 0 -0.99863
    outer loop
      vertex 0 44 -2.35
      vertex 1.49998 46.8 -2.27139
      vertex 1.49998 44 -2.27139
    endloop
  endfacet
  facet normal 0.0523355 0 -0.99863
    outer loop
      vertex 1.49998 46.8 -2.27139
      vertex 0 44 -2.35
      vertex 0 46.8 -2.35
    endloop
  endfacet
  facet normal -0.987685 0 0.156458
    outer loop
      vertex -14.2714 44 13.5
      vertex -14.0364 46.8 14.9835
      vertex -14.2714 46.8 13.5
    endloop
  endfacet
  facet normal -0.987685 0 0.156458
    outer loop
      vertex -14.0364 46.8 14.9835
      vertex -14.2714 44 13.5
      vertex -14.0364 44 14.9835
    endloop
  endfacet
  facet normal -0.777133 0 -0.629336
    outer loop
      vertex -10.6641 44 2.39798
      vertex -11.6094 46.8 3.56528
      vertex -10.6641 46.8 2.39798
    endloop
  endfacet
  facet normal -0.777133 -0 -0.629336
    outer loop
      vertex -11.6094 46.8 3.56528
      vertex -10.6641 44 2.39798
      vertex -11.6094 44 3.56528
    endloop
  endfacet
  facet normal 0.89101 0 -0.453984
    outer loop
      vertex 13.1094 44 6.16333
      vertex 12.4275 46.8 4.825
      vertex 13.1094 46.8 6.16333
    endloop
  endfacet
  facet normal 0.89101 0 -0.453984
    outer loop
      vertex 12.4275 46.8 4.825
      vertex 13.1094 44 6.16333
      vertex 12.4275 44 4.825
    endloop
  endfacet
  facet normal 0.258784 0 0.965935
    outer loop
      vertex 2.98353 46.8 26.0364
      vertex 4.43439 44 25.6477
      vertex 4.43439 46.8 25.6477
    endloop
  endfacet
  facet normal 0.258784 0 0.965935
    outer loop
      vertex 4.43439 44 25.6477
      vertex 2.98353 46.8 26.0364
      vertex 2.98353 44 26.0364
    endloop
  endfacet
  facet normal -0.99863 0 0.0523282
    outer loop
      vertex -14.35 44 12
      vertex -14.2714 46.8 13.5
      vertex -14.35 46.8 12
    endloop
  endfacet
  facet normal -0.99863 0 0.0523282
    outer loop
      vertex -14.2714 46.8 13.5
      vertex -14.35 44 12
      vertex -14.2714 44 13.5
    endloop
  endfacet
  facet normal -0.891006 0 0.453992
    outer loop
      vertex -13.1094 44 17.8367
      vertex -12.4275 46.8 19.175
      vertex -13.1094 46.8 17.8367
    endloop
  endfacet
  facet normal -0.891006 0 0.453992
    outer loop
      vertex -12.4275 46.8 19.175
      vertex -13.1094 44 17.8367
      vertex -12.4275 44 19.175
    endloop
  endfacet
  facet normal -0.544639 0 -0.838671
    outer loop
      vertex -8.43472 44 0.390607
      vertex -7.175 46.8 -0.427464
      vertex -7.175 44 -0.427464
    endloop
  endfacet
  facet normal -0.544639 0 -0.838671
    outer loop
      vertex -7.175 46.8 -0.427464
      vertex -8.43472 44 0.390607
      vertex -8.43472 46.8 0.390607
    endloop
  endfacet
  facet normal -0.358377 0 0.933577
    outer loop
      vertex -5.83667 46.8 25.1094
      vertex -4.43439 44 25.6477
      vertex -4.43439 46.8 25.6477
    endloop
  endfacet
  facet normal -0.358377 0 0.933577
    outer loop
      vertex -4.43439 44 25.6477
      vertex -5.83667 46.8 25.1094
      vertex -5.83667 44 25.1094
    endloop
  endfacet
  facet normal 0.358365 0 -0.933582
    outer loop
      vertex 4.43439 44 -1.64766
      vertex 5.83667 46.8 -1.10938
      vertex 5.83667 44 -1.10938
    endloop
  endfacet
  facet normal 0.358365 0 -0.933582
    outer loop
      vertex 5.83667 46.8 -1.10938
      vertex 4.43439 44 -1.64766
      vertex 4.43439 46.8 -1.64766
    endloop
  endfacet
  facet normal -0.453984 0 0.89101
    outer loop
      vertex -7.175 46.8 24.4275
      vertex -5.83667 44 25.1094
      vertex -5.83667 46.8 25.1094
    endloop
  endfacet
  facet normal -0.453984 0 0.89101
    outer loop
      vertex -5.83667 44 25.1094
      vertex -7.175 46.8 24.4275
      vertex -7.175 44 24.4275
    endloop
  endfacet
  facet normal -0.965937 0 0.258777
    outer loop
      vertex -14.0364 44 14.9835
      vertex -13.6477 46.8 16.4344
      vertex -14.0364 46.8 14.9835
    endloop
  endfacet
  facet normal -0.965937 0 0.258777
    outer loop
      vertex -13.6477 46.8 16.4344
      vertex -14.0364 44 14.9835
      vertex -13.6477 44 16.4344
    endloop
  endfacet
  facet normal -0.707113 0 0.7071
    outer loop
      vertex -10.6641 44 21.602
      vertex -9.60202 46.8 22.6641
      vertex -10.6641 46.8 21.602
    endloop
  endfacet
  facet normal -0.707113 0 0.7071
    outer loop
      vertex -9.60202 46.8 22.6641
      vertex -10.6641 44 21.602
      vertex -9.60202 44 22.6641
    endloop
  endfacet
  facet normal 0.453984 0 0.89101
    outer loop
      vertex 5.83667 46.8 25.1094
      vertex 7.175 44 24.4275
      vertex 7.175 46.8 24.4275
    endloop
  endfacet
  facet normal 0.453984 0 0.89101
    outer loop
      vertex 7.175 44 24.4275
      vertex 5.83667 46.8 25.1094
      vertex 5.83667 44 25.1094
    endloop
  endfacet
  facet normal 0.933579 -0 0.358372
    outer loop
      vertex 13.1094 44 17.8367
      vertex 13.6477 46.8 16.4344
      vertex 13.1094 46.8 17.8367
    endloop
  endfacet
  facet normal 0.933579 0 0.358372
    outer loop
      vertex 13.6477 46.8 16.4344
      vertex 13.1094 44 17.8367
      vertex 13.6477 44 16.4344
    endloop
  endfacet
  facet normal 0.777133 0 -0.629336
    outer loop
      vertex 11.6094 44 3.56528
      vertex 10.6641 46.8 2.39798
      vertex 11.6094 46.8 3.56528
    endloop
  endfacet
  facet normal 0.777133 0 -0.629336
    outer loop
      vertex 10.6641 46.8 2.39798
      vertex 11.6094 44 3.56528
      vertex 10.6641 44 2.39798
    endloop
  endfacet
  facet normal 0.629321 0 -0.777145
    outer loop
      vertex 8.43472 44 0.390607
      vertex 9.60202 46.8 1.33587
      vertex 9.60202 44 1.33587
    endloop
  endfacet
  facet normal 0.629321 0 -0.777145
    outer loop
      vertex 9.60202 46.8 1.33587
      vertex 8.43472 44 0.390607
      vertex 8.43472 46.8 0.390607
    endloop
  endfacet
  facet normal -0.453992 0 -0.891006
    outer loop
      vertex -7.175 44 -0.427464
      vertex -5.83667 46.8 -1.10938
      vertex -5.83667 44 -1.10938
    endloop
  endfacet
  facet normal -0.453992 0 -0.891006
    outer loop
      vertex -5.83667 46.8 -1.10938
      vertex -7.175 44 -0.427464
      vertex -7.175 46.8 -0.427464
    endloop
  endfacet
  facet normal -0.89101 0 -0.453984
    outer loop
      vertex -12.4275 44 4.825
      vertex -13.1094 46.8 6.16333
      vertex -12.4275 46.8 4.825
    endloop
  endfacet
  facet normal -0.89101 -0 -0.453984
    outer loop
      vertex -13.1094 46.8 6.16333
      vertex -12.4275 44 4.825
      vertex -13.1094 44 6.16333
    endloop
  endfacet
  facet normal -0.358365 0 -0.933582
    outer loop
      vertex -5.83667 44 -1.10938
      vertex -4.43439 46.8 -1.64766
      vertex -4.43439 44 -1.64766
    endloop
  endfacet
  facet normal -0.358365 0 -0.933582
    outer loop
      vertex -4.43439 46.8 -1.64766
      vertex -5.83667 44 -1.10938
      vertex -5.83667 46.8 -1.10938
    endloop
  endfacet
  facet normal -0.933579 0 0.358372
    outer loop
      vertex -13.6477 44 16.4344
      vertex -13.1094 46.8 17.8367
      vertex -13.6477 46.8 16.4344
    endloop
  endfacet
  facet normal -0.933579 0 0.358372
    outer loop
      vertex -13.1094 46.8 17.8367
      vertex -13.6477 44 16.4344
      vertex -13.1094 44 17.8367
    endloop
  endfacet
  facet normal 0.629336 0 0.777133
    outer loop
      vertex 8.43472 46.8 23.6094
      vertex 9.60202 44 22.6641
      vertex 9.60202 46.8 22.6641
    endloop
  endfacet
  facet normal 0.629336 0 0.777133
    outer loop
      vertex 9.60202 44 22.6641
      vertex 8.43472 46.8 23.6094
      vertex 8.43472 44 23.6094
    endloop
  endfacet
  facet normal -0.258821 0 -0.965925
    outer loop
      vertex -4.43439 44 -1.64766
      vertex -2.98353 46.8 -2.03642
      vertex -2.98353 44 -2.03642
    endloop
  endfacet
  facet normal -0.258821 0 -0.965925
    outer loop
      vertex -2.98353 46.8 -2.03642
      vertex -4.43439 44 -1.64766
      vertex -4.43439 46.8 -1.64766
    endloop
  endfacet
  facet normal -0.933577 0 -0.358377
    outer loop
      vertex -13.1094 44 6.16333
      vertex -13.6477 46.8 7.56561
      vertex -13.1094 46.8 6.16333
    endloop
  endfacet
  facet normal -0.933577 -0 -0.358377
    outer loop
      vertex -13.6477 46.8 7.56561
      vertex -13.1094 44 6.16333
      vertex -13.6477 44 7.56561
    endloop
  endfacet
  facet normal 0.544652 0 0.838662
    outer loop
      vertex 7.175 46.8 24.4275
      vertex 8.43472 44 23.6094
      vertex 8.43472 46.8 23.6094
    endloop
  endfacet
  facet normal 0.544652 0 0.838662
    outer loop
      vertex 8.43472 44 23.6094
      vertex 7.175 46.8 24.4275
      vertex 7.175 44 24.4275
    endloop
  endfacet
  facet normal -0.0523355 0 -0.99863
    outer loop
      vertex -1.49998 44 -2.27139
      vertex 0 46.8 -2.35
      vertex 0 44 -2.35
    endloop
  endfacet
  facet normal -0.0523355 0 -0.99863
    outer loop
      vertex 0 46.8 -2.35
      vertex -1.49998 44 -2.27139
      vertex -1.49998 46.8 -2.27139
    endloop
  endfacet
  facet normal 0.0523289 0 0.99863
    outer loop
      vertex 0 46.8 26.35
      vertex 1.49998 44 26.2714
      vertex 1.49998 46.8 26.2714
    endloop
  endfacet
  facet normal 0.0523289 0 0.99863
    outer loop
      vertex 1.49998 44 26.2714
      vertex 0 46.8 26.35
      vertex 0 44 26.35
    endloop
  endfacet
  facet normal -0.629336 0 0.777133
    outer loop
      vertex -9.60202 46.8 22.6641
      vertex -8.43472 44 23.6094
      vertex -8.43472 46.8 23.6094
    endloop
  endfacet
  facet normal -0.629336 0 0.777133
    outer loop
      vertex -8.43472 44 23.6094
      vertex -9.60202 46.8 22.6641
      vertex -9.60202 44 22.6641
    endloop
  endfacet
  facet normal -0.258784 0 0.965935
    outer loop
      vertex -4.43439 46.8 25.6477
      vertex -2.98353 44 26.0364
      vertex -2.98353 46.8 26.0364
    endloop
  endfacet
  facet normal -0.258784 0 0.965935
    outer loop
      vertex -2.98353 44 26.0364
      vertex -4.43439 46.8 25.6477
      vertex -4.43439 44 25.6477
    endloop
  endfacet
  facet normal 0.838658 -0 0.544658
    outer loop
      vertex 11.6094 44 20.4347
      vertex 12.4275 46.8 19.175
      vertex 11.6094 46.8 20.4347
    endloop
  endfacet
  facet normal 0.838658 0 0.544658
    outer loop
      vertex 12.4275 46.8 19.175
      vertex 11.6094 44 20.4347
      vertex 12.4275 44 19.175
    endloop
  endfacet
  facet normal -0.987685 0 -0.156455
    outer loop
      vertex -14.0364 44 9.01647
      vertex -14.2714 46.8 10.5
      vertex -14.0364 46.8 9.01647
    endloop
  endfacet
  facet normal -0.987685 -0 -0.156455
    outer loop
      vertex -14.2714 46.8 10.5
      vertex -14.0364 44 9.01647
      vertex -14.2714 44 10.5
    endloop
  endfacet
  facet normal 0.156434 0 -0.987688
    outer loop
      vertex 1.49998 44 -2.27139
      vertex 2.98353 46.8 -2.03642
      vertex 2.98353 44 -2.03642
    endloop
  endfacet
  facet normal 0.156434 0 -0.987688
    outer loop
      vertex 2.98353 46.8 -2.03642
      vertex 1.49998 44 -2.27139
      vertex 1.49998 46.8 -2.27139
    endloop
  endfacet
  facet normal -0.629321 0 -0.777145
    outer loop
      vertex -9.60202 44 1.33587
      vertex -8.43472 46.8 0.390607
      vertex -8.43472 44 0.390607
    endloop
  endfacet
  facet normal -0.629321 0 -0.777145
    outer loop
      vertex -8.43472 46.8 0.390607
      vertex -9.60202 44 1.33587
      vertex -9.60202 46.8 1.33587
    endloop
  endfacet
  facet normal -0.544652 0 0.838662
    outer loop
      vertex -8.43472 46.8 23.6094
      vertex -7.175 44 24.4275
      vertex -7.175 46.8 24.4275
    endloop
  endfacet
  facet normal -0.544652 0 0.838662
    outer loop
      vertex -7.175 44 24.4275
      vertex -8.43472 46.8 23.6094
      vertex -8.43472 44 23.6094
    endloop
  endfacet
  facet normal -0.99863 0 -0.0523282
    outer loop
      vertex -14.2714 44 10.5
      vertex -14.35 46.8 12
      vertex -14.2714 46.8 10.5
    endloop
  endfacet
  facet normal -0.99863 -0 -0.0523282
    outer loop
      vertex -14.35 46.8 12
      vertex -14.2714 44 10.5
      vertex -14.35 44 12
    endloop
  endfacet
  facet normal -0.777133 0 0.629336
    outer loop
      vertex -11.6094 44 20.4347
      vertex -10.6641 46.8 21.602
      vertex -11.6094 46.8 20.4347
    endloop
  endfacet
  facet normal -0.777133 0 0.629336
    outer loop
      vertex -10.6641 46.8 21.602
      vertex -11.6094 44 20.4347
      vertex -10.6641 44 21.602
    endloop
  endfacet
  facet normal -0.987693 -0.156404 0
    outer loop
      vertex 24.6641 2.59231 0
      vertex 24.2581 5.15621 13
      vertex 24.2581 5.15621 0
    endloop
  endfacet
  facet normal -0.987693 -0.156404 0
    outer loop
      vertex 24.2581 5.15621 13
      vertex 24.6641 2.59231 0
      vertex 24.6641 2.59231 13
    endloop
  endfacet
  facet normal -0.998629 -0.0523524 0
    outer loop
      vertex 24.8 0 0
      vertex 24.6641 2.59231 13
      vertex 24.6641 2.59231 0
    endloop
  endfacet
  facet normal -0.998629 -0.0523524 0
    outer loop
      vertex 24.6641 2.59231 13
      vertex 24.8 0 0
      vertex 24.8 0 13
    endloop
  endfacet
  facet normal -0.965922 -0.258834 0
    outer loop
      vertex 24.2581 5.15621 0
      vertex 23.5862 7.66362 13
      vertex 23.5862 7.66362 0
    endloop
  endfacet
  facet normal -0.965922 -0.258834 0
    outer loop
      vertex 23.5862 7.66362 13
      vertex 24.2581 5.15621 0
      vertex 24.2581 5.15621 13
    endloop
  endfacet
  facet normal -0.707107 -0.707107 0
    outer loop
      vertex 18.43 16.5944 0
      vertex 16.5944 18.43 13
      vertex 16.5944 18.43 0
    endloop
  endfacet
  facet normal -0.707107 -0.707107 0
    outer loop
      vertex 16.5944 18.43 13
      vertex 18.43 16.5944 0
      vertex 18.43 16.5944 13
    endloop
  endfacet
  facet normal -0.777142 -0.629326 0
    outer loop
      vertex 20.0636 14.5771 0
      vertex 18.43 16.5944 13
      vertex 18.43 16.5944 0
    endloop
  endfacet
  facet normal -0.777142 -0.629326 0
    outer loop
      vertex 18.43 16.5944 13
      vertex 20.0636 14.5771 0
      vertex 20.0636 14.5771 13
    endloop
  endfacet
  facet normal -0.544688 -0.838638 0.000467584
    outer loop
      vertex 13.7958 20.571 12.915
      vertex 14.5771 20.0636 13
      vertex 13.7911 20.5741 13
    endloop
  endfacet
  facet normal -0.544654 -0.838661 2.227e-05
    outer loop
      vertex 13.8475 20.5374 12
      vertex 14.5771 20.0636 13
      vertex 13.7958 20.571 12.915
    endloop
  endfacet
  facet normal -0.544608 -0.838691 -2.60067e-05
    outer loop
      vertex 13.7958 20.571 11.0849
      vertex 14.5771 20.0636 13
      vertex 13.8475 20.5374 12
    endloop
  endfacet
  facet normal -0.544914 -0.838492 0.00015174
    outer loop
      vertex 13.7658 20.5904 10.5532
      vertex 14.5771 20.0636 13
      vertex 13.7958 20.571 11.0849
    endloop
  endfacet
  facet normal -0.543889 -0.839157 -0.000331612
    outer loop
      vertex 13.6774 20.6479 10.0351
      vertex 14.5771 20.0636 13
      vertex 13.7658 20.5904 10.5532
    endloop
  endfacet
  facet normal -0.544794 -0.83857 5.88403e-05
    outer loop
      vertex 13.5223 20.7486 9.12575
      vertex 14.5771 20.0636 13
      vertex 13.6774 20.6479 10.0351
    endloop
  endfacet
  facet normal -0.544632 -0.838675 0
    outer loop
      vertex 14.5771 20.0636 0
      vertex 12.4 21.4774 6.10265
      vertex 12.4 21.4774 0
    endloop
  endfacet
  facet normal -0.544677 -0.838646 -2.28407e-05
    outer loop
      vertex 12.4 21.4774 6.10265
      vertex 14.5771 20.0636 0
      vertex 12.5672 21.3688 6.40471
    endloop
  endfacet
  facet normal -0.544597 -0.838698 1.28669e-05
    outer loop
      vertex 12.5672 21.3688 6.40471
      vertex 14.5771 20.0636 0
      vertex 12.7457 21.2529 6.83445
    endloop
  endfacet
  facet normal -0.544576 -0.838712 2.10549e-05
    outer loop
      vertex 12.7457 21.2529 6.83445
      vertex 14.5771 20.0636 0
      vertex 13.1206 21.0095 7.73685
    endloop
  endfacet
  facet normal -0.544702 -0.83863 -1.27094e-05
    outer loop
      vertex 13.1206 21.0095 7.73685
      vertex 14.5771 20.0636 0
      vertex 13.259 20.9196 8.21537
    endloop
  endfacet
  facet normal -0.544657 -0.838659 -2.56853e-06
    outer loop
      vertex 13.259 20.9196 8.21537
      vertex 14.5771 20.0636 0
      vertex 13.5223 20.7486 9.12575
    endloop
  endfacet
  facet normal -0.544642 -0.838669 0
    outer loop
      vertex 13.5223 20.7486 9.12575
      vertex 14.5771 20.0636 0
      vertex 14.5771 20.0636 13
    endloop
  endfacet
  facet normal -0.454014 -0.890995 1.85985e-06
    outer loop
      vertex 12.4 21.4774 0
      vertex 12.0821 21.6394 5.5178
      vertex 11.878 21.7434 5.14222
    endloop
  endfacet
  facet normal -0.45385 -0.891078 0.000133261
    outer loop
      vertex 12.4 21.4774 0
      vertex 10.3437 22.5252 3.1447
      vertex 10.1198 22.6392 2.88806
    endloop
  endfacet
  facet normal -0.453996 -0.891004 0
    outer loop
      vertex 12.4 21.4774 0
      vertex 10.0871 22.6559 2.85787
      vertex 10.0871 22.6559 0
    endloop
  endfacet
  facet normal -0.45447 -0.890762 -0.0004827
    outer loop
      vertex 10.0871 22.6559 2.85787
      vertex 12.4 21.4774 0
      vertex 10.1198 22.6392 2.88806
    endloop
  endfacet
  facet normal -0.454019 -0.890992 -5.90247e-06
    outer loop
      vertex 10.3437 22.5252 3.1447
      vertex 12.4 21.4774 0
      vertex 11.0592 22.1606 3.96501
    endloop
  endfacet
  facet normal -0.454007 -0.890998 -6.6009e-07
    outer loop
      vertex 11.0592 22.1606 3.96501
      vertex 12.4 21.4774 0
      vertex 11.6456 21.8618 4.80812
    endloop
  endfacet
  facet normal -0.453959 -0.891023 8.84873e-06
    outer loop
      vertex 11.6456 21.8618 4.80812
      vertex 12.4 21.4774 0
      vertex 11.878 21.7434 5.14222
    endloop
  endfacet
  facet normal -0.454039 -0.890982 0
    outer loop
      vertex 12.0821 21.6394 5.5178
      vertex 12.4 21.4774 0
      vertex 12.4 21.4774 6.10265
    endloop
  endfacet
  facet normal -0.933579 -0.358372 0
    outer loop
      vertex 23.5862 7.66362 0
      vertex 22.6559 10.0871 13
      vertex 22.6559 10.0871 0
    endloop
  endfacet
  facet normal -0.933579 -0.358372 0
    outer loop
      vertex 22.6559 10.0871 13
      vertex 23.5862 7.66362 0
      vertex 23.5862 7.66362 13
    endloop
  endfacet
  facet normal 0.358344 -0.93359 0
    outer loop
      vertex -10.0871 22.6559 0
      vertex -9.0825 23.0415 1.91286
      vertex -10.0871 22.6559 2.85787
    endloop
  endfacet
  facet normal 0.358379 -0.933576 -2.11871e-05
    outer loop
      vertex -10.0871 22.6559 0
      vertex -8.15386 23.398 1.21097
      vertex -9.0825 23.0415 1.91286
    endloop
  endfacet
  facet normal 0.358372 -0.933579 -9.11832e-06
    outer loop
      vertex -7.66362 23.5862 0
      vertex -8.15386 23.398 1.21097
      vertex -10.0871 22.6559 0
    endloop
  endfacet
  facet normal 0.358374 -0.933578 -8.44103e-06
    outer loop
      vertex -8.15386 23.398 1.21097
      vertex -7.66362 23.5862 0
      vertex -7.95041 23.4761 1.0572
    endloop
  endfacet
  facet normal 0.358401 -0.933568 0
    outer loop
      vertex -7.95041 23.4761 1.0572
      vertex -7.66362 23.5862 0
      vertex -7.66362 23.5862 0.885288
    endloop
  endfacet
  facet normal -0.258786 -0.965935 0
    outer loop
      vertex 6.92868 23.7831 0.433659
      vertex 7.66362 23.5862 0
      vertex 7.66362 23.5862 0.885288
    endloop
  endfacet
  facet normal -0.25877 -0.965939 2.9346e-05
    outer loop
      vertex 6.74352 23.8327 0.319877
      vertex 7.66362 23.5862 0
      vertex 6.92868 23.7831 0.433659
    endloop
  endfacet
  facet normal -0.258935 -0.965895 -0.000477818
    outer loop
      vertex 6.55568 23.8831 0.230335
      vertex 7.66362 23.5862 0
      vertex 6.74352 23.8327 0.319877
    endloop
  endfacet
  facet normal -0.258849 -0.965918 -3.4739e-05
    outer loop
      vertex 7.66362 23.5862 0
      vertex 6.55568 23.8831 0.230335
      vertex 6.07247 24.0126 0
    endloop
  endfacet
  facet normal 0.454039 -0.890982 0
    outer loop
      vertex -12.4 21.4774 0
      vertex -12.0821 21.6394 5.5178
      vertex -12.4 21.4774 6.10265
    endloop
  endfacet
  facet normal 0.454019 -0.890992 -5.90247e-06
    outer loop
      vertex -12.4 21.4774 0
      vertex -10.3437 22.5252 3.1447
      vertex -11.0592 22.1606 3.96501
    endloop
  endfacet
  facet normal 0.454014 -0.890995 1.85985e-06
    outer loop
      vertex -12.0821 21.6394 5.5178
      vertex -12.4 21.4774 0
      vertex -11.878 21.7434 5.14222
    endloop
  endfacet
  facet normal 0.453959 -0.891023 8.84873e-06
    outer loop
      vertex -12.4 21.4774 0
      vertex -11.6456 21.8618 4.80812
      vertex -11.878 21.7434 5.14222
    endloop
  endfacet
  facet normal 0.454007 -0.890998 -6.6009e-07
    outer loop
      vertex -12.4 21.4774 0
      vertex -11.0592 22.1606 3.96501
      vertex -11.6456 21.8618 4.80812
    endloop
  endfacet
  facet normal 0.45385 -0.891078 0.000133261
    outer loop
      vertex -10.3437 22.5252 3.1447
      vertex -12.4 21.4774 0
      vertex -10.1198 22.6392 2.88806
    endloop
  endfacet
  facet normal 0.45447 -0.890762 -0.0004827
    outer loop
      vertex -12.4 21.4774 0
      vertex -10.0871 22.6559 2.85787
      vertex -10.1198 22.6392 2.88806
    endloop
  endfacet
  facet normal 0.453996 -0.891004 0
    outer loop
      vertex -10.0871 22.6559 2.85787
      vertex -12.4 21.4774 0
      vertex -10.0871 22.6559 0
    endloop
  endfacet
  facet normal 0.838675 -0.544632 0
    outer loop
      vertex -21.4774 12.4 13
      vertex -20.0636 14.5771 0
      vertex -20.0636 14.5771 13
    endloop
  endfacet
  facet normal 0.838675 -0.544632 0
    outer loop
      vertex -20.0636 14.5771 0
      vertex -21.4774 12.4 13
      vertex -21.4774 12.4 0
    endloop
  endfacet
  facet normal 0.258786 -0.965935 0
    outer loop
      vertex -7.66362 23.5862 0
      vertex -6.92868 23.7831 0.433659
      vertex -7.66362 23.5862 0.885288
    endloop
  endfacet
  facet normal 0.25877 -0.965939 2.9346e-05
    outer loop
      vertex -7.66362 23.5862 0
      vertex -6.74352 23.8327 0.319877
      vertex -6.92868 23.7831 0.433659
    endloop
  endfacet
  facet normal 0.258935 -0.965895 -0.000477818
    outer loop
      vertex -7.66362 23.5862 0
      vertex -6.55568 23.8831 0.230335
      vertex -6.74352 23.8327 0.319877
    endloop
  endfacet
  facet normal 0.258849 -0.965918 -3.4739e-05
    outer loop
      vertex -6.55568 23.8831 0.230335
      vertex -7.66362 23.5862 0
      vertex -6.07247 24.0126 0
    endloop
  endfacet
  facet normal -0.891004 -0.453996 0
    outer loop
      vertex 22.6559 10.0871 0
      vertex 21.4774 12.4 13
      vertex 21.4774 12.4 0
    endloop
  endfacet
  facet normal -0.891004 -0.453996 0
    outer loop
      vertex 21.4774 12.4 13
      vertex 22.6559 10.0871 0
      vertex 22.6559 10.0871 13
    endloop
  endfacet
  facet normal 0.777142 -0.629326 0
    outer loop
      vertex -20.0636 14.5771 13
      vertex -18.43 16.5944 0
      vertex -18.43 16.5944 13
    endloop
  endfacet
  facet normal 0.777142 -0.629326 0
    outer loop
      vertex -18.43 16.5944 0
      vertex -20.0636 14.5771 13
      vertex -20.0636 14.5771 0
    endloop
  endfacet
  facet normal 0.891004 -0.453996 0
    outer loop
      vertex -22.6559 10.0871 13
      vertex -21.4774 12.4 0
      vertex -21.4774 12.4 13
    endloop
  endfacet
  facet normal 0.891004 -0.453996 0
    outer loop
      vertex -21.4774 12.4 0
      vertex -22.6559 10.0871 13
      vertex -22.6559 10.0871 0
    endloop
  endfacet
  facet normal 0.544688 -0.838638 0.000467584
    outer loop
      vertex -14.5771 20.0636 13
      vertex -13.7958 20.571 12.915
      vertex -13.7911 20.5741 13
    endloop
  endfacet
  facet normal 0.544654 -0.838661 2.227e-05
    outer loop
      vertex -14.5771 20.0636 13
      vertex -13.8475 20.5374 12
      vertex -13.7958 20.571 12.915
    endloop
  endfacet
  facet normal 0.544608 -0.838691 -2.60067e-05
    outer loop
      vertex -14.5771 20.0636 13
      vertex -13.7958 20.571 11.0849
      vertex -13.8475 20.5374 12
    endloop
  endfacet
  facet normal 0.544914 -0.838492 0.00015174
    outer loop
      vertex -14.5771 20.0636 13
      vertex -13.7658 20.5904 10.5532
      vertex -13.7958 20.571 11.0849
    endloop
  endfacet
  facet normal 0.543889 -0.839157 -0.000331612
    outer loop
      vertex -14.5771 20.0636 13
      vertex -13.6774 20.6479 10.0351
      vertex -13.7658 20.5904 10.5532
    endloop
  endfacet
  facet normal 0.544794 -0.83857 5.88403e-05
    outer loop
      vertex -14.5771 20.0636 13
      vertex -13.5223 20.7486 9.12575
      vertex -13.6774 20.6479 10.0351
    endloop
  endfacet
  facet normal 0.544642 -0.838669 0
    outer loop
      vertex -14.5771 20.0636 0
      vertex -13.5223 20.7486 9.12575
      vertex -14.5771 20.0636 13
    endloop
  endfacet
  facet normal 0.544657 -0.838659 -2.56853e-06
    outer loop
      vertex -14.5771 20.0636 0
      vertex -13.259 20.9196 8.21537
      vertex -13.5223 20.7486 9.12575
    endloop
  endfacet
  facet normal 0.544702 -0.83863 -1.27094e-05
    outer loop
      vertex -14.5771 20.0636 0
      vertex -13.1206 21.0095 7.73685
      vertex -13.259 20.9196 8.21537
    endloop
  endfacet
  facet normal 0.544576 -0.838712 2.10549e-05
    outer loop
      vertex -14.5771 20.0636 0
      vertex -12.7457 21.2529 6.83445
      vertex -13.1206 21.0095 7.73685
    endloop
  endfacet
  facet normal 0.544597 -0.838698 1.28669e-05
    outer loop
      vertex -14.5771 20.0636 0
      vertex -12.5672 21.3688 6.40471
      vertex -12.7457 21.2529 6.83445
    endloop
  endfacet
  facet normal 0.544677 -0.838646 -2.28407e-05
    outer loop
      vertex -14.5771 20.0636 0
      vertex -12.4 21.4774 6.10265
      vertex -12.5672 21.3688 6.40471
    endloop
  endfacet
  facet normal 0.544632 -0.838675 0
    outer loop
      vertex -12.4 21.4774 6.10265
      vertex -14.5771 20.0636 0
      vertex -12.4 21.4774 0
    endloop
  endfacet
  facet normal -0.358401 -0.933568 0
    outer loop
      vertex 7.66362 23.5862 0
      vertex 7.95041 23.4761 1.0572
      vertex 7.66362 23.5862 0.885288
    endloop
  endfacet
  facet normal -0.358374 -0.933578 -8.44103e-06
    outer loop
      vertex 7.66362 23.5862 0
      vertex 8.15386 23.398 1.21097
      vertex 7.95041 23.4761 1.0572
    endloop
  endfacet
  facet normal -0.358372 -0.933579 -9.11832e-06
    outer loop
      vertex 10.0871 22.6559 0
      vertex 8.15386 23.398 1.21097
      vertex 7.66362 23.5862 0
    endloop
  endfacet
  facet normal -0.358379 -0.933576 -2.11871e-05
    outer loop
      vertex 8.15386 23.398 1.21097
      vertex 10.0871 22.6559 0
      vertex 9.0825 23.0415 1.91286
    endloop
  endfacet
  facet normal -0.358344 -0.93359 0
    outer loop
      vertex 9.0825 23.0415 1.91286
      vertex 10.0871 22.6559 0
      vertex 10.0871 22.6559 2.85787
    endloop
  endfacet
  facet normal -0.838675 -0.544632 0
    outer loop
      vertex 21.4774 12.4 0
      vertex 20.0636 14.5771 13
      vertex 20.0636 14.5771 0
    endloop
  endfacet
  facet normal -0.838675 -0.544632 0
    outer loop
      vertex 20.0636 14.5771 13
      vertex 21.4774 12.4 0
      vertex 21.4774 12.4 13
    endloop
  endfacet
  facet normal 0.629326 -0.777142 0
    outer loop
      vertex -16.5944 18.43 0
      vertex -14.5771 20.0636 13
      vertex -16.5944 18.43 13
    endloop
  endfacet
  facet normal 0.629326 -0.777142 0
    outer loop
      vertex -14.5771 20.0636 13
      vertex -16.5944 18.43 0
      vertex -14.5771 20.0636 0
    endloop
  endfacet
  facet normal 0.998629 -0.0523524 0
    outer loop
      vertex -24.8 0 13
      vertex -24.6641 2.59231 0
      vertex -24.6641 2.59231 13
    endloop
  endfacet
  facet normal 0.998629 -0.0523524 0
    outer loop
      vertex -24.6641 2.59231 0
      vertex -24.8 0 13
      vertex -24.8 0 0
    endloop
  endfacet
  facet normal 0.707107 -0.707107 0
    outer loop
      vertex -18.43 16.5944 13
      vertex -16.5944 18.43 0
      vertex -16.5944 18.43 13
    endloop
  endfacet
  facet normal 0.707107 -0.707107 0
    outer loop
      vertex -16.5944 18.43 0
      vertex -18.43 16.5944 13
      vertex -18.43 16.5944 0
    endloop
  endfacet
  facet normal -0.629326 -0.777142 0
    outer loop
      vertex 14.5771 20.0636 0
      vertex 16.5944 18.43 13
      vertex 14.5771 20.0636 13
    endloop
  endfacet
  facet normal -0.629326 -0.777142 -0
    outer loop
      vertex 16.5944 18.43 13
      vertex 14.5771 20.0636 0
      vertex 16.5944 18.43 0
    endloop
  endfacet
  facet normal 0.933579 -0.358372 0
    outer loop
      vertex -23.5862 7.66362 13
      vertex -22.6559 10.0871 0
      vertex -22.6559 10.0871 13
    endloop
  endfacet
  facet normal 0.933579 -0.358372 0
    outer loop
      vertex -22.6559 10.0871 0
      vertex -23.5862 7.66362 13
      vertex -23.5862 7.66362 0
    endloop
  endfacet
  facet normal 0.965922 -0.258834 0
    outer loop
      vertex -24.2581 5.15621 13
      vertex -23.5862 7.66362 0
      vertex -23.5862 7.66362 13
    endloop
  endfacet
  facet normal 0.965922 -0.258834 0
    outer loop
      vertex -23.5862 7.66362 0
      vertex -24.2581 5.15621 13
      vertex -24.2581 5.15621 0
    endloop
  endfacet
  facet normal 0.987693 -0.156404 0
    outer loop
      vertex -24.6641 2.59231 13
      vertex -24.2581 5.15621 0
      vertex -24.2581 5.15621 13
    endloop
  endfacet
  facet normal 0.987693 -0.156404 0
    outer loop
      vertex -24.2581 5.15621 0
      vertex -24.6641 2.59231 13
      vertex -24.6641 2.59231 0
    endloop
  endfacet
  facet normal 0 0 -1
    outer loop
      vertex -6.3 0 13
      vertex -14.9476 10 13
      vertex -6.3 10 13
    endloop
  endfacet
  facet normal 0 0 -1
    outer loop
      vertex -14.9476 10 13
      vertex -18.43 16.5944 13
      vertex -16.5944 18.43 13
    endloop
  endfacet
  facet normal 0 0 -1
    outer loop
      vertex -14.9476 10 13
      vertex -20.0636 14.5771 13
      vertex -18.43 16.5944 13
    endloop
  endfacet
  facet normal 0 0 -1
    outer loop
      vertex -24.6641 2.59231 13
      vertex -14.9476 10 13
      vertex -6.3 0 13
    endloop
  endfacet
  facet normal 0 0 -1
    outer loop
      vertex -14.9476 10 13
      vertex -21.4774 12.4 13
      vertex -20.0636 14.5771 13
    endloop
  endfacet
  facet normal 0 0 -1
    outer loop
      vertex -14.9476 10 13
      vertex -22.6559 10.0871 13
      vertex -21.4774 12.4 13
    endloop
  endfacet
  facet normal -0 0 -1
    outer loop
      vertex -14.9476 10 13
      vertex -23.5862 7.66362 13
      vertex -22.6559 10.0871 13
    endloop
  endfacet
  facet normal 0 0 -1
    outer loop
      vertex -14.9476 10 13
      vertex -24.2581 5.15621 13
      vertex -23.5862 7.66362 13
    endloop
  endfacet
  facet normal 0 0 -1
    outer loop
      vertex -14.9476 10 13
      vertex -24.6641 2.59231 13
      vertex -24.2581 5.15621 13
    endloop
  endfacet
  facet normal 0 -0 -1
    outer loop
      vertex -24.6641 2.59231 13
      vertex -6.3 0 13
      vertex -24.8 0 13
    endloop
  endfacet
  facet normal 0 0 -1
    outer loop
      vertex -14.9476 10 13
      vertex -14.5771 20.0636 13
      vertex -13.7911 20.5741 13
    endloop
  endfacet
  facet normal 0 0 -1
    outer loop
      vertex -14.5771 20.0636 13
      vertex -14.9476 10 13
      vertex -16.5944 18.43 13
    endloop
  endfacet
  facet normal 0 0 -1
    outer loop
      vertex 14.9476 10 13
      vertex 24.6641 2.59231 13
      vertex 24.8 0 13
    endloop
  endfacet
  facet normal 0 0 -1
    outer loop
      vertex 24.6641 2.59231 13
      vertex 14.9476 10 13
      vertex 24.2581 5.15621 13
    endloop
  endfacet
  facet normal 0 0 -1
    outer loop
      vertex 24.2581 5.15621 13
      vertex 14.9476 10 13
      vertex 23.5862 7.66362 13
    endloop
  endfacet
  facet normal 0 0 -1
    outer loop
      vertex 23.5862 7.66362 13
      vertex 14.9476 10 13
      vertex 22.6559 10.0871 13
    endloop
  endfacet
  facet normal -0 0 -1
    outer loop
      vertex 22.6559 10.0871 13
      vertex 14.9476 10 13
      vertex 21.4774 12.4 13
    endloop
  endfacet
  facet normal -0 0 -1
    outer loop
      vertex 21.4774 12.4 13
      vertex 14.9476 10 13
      vertex 20.0636 14.5771 13
    endloop
  endfacet
  facet normal -0 0 -1
    outer loop
      vertex 20.0636 14.5771 13
      vertex 14.9476 10 13
      vertex 18.43 16.5944 13
    endloop
  endfacet
  facet normal -0 0 -1
    outer loop
      vertex 18.43 16.5944 13
      vertex 14.9476 10 13
      vertex 16.5944 18.43 13
    endloop
  endfacet
  facet normal 0 0 -1
    outer loop
      vertex 6.3 0 13
      vertex 14.9476 10 13
      vertex 24.8 0 13
    endloop
  endfacet
  facet normal -0 0 -1
    outer loop
      vertex 14.9476 10 13
      vertex 6.3 0 13
      vertex 6.3 10 13
    endloop
  endfacet
  facet normal 0 0 -1
    outer loop
      vertex 14.9476 10 13
      vertex 14.5771 20.0636 13
      vertex 16.5944 18.43 13
    endloop
  endfacet
  facet normal -0 -0 -1
    outer loop
      vertex 14.5771 20.0636 13
      vertex 14.9476 10 13
      vertex 13.7911 20.5741 13
    endloop
  endfacet
  facet normal 0 1 -0
    outer loop
      vertex 24.8 0 0
      vertex 6.3 0 13
      vertex 24.8 0 13
    endloop
  endfacet
  facet normal 0 1 0
    outer loop
      vertex 6.3 0 13
      vertex 24.8 0 0
      vertex 6.3 0 0
    endloop
  endfacet
  facet normal 0 1 -0
    outer loop
      vertex -6.3 0 0
      vertex -24.8 0 13
      vertex -6.3 0 13
    endloop
  endfacet
  facet normal 0 1 0
    outer loop
      vertex -24.8 0 13
      vertex -6.3 0 0
      vertex -24.8 0 0
    endloop
  endfacet
  facet normal -0.156741 0.98764 0
    outer loop
      vertex -21.6465 -67.6628 0
      vertex -21.8223 -67.6907 17
      vertex -21.6465 -67.6628 17
    endloop
  endfacet
  facet normal -0.156741 0.98764 0
    outer loop
      vertex -21.8223 -67.6907 17
      vertex -21.6465 -67.6628 0
      vertex -21.8223 -67.6907 0
    endloop
  endfacet
  facet normal -0.987626 -0.156828 0
    outer loop
      vertex -20.3093 -65.8223 0
      vertex -20.3372 -65.6466 17
      vertex -20.3372 -65.6466 0
    endloop
  endfacet
  facet normal -0.987626 -0.156828 0
    outer loop
      vertex -20.3372 -65.6466 17
      vertex -20.3093 -65.8223 0
      vertex -20.3093 -65.8223 17
    endloop
  endfacet
  facet normal -0.998633 -0.0522639 0
    outer loop
      vertex -20.3 -66 0
      vertex -20.3093 -65.8223 17
      vertex -20.3093 -65.8223 0
    endloop
  endfacet
  facet normal -0.998633 -0.0522639 0
    outer loop
      vertex -20.3093 -65.8223 17
      vertex -20.3 -66 0
      vertex -20.3 -66 17
    endloop
  endfacet
  facet normal -0.987626 0.156828 0
    outer loop
      vertex -20.3372 -66.3534 0
      vertex -20.3093 -66.1777 17
      vertex -20.3093 -66.1777 0
    endloop
  endfacet
  facet normal -0.987626 0.156828 0
    outer loop
      vertex -20.3093 -66.1777 17
      vertex -20.3372 -66.3534 0
      vertex -20.3372 -66.3534 17
    endloop
  endfacet
  facet normal -0.358377 -0.933577 0
    outer loop
      vertex -21.4747 -64.3832 0
      vertex -21.3085 -64.447 17
      vertex -21.4747 -64.3832 17
    endloop
  endfacet
  facet normal -0.358377 -0.933577 -0
    outer loop
      vertex -21.3085 -64.447 17
      vertex -21.4747 -64.3832 0
      vertex -21.3085 -64.447 0
    endloop
  endfacet
  facet normal -0.45417 0.890915 0
    outer loop
      vertex -21.15 -67.4722 0
      vertex -21.3085 -67.553 17
      vertex -21.15 -67.4722 17
    endloop
  endfacet
  facet normal -0.45417 0.890915 0
    outer loop
      vertex -21.3085 -67.553 17
      vertex -21.15 -67.4722 0
      vertex -21.3085 -67.553 0
    endloop
  endfacet
  facet normal -0.45417 -0.890915 0
    outer loop
      vertex -21.3085 -64.447 0
      vertex -21.15 -64.5278 17
      vertex -21.3085 -64.447 17
    endloop
  endfacet
  facet normal -0.45417 -0.890915 -0
    outer loop
      vertex -21.15 -64.5278 17
      vertex -21.3085 -64.447 0
      vertex -21.15 -64.5278 0
    endloop
  endfacet
  facet normal -0.258642 -0.965973 0
    outer loop
      vertex -21.6465 -64.3372 0
      vertex -21.4747 -64.3832 17
      vertex -21.6465 -64.3372 17
    endloop
  endfacet
  facet normal -0.258642 -0.965973 -0
    outer loop
      vertex -21.4747 -64.3832 17
      vertex -21.6465 -64.3372 0
      vertex -21.4747 -64.3832 0
    endloop
  endfacet
  facet normal 0.358377 -0.933577 0
    outer loop
      vertex -22.6915 -64.447 0
      vertex -22.5253 -64.3832 17
      vertex -22.6915 -64.447 17
    endloop
  endfacet
  facet normal 0.358377 -0.933577 0
    outer loop
      vertex -22.5253 -64.3832 17
      vertex -22.6915 -64.447 0
      vertex -22.5253 -64.3832 0
    endloop
  endfacet
  facet normal -0.777127 0.629344 0
    outer loop
      vertex -20.7367 -67.1375 0
      vertex -20.6247 -66.9992 17
      vertex -20.6247 -66.9992 0
    endloop
  endfacet
  facet normal -0.777127 0.629344 0
    outer loop
      vertex -20.6247 -66.9992 17
      vertex -20.7367 -67.1375 0
      vertex -20.7367 -67.1375 17
    endloop
  endfacet
  facet normal -0.358377 0.933577 0
    outer loop
      vertex -21.3085 -67.553 0
      vertex -21.4747 -67.6168 17
      vertex -21.3085 -67.553 17
    endloop
  endfacet
  facet normal -0.358377 0.933577 0
    outer loop
      vertex -21.4747 -67.6168 17
      vertex -21.3085 -67.553 0
      vertex -21.4747 -67.6168 0
    endloop
  endfacet
  facet normal 0.890915 -0.45417 0
    outer loop
      vertex -23.553 -65.3085 17
      vertex -23.4722 -65.15 0
      vertex -23.4722 -65.15 17
    endloop
  endfacet
  facet normal 0.890915 -0.45417 0
    outer loop
      vertex -23.4722 -65.15 0
      vertex -23.553 -65.3085 17
      vertex -23.553 -65.3085 0
    endloop
  endfacet
  facet normal 0.629344 0.777127 -0
    outer loop
      vertex -22.9992 -67.3753 0
      vertex -23.1375 -67.2633 17
      vertex -22.9992 -67.3753 17
    endloop
  endfacet
  facet normal 0.629344 0.777127 0
    outer loop
      vertex -23.1375 -67.2633 17
      vertex -22.9992 -67.3753 0
      vertex -23.1375 -67.2633 0
    endloop
  endfacet
  facet normal -0.258642 0.965973 0
    outer loop
      vertex -21.4747 -67.6168 0
      vertex -21.6465 -67.6628 17
      vertex -21.4747 -67.6168 17
    endloop
  endfacet
  facet normal -0.258642 0.965973 0
    outer loop
      vertex -21.6465 -67.6628 17
      vertex -21.4747 -67.6168 0
      vertex -21.6465 -67.6628 0
    endloop
  endfacet
  facet normal -0.998633 0.0522639 0
    outer loop
      vertex -20.3093 -66.1777 0
      vertex -20.3 -66 17
      vertex -20.3 -66 0
    endloop
  endfacet
  facet normal -0.998633 0.0522639 0
    outer loop
      vertex -20.3 -66 17
      vertex -20.3093 -66.1777 0
      vertex -20.3093 -66.1777 17
    endloop
  endfacet
  facet normal 0.258642 0.965973 -0
    outer loop
      vertex -22.3535 -67.6628 0
      vertex -22.5253 -67.6168 17
      vertex -22.3535 -67.6628 17
    endloop
  endfacet
  facet normal 0.258642 0.965973 0
    outer loop
      vertex -22.5253 -67.6168 17
      vertex -22.3535 -67.6628 0
      vertex -22.5253 -67.6168 0
    endloop
  endfacet
  facet normal -0.544672 -0.838649 0
    outer loop
      vertex -21.15 -64.5278 0
      vertex -21.0008 -64.6247 17
      vertex -21.15 -64.5278 17
    endloop
  endfacet
  facet normal -0.544672 -0.838649 -0
    outer loop
      vertex -21.0008 -64.6247 17
      vertex -21.15 -64.5278 0
      vertex -21.0008 -64.6247 0
    endloop
  endfacet
  facet normal 0.0522639 0.998633 -0
    outer loop
      vertex -22 -67.7 0
      vertex -22.1777 -67.6907 17
      vertex -22 -67.7 17
    endloop
  endfacet
  facet normal 0.0522639 0.998633 0
    outer loop
      vertex -22.1777 -67.6907 17
      vertex -22 -67.7 0
      vertex -22.1777 -67.6907 0
    endloop
  endfacet
  facet normal -0.838649 -0.544672 0
    outer loop
      vertex -20.5278 -65.15 0
      vertex -20.6247 -65.0008 17
      vertex -20.6247 -65.0008 0
    endloop
  endfacet
  facet normal -0.838649 -0.544672 0
    outer loop
      vertex -20.6247 -65.0008 17
      vertex -20.5278 -65.15 0
      vertex -20.5278 -65.15 17
    endloop
  endfacet
  facet normal -0.0522639 0.998633 0
    outer loop
      vertex -21.8223 -67.6907 0
      vertex -22 -67.7 17
      vertex -21.8223 -67.6907 17
    endloop
  endfacet
  facet normal -0.0522639 0.998633 0
    outer loop
      vertex -22 -67.7 17
      vertex -21.8223 -67.6907 0
      vertex -22 -67.7 0
    endloop
  endfacet
  facet normal 0.45417 -0.890915 0
    outer loop
      vertex -22.85 -64.5278 0
      vertex -22.6915 -64.447 17
      vertex -22.85 -64.5278 17
    endloop
  endfacet
  facet normal 0.45417 -0.890915 0
    outer loop
      vertex -22.6915 -64.447 17
      vertex -22.85 -64.5278 0
      vertex -22.6915 -64.447 0
    endloop
  endfacet
  facet normal -0.890915 -0.45417 0
    outer loop
      vertex -20.447 -65.3085 0
      vertex -20.5278 -65.15 17
      vertex -20.5278 -65.15 0
    endloop
  endfacet
  facet normal -0.890915 -0.45417 0
    outer loop
      vertex -20.5278 -65.15 17
      vertex -20.447 -65.3085 0
      vertex -20.447 -65.3085 17
    endloop
  endfacet
  facet normal 0.987626 -0.156828 0
    outer loop
      vertex -23.6907 -65.8223 17
      vertex -23.6628 -65.6466 0
      vertex -23.6628 -65.6466 17
    endloop
  endfacet
  facet normal 0.987626 -0.156828 0
    outer loop
      vertex -23.6628 -65.6466 0
      vertex -23.6907 -65.8223 17
      vertex -23.6907 -65.8223 0
    endloop
  endfacet
  facet normal 0.933577 0.358377 0
    outer loop
      vertex -23.553 -66.6915 17
      vertex -23.6168 -66.5253 0
      vertex -23.6168 -66.5253 17
    endloop
  endfacet
  facet normal 0.933577 0.358377 0
    outer loop
      vertex -23.6168 -66.5253 0
      vertex -23.553 -66.6915 17
      vertex -23.553 -66.6915 0
    endloop
  endfacet
  facet normal 0.987626 0.156828 0
    outer loop
      vertex -23.6628 -66.3534 17
      vertex -23.6907 -66.1777 0
      vertex -23.6907 -66.1777 17
    endloop
  endfacet
  facet normal 0.987626 0.156828 0
    outer loop
      vertex -23.6907 -66.1777 0
      vertex -23.6628 -66.3534 17
      vertex -23.6628 -66.3534 0
    endloop
  endfacet
  facet normal -0.707107 0.707107 0
    outer loop
      vertex -20.8625 -67.2633 0
      vertex -20.7367 -67.1375 17
      vertex -20.7367 -67.1375 0
    endloop
  endfacet
  facet normal -0.707107 0.707107 0
    outer loop
      vertex -20.7367 -67.1375 17
      vertex -20.8625 -67.2633 0
      vertex -20.8625 -67.2633 17
    endloop
  endfacet
  facet normal -0.933577 -0.358377 0
    outer loop
      vertex -20.3832 -65.4747 0
      vertex -20.447 -65.3085 17
      vertex -20.447 -65.3085 0
    endloop
  endfacet
  facet normal -0.933577 -0.358377 0
    outer loop
      vertex -20.447 -65.3085 17
      vertex -20.3832 -65.4747 0
      vertex -20.3832 -65.4747 17
    endloop
  endfacet
  facet normal 0.777127 0.629344 0
    outer loop
      vertex -23.2633 -67.1375 17
      vertex -23.3753 -66.9992 0
      vertex -23.3753 -66.9992 17
    endloop
  endfacet
  facet normal 0.777127 0.629344 0
    outer loop
      vertex -23.3753 -66.9992 0
      vertex -23.2633 -67.1375 17
      vertex -23.2633 -67.1375 0
    endloop
  endfacet
  facet normal -0.777127 -0.629344 0
    outer loop
      vertex -20.6247 -65.0008 0
      vertex -20.7367 -64.8625 17
      vertex -20.7367 -64.8625 0
    endloop
  endfacet
  facet normal -0.777127 -0.629344 0
    outer loop
      vertex -20.7367 -64.8625 17
      vertex -20.6247 -65.0008 0
      vertex -20.6247 -65.0008 17
    endloop
  endfacet
  facet normal 0.777127 -0.629344 0
    outer loop
      vertex -23.3753 -65.0008 17
      vertex -23.2633 -64.8625 0
      vertex -23.2633 -64.8625 17
    endloop
  endfacet
  facet normal 0.777127 -0.629344 0
    outer loop
      vertex -23.2633 -64.8625 0
      vertex -23.3753 -65.0008 17
      vertex -23.3753 -65.0008 0
    endloop
  endfacet
  facet normal 0.629344 -0.777127 0
    outer loop
      vertex -23.1375 -64.7367 0
      vertex -22.9992 -64.6247 17
      vertex -23.1375 -64.7367 17
    endloop
  endfacet
  facet normal 0.629344 -0.777127 0
    outer loop
      vertex -22.9992 -64.6247 17
      vertex -23.1375 -64.7367 0
      vertex -22.9992 -64.6247 0
    endloop
  endfacet
  facet normal 0.544672 0.838649 -0
    outer loop
      vertex -22.85 -67.4722 0
      vertex -22.9992 -67.3753 17
      vertex -22.85 -67.4722 17
    endloop
  endfacet
  facet normal 0.544672 0.838649 0
    outer loop
      vertex -22.9992 -67.3753 17
      vertex -22.85 -67.4722 0
      vertex -22.9992 -67.3753 0
    endloop
  endfacet
  facet normal -0.707107 -0.707107 0
    outer loop
      vertex -20.7367 -64.8625 0
      vertex -20.8625 -64.7367 17
      vertex -20.8625 -64.7367 0
    endloop
  endfacet
  facet normal -0.707107 -0.707107 0
    outer loop
      vertex -20.8625 -64.7367 17
      vertex -20.7367 -64.8625 0
      vertex -20.7367 -64.8625 17
    endloop
  endfacet
  facet normal -0.966011 0.258502 0
    outer loop
      vertex -20.3832 -66.5253 0
      vertex -20.3372 -66.3534 17
      vertex -20.3372 -66.3534 0
    endloop
  endfacet
  facet normal -0.966011 0.258502 0
    outer loop
      vertex -20.3372 -66.3534 17
      vertex -20.3832 -66.5253 0
      vertex -20.3832 -66.5253 17
    endloop
  endfacet
  facet normal 0.156741 0.98764 -0
    outer loop
      vertex -22.1777 -67.6907 0
      vertex -22.3535 -67.6628 17
      vertex -22.1777 -67.6907 17
    endloop
  endfacet
  facet normal 0.156741 0.98764 0
    outer loop
      vertex -22.3535 -67.6628 17
      vertex -22.1777 -67.6907 0
      vertex -22.3535 -67.6628 0
    endloop
  endfacet
  facet normal 0.838649 -0.544672 0
    outer loop
      vertex -23.4722 -65.15 17
      vertex -23.3753 -65.0008 0
      vertex -23.3753 -65.0008 17
    endloop
  endfacet
  facet normal 0.838649 -0.544672 0
    outer loop
      vertex -23.3753 -65.0008 0
      vertex -23.4722 -65.15 17
      vertex -23.4722 -65.15 0
    endloop
  endfacet
  facet normal 0.156741 -0.98764 0
    outer loop
      vertex -22.3535 -64.3372 0
      vertex -22.1777 -64.3093 17
      vertex -22.3535 -64.3372 17
    endloop
  endfacet
  facet normal 0.156741 -0.98764 0
    outer loop
      vertex -22.1777 -64.3093 17
      vertex -22.3535 -64.3372 0
      vertex -22.1777 -64.3093 0
    endloop
  endfacet
  facet normal 0.258642 -0.965973 0
    outer loop
      vertex -22.5253 -64.3832 0
      vertex -22.3535 -64.3372 17
      vertex -22.5253 -64.3832 17
    endloop
  endfacet
  facet normal 0.258642 -0.965973 0
    outer loop
      vertex -22.3535 -64.3372 17
      vertex -22.5253 -64.3832 0
      vertex -22.3535 -64.3372 0
    endloop
  endfacet
  facet normal 0.544672 -0.838649 0
    outer loop
      vertex -22.9992 -64.6247 0
      vertex -22.85 -64.5278 17
      vertex -22.9992 -64.6247 17
    endloop
  endfacet
  facet normal 0.544672 -0.838649 0
    outer loop
      vertex -22.85 -64.5278 17
      vertex -22.9992 -64.6247 0
      vertex -22.85 -64.5278 0
    endloop
  endfacet
  facet normal -0.629344 -0.777127 0
    outer loop
      vertex -21.0008 -64.6247 0
      vertex -20.8625 -64.7367 17
      vertex -21.0008 -64.6247 17
    endloop
  endfacet
  facet normal -0.629344 -0.777127 -0
    outer loop
      vertex -20.8625 -64.7367 17
      vertex -21.0008 -64.6247 0
      vertex -20.8625 -64.7367 0
    endloop
  endfacet
  facet normal 0.966011 0.258502 0
    outer loop
      vertex -23.6168 -66.5253 17
      vertex -23.6628 -66.3534 0
      vertex -23.6628 -66.3534 17
    endloop
  endfacet
  facet normal 0.966011 0.258502 0
    outer loop
      vertex -23.6628 -66.3534 0
      vertex -23.6168 -66.5253 17
      vertex -23.6168 -66.5253 0
    endloop
  endfacet
  facet normal 0.966011 -0.258502 0
    outer loop
      vertex -23.6628 -65.6466 17
      vertex -23.6168 -65.4747 0
      vertex -23.6168 -65.4747 17
    endloop
  endfacet
  facet normal 0.966011 -0.258502 0
    outer loop
      vertex -23.6168 -65.4747 0
      vertex -23.6628 -65.6466 17
      vertex -23.6628 -65.6466 0
    endloop
  endfacet
  facet normal -0.966011 -0.258502 0
    outer loop
      vertex -20.3372 -65.6466 0
      vertex -20.3832 -65.4747 17
      vertex -20.3832 -65.4747 0
    endloop
  endfacet
  facet normal -0.966011 -0.258502 0
    outer loop
      vertex -20.3832 -65.4747 17
      vertex -20.3372 -65.6466 0
      vertex -20.3372 -65.6466 17
    endloop
  endfacet
  facet normal -0.933577 0.358377 0
    outer loop
      vertex -20.447 -66.6915 0
      vertex -20.3832 -66.5253 17
      vertex -20.3832 -66.5253 0
    endloop
  endfacet
  facet normal -0.933577 0.358377 0
    outer loop
      vertex -20.3832 -66.5253 17
      vertex -20.447 -66.6915 0
      vertex -20.447 -66.6915 17
    endloop
  endfacet
  facet normal 0.998633 0.0522639 0
    outer loop
      vertex -23.6907 -66.1777 17
      vertex -23.7 -66 0
      vertex -23.7 -66 17
    endloop
  endfacet
  facet normal 0.998633 0.0522639 0
    outer loop
      vertex -23.7 -66 0
      vertex -23.6907 -66.1777 17
      vertex -23.6907 -66.1777 0
    endloop
  endfacet
  facet normal 0.707107 -0.707107 0
    outer loop
      vertex -23.2633 -64.8625 17
      vertex -23.1375 -64.7367 0
      vertex -23.1375 -64.7367 17
    endloop
  endfacet
  facet normal 0.707107 -0.707107 0
    outer loop
      vertex -23.1375 -64.7367 0
      vertex -23.2633 -64.8625 17
      vertex -23.2633 -64.8625 0
    endloop
  endfacet
  facet normal -0.544672 0.838649 0
    outer loop
      vertex -21.0008 -67.3753 0
      vertex -21.15 -67.4722 17
      vertex -21.0008 -67.3753 17
    endloop
  endfacet
  facet normal -0.544672 0.838649 0
    outer loop
      vertex -21.15 -67.4722 17
      vertex -21.0008 -67.3753 0
      vertex -21.15 -67.4722 0
    endloop
  endfacet
  facet normal 0.0522639 -0.998633 0
    outer loop
      vertex -22.1777 -64.3093 0
      vertex -22 -64.3 17
      vertex -22.1777 -64.3093 17
    endloop
  endfacet
  facet normal 0.0522639 -0.998633 0
    outer loop
      vertex -22 -64.3 17
      vertex -22.1777 -64.3093 0
      vertex -22 -64.3 0
    endloop
  endfacet
  facet normal 0.890915 0.45417 0
    outer loop
      vertex -23.4722 -66.85 17
      vertex -23.553 -66.6915 0
      vertex -23.553 -66.6915 17
    endloop
  endfacet
  facet normal 0.890915 0.45417 0
    outer loop
      vertex -23.553 -66.6915 0
      vertex -23.4722 -66.85 17
      vertex -23.4722 -66.85 0
    endloop
  endfacet
  facet normal -0.0522639 -0.998633 0
    outer loop
      vertex -22 -64.3 0
      vertex -21.8223 -64.3093 17
      vertex -22 -64.3 17
    endloop
  endfacet
  facet normal -0.0522639 -0.998633 -0
    outer loop
      vertex -21.8223 -64.3093 17
      vertex -22 -64.3 0
      vertex -21.8223 -64.3093 0
    endloop
  endfacet
  facet normal -0.890915 0.45417 0
    outer loop
      vertex -20.5278 -66.85 0
      vertex -20.447 -66.6915 17
      vertex -20.447 -66.6915 0
    endloop
  endfacet
  facet normal -0.890915 0.45417 0
    outer loop
      vertex -20.447 -66.6915 17
      vertex -20.5278 -66.85 0
      vertex -20.5278 -66.85 17
    endloop
  endfacet
  facet normal -0.629344 0.777127 0
    outer loop
      vertex -20.8625 -67.2633 0
      vertex -21.0008 -67.3753 17
      vertex -20.8625 -67.2633 17
    endloop
  endfacet
  facet normal -0.629344 0.777127 0
    outer loop
      vertex -21.0008 -67.3753 17
      vertex -20.8625 -67.2633 0
      vertex -21.0008 -67.3753 0
    endloop
  endfacet
  facet normal -0.838649 0.544672 0
    outer loop
      vertex -20.6247 -66.9992 0
      vertex -20.5278 -66.85 17
      vertex -20.5278 -66.85 0
    endloop
  endfacet
  facet normal -0.838649 0.544672 0
    outer loop
      vertex -20.5278 -66.85 17
      vertex -20.6247 -66.9992 0
      vertex -20.6247 -66.9992 17
    endloop
  endfacet
  facet normal 0.838649 0.544672 0
    outer loop
      vertex -23.3753 -66.9992 17
      vertex -23.4722 -66.85 0
      vertex -23.4722 -66.85 17
    endloop
  endfacet
  facet normal 0.838649 0.544672 0
    outer loop
      vertex -23.4722 -66.85 0
      vertex -23.3753 -66.9992 17
      vertex -23.3753 -66.9992 0
    endloop
  endfacet
  facet normal 0.933577 -0.358377 0
    outer loop
      vertex -23.6168 -65.4747 17
      vertex -23.553 -65.3085 0
      vertex -23.553 -65.3085 17
    endloop
  endfacet
  facet normal 0.933577 -0.358377 0
    outer loop
      vertex -23.553 -65.3085 0
      vertex -23.6168 -65.4747 17
      vertex -23.6168 -65.4747 0
    endloop
  endfacet
  facet normal 0.998633 -0.0522639 0
    outer loop
      vertex -23.7 -66 17
      vertex -23.6907 -65.8223 0
      vertex -23.6907 -65.8223 17
    endloop
  endfacet
  facet normal 0.998633 -0.0522639 0
    outer loop
      vertex -23.6907 -65.8223 0
      vertex -23.7 -66 17
      vertex -23.7 -66 0
    endloop
  endfacet
  facet normal 0.45417 0.890915 -0
    outer loop
      vertex -22.6915 -67.553 0
      vertex -22.85 -67.4722 17
      vertex -22.6915 -67.553 17
    endloop
  endfacet
  facet normal 0.45417 0.890915 0
    outer loop
      vertex -22.85 -67.4722 17
      vertex -22.6915 -67.553 0
      vertex -22.85 -67.4722 0
    endloop
  endfacet
  facet normal 0.707107 0.707107 0
    outer loop
      vertex -23.1375 -67.2633 17
      vertex -23.2633 -67.1375 0
      vertex -23.2633 -67.1375 17
    endloop
  endfacet
  facet normal 0.707107 0.707107 0
    outer loop
      vertex -23.2633 -67.1375 0
      vertex -23.1375 -67.2633 17
      vertex -23.1375 -67.2633 0
    endloop
  endfacet
  facet normal -0.156741 -0.98764 0
    outer loop
      vertex -21.8223 -64.3093 0
      vertex -21.6465 -64.3372 17
      vertex -21.8223 -64.3093 17
    endloop
  endfacet
  facet normal -0.156741 -0.98764 -0
    outer loop
      vertex -21.6465 -64.3372 17
      vertex -21.8223 -64.3093 0
      vertex -21.6465 -64.3372 0
    endloop
  endfacet
  facet normal 0.358377 0.933577 -0
    outer loop
      vertex -22.5253 -67.6168 0
      vertex -22.6915 -67.553 17
      vertex -22.5253 -67.6168 17
    endloop
  endfacet
  facet normal 0.358377 0.933577 0
    outer loop
      vertex -22.6915 -67.553 17
      vertex -22.5253 -67.6168 0
      vertex -22.6915 -67.553 0
    endloop
  endfacet
  facet normal 0.933595 0.358329 0
    outer loop
      vertex -24.969 -67.3219 22
      vertex -25.0909 -67.0043 17
      vertex -25.0909 -67.0043 22
    endloop
  endfacet
  facet normal 0.933595 0.358329 0
    outer loop
      vertex -25.0909 -67.0043 17
      vertex -24.969 -67.3219 22
      vertex -24.969 -67.3219 17
    endloop
  endfacet
  facet normal -0.987696 -0.156385 0
    outer loop
      vertex -18.7678 -65.6603 17
      vertex -18.821 -65.3243 22
      vertex -18.821 -65.3243 17
    endloop
  endfacet
  facet normal -0.987696 -0.156385 0
    outer loop
      vertex -18.821 -65.3243 22
      vertex -18.7678 -65.6603 17
      vertex -18.7678 -65.6603 22
    endloop
  endfacet
  facet normal -0.99863 -0.0523274 0
    outer loop
      vertex -18.75 -66 17
      vertex -18.7678 -65.6603 22
      vertex -18.7678 -65.6603 17
    endloop
  endfacet
  facet normal -0.99863 -0.0523274 0
    outer loop
      vertex -18.7678 -65.6603 22
      vertex -18.75 -66 17
      vertex -18.75 -66 22
    endloop
  endfacet
  facet normal -0.965888 -0.258961 0
    outer loop
      vertex -18.821 -65.3243 17
      vertex -18.9091 -64.9957 22
      vertex -18.9091 -64.9957 17
    endloop
  endfacet
  facet normal -0.965888 -0.258961 0
    outer loop
      vertex -18.9091 -64.9957 22
      vertex -18.821 -65.3243 17
      vertex -18.821 -65.3243 22
    endloop
  endfacet
  facet normal 0.544689 -0.838638 0
    outer loop
      vertex -23.9103 -63.3707 17
      vertex -23.625 -63.1854 22
      vertex -23.9103 -63.3707 22
    endloop
  endfacet
  facet normal 0.544689 -0.838638 0
    outer loop
      vertex -23.625 -63.1854 22
      vertex -23.9103 -63.3707 17
      vertex -23.625 -63.1854 17
    endloop
  endfacet
  facet normal -0.0523274 0.99863 0
    outer loop
      vertex -21.6603 -69.2322 17
      vertex -22 -69.25 22
      vertex -21.6603 -69.2322 22
    endloop
  endfacet
  facet normal -0.0523274 0.99863 0
    outer loop
      vertex -22 -69.25 22
      vertex -21.6603 -69.2322 17
      vertex -22 -69.25 17
    endloop
  endfacet
  facet normal 0.965888 0.258961 0
    outer loop
      vertex -25.0909 -67.0043 22
      vertex -25.179 -66.6757 17
      vertex -25.179 -66.6757 22
    endloop
  endfacet
  facet normal 0.965888 0.258961 0
    outer loop
      vertex -25.179 -66.6757 17
      vertex -25.0909 -67.0043 22
      vertex -25.0909 -67.0043 17
    endloop
  endfacet
  facet normal -0.0523274 -0.99863 0
    outer loop
      vertex -22 -62.75 17
      vertex -21.6603 -62.7678 22
      vertex -22 -62.75 22
    endloop
  endfacet
  facet normal -0.0523274 -0.99863 -0
    outer loop
      vertex -21.6603 -62.7678 22
      vertex -22 -62.75 17
      vertex -21.6603 -62.7678 17
    endloop
  endfacet
  facet normal -0.258961 0.965888 0
    outer loop
      vertex -20.9957 -69.0909 17
      vertex -21.3243 -69.179 22
      vertex -20.9957 -69.0909 22
    endloop
  endfacet
  facet normal -0.258961 0.965888 0
    outer loop
      vertex -21.3243 -69.179 22
      vertex -20.9957 -69.0909 17
      vertex -21.3243 -69.179 17
    endloop
  endfacet
  facet normal -0.707107 -0.707107 0
    outer loop
      vertex -19.5848 -63.8253 17
      vertex -19.8253 -63.5848 22
      vertex -19.8253 -63.5848 17
    endloop
  endfacet
  facet normal -0.707107 -0.707107 0
    outer loop
      vertex -19.8253 -63.5848 22
      vertex -19.5848 -63.8253 17
      vertex -19.5848 -63.8253 22
    endloop
  endfacet
  facet normal 0.629308 0.777156 -0
    outer loop
      vertex -23.9103 -68.6293 17
      vertex -24.1747 -68.4152 22
      vertex -23.9103 -68.6293 22
    endloop
  endfacet
  facet normal 0.629308 0.777156 0
    outer loop
      vertex -24.1747 -68.4152 22
      vertex -23.9103 -68.6293 17
      vertex -24.1747 -68.4152 17
    endloop
  endfacet
  facet normal -0.987696 0.156385 0
    outer loop
      vertex -18.821 -66.6757 17
      vertex -18.7678 -66.3397 22
      vertex -18.7678 -66.3397 17
    endloop
  endfacet
  facet normal -0.987696 0.156385 0
    outer loop
      vertex -18.7678 -66.3397 22
      vertex -18.821 -66.6757 17
      vertex -18.821 -66.6757 22
    endloop
  endfacet
  facet normal 0.707107 0.707107 0
    outer loop
      vertex -24.1747 -68.4152 22
      vertex -24.4152 -68.1747 17
      vertex -24.4152 -68.1747 22
    endloop
  endfacet
  facet normal 0.707107 0.707107 0
    outer loop
      vertex -24.4152 -68.1747 17
      vertex -24.1747 -68.4152 22
      vertex -24.1747 -68.4152 17
    endloop
  endfacet
  facet normal -0.838638 -0.544689 0
    outer loop
      vertex -19.1854 -64.375 17
      vertex -19.3707 -64.0897 22
      vertex -19.3707 -64.0897 17
    endloop
  endfacet
  facet normal -0.838638 -0.544689 0
    outer loop
      vertex -19.3707 -64.0897 22
      vertex -19.1854 -64.375 17
      vertex -19.1854 -64.375 22
    endloop
  endfacet
  facet normal -0.99863 0.0523274 0
    outer loop
      vertex -18.7678 -66.3397 17
      vertex -18.75 -66 22
      vertex -18.75 -66 17
    endloop
  endfacet
  facet normal -0.99863 0.0523274 0
    outer loop
      vertex -18.75 -66 22
      vertex -18.7678 -66.3397 17
      vertex -18.7678 -66.3397 22
    endloop
  endfacet
  facet normal -0.156385 -0.987696 0
    outer loop
      vertex -21.6603 -62.7678 17
      vertex -21.3243 -62.821 22
      vertex -21.6603 -62.7678 22
    endloop
  endfacet
  facet normal -0.156385 -0.987696 -0
    outer loop
      vertex -21.3243 -62.821 22
      vertex -21.6603 -62.7678 17
      vertex -21.3243 -62.821 17
    endloop
  endfacet
  facet normal -0.544689 -0.838638 0
    outer loop
      vertex -20.375 -63.1854 17
      vertex -20.0897 -63.3707 22
      vertex -20.375 -63.1854 22
    endloop
  endfacet
  facet normal -0.544689 -0.838638 -0
    outer loop
      vertex -20.0897 -63.3707 22
      vertex -20.375 -63.1854 17
      vertex -20.0897 -63.3707 17
    endloop
  endfacet
  facet normal -0.358329 0.933595 0
    outer loop
      vertex -20.6781 -68.969 17
      vertex -20.9957 -69.0909 22
      vertex -20.6781 -68.969 22
    endloop
  endfacet
  facet normal -0.358329 0.933595 0
    outer loop
      vertex -20.9957 -69.0909 22
      vertex -20.6781 -68.969 17
      vertex -20.9957 -69.0909 17
    endloop
  endfacet
  facet normal 0.258961 -0.965888 0
    outer loop
      vertex -23.0043 -62.9091 17
      vertex -22.6757 -62.821 22
      vertex -23.0043 -62.9091 22
    endloop
  endfacet
  facet normal 0.258961 -0.965888 0
    outer loop
      vertex -22.6757 -62.821 22
      vertex -23.0043 -62.9091 17
      vertex -22.6757 -62.821 17
    endloop
  endfacet
  facet normal -0.358329 -0.933595 0
    outer loop
      vertex -20.9957 -62.9091 17
      vertex -20.6781 -63.031 22
      vertex -20.9957 -62.9091 22
    endloop
  endfacet
  facet normal -0.358329 -0.933595 -0
    outer loop
      vertex -20.6781 -63.031 22
      vertex -20.9957 -62.9091 17
      vertex -20.6781 -63.031 17
    endloop
  endfacet
  facet normal -0.965888 0.258961 0
    outer loop
      vertex -18.9091 -67.0043 17
      vertex -18.821 -66.6757 22
      vertex -18.821 -66.6757 17
    endloop
  endfacet
  facet normal -0.965888 0.258961 0
    outer loop
      vertex -18.821 -66.6757 22
      vertex -18.9091 -67.0043 17
      vertex -18.9091 -67.0043 22
    endloop
  endfacet
  facet normal -0.453904 -0.891051 0
    outer loop
      vertex -20.6781 -63.031 17
      vertex -20.375 -63.1854 22
      vertex -20.6781 -63.031 22
    endloop
  endfacet
  facet normal -0.453904 -0.891051 -0
    outer loop
      vertex -20.375 -63.1854 22
      vertex -20.6781 -63.031 17
      vertex -20.375 -63.1854 17
    endloop
  endfacet
  facet normal 0.987696 -0.156385 0
    outer loop
      vertex -25.2322 -65.6603 22
      vertex -25.179 -65.3243 17
      vertex -25.179 -65.3243 22
    endloop
  endfacet
  facet normal 0.987696 -0.156385 0
    outer loop
      vertex -25.179 -65.3243 17
      vertex -25.2322 -65.6603 22
      vertex -25.2322 -65.6603 17
    endloop
  endfacet
  facet normal 0.258961 0.965888 -0
    outer loop
      vertex -22.6757 -69.179 17
      vertex -23.0043 -69.0909 22
      vertex -22.6757 -69.179 22
    endloop
  endfacet
  facet normal 0.258961 0.965888 0
    outer loop
      vertex -23.0043 -69.0909 22
      vertex -22.6757 -69.179 17
      vertex -23.0043 -69.0909 17
    endloop
  endfacet
  facet normal -0.838638 0.544689 0
    outer loop
      vertex -19.3707 -67.9103 17
      vertex -19.1854 -67.625 22
      vertex -19.1854 -67.625 17
    endloop
  endfacet
  facet normal -0.838638 0.544689 0
    outer loop
      vertex -19.1854 -67.625 22
      vertex -19.3707 -67.9103 17
      vertex -19.3707 -67.9103 22
    endloop
  endfacet
  facet normal -0.629308 -0.777156 0
    outer loop
      vertex -20.0897 -63.3707 17
      vertex -19.8253 -63.5848 22
      vertex -20.0897 -63.3707 22
    endloop
  endfacet
  facet normal -0.629308 -0.777156 -0
    outer loop
      vertex -19.8253 -63.5848 22
      vertex -20.0897 -63.3707 17
      vertex -19.8253 -63.5848 17
    endloop
  endfacet
  facet normal 0.544689 0.838638 -0
    outer loop
      vertex -23.625 -68.8146 17
      vertex -23.9103 -68.6293 22
      vertex -23.625 -68.8146 22
    endloop
  endfacet
  facet normal 0.544689 0.838638 0
    outer loop
      vertex -23.9103 -68.6293 22
      vertex -23.625 -68.8146 17
      vertex -23.9103 -68.6293 17
    endloop
  endfacet
  facet normal -0.777156 0.629308 0
    outer loop
      vertex -19.5848 -68.1747 17
      vertex -19.3707 -67.9103 22
      vertex -19.3707 -67.9103 17
    endloop
  endfacet
  facet normal -0.777156 0.629308 0
    outer loop
      vertex -19.3707 -67.9103 22
      vertex -19.5848 -68.1747 17
      vertex -19.5848 -68.1747 22
    endloop
  endfacet
  facet normal -0.891051 0.453904 0
    outer loop
      vertex -19.1854 -67.625 17
      vertex -19.031 -67.3219 22
      vertex -19.031 -67.3219 17
    endloop
  endfacet
  facet normal -0.891051 0.453904 0
    outer loop
      vertex -19.031 -67.3219 22
      vertex -19.1854 -67.625 17
      vertex -19.1854 -67.625 22
    endloop
  endfacet
  facet normal 0 0 1
    outer loop
      vertex -20.3 -66 17
      vertex -18.75 -66 17
      vertex -18.7678 -65.6603 17
    endloop
  endfacet
  facet normal 0 0 1
    outer loop
      vertex -20.3093 -65.8223 17
      vertex -18.7678 -65.6603 17
      vertex -18.821 -65.3243 17
    endloop
  endfacet
  facet normal 0 0 1
    outer loop
      vertex -18.75 -66 17
      vertex -20.3 -66 17
      vertex -18.7678 -66.3397 17
    endloop
  endfacet
  facet normal 0 0 1
    outer loop
      vertex -20.3372 -65.6466 17
      vertex -18.821 -65.3243 17
      vertex -18.9091 -64.9957 17
    endloop
  endfacet
  facet normal -0 0 1
    outer loop
      vertex -20.3093 -66.1777 17
      vertex -18.7678 -66.3397 17
      vertex -20.3 -66 17
    endloop
  endfacet
  facet normal 0 0 1
    outer loop
      vertex -20.3832 -65.4747 17
      vertex -18.9091 -64.9957 17
      vertex -19.031 -64.6781 17
    endloop
  endfacet
  facet normal 0 0 1
    outer loop
      vertex -18.7678 -66.3397 17
      vertex -20.3093 -66.1777 17
      vertex -18.821 -66.6757 17
    endloop
  endfacet
  facet normal 0 0 1
    outer loop
      vertex -20.447 -65.3085 17
      vertex -19.031 -64.6781 17
      vertex -19.1854 -64.375 17
    endloop
  endfacet
  facet normal -0 0 1
    outer loop
      vertex -20.3372 -66.3534 17
      vertex -18.821 -66.6757 17
      vertex -20.3093 -66.1777 17
    endloop
  endfacet
  facet normal 0 0 1
    outer loop
      vertex -20.5278 -65.15 17
      vertex -19.1854 -64.375 17
      vertex -19.3707 -64.0897 17
    endloop
  endfacet
  facet normal 0 0 1
    outer loop
      vertex -18.821 -66.6757 17
      vertex -20.3372 -66.3534 17
      vertex -18.9091 -67.0043 17
    endloop
  endfacet
  facet normal 0 0 1
    outer loop
      vertex -20.6247 -65.0008 17
      vertex -19.3707 -64.0897 17
      vertex -19.5848 -63.8253 17
    endloop
  endfacet
  facet normal -0 0 1
    outer loop
      vertex -20.3832 -66.5253 17
      vertex -18.9091 -67.0043 17
      vertex -20.3372 -66.3534 17
    endloop
  endfacet
  facet normal 0 0 1
    outer loop
      vertex -20.7367 -64.8625 17
      vertex -19.5848 -63.8253 17
      vertex -19.8253 -63.5848 17
    endloop
  endfacet
  facet normal 0 0 1
    outer loop
      vertex -18.9091 -67.0043 17
      vertex -20.3832 -66.5253 17
      vertex -19.031 -67.3219 17
    endloop
  endfacet
  facet normal 0 0 1
    outer loop
      vertex -20.8625 -64.7367 17
      vertex -19.8253 -63.5848 17
      vertex -20.0897 -63.3707 17
    endloop
  endfacet
  facet normal -0 0 1
    outer loop
      vertex -20.447 -66.6915 17
      vertex -19.031 -67.3219 17
      vertex -20.3832 -66.5253 17
    endloop
  endfacet
  facet normal 0 0 1
    outer loop
      vertex -19.031 -67.3219 17
      vertex -20.447 -66.6915 17
      vertex -19.1854 -67.625 17
    endloop
  endfacet
  facet normal 0 0 1
    outer loop
      vertex -18.7678 -65.6603 17
      vertex -20.3093 -65.8223 17
      vertex -20.3 -66 17
    endloop
  endfacet
  facet normal 0 0 1
    outer loop
      vertex -18.821 -65.3243 17
      vertex -20.3372 -65.6466 17
      vertex -20.3093 -65.8223 17
    endloop
  endfacet
  facet normal 0 0 1
    outer loop
      vertex -21.0008 -64.6247 17
      vertex -20.0897 -63.3707 17
      vertex -20.375 -63.1854 17
    endloop
  endfacet
  facet normal 0 0 1
    outer loop
      vertex -18.9091 -64.9957 17
      vertex -20.3832 -65.4747 17
      vertex -20.3372 -65.6466 17
    endloop
  endfacet
  facet normal 0 0 1
    outer loop
      vertex -19.031 -64.6781 17
      vertex -20.447 -65.3085 17
      vertex -20.3832 -65.4747 17
    endloop
  endfacet
  facet normal 0 0 1
    outer loop
      vertex -19.1854 -64.375 17
      vertex -20.5278 -65.15 17
      vertex -20.447 -65.3085 17
    endloop
  endfacet
  facet normal 0 0 1
    outer loop
      vertex -19.3707 -64.0897 17
      vertex -20.6247 -65.0008 17
      vertex -20.5278 -65.15 17
    endloop
  endfacet
  facet normal 0 0 1
    outer loop
      vertex -21.15 -64.5278 17
      vertex -20.375 -63.1854 17
      vertex -20.6781 -63.031 17
    endloop
  endfacet
  facet normal 0 0 1
    outer loop
      vertex -19.5848 -63.8253 17
      vertex -20.7367 -64.8625 17
      vertex -20.6247 -65.0008 17
    endloop
  endfacet
  facet normal 0 0 1
    outer loop
      vertex -19.8253 -63.5848 17
      vertex -20.8625 -64.7367 17
      vertex -20.7367 -64.8625 17
    endloop
  endfacet
  facet normal 0 0 1
    outer loop
      vertex -21.3085 -64.447 17
      vertex -20.6781 -63.031 17
      vertex -20.9957 -62.9091 17
    endloop
  endfacet
  facet normal 0 0 1
    outer loop
      vertex -20.0897 -63.3707 17
      vertex -21.0008 -64.6247 17
      vertex -20.8625 -64.7367 17
    endloop
  endfacet
  facet normal 0 0 1
    outer loop
      vertex -20.375 -63.1854 17
      vertex -21.15 -64.5278 17
      vertex -21.0008 -64.6247 17
    endloop
  endfacet
  facet normal 0 0 1
    outer loop
      vertex -20.6781 -63.031 17
      vertex -21.3085 -64.447 17
      vertex -21.15 -64.5278 17
    endloop
  endfacet
  facet normal 0 0 1
    outer loop
      vertex -21.4747 -64.3832 17
      vertex -20.9957 -62.9091 17
      vertex -21.3243 -62.821 17
    endloop
  endfacet
  facet normal 0 0 1
    outer loop
      vertex -20.9957 -62.9091 17
      vertex -21.4747 -64.3832 17
      vertex -21.3085 -64.447 17
    endloop
  endfacet
  facet normal 0 0 1
    outer loop
      vertex -21.3243 -62.821 17
      vertex -21.6465 -64.3372 17
      vertex -21.4747 -64.3832 17
    endloop
  endfacet
  facet normal 0 0 1
    outer loop
      vertex -21.6603 -62.7678 17
      vertex -21.6465 -64.3372 17
      vertex -21.3243 -62.821 17
    endloop
  endfacet
  facet normal 0 0 1
    outer loop
      vertex -21.6603 -62.7678 17
      vertex -21.8223 -64.3093 17
      vertex -21.6465 -64.3372 17
    endloop
  endfacet
  facet normal 0 0 1
    outer loop
      vertex -22 -62.75 17
      vertex -21.8223 -64.3093 17
      vertex -21.6603 -62.7678 17
    endloop
  endfacet
  facet normal 0 0 1
    outer loop
      vertex -22 -62.75 17
      vertex -22 -64.3 17
      vertex -21.8223 -64.3093 17
    endloop
  endfacet
  facet normal 0 0 1
    outer loop
      vertex -22 -62.75 17
      vertex -22.1777 -64.3093 17
      vertex -22 -64.3 17
    endloop
  endfacet
  facet normal -0 0 1
    outer loop
      vertex -22.3397 -62.7678 17
      vertex -22.1777 -64.3093 17
      vertex -22 -62.75 17
    endloop
  endfacet
  facet normal 0 0 1
    outer loop
      vertex -22.3397 -62.7678 17
      vertex -22.3535 -64.3372 17
      vertex -22.1777 -64.3093 17
    endloop
  endfacet
  facet normal -0 0 1
    outer loop
      vertex -22.6757 -62.821 17
      vertex -22.3535 -64.3372 17
      vertex -22.3397 -62.7678 17
    endloop
  endfacet
  facet normal 0 0 1
    outer loop
      vertex -22.3535 -64.3372 17
      vertex -22.6757 -62.821 17
      vertex -22.5253 -64.3832 17
    endloop
  endfacet
  facet normal -0 0 1
    outer loop
      vertex -23.0043 -62.9091 17
      vertex -22.5253 -64.3832 17
      vertex -22.6757 -62.821 17
    endloop
  endfacet
  facet normal 0 0 1
    outer loop
      vertex -22.5253 -64.3832 17
      vertex -23.0043 -62.9091 17
      vertex -22.6915 -64.447 17
    endloop
  endfacet
  facet normal -0 0 1
    outer loop
      vertex -23.3219 -63.031 17
      vertex -22.6915 -64.447 17
      vertex -23.0043 -62.9091 17
    endloop
  endfacet
  facet normal 0 0 1
    outer loop
      vertex -22.6915 -64.447 17
      vertex -23.3219 -63.031 17
      vertex -22.85 -64.5278 17
    endloop
  endfacet
  facet normal -0 0 1
    outer loop
      vertex -23.625 -63.1854 17
      vertex -22.85 -64.5278 17
      vertex -23.3219 -63.031 17
    endloop
  endfacet
  facet normal 0 0 1
    outer loop
      vertex -22.85 -64.5278 17
      vertex -23.625 -63.1854 17
      vertex -22.9992 -64.6247 17
    endloop
  endfacet
  facet normal -0 0 1
    outer loop
      vertex -23.9103 -63.3707 17
      vertex -22.9992 -64.6247 17
      vertex -23.625 -63.1854 17
    endloop
  endfacet
  facet normal 0 0 1
    outer loop
      vertex -22.9992 -64.6247 17
      vertex -23.9103 -63.3707 17
      vertex -23.1375 -64.7367 17
    endloop
  endfacet
  facet normal -0 0 1
    outer loop
      vertex -24.1747 -63.5848 17
      vertex -23.1375 -64.7367 17
      vertex -23.9103 -63.3707 17
    endloop
  endfacet
  facet normal 0 0 1
    outer loop
      vertex -23.1375 -64.7367 17
      vertex -24.1747 -63.5848 17
      vertex -23.2633 -64.8625 17
    endloop
  endfacet
  facet normal -0 0 1
    outer loop
      vertex -24.4152 -63.8253 17
      vertex -23.2633 -64.8625 17
      vertex -24.1747 -63.5848 17
    endloop
  endfacet
  facet normal 0 0 1
    outer loop
      vertex -23.2633 -64.8625 17
      vertex -24.4152 -63.8253 17
      vertex -23.3753 -65.0008 17
    endloop
  endfacet
  facet normal -0 0 1
    outer loop
      vertex -24.6293 -64.0897 17
      vertex -23.3753 -65.0008 17
      vertex -24.4152 -63.8253 17
    endloop
  endfacet
  facet normal 0 0 1
    outer loop
      vertex -23.3753 -65.0008 17
      vertex -24.6293 -64.0897 17
      vertex -23.4722 -65.15 17
    endloop
  endfacet
  facet normal -0 0 1
    outer loop
      vertex -24.8146 -64.375 17
      vertex -23.4722 -65.15 17
      vertex -24.6293 -64.0897 17
    endloop
  endfacet
  facet normal 0 0 1
    outer loop
      vertex -23.4722 -65.15 17
      vertex -24.8146 -64.375 17
      vertex -23.553 -65.3085 17
    endloop
  endfacet
  facet normal -0 0 1
    outer loop
      vertex -20.5278 -66.85 17
      vertex -19.1854 -67.625 17
      vertex -20.447 -66.6915 17
    endloop
  endfacet
  facet normal 0 0 1
    outer loop
      vertex -19.1854 -67.625 17
      vertex -20.5278 -66.85 17
      vertex -19.3707 -67.9103 17
    endloop
  endfacet
  facet normal -0 0 1
    outer loop
      vertex -20.6247 -66.9992 17
      vertex -19.3707 -67.9103 17
      vertex -20.5278 -66.85 17
    endloop
  endfacet
  facet normal 0 0 1
    outer loop
      vertex -19.3707 -67.9103 17
      vertex -20.6247 -66.9992 17
      vertex -19.5848 -68.1747 17
    endloop
  endfacet
  facet normal -0 0 1
    outer loop
      vertex -20.7367 -67.1375 17
      vertex -19.5848 -68.1747 17
      vertex -20.6247 -66.9992 17
    endloop
  endfacet
  facet normal 0 0 1
    outer loop
      vertex -19.5848 -68.1747 17
      vertex -20.7367 -67.1375 17
      vertex -19.8253 -68.4152 17
    endloop
  endfacet
  facet normal -0 0 1
    outer loop
      vertex -20.8625 -67.2633 17
      vertex -19.8253 -68.4152 17
      vertex -20.7367 -67.1375 17
    endloop
  endfacet
  facet normal 0 0 1
    outer loop
      vertex -19.8253 -68.4152 17
      vertex -20.8625 -67.2633 17
      vertex -20.0897 -68.6293 17
    endloop
  endfacet
  facet normal -0 0 1
    outer loop
      vertex -21.0008 -67.3753 17
      vertex -20.0897 -68.6293 17
      vertex -20.8625 -67.2633 17
    endloop
  endfacet
  facet normal 0 0 1
    outer loop
      vertex -20.0897 -68.6293 17
      vertex -21.0008 -67.3753 17
      vertex -20.375 -68.8146 17
    endloop
  endfacet
  facet normal -0 0 1
    outer loop
      vertex -21.15 -67.4722 17
      vertex -20.375 -68.8146 17
      vertex -21.0008 -67.3753 17
    endloop
  endfacet
  facet normal 0 0 1
    outer loop
      vertex -20.375 -68.8146 17
      vertex -21.15 -67.4722 17
      vertex -20.6781 -68.969 17
    endloop
  endfacet
  facet normal -0 0 1
    outer loop
      vertex -21.3085 -67.553 17
      vertex -20.6781 -68.969 17
      vertex -21.15 -67.4722 17
    endloop
  endfacet
  facet normal 0 0 1
    outer loop
      vertex -20.6781 -68.969 17
      vertex -21.3085 -67.553 17
      vertex -20.9957 -69.0909 17
    endloop
  endfacet
  facet normal -0 0 1
    outer loop
      vertex -21.4747 -67.6168 17
      vertex -20.9957 -69.0909 17
      vertex -21.3085 -67.553 17
    endloop
  endfacet
  facet normal 0 0 1
    outer loop
      vertex -20.9957 -69.0909 17
      vertex -21.4747 -67.6168 17
      vertex -21.3243 -69.179 17
    endloop
  endfacet
  facet normal -0 0 1
    outer loop
      vertex -21.6465 -67.6628 17
      vertex -21.3243 -69.179 17
      vertex -21.4747 -67.6168 17
    endloop
  endfacet
  facet normal 0 0 1
    outer loop
      vertex -21.6465 -67.6628 17
      vertex -21.6603 -69.2322 17
      vertex -21.3243 -69.179 17
    endloop
  endfacet
  facet normal -0 0 1
    outer loop
      vertex -21.8223 -67.6907 17
      vertex -21.6603 -69.2322 17
      vertex -21.6465 -67.6628 17
    endloop
  endfacet
  facet normal -0 0 1
    outer loop
      vertex -22 -67.7 17
      vertex -21.6603 -69.2322 17
      vertex -21.8223 -67.6907 17
    endloop
  endfacet
  facet normal 0 0 1
    outer loop
      vertex -22 -67.7 17
      vertex -22 -69.25 17
      vertex -21.6603 -69.2322 17
    endloop
  endfacet
  facet normal 0 0 1
    outer loop
      vertex -22.1777 -67.6907 17
      vertex -22 -69.25 17
      vertex -22 -67.7 17
    endloop
  endfacet
  facet normal 0 0 1
    outer loop
      vertex -22.1777 -67.6907 17
      vertex -22.3397 -69.2322 17
      vertex -22 -69.25 17
    endloop
  endfacet
  facet normal 0 0 1
    outer loop
      vertex -22.3535 -67.6628 17
      vertex -22.3397 -69.2322 17
      vertex -22.1777 -67.6907 17
    endloop
  endfacet
  facet normal 0 0 1
    outer loop
      vertex -22.6757 -69.179 17
      vertex -22.3535 -67.6628 17
      vertex -22.5253 -67.6168 17
    endloop
  endfacet
  facet normal 0 0 1
    outer loop
      vertex -22.3535 -67.6628 17
      vertex -22.6757 -69.179 17
      vertex -22.3397 -69.2322 17
    endloop
  endfacet
  facet normal 0 0 1
    outer loop
      vertex -23.0043 -69.0909 17
      vertex -22.5253 -67.6168 17
      vertex -22.6915 -67.553 17
    endloop
  endfacet
  facet normal 0 0 1
    outer loop
      vertex -23.3219 -68.969 17
      vertex -22.6915 -67.553 17
      vertex -22.85 -67.4722 17
    endloop
  endfacet
  facet normal 0 0 1
    outer loop
      vertex -23.625 -68.8146 17
      vertex -22.85 -67.4722 17
      vertex -22.9992 -67.3753 17
    endloop
  endfacet
  facet normal 0 0 1
    outer loop
      vertex -22.5253 -67.6168 17
      vertex -23.0043 -69.0909 17
      vertex -22.6757 -69.179 17
    endloop
  endfacet
  facet normal 0 0 1
    outer loop
      vertex -23.9103 -68.6293 17
      vertex -22.9992 -67.3753 17
      vertex -23.1375 -67.2633 17
    endloop
  endfacet
  facet normal 0 0 1
    outer loop
      vertex -24.1747 -68.4152 17
      vertex -23.1375 -67.2633 17
      vertex -23.2633 -67.1375 17
    endloop
  endfacet
  facet normal 0 0 1
    outer loop
      vertex -22.6915 -67.553 17
      vertex -23.3219 -68.969 17
      vertex -23.0043 -69.0909 17
    endloop
  endfacet
  facet normal 0 0 1
    outer loop
      vertex -24.4152 -68.1747 17
      vertex -23.2633 -67.1375 17
      vertex -23.3753 -66.9992 17
    endloop
  endfacet
  facet normal 0 0 1
    outer loop
      vertex -24.6293 -67.9103 17
      vertex -23.3753 -66.9992 17
      vertex -23.4722 -66.85 17
    endloop
  endfacet
  facet normal 0 0 1
    outer loop
      vertex -24.8146 -67.625 17
      vertex -23.4722 -66.85 17
      vertex -23.553 -66.6915 17
    endloop
  endfacet
  facet normal 0 0 1
    outer loop
      vertex -24.969 -67.3219 17
      vertex -23.553 -66.6915 17
      vertex -23.6168 -66.5253 17
    endloop
  endfacet
  facet normal 0 0 1
    outer loop
      vertex -22.85 -67.4722 17
      vertex -23.625 -68.8146 17
      vertex -23.3219 -68.969 17
    endloop
  endfacet
  facet normal 0 0 1
    outer loop
      vertex -25.0909 -67.0043 17
      vertex -23.6168 -66.5253 17
      vertex -23.6628 -66.3534 17
    endloop
  endfacet
  facet normal 0 0 1
    outer loop
      vertex -25.179 -66.6757 17
      vertex -23.6628 -66.3534 17
      vertex -23.6907 -66.1777 17
    endloop
  endfacet
  facet normal 0 0 1
    outer loop
      vertex -25.2322 -66.3397 17
      vertex -23.6907 -66.1777 17
      vertex -23.7 -66 17
    endloop
  endfacet
  facet normal -0 0 1
    outer loop
      vertex -24.969 -64.6781 17
      vertex -23.553 -65.3085 17
      vertex -24.8146 -64.375 17
    endloop
  endfacet
  facet normal 0 0 1
    outer loop
      vertex -22.9992 -67.3753 17
      vertex -23.9103 -68.6293 17
      vertex -23.625 -68.8146 17
    endloop
  endfacet
  facet normal 0 0 1
    outer loop
      vertex -23.553 -65.3085 17
      vertex -24.969 -64.6781 17
      vertex -23.6168 -65.4747 17
    endloop
  endfacet
  facet normal 0 0 1
    outer loop
      vertex -23.1375 -67.2633 17
      vertex -24.1747 -68.4152 17
      vertex -23.9103 -68.6293 17
    endloop
  endfacet
  facet normal -0 0 1
    outer loop
      vertex -25.0909 -64.9957 17
      vertex -23.6168 -65.4747 17
      vertex -24.969 -64.6781 17
    endloop
  endfacet
  facet normal 0 0 1
    outer loop
      vertex -23.2633 -67.1375 17
      vertex -24.4152 -68.1747 17
      vertex -24.1747 -68.4152 17
    endloop
  endfacet
  facet normal 0 0 1
    outer loop
      vertex -23.6168 -65.4747 17
      vertex -25.0909 -64.9957 17
      vertex -23.6628 -65.6466 17
    endloop
  endfacet
  facet normal 0 0 1
    outer loop
      vertex -23.3753 -66.9992 17
      vertex -24.6293 -67.9103 17
      vertex -24.4152 -68.1747 17
    endloop
  endfacet
  facet normal -0 0 1
    outer loop
      vertex -25.179 -65.3243 17
      vertex -23.6628 -65.6466 17
      vertex -25.0909 -64.9957 17
    endloop
  endfacet
  facet normal 0 0 1
    outer loop
      vertex -23.4722 -66.85 17
      vertex -24.8146 -67.625 17
      vertex -24.6293 -67.9103 17
    endloop
  endfacet
  facet normal 0 0 1
    outer loop
      vertex -23.6628 -65.6466 17
      vertex -25.179 -65.3243 17
      vertex -23.6907 -65.8223 17
    endloop
  endfacet
  facet normal 0 0 1
    outer loop
      vertex -23.553 -66.6915 17
      vertex -24.969 -67.3219 17
      vertex -24.8146 -67.625 17
    endloop
  endfacet
  facet normal -0 0 1
    outer loop
      vertex -25.2322 -65.6603 17
      vertex -23.6907 -65.8223 17
      vertex -25.179 -65.3243 17
    endloop
  endfacet
  facet normal 0 0 1
    outer loop
      vertex -23.6168 -66.5253 17
      vertex -25.0909 -67.0043 17
      vertex -24.969 -67.3219 17
    endloop
  endfacet
  facet normal 0 0 1
    outer loop
      vertex -23.6907 -65.8223 17
      vertex -25.2322 -65.6603 17
      vertex -23.7 -66 17
    endloop
  endfacet
  facet normal 0 0 1
    outer loop
      vertex -23.6628 -66.3534 17
      vertex -25.179 -66.6757 17
      vertex -25.0909 -67.0043 17
    endloop
  endfacet
  facet normal 0 0 1
    outer loop
      vertex -25.25 -66 17
      vertex -23.7 -66 17
      vertex -25.2322 -65.6603 17
    endloop
  endfacet
  facet normal 0 0 1
    outer loop
      vertex -23.6907 -66.1777 17
      vertex -25.2322 -66.3397 17
      vertex -25.179 -66.6757 17
    endloop
  endfacet
  facet normal 0 0 1
    outer loop
      vertex -23.7 -66 17
      vertex -25.25 -66 17
      vertex -25.2322 -66.3397 17
    endloop
  endfacet
  facet normal 0.0523274 -0.99863 0
    outer loop
      vertex -22.3397 -62.7678 17
      vertex -22 -62.75 22
      vertex -22.3397 -62.7678 22
    endloop
  endfacet
  facet normal 0.0523274 -0.99863 0
    outer loop
      vertex -22 -62.75 22
      vertex -22.3397 -62.7678 17
      vertex -22 -62.75 17
    endloop
  endfacet
  facet normal -0.453904 0.891051 0
    outer loop
      vertex -20.375 -68.8146 17
      vertex -20.6781 -68.969 22
      vertex -20.375 -68.8146 22
    endloop
  endfacet
  facet normal -0.453904 0.891051 0
    outer loop
      vertex -20.6781 -68.969 22
      vertex -20.375 -68.8146 17
      vertex -20.6781 -68.969 17
    endloop
  endfacet
  facet normal -0.156385 0.987696 0
    outer loop
      vertex -21.3243 -69.179 17
      vertex -21.6603 -69.2322 22
      vertex -21.3243 -69.179 22
    endloop
  endfacet
  facet normal -0.156385 0.987696 0
    outer loop
      vertex -21.6603 -69.2322 22
      vertex -21.3243 -69.179 17
      vertex -21.6603 -69.2322 17
    endloop
  endfacet
  facet normal 0.777156 -0.629308 0
    outer loop
      vertex -24.6293 -64.0897 22
      vertex -24.4152 -63.8253 17
      vertex -24.4152 -63.8253 22
    endloop
  endfacet
  facet normal 0.777156 -0.629308 0
    outer loop
      vertex -24.4152 -63.8253 17
      vertex -24.6293 -64.0897 22
      vertex -24.6293 -64.0897 17
    endloop
  endfacet
  facet normal -0.777156 -0.629308 0
    outer loop
      vertex -19.3707 -64.0897 17
      vertex -19.5848 -63.8253 22
      vertex -19.5848 -63.8253 17
    endloop
  endfacet
  facet normal -0.777156 -0.629308 0
    outer loop
      vertex -19.5848 -63.8253 22
      vertex -19.3707 -64.0897 17
      vertex -19.3707 -64.0897 22
    endloop
  endfacet
  facet normal 0.358329 -0.933595 0
    outer loop
      vertex -23.3219 -63.031 17
      vertex -23.0043 -62.9091 22
      vertex -23.3219 -63.031 22
    endloop
  endfacet
  facet normal 0.358329 -0.933595 0
    outer loop
      vertex -23.0043 -62.9091 22
      vertex -23.3219 -63.031 17
      vertex -23.0043 -62.9091 17
    endloop
  endfacet
  facet normal -0.258961 -0.965888 0
    outer loop
      vertex -21.3243 -62.821 17
      vertex -20.9957 -62.9091 22
      vertex -21.3243 -62.821 22
    endloop
  endfacet
  facet normal -0.258961 -0.965888 -0
    outer loop
      vertex -20.9957 -62.9091 22
      vertex -21.3243 -62.821 17
      vertex -20.9957 -62.9091 17
    endloop
  endfacet
  facet normal -0.933595 -0.358329 0
    outer loop
      vertex -18.9091 -64.9957 17
      vertex -19.031 -64.6781 22
      vertex -19.031 -64.6781 17
    endloop
  endfacet
  facet normal -0.933595 -0.358329 0
    outer loop
      vertex -19.031 -64.6781 22
      vertex -18.9091 -64.9957 17
      vertex -18.9091 -64.9957 22
    endloop
  endfacet
  facet normal 0.99863 0.0523274 0
    outer loop
      vertex -25.2322 -66.3397 22
      vertex -25.25 -66 17
      vertex -25.25 -66 22
    endloop
  endfacet
  facet normal 0.99863 0.0523274 0
    outer loop
      vertex -25.25 -66 17
      vertex -25.2322 -66.3397 22
      vertex -25.2322 -66.3397 17
    endloop
  endfacet
  facet normal 0.453904 -0.891051 0
    outer loop
      vertex -23.625 -63.1854 17
      vertex -23.3219 -63.031 22
      vertex -23.625 -63.1854 22
    endloop
  endfacet
  facet normal 0.453904 -0.891051 0
    outer loop
      vertex -23.3219 -63.031 22
      vertex -23.625 -63.1854 17
      vertex -23.3219 -63.031 17
    endloop
  endfacet
  facet normal -0.891051 -0.453904 0
    outer loop
      vertex -19.031 -64.6781 17
      vertex -19.1854 -64.375 22
      vertex -19.1854 -64.375 17
    endloop
  endfacet
  facet normal -0.891051 -0.453904 0
    outer loop
      vertex -19.1854 -64.375 22
      vertex -19.031 -64.6781 17
      vertex -19.031 -64.6781 22
    endloop
  endfacet
  facet normal -0.629308 0.777156 0
    outer loop
      vertex -19.8253 -68.4152 17
      vertex -20.0897 -68.6293 22
      vertex -19.8253 -68.4152 22
    endloop
  endfacet
  facet normal -0.629308 0.777156 0
    outer loop
      vertex -20.0897 -68.6293 22
      vertex -19.8253 -68.4152 17
      vertex -20.0897 -68.6293 17
    endloop
  endfacet
  facet normal 0.707107 -0.707107 0
    outer loop
      vertex -24.4152 -63.8253 22
      vertex -24.1747 -63.5848 17
      vertex -24.1747 -63.5848 22
    endloop
  endfacet
  facet normal 0.707107 -0.707107 0
    outer loop
      vertex -24.1747 -63.5848 17
      vertex -24.4152 -63.8253 22
      vertex -24.4152 -63.8253 17
    endloop
  endfacet
  facet normal 0.891051 -0.453904 0
    outer loop
      vertex -24.969 -64.6781 22
      vertex -24.8146 -64.375 17
      vertex -24.8146 -64.375 22
    endloop
  endfacet
  facet normal 0.891051 -0.453904 0
    outer loop
      vertex -24.8146 -64.375 17
      vertex -24.969 -64.6781 22
      vertex -24.969 -64.6781 17
    endloop
  endfacet
  facet normal 0.629308 -0.777156 0
    outer loop
      vertex -24.1747 -63.5848 17
      vertex -23.9103 -63.3707 22
      vertex -24.1747 -63.5848 22
    endloop
  endfacet
  facet normal 0.629308 -0.777156 0
    outer loop
      vertex -23.9103 -63.3707 22
      vertex -24.1747 -63.5848 17
      vertex -23.9103 -63.3707 17
    endloop
  endfacet
  facet normal 0.965888 -0.258961 0
    outer loop
      vertex -25.179 -65.3243 22
      vertex -25.0909 -64.9957 17
      vertex -25.0909 -64.9957 22
    endloop
  endfacet
  facet normal 0.965888 -0.258961 0
    outer loop
      vertex -25.0909 -64.9957 17
      vertex -25.179 -65.3243 22
      vertex -25.179 -65.3243 17
    endloop
  endfacet
  facet normal 0.933595 -0.358329 0
    outer loop
      vertex -25.0909 -64.9957 22
      vertex -24.969 -64.6781 17
      vertex -24.969 -64.6781 22
    endloop
  endfacet
  facet normal 0.933595 -0.358329 0
    outer loop
      vertex -24.969 -64.6781 17
      vertex -25.0909 -64.9957 22
      vertex -25.0909 -64.9957 17
    endloop
  endfacet
  facet normal 0.891051 0.453904 0
    outer loop
      vertex -24.8146 -67.625 22
      vertex -24.969 -67.3219 17
      vertex -24.969 -67.3219 22
    endloop
  endfacet
  facet normal 0.891051 0.453904 0
    outer loop
      vertex -24.969 -67.3219 17
      vertex -24.8146 -67.625 22
      vertex -24.8146 -67.625 17
    endloop
  endfacet
  facet normal 0.156385 -0.987696 0
    outer loop
      vertex -22.6757 -62.821 17
      vertex -22.3397 -62.7678 22
      vertex -22.6757 -62.821 22
    endloop
  endfacet
  facet normal 0.156385 -0.987696 0
    outer loop
      vertex -22.3397 -62.7678 22
      vertex -22.6757 -62.821 17
      vertex -22.3397 -62.7678 17
    endloop
  endfacet
  facet normal 0.838638 0.544689 0
    outer loop
      vertex -24.6293 -67.9103 22
      vertex -24.8146 -67.625 17
      vertex -24.8146 -67.625 22
    endloop
  endfacet
  facet normal 0.838638 0.544689 0
    outer loop
      vertex -24.8146 -67.625 17
      vertex -24.6293 -67.9103 22
      vertex -24.6293 -67.9103 17
    endloop
  endfacet
  facet normal 0.358329 0.933595 -0
    outer loop
      vertex -23.0043 -69.0909 17
      vertex -23.3219 -68.969 22
      vertex -23.0043 -69.0909 22
    endloop
  endfacet
  facet normal 0.358329 0.933595 0
    outer loop
      vertex -23.3219 -68.969 22
      vertex -23.0043 -69.0909 17
      vertex -23.3219 -68.969 17
    endloop
  endfacet
  facet normal 0.453904 0.891051 -0
    outer loop
      vertex -23.3219 -68.969 17
      vertex -23.625 -68.8146 22
      vertex -23.3219 -68.969 22
    endloop
  endfacet
  facet normal 0.453904 0.891051 0
    outer loop
      vertex -23.625 -68.8146 22
      vertex -23.3219 -68.969 17
      vertex -23.625 -68.8146 17
    endloop
  endfacet
  facet normal 0.987696 0.156385 0
    outer loop
      vertex -25.179 -66.6757 22
      vertex -25.2322 -66.3397 17
      vertex -25.2322 -66.3397 22
    endloop
  endfacet
  facet normal 0.987696 0.156385 0
    outer loop
      vertex -25.2322 -66.3397 17
      vertex -25.179 -66.6757 22
      vertex -25.179 -66.6757 17
    endloop
  endfacet
  facet normal 0.777156 0.629308 0
    outer loop
      vertex -24.4152 -68.1747 22
      vertex -24.6293 -67.9103 17
      vertex -24.6293 -67.9103 22
    endloop
  endfacet
  facet normal 0.777156 0.629308 0
    outer loop
      vertex -24.6293 -67.9103 17
      vertex -24.4152 -68.1747 22
      vertex -24.4152 -68.1747 17
    endloop
  endfacet
  facet normal 0.838638 -0.544689 0
    outer loop
      vertex -24.8146 -64.375 22
      vertex -24.6293 -64.0897 17
      vertex -24.6293 -64.0897 22
    endloop
  endfacet
  facet normal 0.838638 -0.544689 0
    outer loop
      vertex -24.6293 -64.0897 17
      vertex -24.8146 -64.375 22
      vertex -24.8146 -64.375 17
    endloop
  endfacet
  facet normal -0.544689 0.838638 0
    outer loop
      vertex -20.0897 -68.6293 17
      vertex -20.375 -68.8146 22
      vertex -20.0897 -68.6293 22
    endloop
  endfacet
  facet normal -0.544689 0.838638 0
    outer loop
      vertex -20.375 -68.8146 22
      vertex -20.0897 -68.6293 17
      vertex -20.375 -68.8146 17
    endloop
  endfacet
  facet normal -0.933595 0.358329 0
    outer loop
      vertex -19.031 -67.3219 17
      vertex -18.9091 -67.0043 22
      vertex -18.9091 -67.0043 17
    endloop
  endfacet
  facet normal -0.933595 0.358329 0
    outer loop
      vertex -18.9091 -67.0043 22
      vertex -19.031 -67.3219 17
      vertex -19.031 -67.3219 22
    endloop
  endfacet
  facet normal 0.0523274 0.99863 -0
    outer loop
      vertex -22 -69.25 17
      vertex -22.3397 -69.2322 22
      vertex -22 -69.25 22
    endloop
  endfacet
  facet normal 0.0523274 0.99863 0
    outer loop
      vertex -22.3397 -69.2322 22
      vertex -22 -69.25 17
      vertex -22.3397 -69.2322 17
    endloop
  endfacet
  facet normal 0.99863 -0.0523274 0
    outer loop
      vertex -25.25 -66 22
      vertex -25.2322 -65.6603 17
      vertex -25.2322 -65.6603 22
    endloop
  endfacet
  facet normal 0.99863 -0.0523274 0
    outer loop
      vertex -25.2322 -65.6603 17
      vertex -25.25 -66 22
      vertex -25.25 -66 17
    endloop
  endfacet
  facet normal 0.156385 0.987696 -0
    outer loop
      vertex -22.3397 -69.2322 17
      vertex -22.6757 -69.179 22
      vertex -22.3397 -69.2322 22
    endloop
  endfacet
  facet normal 0.156385 0.987696 0
    outer loop
      vertex -22.6757 -69.179 22
      vertex -22.3397 -69.2322 17
      vertex -22.6757 -69.179 17
    endloop
  endfacet
  facet normal -0.707107 0.707107 0
    outer loop
      vertex -19.8253 -68.4152 17
      vertex -19.5848 -68.1747 22
      vertex -19.5848 -68.1747 17
    endloop
  endfacet
  facet normal -0.707107 0.707107 0
    outer loop
      vertex -19.5848 -68.1747 22
      vertex -19.8253 -68.4152 17
      vertex -19.8253 -68.4152 22
    endloop
  endfacet
  facet normal -0.156193 0.987726 0
    outer loop
      vertex -21.6465 14.3371 0
      vertex -21.8223 14.3093 17
      vertex -21.6465 14.3371 17
    endloop
  endfacet
  facet normal -0.156193 0.987726 0
    outer loop
      vertex -21.8223 14.3093 17
      vertex -21.6465 14.3371 0
      vertex -21.8223 14.3093 0
    endloop
  endfacet
  facet normal -0.98764 -0.156741 0
    outer loop
      vertex -20.3093 16.1777 0
      vertex -20.3372 16.3535 17
      vertex -20.3372 16.3535 0
    endloop
  endfacet
  facet normal -0.98764 -0.156741 0
    outer loop
      vertex -20.3372 16.3535 17
      vertex -20.3093 16.1777 0
      vertex -20.3093 16.1777 17
    endloop
  endfacet
  facet normal -0.998633 -0.0522639 0
    outer loop
      vertex -20.3 16 0
      vertex -20.3093 16.1777 17
      vertex -20.3093 16.1777 0
    endloop
  endfacet
  facet normal -0.998633 -0.0522639 0
    outer loop
      vertex -20.3093 16.1777 17
      vertex -20.3 16 0
      vertex -20.3 16 17
    endloop
  endfacet
  facet normal -0.987626 0.156828 0
    outer loop
      vertex -20.3372 15.6466 0
      vertex -20.3093 15.8223 17
      vertex -20.3093 15.8223 0
    endloop
  endfacet
  facet normal -0.987626 0.156828 0
    outer loop
      vertex -20.3093 15.8223 17
      vertex -20.3372 15.6466 0
      vertex -20.3372 15.6466 17
    endloop
  endfacet
  facet normal -0.358377 -0.933577 0
    outer loop
      vertex -21.4747 17.6168 0
      vertex -21.3085 17.553 17
      vertex -21.4747 17.6168 17
    endloop
  endfacet
  facet normal -0.358377 -0.933577 -0
    outer loop
      vertex -21.3085 17.553 17
      vertex -21.4747 17.6168 0
      vertex -21.3085 17.553 0
    endloop
  endfacet
  facet normal -0.45417 0.890915 0
    outer loop
      vertex -21.15 14.5278 0
      vertex -21.3085 14.447 17
      vertex -21.15 14.5278 17
    endloop
  endfacet
  facet normal -0.45417 0.890915 0
    outer loop
      vertex -21.3085 14.447 17
      vertex -21.15 14.5278 0
      vertex -21.3085 14.447 0
    endloop
  endfacet
  facet normal -0.45417 -0.890915 0
    outer loop
      vertex -21.3085 17.553 0
      vertex -21.15 17.4722 17
      vertex -21.3085 17.553 17
    endloop
  endfacet
  facet normal -0.45417 -0.890915 -0
    outer loop
      vertex -21.15 17.4722 17
      vertex -21.3085 17.553 0
      vertex -21.15 17.4722 0
    endloop
  endfacet
  facet normal -0.258642 -0.965973 0
    outer loop
      vertex -21.6465 17.6628 0
      vertex -21.4747 17.6168 17
      vertex -21.6465 17.6628 17
    endloop
  endfacet
  facet normal -0.258642 -0.965973 -0
    outer loop
      vertex -21.4747 17.6168 17
      vertex -21.6465 17.6628 0
      vertex -21.4747 17.6168 0
    endloop
  endfacet
  facet normal -0.777127 0.629344 0
    outer loop
      vertex -20.7367 14.8625 0
      vertex -20.6247 15.0008 17
      vertex -20.6247 15.0008 0
    endloop
  endfacet
  facet normal -0.777127 0.629344 0
    outer loop
      vertex -20.6247 15.0008 17
      vertex -20.7367 14.8625 0
      vertex -20.7367 14.8625 17
    endloop
  endfacet
  facet normal -0.358377 0.933577 0
    outer loop
      vertex -21.3085 14.447 0
      vertex -21.4747 14.3832 17
      vertex -21.3085 14.447 17
    endloop
  endfacet
  facet normal -0.358377 0.933577 0
    outer loop
      vertex -21.4747 14.3832 17
      vertex -21.3085 14.447 0
      vertex -21.4747 14.3832 0
    endloop
  endfacet
  facet normal 0.629344 0.777127 -0
    outer loop
      vertex -22.9992 14.6247 0
      vertex -23.1375 14.7367 17
      vertex -22.9992 14.6247 17
    endloop
  endfacet
  facet normal 0.629344 0.777127 0
    outer loop
      vertex -23.1375 14.7367 17
      vertex -22.9992 14.6247 0
      vertex -23.1375 14.7367 0
    endloop
  endfacet
  facet normal -0.259167 0.965833 0
    outer loop
      vertex -21.4747 14.3832 0
      vertex -21.6465 14.3371 17
      vertex -21.4747 14.3832 17
    endloop
  endfacet
  facet normal -0.259167 0.965833 0
    outer loop
      vertex -21.6465 14.3371 17
      vertex -21.4747 14.3832 0
      vertex -21.6465 14.3371 0
    endloop
  endfacet
  facet normal -0.998633 0.0522639 0
    outer loop
      vertex -20.3093 15.8223 0
      vertex -20.3 16 17
      vertex -20.3 16 0
    endloop
  endfacet
  facet normal -0.998633 0.0522639 0
    outer loop
      vertex -20.3 16 17
      vertex -20.3093 15.8223 0
      vertex -20.3093 15.8223 17
    endloop
  endfacet
  facet normal 0.259167 0.965833 -0
    outer loop
      vertex -22.3535 14.3371 0
      vertex -22.5253 14.3832 17
      vertex -22.3535 14.3371 17
    endloop
  endfacet
  facet normal 0.259167 0.965833 0
    outer loop
      vertex -22.5253 14.3832 17
      vertex -22.3535 14.3371 0
      vertex -22.5253 14.3832 0
    endloop
  endfacet
  facet normal -0.544672 -0.838649 0
    outer loop
      vertex -21.15 17.4722 0
      vertex -21.0008 17.3753 17
      vertex -21.15 17.4722 17
    endloop
  endfacet
  facet normal -0.544672 -0.838649 -0
    outer loop
      vertex -21.0008 17.3753 17
      vertex -21.15 17.4722 0
      vertex -21.0008 17.3753 0
    endloop
  endfacet
  facet normal 0.0522639 0.998633 -0
    outer loop
      vertex -22 14.3 0
      vertex -22.1777 14.3093 17
      vertex -22 14.3 17
    endloop
  endfacet
  facet normal 0.0522639 0.998633 0
    outer loop
      vertex -22.1777 14.3093 17
      vertex -22 14.3 0
      vertex -22.1777 14.3093 0
    endloop
  endfacet
  facet normal -0.838649 -0.544672 0
    outer loop
      vertex -20.5278 16.85 0
      vertex -20.6247 16.9992 17
      vertex -20.6247 16.9992 0
    endloop
  endfacet
  facet normal -0.838649 -0.544672 0
    outer loop
      vertex -20.6247 16.9992 17
      vertex -20.5278 16.85 0
      vertex -20.5278 16.85 17
    endloop
  endfacet
  facet normal -0.0522639 0.998633 0
    outer loop
      vertex -21.8223 14.3093 0
      vertex -22 14.3 17
      vertex -21.8223 14.3093 17
    endloop
  endfacet
  facet normal -0.0522639 0.998633 0
    outer loop
      vertex -22 14.3 17
      vertex -21.8223 14.3093 0
      vertex -22 14.3 0
    endloop
  endfacet
  facet normal -0.890915 -0.45417 0
    outer loop
      vertex -20.447 16.6915 0
      vertex -20.5278 16.85 17
      vertex -20.5278 16.85 0
    endloop
  endfacet
  facet normal -0.890915 -0.45417 0
    outer loop
      vertex -20.5278 16.85 17
      vertex -20.447 16.6915 0
      vertex -20.447 16.6915 17
    endloop
  endfacet
  facet normal -0.707107 0.707107 0
    outer loop
      vertex -20.8625 14.7367 0
      vertex -20.7367 14.8625 17
      vertex -20.7367 14.8625 0
    endloop
  endfacet
  facet normal -0.707107 0.707107 0
    outer loop
      vertex -20.7367 14.8625 17
      vertex -20.8625 14.7367 0
      vertex -20.8625 14.7367 17
    endloop
  endfacet
  facet normal -0.933577 -0.358377 0
    outer loop
      vertex -20.3832 16.5253 0
      vertex -20.447 16.6915 17
      vertex -20.447 16.6915 0
    endloop
  endfacet
  facet normal -0.933577 -0.358377 0
    outer loop
      vertex -20.447 16.6915 17
      vertex -20.3832 16.5253 0
      vertex -20.3832 16.5253 17
    endloop
  endfacet
  facet normal 0.777127 0.629344 0
    outer loop
      vertex -23.2633 14.8625 17
      vertex -23.3753 15.0008 0
      vertex -23.3753 15.0008 17
    endloop
  endfacet
  facet normal 0.777127 0.629344 0
    outer loop
      vertex -23.3753 15.0008 0
      vertex -23.2633 14.8625 17
      vertex -23.2633 14.8625 0
    endloop
  endfacet
  facet normal -0.777127 -0.629344 0
    outer loop
      vertex -20.6247 16.9992 0
      vertex -20.7367 17.1375 17
      vertex -20.7367 17.1375 0
    endloop
  endfacet
  facet normal -0.777127 -0.629344 0
    outer loop
      vertex -20.7367 17.1375 17
      vertex -20.6247 16.9992 0
      vertex -20.6247 16.9992 17
    endloop
  endfacet
  facet normal 0.358377 0.933577 -0
    outer loop
      vertex -22.5253 14.3832 0
      vertex -22.6915 14.447 17
      vertex -22.5253 14.3832 17
    endloop
  endfacet
  facet normal 0.358377 0.933577 0
    outer loop
      vertex -22.6915 14.447 17
      vertex -22.5253 14.3832 0
      vertex -22.6915 14.447 0
    endloop
  endfacet
  facet normal 0.544672 0.838649 -0
    outer loop
      vertex -22.85 14.5278 0
      vertex -22.9992 14.6247 17
      vertex -22.85 14.5278 17
    endloop
  endfacet
  facet normal 0.544672 0.838649 0
    outer loop
      vertex -22.9992 14.6247 17
      vertex -22.85 14.5278 0
      vertex -22.9992 14.6247 0
    endloop
  endfacet
  facet normal -0.707107 -0.707107 0
    outer loop
      vertex -20.7367 17.1375 0
      vertex -20.8625 17.2633 17
      vertex -20.8625 17.2633 0
    endloop
  endfacet
  facet normal -0.707107 -0.707107 0
    outer loop
      vertex -20.8625 17.2633 17
      vertex -20.7367 17.1375 0
      vertex -20.7367 17.1375 17
    endloop
  endfacet
  facet normal -0.966011 0.258502 0
    outer loop
      vertex -20.3832 15.4747 0
      vertex -20.3372 15.6466 17
      vertex -20.3372 15.6466 0
    endloop
  endfacet
  facet normal -0.966011 0.258502 0
    outer loop
      vertex -20.3372 15.6466 17
      vertex -20.3832 15.4747 0
      vertex -20.3832 15.4747 17
    endloop
  endfacet
  facet normal 0.156193 0.987726 -0
    outer loop
      vertex -22.1777 14.3093 0
      vertex -22.3535 14.3371 17
      vertex -22.1777 14.3093 17
    endloop
  endfacet
  facet normal 0.156193 0.987726 0
    outer loop
      vertex -22.3535 14.3371 17
      vertex -22.1777 14.3093 0
      vertex -22.3535 14.3371 0
    endloop
  endfacet
  facet normal -0.629344 -0.777127 0
    outer loop
      vertex -21.0008 17.3753 0
      vertex -20.8625 17.2633 17
      vertex -21.0008 17.3753 17
    endloop
  endfacet
  facet normal -0.629344 -0.777127 -0
    outer loop
      vertex -20.8625 17.2633 17
      vertex -21.0008 17.3753 0
      vertex -20.8625 17.2633 0
    endloop
  endfacet
  facet normal -0.965973 -0.258642 0
    outer loop
      vertex -20.3372 16.3535 0
      vertex -20.3832 16.5253 17
      vertex -20.3832 16.5253 0
    endloop
  endfacet
  facet normal -0.965973 -0.258642 0
    outer loop
      vertex -20.3832 16.5253 17
      vertex -20.3372 16.3535 0
      vertex -20.3372 16.3535 17
    endloop
  endfacet
  facet normal -0.933577 0.358377 0
    outer loop
      vertex -20.447 15.3085 0
      vertex -20.3832 15.4747 17
      vertex -20.3832 15.4747 0
    endloop
  endfacet
  facet normal -0.933577 0.358377 0
    outer loop
      vertex -20.3832 15.4747 17
      vertex -20.447 15.3085 0
      vertex -20.447 15.3085 17
    endloop
  endfacet
  facet normal -0.544672 0.838649 0
    outer loop
      vertex -21.0008 14.6247 0
      vertex -21.15 14.5278 17
      vertex -21.0008 14.6247 17
    endloop
  endfacet
  facet normal -0.544672 0.838649 0
    outer loop
      vertex -21.15 14.5278 17
      vertex -21.0008 14.6247 0
      vertex -21.15 14.5278 0
    endloop
  endfacet
  facet normal 0.890215 0.45554 0
    outer loop
      vertex -23.4722 15.15 17
      vertex -23.4853 15.1756 0
      vertex -23.4853 15.1756 17
    endloop
  endfacet
  facet normal 0.890215 0.45554 0
    outer loop
      vertex -23.4853 15.1756 0
      vertex -23.4722 15.15 17
      vertex -23.4722 15.15 0
    endloop
  endfacet
  facet normal -0.890915 0.45417 0
    outer loop
      vertex -20.5278 15.15 0
      vertex -20.447 15.3085 17
      vertex -20.447 15.3085 0
    endloop
  endfacet
  facet normal -0.890915 0.45417 0
    outer loop
      vertex -20.447 15.3085 17
      vertex -20.5278 15.15 0
      vertex -20.5278 15.15 17
    endloop
  endfacet
  facet normal -0.629344 0.777127 0
    outer loop
      vertex -20.8625 14.7367 0
      vertex -21.0008 14.6247 17
      vertex -20.8625 14.7367 17
    endloop
  endfacet
  facet normal -0.629344 0.777127 0
    outer loop
      vertex -21.0008 14.6247 17
      vertex -20.8625 14.7367 0
      vertex -21.0008 14.6247 0
    endloop
  endfacet
  facet normal -0.838649 0.544672 0
    outer loop
      vertex -20.6247 15.0008 0
      vertex -20.5278 15.15 17
      vertex -20.5278 15.15 0
    endloop
  endfacet
  facet normal -0.838649 0.544672 0
    outer loop
      vertex -20.5278 15.15 17
      vertex -20.6247 15.0008 0
      vertex -20.6247 15.0008 17
    endloop
  endfacet
  facet normal 0.838649 0.544672 0
    outer loop
      vertex -23.3753 15.0008 17
      vertex -23.4722 15.15 0
      vertex -23.4722 15.15 17
    endloop
  endfacet
  facet normal 0.838649 0.544672 0
    outer loop
      vertex -23.4722 15.15 0
      vertex -23.3753 15.0008 17
      vertex -23.3753 15.0008 0
    endloop
  endfacet
  facet normal 0.45417 0.890915 -0
    outer loop
      vertex -22.6915 14.447 0
      vertex -22.85 14.5278 17
      vertex -22.6915 14.447 17
    endloop
  endfacet
  facet normal 0.45417 0.890915 0
    outer loop
      vertex -22.85 14.5278 17
      vertex -22.6915 14.447 0
      vertex -22.85 14.5278 0
    endloop
  endfacet
  facet normal 0.707107 0.707107 0
    outer loop
      vertex -23.1375 14.7367 17
      vertex -23.2633 14.8625 0
      vertex -23.2633 14.8625 17
    endloop
  endfacet
  facet normal 0.707107 0.707107 0
    outer loop
      vertex -23.2633 14.8625 0
      vertex -23.1375 14.7367 17
      vertex -23.1375 14.7367 0
    endloop
  endfacet
  facet normal -0.157847 -0.987464 0
    outer loop
      vertex -21.6734 17.6671 0
      vertex -21.6465 17.6628 17
      vertex -21.6734 17.6671 17
    endloop
  endfacet
  facet normal -0.157847 -0.987464 -0
    outer loop
      vertex -21.6465 17.6628 17
      vertex -21.6734 17.6671 0
      vertex -21.6465 17.6628 0
    endloop
  endfacet
  facet normal -0.987696 -0.156385 0
    outer loop
      vertex -18.7678 16.3397 17
      vertex -18.821 16.6757 22
      vertex -18.821 16.6757 17
    endloop
  endfacet
  facet normal -0.987696 -0.156385 0
    outer loop
      vertex -18.821 16.6757 22
      vertex -18.7678 16.3397 17
      vertex -18.7678 16.3397 22
    endloop
  endfacet
  facet normal -0.99863 -0.0523274 0
    outer loop
      vertex -18.75 16 17
      vertex -18.7678 16.3397 22
      vertex -18.7678 16.3397 17
    endloop
  endfacet
  facet normal -0.99863 -0.0523274 0
    outer loop
      vertex -18.7678 16.3397 22
      vertex -18.75 16 17
      vertex -18.75 16 22
    endloop
  endfacet
  facet normal -0.965888 -0.258961 0
    outer loop
      vertex -18.821 16.6757 17
      vertex -18.9091 17.0043 22
      vertex -18.9091 17.0043 17
    endloop
  endfacet
  facet normal -0.965888 -0.258961 0
    outer loop
      vertex -18.9091 17.0043 22
      vertex -18.821 16.6757 17
      vertex -18.821 16.6757 22
    endloop
  endfacet
  facet normal -0.0523274 0.99863 0
    outer loop
      vertex -21.6603 12.7678 17
      vertex -22 12.75 22
      vertex -21.6603 12.7678 22
    endloop
  endfacet
  facet normal -0.0523274 0.99863 0
    outer loop
      vertex -22 12.75 22
      vertex -21.6603 12.7678 17
      vertex -22 12.75 17
    endloop
  endfacet
  facet normal -0.258961 0.965888 0
    outer loop
      vertex -20.9957 12.9091 17
      vertex -21.3243 12.821 22
      vertex -20.9957 12.9091 22
    endloop
  endfacet
  facet normal -0.258961 0.965888 0
    outer loop
      vertex -21.3243 12.821 22
      vertex -20.9957 12.9091 17
      vertex -21.3243 12.821 17
    endloop
  endfacet
  facet normal -0.707107 -0.707107 0
    outer loop
      vertex -19.5848 18.1747 17
      vertex -19.8253 18.4152 22
      vertex -19.8253 18.4152 17
    endloop
  endfacet
  facet normal -0.707107 -0.707107 0
    outer loop
      vertex -19.8253 18.4152 22
      vertex -19.5848 18.1747 17
      vertex -19.5848 18.1747 22
    endloop
  endfacet
  facet normal -0.453886 -0.89106 0
    outer loop
      vertex -20.6096 18.9341 17
      vertex -20.375 18.8146 22
      vertex -20.6096 18.9341 22
    endloop
  endfacet
  facet normal -0.453886 -0.89106 -0
    outer loop
      vertex -20.375 18.8146 22
      vertex -20.6096 18.9341 17
      vertex -20.375 18.8146 17
    endloop
  endfacet
  facet normal 0.629308 0.777156 -0
    outer loop
      vertex -23.9103 13.3707 17
      vertex -24.1747 13.5848 22
      vertex -23.9103 13.3707 22
    endloop
  endfacet
  facet normal 0.629308 0.777156 0
    outer loop
      vertex -24.1747 13.5848 22
      vertex -23.9103 13.3707 17
      vertex -24.1747 13.5848 17
    endloop
  endfacet
  facet normal -0.987696 0.156385 0
    outer loop
      vertex -18.821 15.3243 17
      vertex -18.7678 15.6603 22
      vertex -18.7678 15.6603 17
    endloop
  endfacet
  facet normal -0.987696 0.156385 0
    outer loop
      vertex -18.7678 15.6603 22
      vertex -18.821 15.3243 17
      vertex -18.821 15.3243 22
    endloop
  endfacet
  facet normal 0.707107 0.707107 0
    outer loop
      vertex -24.1747 13.5848 22
      vertex -24.3639 13.774 17
      vertex -24.3639 13.774 22
    endloop
  endfacet
  facet normal 0.707107 0.707107 0
    outer loop
      vertex -24.3639 13.774 17
      vertex -24.1747 13.5848 22
      vertex -24.1747 13.5848 17
    endloop
  endfacet
  facet normal -0.838638 -0.544689 0
    outer loop
      vertex -19.1854 17.625 17
      vertex -19.3707 17.9103 22
      vertex -19.3707 17.9103 17
    endloop
  endfacet
  facet normal -0.838638 -0.544689 0
    outer loop
      vertex -19.3707 17.9103 22
      vertex -19.1854 17.625 17
      vertex -19.1854 17.625 22
    endloop
  endfacet
  facet normal -0.99863 0.0523274 0
    outer loop
      vertex -18.7678 15.6603 17
      vertex -18.75 16 22
      vertex -18.75 16 17
    endloop
  endfacet
  facet normal -0.99863 0.0523274 0
    outer loop
      vertex -18.75 16 22
      vertex -18.7678 15.6603 17
      vertex -18.7678 15.6603 22
    endloop
  endfacet
  facet normal -0.629308 -0.777156 0
    outer loop
      vertex -20.0897 18.6293 17
      vertex -19.8253 18.4152 22
      vertex -20.0897 18.6293 22
    endloop
  endfacet
  facet normal -0.629308 -0.777156 -0
    outer loop
      vertex -19.8253 18.4152 22
      vertex -20.0897 18.6293 17
      vertex -19.8253 18.4152 17
    endloop
  endfacet
  facet normal -0.544689 -0.838638 0
    outer loop
      vertex -20.375 18.8146 17
      vertex -20.0897 18.6293 22
      vertex -20.375 18.8146 22
    endloop
  endfacet
  facet normal -0.544689 -0.838638 -0
    outer loop
      vertex -20.0897 18.6293 22
      vertex -20.375 18.8146 17
      vertex -20.0897 18.6293 17
    endloop
  endfacet
  facet normal -0.358329 0.933595 0
    outer loop
      vertex -20.6781 13.031 17
      vertex -20.9957 12.9091 22
      vertex -20.6781 13.031 22
    endloop
  endfacet
  facet normal -0.358329 0.933595 0
    outer loop
      vertex -20.9957 12.9091 22
      vertex -20.6781 13.031 17
      vertex -20.9957 12.9091 17
    endloop
  endfacet
  facet normal -0.965888 0.258961 0
    outer loop
      vertex -18.9091 14.9957 17
      vertex -18.821 15.3243 22
      vertex -18.821 15.3243 17
    endloop
  endfacet
  facet normal -0.965888 0.258961 0
    outer loop
      vertex -18.821 15.3243 22
      vertex -18.9091 14.9957 17
      vertex -18.9091 14.9957 22
    endloop
  endfacet
  facet normal 0.258961 0.965888 -0
    outer loop
      vertex -22.6757 12.821 17
      vertex -23.0043 12.9091 22
      vertex -22.6757 12.821 22
    endloop
  endfacet
  facet normal 0.258961 0.965888 0
    outer loop
      vertex -23.0043 12.9091 22
      vertex -22.6757 12.821 17
      vertex -23.0043 12.9091 17
    endloop
  endfacet
  facet normal -0.838638 0.544689 0
    outer loop
      vertex -19.3707 14.0897 17
      vertex -19.1854 14.375 22
      vertex -19.1854 14.375 17
    endloop
  endfacet
  facet normal -0.838638 0.544689 0
    outer loop
      vertex -19.1854 14.375 22
      vertex -19.3707 14.0897 17
      vertex -19.3707 14.0897 22
    endloop
  endfacet
  facet normal 0.544689 0.838638 -0
    outer loop
      vertex -23.625 13.1854 17
      vertex -23.9103 13.3707 22
      vertex -23.625 13.1854 22
    endloop
  endfacet
  facet normal 0.544689 0.838638 0
    outer loop
      vertex -23.9103 13.3707 22
      vertex -23.625 13.1854 17
      vertex -23.9103 13.3707 17
    endloop
  endfacet
  facet normal -0.777156 0.629308 0
    outer loop
      vertex -19.5848 13.8253 17
      vertex -19.3707 14.0897 22
      vertex -19.3707 14.0897 17
    endloop
  endfacet
  facet normal -0.777156 0.629308 0
    outer loop
      vertex -19.3707 14.0897 22
      vertex -19.5848 13.8253 17
      vertex -19.5848 13.8253 22
    endloop
  endfacet
  facet normal -0.891051 0.453904 0
    outer loop
      vertex -19.1854 14.375 17
      vertex -19.031 14.6781 22
      vertex -19.031 14.6781 17
    endloop
  endfacet
  facet normal -0.891051 0.453904 0
    outer loop
      vertex -19.031 14.6781 22
      vertex -19.1854 14.375 17
      vertex -19.1854 14.375 22
    endloop
  endfacet
  facet normal 0 0 1
    outer loop
      vertex -20.3 16 17
      vertex -18.75 16 17
      vertex -18.7678 16.3397 17
    endloop
  endfacet
  facet normal 0 0 1
    outer loop
      vertex -20.3093 16.1777 17
      vertex -18.7678 16.3397 17
      vertex -18.821 16.6757 17
    endloop
  endfacet
  facet normal 0 0 1
    outer loop
      vertex -18.75 16 17
      vertex -20.3 16 17
      vertex -18.7678 15.6603 17
    endloop
  endfacet
  facet normal 0 0 1
    outer loop
      vertex -20.3372 16.3535 17
      vertex -18.821 16.6757 17
      vertex -18.9091 17.0043 17
    endloop
  endfacet
  facet normal -0 0 1
    outer loop
      vertex -20.3093 15.8223 17
      vertex -18.7678 15.6603 17
      vertex -20.3 16 17
    endloop
  endfacet
  facet normal 0 0 1
    outer loop
      vertex -20.3832 16.5253 17
      vertex -18.9091 17.0043 17
      vertex -19.031 17.3219 17
    endloop
  endfacet
  facet normal 0 0 1
    outer loop
      vertex -18.7678 15.6603 17
      vertex -20.3093 15.8223 17
      vertex -18.821 15.3243 17
    endloop
  endfacet
  facet normal 0 0 1
    outer loop
      vertex -20.447 16.6915 17
      vertex -19.031 17.3219 17
      vertex -19.1854 17.625 17
    endloop
  endfacet
  facet normal -0 0 1
    outer loop
      vertex -20.3372 15.6466 17
      vertex -18.821 15.3243 17
      vertex -20.3093 15.8223 17
    endloop
  endfacet
  facet normal 0 0 1
    outer loop
      vertex -20.5278 16.85 17
      vertex -19.1854 17.625 17
      vertex -19.3707 17.9103 17
    endloop
  endfacet
  facet normal 0 0 1
    outer loop
      vertex -18.821 15.3243 17
      vertex -20.3372 15.6466 17
      vertex -18.9091 14.9957 17
    endloop
  endfacet
  facet normal 0 0 1
    outer loop
      vertex -20.6247 16.9992 17
      vertex -19.3707 17.9103 17
      vertex -19.5848 18.1747 17
    endloop
  endfacet
  facet normal -0 0 1
    outer loop
      vertex -20.3832 15.4747 17
      vertex -18.9091 14.9957 17
      vertex -20.3372 15.6466 17
    endloop
  endfacet
  facet normal 0 0 1
    outer loop
      vertex -20.7367 17.1375 17
      vertex -19.5848 18.1747 17
      vertex -19.8253 18.4152 17
    endloop
  endfacet
  facet normal 0 0 1
    outer loop
      vertex -18.9091 14.9957 17
      vertex -20.3832 15.4747 17
      vertex -19.031 14.6781 17
    endloop
  endfacet
  facet normal 0 0 1
    outer loop
      vertex -20.8625 17.2633 17
      vertex -19.8253 18.4152 17
      vertex -20.0897 18.6293 17
    endloop
  endfacet
  facet normal -0 0 1
    outer loop
      vertex -20.447 15.3085 17
      vertex -19.031 14.6781 17
      vertex -20.3832 15.4747 17
    endloop
  endfacet
  facet normal 0 0 1
    outer loop
      vertex -19.031 14.6781 17
      vertex -20.447 15.3085 17
      vertex -19.1854 14.375 17
    endloop
  endfacet
  facet normal 0 0 1
    outer loop
      vertex -18.7678 16.3397 17
      vertex -20.3093 16.1777 17
      vertex -20.3 16 17
    endloop
  endfacet
  facet normal 0 0 1
    outer loop
      vertex -18.821 16.6757 17
      vertex -20.3372 16.3535 17
      vertex -20.3093 16.1777 17
    endloop
  endfacet
  facet normal -0 0 1
    outer loop
      vertex -20.8081 18.7357 17
      vertex -20.0897 18.6293 17
      vertex -20.375 18.8146 17
    endloop
  endfacet
  facet normal 0 0 1
    outer loop
      vertex -18.9091 17.0043 17
      vertex -20.3832 16.5253 17
      vertex -20.3372 16.3535 17
    endloop
  endfacet
  facet normal 0 0 1
    outer loop
      vertex -19.031 17.3219 17
      vertex -20.447 16.6915 17
      vertex -20.3832 16.5253 17
    endloop
  endfacet
  facet normal 0 0 1
    outer loop
      vertex -19.1854 17.625 17
      vertex -20.5278 16.85 17
      vertex -20.447 16.6915 17
    endloop
  endfacet
  facet normal 0 0 1
    outer loop
      vertex -20.8081 18.7357 17
      vertex -20.375 18.8146 17
      vertex -20.6096 18.9341 17
    endloop
  endfacet
  facet normal 0 0 1
    outer loop
      vertex -19.3707 17.9103 17
      vertex -20.6247 16.9992 17
      vertex -20.5278 16.85 17
    endloop
  endfacet
  facet normal 0 0 1
    outer loop
      vertex -19.5848 18.1747 17
      vertex -20.7367 17.1375 17
      vertex -20.6247 16.9992 17
    endloop
  endfacet
  facet normal 0 0 1
    outer loop
      vertex -20.0897 18.6293 17
      vertex -20.8081 18.7357 17
      vertex -21.0008 17.3753 17
    endloop
  endfacet
  facet normal 0 0 1
    outer loop
      vertex -19.8253 18.4152 17
      vertex -20.8625 17.2633 17
      vertex -20.7367 17.1375 17
    endloop
  endfacet
  facet normal 0 0 1
    outer loop
      vertex -20.0897 18.6293 17
      vertex -21.0008 17.3753 17
      vertex -20.8625 17.2633 17
    endloop
  endfacet
  facet normal 0 0 1
    outer loop
      vertex -20.8081 18.7357 17
      vertex -21.15 17.4722 17
      vertex -21.0008 17.3753 17
    endloop
  endfacet
  facet normal 0 0 1
    outer loop
      vertex -20.8081 18.7357 17
      vertex -21.3085 17.553 17
      vertex -21.15 17.4722 17
    endloop
  endfacet
  facet normal 0 0 1
    outer loop
      vertex -20.8081 18.7357 17
      vertex -21.4747 17.6168 17
      vertex -21.3085 17.553 17
    endloop
  endfacet
  facet normal 0 0 1
    outer loop
      vertex -20.8081 18.7357 17
      vertex -21.6465 17.6628 17
      vertex -21.4747 17.6168 17
    endloop
  endfacet
  facet normal 0 -0 1
    outer loop
      vertex -21.6465 17.6628 17
      vertex -20.8081 18.7357 17
      vertex -21.6734 17.6671 17
    endloop
  endfacet
  facet normal -0 0 1
    outer loop
      vertex -20.5278 15.15 17
      vertex -19.1854 14.375 17
      vertex -20.447 15.3085 17
    endloop
  endfacet
  facet normal 0 0 1
    outer loop
      vertex -19.1854 14.375 17
      vertex -20.5278 15.15 17
      vertex -19.3707 14.0897 17
    endloop
  endfacet
  facet normal -0 0 1
    outer loop
      vertex -20.6247 15.0008 17
      vertex -19.3707 14.0897 17
      vertex -20.5278 15.15 17
    endloop
  endfacet
  facet normal 0 0 1
    outer loop
      vertex -19.3707 14.0897 17
      vertex -20.6247 15.0008 17
      vertex -19.5848 13.8253 17
    endloop
  endfacet
  facet normal -0 0 1
    outer loop
      vertex -20.7367 14.8625 17
      vertex -19.5848 13.8253 17
      vertex -20.6247 15.0008 17
    endloop
  endfacet
  facet normal 0 0 1
    outer loop
      vertex -19.5848 13.8253 17
      vertex -20.7367 14.8625 17
      vertex -19.8253 13.5848 17
    endloop
  endfacet
  facet normal -0 0 1
    outer loop
      vertex -20.8625 14.7367 17
      vertex -19.8253 13.5848 17
      vertex -20.7367 14.8625 17
    endloop
  endfacet
  facet normal 0 0 1
    outer loop
      vertex -19.8253 13.5848 17
      vertex -20.8625 14.7367 17
      vertex -20.0897 13.3707 17
    endloop
  endfacet
  facet normal -0 0 1
    outer loop
      vertex -21.0008 14.6247 17
      vertex -20.0897 13.3707 17
      vertex -20.8625 14.7367 17
    endloop
  endfacet
  facet normal 0 0 1
    outer loop
      vertex -20.0897 13.3707 17
      vertex -21.0008 14.6247 17
      vertex -20.375 13.1854 17
    endloop
  endfacet
  facet normal -0 0 1
    outer loop
      vertex -21.15 14.5278 17
      vertex -20.375 13.1854 17
      vertex -21.0008 14.6247 17
    endloop
  endfacet
  facet normal 0 0 1
    outer loop
      vertex -20.375 13.1854 17
      vertex -21.15 14.5278 17
      vertex -20.6781 13.031 17
    endloop
  endfacet
  facet normal -0 0 1
    outer loop
      vertex -21.3085 14.447 17
      vertex -20.6781 13.031 17
      vertex -21.15 14.5278 17
    endloop
  endfacet
  facet normal 0 0 1
    outer loop
      vertex -20.6781 13.031 17
      vertex -21.3085 14.447 17
      vertex -20.9957 12.9091 17
    endloop
  endfacet
  facet normal -0 0 1
    outer loop
      vertex -21.4747 14.3832 17
      vertex -20.9957 12.9091 17
      vertex -21.3085 14.447 17
    endloop
  endfacet
  facet normal 0 0 1
    outer loop
      vertex -20.9957 12.9091 17
      vertex -21.4747 14.3832 17
      vertex -21.3243 12.821 17
    endloop
  endfacet
  facet normal -0 0 1
    outer loop
      vertex -21.6465 14.3371 17
      vertex -21.3243 12.821 17
      vertex -21.4747 14.3832 17
    endloop
  endfacet
  facet normal 0 0 1
    outer loop
      vertex -21.6465 14.3371 17
      vertex -21.6603 12.7678 17
      vertex -21.3243 12.821 17
    endloop
  endfacet
  facet normal -0 0 1
    outer loop
      vertex -21.8223 14.3093 17
      vertex -21.6603 12.7678 17
      vertex -21.6465 14.3371 17
    endloop
  endfacet
  facet normal -0 0 1
    outer loop
      vertex -22 14.3 17
      vertex -21.6603 12.7678 17
      vertex -21.8223 14.3093 17
    endloop
  endfacet
  facet normal 0 0 1
    outer loop
      vertex -22 14.3 17
      vertex -22 12.75 17
      vertex -21.6603 12.7678 17
    endloop
  endfacet
  facet normal 0 0 1
    outer loop
      vertex -22.1777 14.3093 17
      vertex -22 12.75 17
      vertex -22 14.3 17
    endloop
  endfacet
  facet normal 0 0 1
    outer loop
      vertex -22.1777 14.3093 17
      vertex -22.3397 12.7678 17
      vertex -22 12.75 17
    endloop
  endfacet
  facet normal 0 0 1
    outer loop
      vertex -22.3535 14.3371 17
      vertex -22.3397 12.7678 17
      vertex -22.1777 14.3093 17
    endloop
  endfacet
  facet normal 0 0 1
    outer loop
      vertex -22.6757 12.821 17
      vertex -22.3535 14.3371 17
      vertex -22.5253 14.3832 17
    endloop
  endfacet
  facet normal 0 0 1
    outer loop
      vertex -22.3535 14.3371 17
      vertex -22.6757 12.821 17
      vertex -22.3397 12.7678 17
    endloop
  endfacet
  facet normal 0 0 1
    outer loop
      vertex -23.0043 12.9091 17
      vertex -22.5253 14.3832 17
      vertex -22.6915 14.447 17
    endloop
  endfacet
  facet normal 0 0 1
    outer loop
      vertex -23.3219 13.031 17
      vertex -22.6915 14.447 17
      vertex -22.85 14.5278 17
    endloop
  endfacet
  facet normal 0 0 1
    outer loop
      vertex -23.625 13.1854 17
      vertex -22.85 14.5278 17
      vertex -22.9992 14.6247 17
    endloop
  endfacet
  facet normal 0 0 1
    outer loop
      vertex -22.5253 14.3832 17
      vertex -23.0043 12.9091 17
      vertex -22.6757 12.821 17
    endloop
  endfacet
  facet normal 0 0 1
    outer loop
      vertex -24.2487 14 17
      vertex -22.9992 14.6247 17
      vertex -23.1375 14.7367 17
    endloop
  endfacet
  facet normal 0 0 1
    outer loop
      vertex -24.2487 14 17
      vertex -23.1375 14.7367 17
      vertex -23.2633 14.8625 17
    endloop
  endfacet
  facet normal 0 0 1
    outer loop
      vertex -22.6915 14.447 17
      vertex -23.3219 13.031 17
      vertex -23.0043 12.9091 17
    endloop
  endfacet
  facet normal 0 0 1
    outer loop
      vertex -24.2487 14 17
      vertex -23.2633 14.8625 17
      vertex -23.3753 15.0008 17
    endloop
  endfacet
  facet normal 0 0 1
    outer loop
      vertex -24.2487 14 17
      vertex -23.3753 15.0008 17
      vertex -23.4722 15.15 17
    endloop
  endfacet
  facet normal 0 0 1
    outer loop
      vertex -24.2487 14 17
      vertex -23.4722 15.15 17
      vertex -23.4853 15.1756 17
    endloop
  endfacet
  facet normal 0 0 1
    outer loop
      vertex -22.85 14.5278 17
      vertex -23.625 13.1854 17
      vertex -23.3219 13.031 17
    endloop
  endfacet
  facet normal 0 0 1
    outer loop
      vertex -22.9992 14.6247 17
      vertex -23.9103 13.3707 17
      vertex -23.625 13.1854 17
    endloop
  endfacet
  facet normal 0 0 1
    outer loop
      vertex -22.9992 14.6247 17
      vertex -24.2487 14 17
      vertex -23.9103 13.3707 17
    endloop
  endfacet
  facet normal 0 0 1
    outer loop
      vertex -23.9103 13.3707 17
      vertex -24.2487 14 17
      vertex -24.1747 13.5848 17
    endloop
  endfacet
  facet normal 0 0 1
    outer loop
      vertex -24.1747 13.5848 17
      vertex -24.2487 14 17
      vertex -24.3639 13.774 17
    endloop
  endfacet
  facet normal -0.453904 0.891051 0
    outer loop
      vertex -20.375 13.1854 17
      vertex -20.6781 13.031 22
      vertex -20.375 13.1854 22
    endloop
  endfacet
  facet normal -0.453904 0.891051 0
    outer loop
      vertex -20.6781 13.031 22
      vertex -20.375 13.1854 17
      vertex -20.6781 13.031 17
    endloop
  endfacet
  facet normal -0.156385 0.987696 0
    outer loop
      vertex -21.3243 12.821 17
      vertex -21.6603 12.7678 22
      vertex -21.3243 12.821 22
    endloop
  endfacet
  facet normal -0.156385 0.987696 0
    outer loop
      vertex -21.6603 12.7678 22
      vertex -21.3243 12.821 17
      vertex -21.6603 12.7678 17
    endloop
  endfacet
  facet normal 0.156385 0.987696 -0
    outer loop
      vertex -22.3397 12.7678 17
      vertex -22.6757 12.821 22
      vertex -22.3397 12.7678 22
    endloop
  endfacet
  facet normal 0.156385 0.987696 0
    outer loop
      vertex -22.6757 12.821 22
      vertex -22.3397 12.7678 17
      vertex -22.6757 12.821 17
    endloop
  endfacet
  facet normal -0.777156 -0.629308 0
    outer loop
      vertex -19.3707 17.9103 17
      vertex -19.5848 18.1747 22
      vertex -19.5848 18.1747 17
    endloop
  endfacet
  facet normal -0.777156 -0.629308 0
    outer loop
      vertex -19.5848 18.1747 22
      vertex -19.3707 17.9103 17
      vertex -19.3707 17.9103 22
    endloop
  endfacet
  facet normal -0.933595 -0.358329 0
    outer loop
      vertex -18.9091 17.0043 17
      vertex -19.031 17.3219 22
      vertex -19.031 17.3219 17
    endloop
  endfacet
  facet normal -0.933595 -0.358329 0
    outer loop
      vertex -19.031 17.3219 22
      vertex -18.9091 17.0043 17
      vertex -18.9091 17.0043 22
    endloop
  endfacet
  facet normal -0.891051 -0.453904 0
    outer loop
      vertex -19.031 17.3219 17
      vertex -19.1854 17.625 22
      vertex -19.1854 17.625 17
    endloop
  endfacet
  facet normal -0.891051 -0.453904 0
    outer loop
      vertex -19.1854 17.625 22
      vertex -19.031 17.3219 17
      vertex -19.031 17.3219 22
    endloop
  endfacet
  facet normal -0.629308 0.777156 0
    outer loop
      vertex -19.8253 13.5848 17
      vertex -20.0897 13.3707 22
      vertex -19.8253 13.5848 22
    endloop
  endfacet
  facet normal -0.629308 0.777156 0
    outer loop
      vertex -20.0897 13.3707 22
      vertex -19.8253 13.5848 17
      vertex -20.0897 13.3707 17
    endloop
  endfacet
  facet normal 0.358329 0.933595 -0
    outer loop
      vertex -23.0043 12.9091 17
      vertex -23.3219 13.031 22
      vertex -23.0043 12.9091 22
    endloop
  endfacet
  facet normal 0.358329 0.933595 0
    outer loop
      vertex -23.3219 13.031 22
      vertex -23.0043 12.9091 17
      vertex -23.3219 13.031 17
    endloop
  endfacet
  facet normal 0.453904 0.891051 -0
    outer loop
      vertex -23.3219 13.031 17
      vertex -23.625 13.1854 22
      vertex -23.3219 13.031 22
    endloop
  endfacet
  facet normal 0.453904 0.891051 0
    outer loop
      vertex -23.625 13.1854 22
      vertex -23.3219 13.031 17
      vertex -23.625 13.1854 17
    endloop
  endfacet
  facet normal -0.544689 0.838638 0
    outer loop
      vertex -20.0897 13.3707 17
      vertex -20.375 13.1854 22
      vertex -20.0897 13.3707 22
    endloop
  endfacet
  facet normal -0.544689 0.838638 0
    outer loop
      vertex -20.375 13.1854 22
      vertex -20.0897 13.3707 17
      vertex -20.375 13.1854 17
    endloop
  endfacet
  facet normal -0.933595 0.358329 0
    outer loop
      vertex -19.031 14.6781 17
      vertex -18.9091 14.9957 22
      vertex -18.9091 14.9957 17
    endloop
  endfacet
  facet normal -0.933595 0.358329 0
    outer loop
      vertex -18.9091 14.9957 22
      vertex -19.031 14.6781 17
      vertex -19.031 14.6781 22
    endloop
  endfacet
  facet normal 0.0523274 0.99863 -0
    outer loop
      vertex -22 12.75 17
      vertex -22.3397 12.7678 22
      vertex -22 12.75 22
    endloop
  endfacet
  facet normal 0.0523274 0.99863 0
    outer loop
      vertex -22.3397 12.7678 22
      vertex -22 12.75 17
      vertex -22.3397 12.7678 17
    endloop
  endfacet
  facet normal -0.707107 0.707107 0
    outer loop
      vertex -19.8253 13.5848 17
      vertex -19.5848 13.8253 22
      vertex -19.5848 13.8253 17
    endloop
  endfacet
  facet normal -0.707107 0.707107 0
    outer loop
      vertex -19.5848 13.8253 22
      vertex -19.8253 13.5848 17
      vertex -19.8253 13.5848 22
    endloop
  endfacet
  facet normal -0.156741 0.98764 0
    outer loop
      vertex 22.3535 -67.6628 0
      vertex 22.1777 -67.6907 17
      vertex 22.3535 -67.6628 17
    endloop
  endfacet
  facet normal -0.156741 0.98764 0
    outer loop
      vertex 22.1777 -67.6907 17
      vertex 22.3535 -67.6628 0
      vertex 22.1777 -67.6907 0
    endloop
  endfacet
  facet normal -0.987626 -0.156828 0
    outer loop
      vertex 23.6907 -65.8223 0
      vertex 23.6628 -65.6466 17
      vertex 23.6628 -65.6466 0
    endloop
  endfacet
  facet normal -0.987626 -0.156828 0
    outer loop
      vertex 23.6628 -65.6466 17
      vertex 23.6907 -65.8223 0
      vertex 23.6907 -65.8223 17
    endloop
  endfacet
  facet normal -0.998633 -0.0522639 0
    outer loop
      vertex 23.7 -66 0
      vertex 23.6907 -65.8223 17
      vertex 23.6907 -65.8223 0
    endloop
  endfacet
  facet normal -0.998633 -0.0522639 0
    outer loop
      vertex 23.6907 -65.8223 17
      vertex 23.7 -66 0
      vertex 23.7 -66 17
    endloop
  endfacet
  facet normal -0.987626 0.156828 0
    outer loop
      vertex 23.6628 -66.3534 0
      vertex 23.6907 -66.1777 17
      vertex 23.6907 -66.1777 0
    endloop
  endfacet
  facet normal -0.987626 0.156828 0
    outer loop
      vertex 23.6907 -66.1777 17
      vertex 23.6628 -66.3534 0
      vertex 23.6628 -66.3534 17
    endloop
  endfacet
  facet normal -0.358377 -0.933577 0
    outer loop
      vertex 22.5253 -64.3832 0
      vertex 22.6915 -64.447 17
      vertex 22.5253 -64.3832 17
    endloop
  endfacet
  facet normal -0.358377 -0.933577 -0
    outer loop
      vertex 22.6915 -64.447 17
      vertex 22.5253 -64.3832 0
      vertex 22.6915 -64.447 0
    endloop
  endfacet
  facet normal -0.45417 0.890915 0
    outer loop
      vertex 22.85 -67.4722 0
      vertex 22.6915 -67.553 17
      vertex 22.85 -67.4722 17
    endloop
  endfacet
  facet normal -0.45417 0.890915 0
    outer loop
      vertex 22.6915 -67.553 17
      vertex 22.85 -67.4722 0
      vertex 22.6915 -67.553 0
    endloop
  endfacet
  facet normal -0.45417 -0.890915 0
    outer loop
      vertex 22.6915 -64.447 0
      vertex 22.85 -64.5278 17
      vertex 22.6915 -64.447 17
    endloop
  endfacet
  facet normal -0.45417 -0.890915 -0
    outer loop
      vertex 22.85 -64.5278 17
      vertex 22.6915 -64.447 0
      vertex 22.85 -64.5278 0
    endloop
  endfacet
  facet normal -0.258642 -0.965973 0
    outer loop
      vertex 22.3535 -64.3372 0
      vertex 22.5253 -64.3832 17
      vertex 22.3535 -64.3372 17
    endloop
  endfacet
  facet normal -0.258642 -0.965973 -0
    outer loop
      vertex 22.5253 -64.3832 17
      vertex 22.3535 -64.3372 0
      vertex 22.5253 -64.3832 0
    endloop
  endfacet
  facet normal 0.358377 -0.933577 0
    outer loop
      vertex 21.3085 -64.447 0
      vertex 21.4747 -64.3832 17
      vertex 21.3085 -64.447 17
    endloop
  endfacet
  facet normal 0.358377 -0.933577 0
    outer loop
      vertex 21.4747 -64.3832 17
      vertex 21.3085 -64.447 0
      vertex 21.4747 -64.3832 0
    endloop
  endfacet
  facet normal -0.777127 0.629344 0
    outer loop
      vertex 23.2633 -67.1375 0
      vertex 23.3753 -66.9992 17
      vertex 23.3753 -66.9992 0
    endloop
  endfacet
  facet normal -0.777127 0.629344 0
    outer loop
      vertex 23.3753 -66.9992 17
      vertex 23.2633 -67.1375 0
      vertex 23.2633 -67.1375 17
    endloop
  endfacet
  facet normal -0.358377 0.933577 0
    outer loop
      vertex 22.6915 -67.553 0
      vertex 22.5253 -67.6168 17
      vertex 22.6915 -67.553 17
    endloop
  endfacet
  facet normal -0.358377 0.933577 0
    outer loop
      vertex 22.5253 -67.6168 17
      vertex 22.6915 -67.553 0
      vertex 22.5253 -67.6168 0
    endloop
  endfacet
  facet normal 0.890915 -0.45417 0
    outer loop
      vertex 20.447 -65.3085 17
      vertex 20.5278 -65.15 0
      vertex 20.5278 -65.15 17
    endloop
  endfacet
  facet normal 0.890915 -0.45417 0
    outer loop
      vertex 20.5278 -65.15 0
      vertex 20.447 -65.3085 17
      vertex 20.447 -65.3085 0
    endloop
  endfacet
  facet normal 0.629344 0.777127 -0
    outer loop
      vertex 21.0008 -67.3753 0
      vertex 20.8625 -67.2633 17
      vertex 21.0008 -67.3753 17
    endloop
  endfacet
  facet normal 0.629344 0.777127 0
    outer loop
      vertex 20.8625 -67.2633 17
      vertex 21.0008 -67.3753 0
      vertex 20.8625 -67.2633 0
    endloop
  endfacet
  facet normal -0.258642 0.965973 0
    outer loop
      vertex 22.5253 -67.6168 0
      vertex 22.3535 -67.6628 17
      vertex 22.5253 -67.6168 17
    endloop
  endfacet
  facet normal -0.258642 0.965973 0
    outer loop
      vertex 22.3535 -67.6628 17
      vertex 22.5253 -67.6168 0
      vertex 22.3535 -67.6628 0
    endloop
  endfacet
  facet normal -0.998633 0.0522639 0
    outer loop
      vertex 23.6907 -66.1777 0
      vertex 23.7 -66 17
      vertex 23.7 -66 0
    endloop
  endfacet
  facet normal -0.998633 0.0522639 0
    outer loop
      vertex 23.7 -66 17
      vertex 23.6907 -66.1777 0
      vertex 23.6907 -66.1777 17
    endloop
  endfacet
  facet normal 0.258642 0.965973 -0
    outer loop
      vertex 21.6465 -67.6628 0
      vertex 21.4747 -67.6168 17
      vertex 21.6465 -67.6628 17
    endloop
  endfacet
  facet normal 0.258642 0.965973 0
    outer loop
      vertex 21.4747 -67.6168 17
      vertex 21.6465 -67.6628 0
      vertex 21.4747 -67.6168 0
    endloop
  endfacet
  facet normal -0.544672 -0.838649 0
    outer loop
      vertex 22.85 -64.5278 0
      vertex 22.9992 -64.6247 17
      vertex 22.85 -64.5278 17
    endloop
  endfacet
  facet normal -0.544672 -0.838649 -0
    outer loop
      vertex 22.9992 -64.6247 17
      vertex 22.85 -64.5278 0
      vertex 22.9992 -64.6247 0
    endloop
  endfacet
  facet normal 0.0522639 0.998633 -0
    outer loop
      vertex 22 -67.7 0
      vertex 21.8223 -67.6907 17
      vertex 22 -67.7 17
    endloop
  endfacet
  facet normal 0.0522639 0.998633 0
    outer loop
      vertex 21.8223 -67.6907 17
      vertex 22 -67.7 0
      vertex 21.8223 -67.6907 0
    endloop
  endfacet
  facet normal -0.838649 -0.544672 0
    outer loop
      vertex 23.4722 -65.15 0
      vertex 23.3753 -65.0008 17
      vertex 23.3753 -65.0008 0
    endloop
  endfacet
  facet normal -0.838649 -0.544672 0
    outer loop
      vertex 23.3753 -65.0008 17
      vertex 23.4722 -65.15 0
      vertex 23.4722 -65.15 17
    endloop
  endfacet
  facet normal -0.0522639 0.998633 0
    outer loop
      vertex 22.1777 -67.6907 0
      vertex 22 -67.7 17
      vertex 22.1777 -67.6907 17
    endloop
  endfacet
  facet normal -0.0522639 0.998633 0
    outer loop
      vertex 22 -67.7 17
      vertex 22.1777 -67.6907 0
      vertex 22 -67.7 0
    endloop
  endfacet
  facet normal 0.45417 -0.890915 0
    outer loop
      vertex 21.15 -64.5278 0
      vertex 21.3085 -64.447 17
      vertex 21.15 -64.5278 17
    endloop
  endfacet
  facet normal 0.45417 -0.890915 0
    outer loop
      vertex 21.3085 -64.447 17
      vertex 21.15 -64.5278 0
      vertex 21.3085 -64.447 0
    endloop
  endfacet
  facet normal -0.890915 -0.45417 0
    outer loop
      vertex 23.553 -65.3085 0
      vertex 23.4722 -65.15 17
      vertex 23.4722 -65.15 0
    endloop
  endfacet
  facet normal -0.890915 -0.45417 0
    outer loop
      vertex 23.4722 -65.15 17
      vertex 23.553 -65.3085 0
      vertex 23.553 -65.3085 17
    endloop
  endfacet
  facet normal 0.987626 -0.156828 0
    outer loop
      vertex 20.3093 -65.8223 17
      vertex 20.3372 -65.6466 0
      vertex 20.3372 -65.6466 17
    endloop
  endfacet
  facet normal 0.987626 -0.156828 0
    outer loop
      vertex 20.3372 -65.6466 0
      vertex 20.3093 -65.8223 17
      vertex 20.3093 -65.8223 0
    endloop
  endfacet
  facet normal 0.933577 0.358377 0
    outer loop
      vertex 20.447 -66.6915 17
      vertex 20.3832 -66.5253 0
      vertex 20.3832 -66.5253 17
    endloop
  endfacet
  facet normal 0.933577 0.358377 0
    outer loop
      vertex 20.3832 -66.5253 0
      vertex 20.447 -66.6915 17
      vertex 20.447 -66.6915 0
    endloop
  endfacet
  facet normal 0.987626 0.156828 0
    outer loop
      vertex 20.3372 -66.3534 17
      vertex 20.3093 -66.1777 0
      vertex 20.3093 -66.1777 17
    endloop
  endfacet
  facet normal 0.987626 0.156828 0
    outer loop
      vertex 20.3093 -66.1777 0
      vertex 20.3372 -66.3534 17
      vertex 20.3372 -66.3534 0
    endloop
  endfacet
  facet normal -0.707107 0.707107 0
    outer loop
      vertex 23.1375 -67.2633 0
      vertex 23.2633 -67.1375 17
      vertex 23.2633 -67.1375 0
    endloop
  endfacet
  facet normal -0.707107 0.707107 0
    outer loop
      vertex 23.2633 -67.1375 17
      vertex 23.1375 -67.2633 0
      vertex 23.1375 -67.2633 17
    endloop
  endfacet
  facet normal -0.933577 -0.358377 0
    outer loop
      vertex 23.6168 -65.4747 0
      vertex 23.553 -65.3085 17
      vertex 23.553 -65.3085 0
    endloop
  endfacet
  facet normal -0.933577 -0.358377 0
    outer loop
      vertex 23.553 -65.3085 17
      vertex 23.6168 -65.4747 0
      vertex 23.6168 -65.4747 17
    endloop
  endfacet
  facet normal 0.777127 0.629344 0
    outer loop
      vertex 20.7367 -67.1375 17
      vertex 20.6247 -66.9992 0
      vertex 20.6247 -66.9992 17
    endloop
  endfacet
  facet normal 0.777127 0.629344 0
    outer loop
      vertex 20.6247 -66.9992 0
      vertex 20.7367 -67.1375 17
      vertex 20.7367 -67.1375 0
    endloop
  endfacet
  facet normal -0.777127 -0.629344 0
    outer loop
      vertex 23.3753 -65.0008 0
      vertex 23.2633 -64.8625 17
      vertex 23.2633 -64.8625 0
    endloop
  endfacet
  facet normal -0.777127 -0.629344 0
    outer loop
      vertex 23.2633 -64.8625 17
      vertex 23.3753 -65.0008 0
      vertex 23.3753 -65.0008 17
    endloop
  endfacet
  facet normal 0.358377 0.933577 -0
    outer loop
      vertex 21.4747 -67.6168 0
      vertex 21.3085 -67.553 17
      vertex 21.4747 -67.6168 17
    endloop
  endfacet
  facet normal 0.358377 0.933577 0
    outer loop
      vertex 21.3085 -67.553 17
      vertex 21.4747 -67.6168 0
      vertex 21.3085 -67.553 0
    endloop
  endfacet
  facet normal 0.777127 -0.629344 0
    outer loop
      vertex 20.6247 -65.0008 17
      vertex 20.7367 -64.8625 0
      vertex 20.7367 -64.8625 17
    endloop
  endfacet
  facet normal 0.777127 -0.629344 0
    outer loop
      vertex 20.7367 -64.8625 0
      vertex 20.6247 -65.0008 17
      vertex 20.6247 -65.0008 0
    endloop
  endfacet
  facet normal 0.629344 -0.777127 0
    outer loop
      vertex 20.8625 -64.7367 0
      vertex 21.0008 -64.6247 17
      vertex 20.8625 -64.7367 17
    endloop
  endfacet
  facet normal 0.629344 -0.777127 0
    outer loop
      vertex 21.0008 -64.6247 17
      vertex 20.8625 -64.7367 0
      vertex 21.0008 -64.6247 0
    endloop
  endfacet
  facet normal 0.544672 0.838649 -0
    outer loop
      vertex 21.15 -67.4722 0
      vertex 21.0008 -67.3753 17
      vertex 21.15 -67.4722 17
    endloop
  endfacet
  facet normal 0.544672 0.838649 0
    outer loop
      vertex 21.0008 -67.3753 17
      vertex 21.15 -67.4722 0
      vertex 21.0008 -67.3753 0
    endloop
  endfacet
  facet normal -0.707107 -0.707107 0
    outer loop
      vertex 23.2633 -64.8625 0
      vertex 23.1375 -64.7367 17
      vertex 23.1375 -64.7367 0
    endloop
  endfacet
  facet normal -0.707107 -0.707107 0
    outer loop
      vertex 23.1375 -64.7367 17
      vertex 23.2633 -64.8625 0
      vertex 23.2633 -64.8625 17
    endloop
  endfacet
  facet normal -0.966011 0.258502 0
    outer loop
      vertex 23.6168 -66.5253 0
      vertex 23.6628 -66.3534 17
      vertex 23.6628 -66.3534 0
    endloop
  endfacet
  facet normal -0.966011 0.258502 0
    outer loop
      vertex 23.6628 -66.3534 17
      vertex 23.6168 -66.5253 0
      vertex 23.6168 -66.5253 17
    endloop
  endfacet
  facet normal 0.156741 0.98764 -0
    outer loop
      vertex 21.8223 -67.6907 0
      vertex 21.6465 -67.6628 17
      vertex 21.8223 -67.6907 17
    endloop
  endfacet
  facet normal 0.156741 0.98764 0
    outer loop
      vertex 21.6465 -67.6628 17
      vertex 21.8223 -67.6907 0
      vertex 21.6465 -67.6628 0
    endloop
  endfacet
  facet normal 0.838649 -0.544672 0
    outer loop
      vertex 20.5278 -65.15 17
      vertex 20.6247 -65.0008 0
      vertex 20.6247 -65.0008 17
    endloop
  endfacet
  facet normal 0.838649 -0.544672 0
    outer loop
      vertex 20.6247 -65.0008 0
      vertex 20.5278 -65.15 17
      vertex 20.5278 -65.15 0
    endloop
  endfacet
  facet normal 0.156741 -0.98764 0
    outer loop
      vertex 21.6465 -64.3372 0
      vertex 21.8223 -64.3093 17
      vertex 21.6465 -64.3372 17
    endloop
  endfacet
  facet normal 0.156741 -0.98764 0
    outer loop
      vertex 21.8223 -64.3093 17
      vertex 21.6465 -64.3372 0
      vertex 21.8223 -64.3093 0
    endloop
  endfacet
  facet normal 0.258642 -0.965973 0
    outer loop
      vertex 21.4747 -64.3832 0
      vertex 21.6465 -64.3372 17
      vertex 21.4747 -64.3832 17
    endloop
  endfacet
  facet normal 0.258642 -0.965973 0
    outer loop
      vertex 21.6465 -64.3372 17
      vertex 21.4747 -64.3832 0
      vertex 21.6465 -64.3372 0
    endloop
  endfacet
  facet normal 0.544672 -0.838649 0
    outer loop
      vertex 21.0008 -64.6247 0
      vertex 21.15 -64.5278 17
      vertex 21.0008 -64.6247 17
    endloop
  endfacet
  facet normal 0.544672 -0.838649 0
    outer loop
      vertex 21.15 -64.5278 17
      vertex 21.0008 -64.6247 0
      vertex 21.15 -64.5278 0
    endloop
  endfacet
  facet normal -0.629344 -0.777127 0
    outer loop
      vertex 22.9992 -64.6247 0
      vertex 23.1375 -64.7367 17
      vertex 22.9992 -64.6247 17
    endloop
  endfacet
  facet normal -0.629344 -0.777127 -0
    outer loop
      vertex 23.1375 -64.7367 17
      vertex 22.9992 -64.6247 0
      vertex 23.1375 -64.7367 0
    endloop
  endfacet
  facet normal 0.966011 0.258502 0
    outer loop
      vertex 20.3832 -66.5253 17
      vertex 20.3372 -66.3534 0
      vertex 20.3372 -66.3534 17
    endloop
  endfacet
  facet normal 0.966011 0.258502 0
    outer loop
      vertex 20.3372 -66.3534 0
      vertex 20.3832 -66.5253 17
      vertex 20.3832 -66.5253 0
    endloop
  endfacet
  facet normal 0.966011 -0.258502 0
    outer loop
      vertex 20.3372 -65.6466 17
      vertex 20.3832 -65.4747 0
      vertex 20.3832 -65.4747 17
    endloop
  endfacet
  facet normal 0.966011 -0.258502 0
    outer loop
      vertex 20.3832 -65.4747 0
      vertex 20.3372 -65.6466 17
      vertex 20.3372 -65.6466 0
    endloop
  endfacet
  facet normal -0.966011 -0.258502 0
    outer loop
      vertex 23.6628 -65.6466 0
      vertex 23.6168 -65.4747 17
      vertex 23.6168 -65.4747 0
    endloop
  endfacet
  facet normal -0.966011 -0.258502 0
    outer loop
      vertex 23.6168 -65.4747 17
      vertex 23.6628 -65.6466 0
      vertex 23.6628 -65.6466 17
    endloop
  endfacet
  facet normal -0.933577 0.358377 0
    outer loop
      vertex 23.553 -66.6915 0
      vertex 23.6168 -66.5253 17
      vertex 23.6168 -66.5253 0
    endloop
  endfacet
  facet normal -0.933577 0.358377 0
    outer loop
      vertex 23.6168 -66.5253 17
      vertex 23.553 -66.6915 0
      vertex 23.553 -66.6915 17
    endloop
  endfacet
  facet normal 0.998633 0.0522639 0
    outer loop
      vertex 20.3093 -66.1777 17
      vertex 20.3 -66 0
      vertex 20.3 -66 17
    endloop
  endfacet
  facet normal 0.998633 0.0522639 0
    outer loop
      vertex 20.3 -66 0
      vertex 20.3093 -66.1777 17
      vertex 20.3093 -66.1777 0
    endloop
  endfacet
  facet normal 0.707107 -0.707107 0
    outer loop
      vertex 20.7367 -64.8625 17
      vertex 20.8625 -64.7367 0
      vertex 20.8625 -64.7367 17
    endloop
  endfacet
  facet normal 0.707107 -0.707107 0
    outer loop
      vertex 20.8625 -64.7367 0
      vertex 20.7367 -64.8625 17
      vertex 20.7367 -64.8625 0
    endloop
  endfacet
  facet normal -0.544672 0.838649 0
    outer loop
      vertex 22.9992 -67.3753 0
      vertex 22.85 -67.4722 17
      vertex 22.9992 -67.3753 17
    endloop
  endfacet
  facet normal -0.544672 0.838649 0
    outer loop
      vertex 22.85 -67.4722 17
      vertex 22.9992 -67.3753 0
      vertex 22.85 -67.4722 0
    endloop
  endfacet
  facet normal 0.0522639 -0.998633 0
    outer loop
      vertex 21.8223 -64.3093 0
      vertex 22 -64.3 17
      vertex 21.8223 -64.3093 17
    endloop
  endfacet
  facet normal 0.0522639 -0.998633 0
    outer loop
      vertex 22 -64.3 17
      vertex 21.8223 -64.3093 0
      vertex 22 -64.3 0
    endloop
  endfacet
  facet normal 0.890915 0.45417 0
    outer loop
      vertex 20.5278 -66.85 17
      vertex 20.447 -66.6915 0
      vertex 20.447 -66.6915 17
    endloop
  endfacet
  facet normal 0.890915 0.45417 0
    outer loop
      vertex 20.447 -66.6915 0
      vertex 20.5278 -66.85 17
      vertex 20.5278 -66.85 0
    endloop
  endfacet
  facet normal -0.0522639 -0.998633 0
    outer loop
      vertex 22 -64.3 0
      vertex 22.1777 -64.3093 17
      vertex 22 -64.3 17
    endloop
  endfacet
  facet normal -0.0522639 -0.998633 -0
    outer loop
      vertex 22.1777 -64.3093 17
      vertex 22 -64.3 0
      vertex 22.1777 -64.3093 0
    endloop
  endfacet
  facet normal -0.890915 0.45417 0
    outer loop
      vertex 23.4722 -66.85 0
      vertex 23.553 -66.6915 17
      vertex 23.553 -66.6915 0
    endloop
  endfacet
  facet normal -0.890915 0.45417 0
    outer loop
      vertex 23.553 -66.6915 17
      vertex 23.4722 -66.85 0
      vertex 23.4722 -66.85 17
    endloop
  endfacet
  facet normal -0.629344 0.777127 0
    outer loop
      vertex 23.1375 -67.2633 0
      vertex 22.9992 -67.3753 17
      vertex 23.1375 -67.2633 17
    endloop
  endfacet
  facet normal -0.629344 0.777127 0
    outer loop
      vertex 22.9992 -67.3753 17
      vertex 23.1375 -67.2633 0
      vertex 22.9992 -67.3753 0
    endloop
  endfacet
  facet normal -0.838649 0.544672 0
    outer loop
      vertex 23.3753 -66.9992 0
      vertex 23.4722 -66.85 17
      vertex 23.4722 -66.85 0
    endloop
  endfacet
  facet normal -0.838649 0.544672 0
    outer loop
      vertex 23.4722 -66.85 17
      vertex 23.3753 -66.9992 0
      vertex 23.3753 -66.9992 17
    endloop
  endfacet
  facet normal 0.838649 0.544672 0
    outer loop
      vertex 20.6247 -66.9992 17
      vertex 20.5278 -66.85 0
      vertex 20.5278 -66.85 17
    endloop
  endfacet
  facet normal 0.838649 0.544672 0
    outer loop
      vertex 20.5278 -66.85 0
      vertex 20.6247 -66.9992 17
      vertex 20.6247 -66.9992 0
    endloop
  endfacet
  facet normal 0.933577 -0.358377 0
    outer loop
      vertex 20.3832 -65.4747 17
      vertex 20.447 -65.3085 0
      vertex 20.447 -65.3085 17
    endloop
  endfacet
  facet normal 0.933577 -0.358377 0
    outer loop
      vertex 20.447 -65.3085 0
      vertex 20.3832 -65.4747 17
      vertex 20.3832 -65.4747 0
    endloop
  endfacet
  facet normal 0.998633 -0.0522639 0
    outer loop
      vertex 20.3 -66 17
      vertex 20.3093 -65.8223 0
      vertex 20.3093 -65.8223 17
    endloop
  endfacet
  facet normal 0.998633 -0.0522639 0
    outer loop
      vertex 20.3093 -65.8223 0
      vertex 20.3 -66 17
      vertex 20.3 -66 0
    endloop
  endfacet
  facet normal 0.45417 0.890915 -0
    outer loop
      vertex 21.3085 -67.553 0
      vertex 21.15 -67.4722 17
      vertex 21.3085 -67.553 17
    endloop
  endfacet
  facet normal 0.45417 0.890915 0
    outer loop
      vertex 21.15 -67.4722 17
      vertex 21.3085 -67.553 0
      vertex 21.15 -67.4722 0
    endloop
  endfacet
  facet normal 0.707107 0.707107 0
    outer loop
      vertex 20.8625 -67.2633 17
      vertex 20.7367 -67.1375 0
      vertex 20.7367 -67.1375 17
    endloop
  endfacet
  facet normal 0.707107 0.707107 0
    outer loop
      vertex 20.7367 -67.1375 0
      vertex 20.8625 -67.2633 17
      vertex 20.8625 -67.2633 0
    endloop
  endfacet
  facet normal -0.156741 -0.98764 0
    outer loop
      vertex 22.1777 -64.3093 0
      vertex 22.3535 -64.3372 17
      vertex 22.1777 -64.3093 17
    endloop
  endfacet
  facet normal -0.156741 -0.98764 -0
    outer loop
      vertex 22.3535 -64.3372 17
      vertex 22.1777 -64.3093 0
      vertex 22.3535 -64.3372 0
    endloop
  endfacet
  facet normal 0.933595 0.358329 0
    outer loop
      vertex 19.031 -67.3219 22
      vertex 18.9091 -67.0043 17
      vertex 18.9091 -67.0043 22
    endloop
  endfacet
  facet normal 0.933595 0.358329 0
    outer loop
      vertex 18.9091 -67.0043 17
      vertex 19.031 -67.3219 22
      vertex 19.031 -67.3219 17
    endloop
  endfacet
  facet normal -0.987696 -0.156385 0
    outer loop
      vertex 25.2322 -65.6603 17
      vertex 25.179 -65.3243 22
      vertex 25.179 -65.3243 17
    endloop
  endfacet
  facet normal -0.987696 -0.156385 0
    outer loop
      vertex 25.179 -65.3243 22
      vertex 25.2322 -65.6603 17
      vertex 25.2322 -65.6603 22
    endloop
  endfacet
  facet normal -0.99863 -0.0523274 0
    outer loop
      vertex 25.25 -66 17
      vertex 25.2322 -65.6603 22
      vertex 25.2322 -65.6603 17
    endloop
  endfacet
  facet normal -0.99863 -0.0523274 0
    outer loop
      vertex 25.2322 -65.6603 22
      vertex 25.25 -66 17
      vertex 25.25 -66 22
    endloop
  endfacet
  facet normal -0.965888 -0.258961 0
    outer loop
      vertex 25.179 -65.3243 17
      vertex 25.0909 -64.9957 22
      vertex 25.0909 -64.9957 17
    endloop
  endfacet
  facet normal -0.965888 -0.258961 0
    outer loop
      vertex 25.0909 -64.9957 22
      vertex 25.179 -65.3243 17
      vertex 25.179 -65.3243 22
    endloop
  endfacet
  facet normal 0.544689 -0.838638 0
    outer loop
      vertex 20.0897 -63.3707 17
      vertex 20.375 -63.1854 22
      vertex 20.0897 -63.3707 22
    endloop
  endfacet
  facet normal 0.544689 -0.838638 0
    outer loop
      vertex 20.375 -63.1854 22
      vertex 20.0897 -63.3707 17
      vertex 20.375 -63.1854 17
    endloop
  endfacet
  facet normal -0.0523274 0.99863 0
    outer loop
      vertex 22.3397 -69.2322 17
      vertex 22 -69.25 22
      vertex 22.3397 -69.2322 22
    endloop
  endfacet
  facet normal -0.0523274 0.99863 0
    outer loop
      vertex 22 -69.25 22
      vertex 22.3397 -69.2322 17
      vertex 22 -69.25 17
    endloop
  endfacet
  facet normal 0.965888 0.258961 0
    outer loop
      vertex 18.9091 -67.0043 22
      vertex 18.821 -66.6757 17
      vertex 18.821 -66.6757 22
    endloop
  endfacet
  facet normal 0.965888 0.258961 0
    outer loop
      vertex 18.821 -66.6757 17
      vertex 18.9091 -67.0043 22
      vertex 18.9091 -67.0043 17
    endloop
  endfacet
  facet normal -0.0523274 -0.99863 0
    outer loop
      vertex 22 -62.75 17
      vertex 22.3397 -62.7678 22
      vertex 22 -62.75 22
    endloop
  endfacet
  facet normal -0.0523274 -0.99863 -0
    outer loop
      vertex 22.3397 -62.7678 22
      vertex 22 -62.75 17
      vertex 22.3397 -62.7678 17
    endloop
  endfacet
  facet normal -0.258961 0.965888 0
    outer loop
      vertex 23.0043 -69.0909 17
      vertex 22.6757 -69.179 22
      vertex 23.0043 -69.0909 22
    endloop
  endfacet
  facet normal -0.258961 0.965888 0
    outer loop
      vertex 22.6757 -69.179 22
      vertex 23.0043 -69.0909 17
      vertex 22.6757 -69.179 17
    endloop
  endfacet
  facet normal -0.707107 -0.707107 0
    outer loop
      vertex 24.4152 -63.8253 17
      vertex 24.1747 -63.5848 22
      vertex 24.1747 -63.5848 17
    endloop
  endfacet
  facet normal -0.707107 -0.707107 0
    outer loop
      vertex 24.1747 -63.5848 22
      vertex 24.4152 -63.8253 17
      vertex 24.4152 -63.8253 22
    endloop
  endfacet
  facet normal 0.629308 0.777156 -0
    outer loop
      vertex 20.0897 -68.6293 17
      vertex 19.8253 -68.4152 22
      vertex 20.0897 -68.6293 22
    endloop
  endfacet
  facet normal 0.629308 0.777156 0
    outer loop
      vertex 19.8253 -68.4152 22
      vertex 20.0897 -68.6293 17
      vertex 19.8253 -68.4152 17
    endloop
  endfacet
  facet normal -0.987696 0.156385 0
    outer loop
      vertex 25.179 -66.6757 17
      vertex 25.2322 -66.3397 22
      vertex 25.2322 -66.3397 17
    endloop
  endfacet
  facet normal -0.987696 0.156385 0
    outer loop
      vertex 25.2322 -66.3397 22
      vertex 25.179 -66.6757 17
      vertex 25.179 -66.6757 22
    endloop
  endfacet
  facet normal 0.707107 0.707107 0
    outer loop
      vertex 19.8253 -68.4152 22
      vertex 19.5848 -68.1747 17
      vertex 19.5848 -68.1747 22
    endloop
  endfacet
  facet normal 0.707107 0.707107 0
    outer loop
      vertex 19.5848 -68.1747 17
      vertex 19.8253 -68.4152 22
      vertex 19.8253 -68.4152 17
    endloop
  endfacet
  facet normal -0.838638 -0.544689 0
    outer loop
      vertex 24.8146 -64.375 17
      vertex 24.6293 -64.0897 22
      vertex 24.6293 -64.0897 17
    endloop
  endfacet
  facet normal -0.838638 -0.544689 0
    outer loop
      vertex 24.6293 -64.0897 22
      vertex 24.8146 -64.375 17
      vertex 24.8146 -64.375 22
    endloop
  endfacet
  facet normal -0.99863 0.0523274 0
    outer loop
      vertex 25.2322 -66.3397 17
      vertex 25.25 -66 22
      vertex 25.25 -66 17
    endloop
  endfacet
  facet normal -0.99863 0.0523274 0
    outer loop
      vertex 25.25 -66 22
      vertex 25.2322 -66.3397 17
      vertex 25.2322 -66.3397 22
    endloop
  endfacet
  facet normal -0.156385 -0.987696 0
    outer loop
      vertex 22.3397 -62.7678 17
      vertex 22.6757 -62.821 22
      vertex 22.3397 -62.7678 22
    endloop
  endfacet
  facet normal -0.156385 -0.987696 -0
    outer loop
      vertex 22.6757 -62.821 22
      vertex 22.3397 -62.7678 17
      vertex 22.6757 -62.821 17
    endloop
  endfacet
  facet normal -0.544689 -0.838638 0
    outer loop
      vertex 23.625 -63.1854 17
      vertex 23.9103 -63.3707 22
      vertex 23.625 -63.1854 22
    endloop
  endfacet
  facet normal -0.544689 -0.838638 -0
    outer loop
      vertex 23.9103 -63.3707 22
      vertex 23.625 -63.1854 17
      vertex 23.9103 -63.3707 17
    endloop
  endfacet
  facet normal -0.358329 0.933595 0
    outer loop
      vertex 23.3219 -68.969 17
      vertex 23.0043 -69.0909 22
      vertex 23.3219 -68.969 22
    endloop
  endfacet
  facet normal -0.358329 0.933595 0
    outer loop
      vertex 23.0043 -69.0909 22
      vertex 23.3219 -68.969 17
      vertex 23.0043 -69.0909 17
    endloop
  endfacet
  facet normal 0.258961 -0.965888 0
    outer loop
      vertex 20.9957 -62.9091 17
      vertex 21.3243 -62.821 22
      vertex 20.9957 -62.9091 22
    endloop
  endfacet
  facet normal 0.258961 -0.965888 0
    outer loop
      vertex 21.3243 -62.821 22
      vertex 20.9957 -62.9091 17
      vertex 21.3243 -62.821 17
    endloop
  endfacet
  facet normal -0.358329 -0.933595 0
    outer loop
      vertex 23.0043 -62.9091 17
      vertex 23.3219 -63.031 22
      vertex 23.0043 -62.9091 22
    endloop
  endfacet
  facet normal -0.358329 -0.933595 -0
    outer loop
      vertex 23.3219 -63.031 22
      vertex 23.0043 -62.9091 17
      vertex 23.3219 -63.031 17
    endloop
  endfacet
  facet normal -0.965888 0.258961 0
    outer loop
      vertex 25.0909 -67.0043 17
      vertex 25.179 -66.6757 22
      vertex 25.179 -66.6757 17
    endloop
  endfacet
  facet normal -0.965888 0.258961 0
    outer loop
      vertex 25.179 -66.6757 22
      vertex 25.0909 -67.0043 17
      vertex 25.0909 -67.0043 22
    endloop
  endfacet
  facet normal -0.453904 -0.891051 0
    outer loop
      vertex 23.3219 -63.031 17
      vertex 23.625 -63.1854 22
      vertex 23.3219 -63.031 22
    endloop
  endfacet
  facet normal -0.453904 -0.891051 -0
    outer loop
      vertex 23.625 -63.1854 22
      vertex 23.3219 -63.031 17
      vertex 23.625 -63.1854 17
    endloop
  endfacet
  facet normal 0.987696 -0.156385 0
    outer loop
      vertex 18.7678 -65.6603 22
      vertex 18.821 -65.3243 17
      vertex 18.821 -65.3243 22
    endloop
  endfacet
  facet normal 0.987696 -0.156385 0
    outer loop
      vertex 18.821 -65.3243 17
      vertex 18.7678 -65.6603 22
      vertex 18.7678 -65.6603 17
    endloop
  endfacet
  facet normal 0.258961 0.965888 -0
    outer loop
      vertex 21.3243 -69.179 17
      vertex 20.9957 -69.0909 22
      vertex 21.3243 -69.179 22
    endloop
  endfacet
  facet normal 0.258961 0.965888 0
    outer loop
      vertex 20.9957 -69.0909 22
      vertex 21.3243 -69.179 17
      vertex 20.9957 -69.0909 17
    endloop
  endfacet
  facet normal -0.838638 0.544689 0
    outer loop
      vertex 24.6293 -67.9103 17
      vertex 24.8146 -67.625 22
      vertex 24.8146 -67.625 17
    endloop
  endfacet
  facet normal -0.838638 0.544689 0
    outer loop
      vertex 24.8146 -67.625 22
      vertex 24.6293 -67.9103 17
      vertex 24.6293 -67.9103 22
    endloop
  endfacet
  facet normal -0.629308 -0.777156 0
    outer loop
      vertex 23.9103 -63.3707 17
      vertex 24.1747 -63.5848 22
      vertex 23.9103 -63.3707 22
    endloop
  endfacet
  facet normal -0.629308 -0.777156 -0
    outer loop
      vertex 24.1747 -63.5848 22
      vertex 23.9103 -63.3707 17
      vertex 24.1747 -63.5848 17
    endloop
  endfacet
  facet normal 0.544689 0.838638 -0
    outer loop
      vertex 20.375 -68.8146 17
      vertex 20.0897 -68.6293 22
      vertex 20.375 -68.8146 22
    endloop
  endfacet
  facet normal 0.544689 0.838638 0
    outer loop
      vertex 20.0897 -68.6293 22
      vertex 20.375 -68.8146 17
      vertex 20.0897 -68.6293 17
    endloop
  endfacet
  facet normal -0.777156 0.629308 0
    outer loop
      vertex 24.4152 -68.1747 17
      vertex 24.6293 -67.9103 22
      vertex 24.6293 -67.9103 17
    endloop
  endfacet
  facet normal -0.777156 0.629308 0
    outer loop
      vertex 24.6293 -67.9103 22
      vertex 24.4152 -68.1747 17
      vertex 24.4152 -68.1747 22
    endloop
  endfacet
  facet normal -0.891051 0.453904 0
    outer loop
      vertex 24.8146 -67.625 17
      vertex 24.969 -67.3219 22
      vertex 24.969 -67.3219 17
    endloop
  endfacet
  facet normal -0.891051 0.453904 0
    outer loop
      vertex 24.969 -67.3219 22
      vertex 24.8146 -67.625 17
      vertex 24.8146 -67.625 22
    endloop
  endfacet
  facet normal 0 0 1
    outer loop
      vertex 23.7 -66 17
      vertex 25.25 -66 17
      vertex 25.2322 -65.6603 17
    endloop
  endfacet
  facet normal 0 0 1
    outer loop
      vertex 23.6907 -65.8223 17
      vertex 25.2322 -65.6603 17
      vertex 25.179 -65.3243 17
    endloop
  endfacet
  facet normal 0 0 1
    outer loop
      vertex 25.25 -66 17
      vertex 23.7 -66 17
      vertex 25.2322 -66.3397 17
    endloop
  endfacet
  facet normal 0 0 1
    outer loop
      vertex 23.6628 -65.6466 17
      vertex 25.179 -65.3243 17
      vertex 25.0909 -64.9957 17
    endloop
  endfacet
  facet normal -0 0 1
    outer loop
      vertex 23.6907 -66.1777 17
      vertex 25.2322 -66.3397 17
      vertex 23.7 -66 17
    endloop
  endfacet
  facet normal 0 0 1
    outer loop
      vertex 23.6168 -65.4747 17
      vertex 25.0909 -64.9957 17
      vertex 24.969 -64.6781 17
    endloop
  endfacet
  facet normal 0 0 1
    outer loop
      vertex 25.2322 -66.3397 17
      vertex 23.6907 -66.1777 17
      vertex 25.179 -66.6757 17
    endloop
  endfacet
  facet normal 0 0 1
    outer loop
      vertex 23.553 -65.3085 17
      vertex 24.969 -64.6781 17
      vertex 24.8146 -64.375 17
    endloop
  endfacet
  facet normal -0 0 1
    outer loop
      vertex 23.6628 -66.3534 17
      vertex 25.179 -66.6757 17
      vertex 23.6907 -66.1777 17
    endloop
  endfacet
  facet normal 0 0 1
    outer loop
      vertex 23.4722 -65.15 17
      vertex 24.8146 -64.375 17
      vertex 24.6293 -64.0897 17
    endloop
  endfacet
  facet normal 0 0 1
    outer loop
      vertex 25.179 -66.6757 17
      vertex 23.6628 -66.3534 17
      vertex 25.0909 -67.0043 17
    endloop
  endfacet
  facet normal 0 0 1
    outer loop
      vertex 23.3753 -65.0008 17
      vertex 24.6293 -64.0897 17
      vertex 24.4152 -63.8253 17
    endloop
  endfacet
  facet normal -0 0 1
    outer loop
      vertex 23.6168 -66.5253 17
      vertex 25.0909 -67.0043 17
      vertex 23.6628 -66.3534 17
    endloop
  endfacet
  facet normal 0 0 1
    outer loop
      vertex 23.2633 -64.8625 17
      vertex 24.4152 -63.8253 17
      vertex 24.1747 -63.5848 17
    endloop
  endfacet
  facet normal 0 0 1
    outer loop
      vertex 25.0909 -67.0043 17
      vertex 23.6168 -66.5253 17
      vertex 24.969 -67.3219 17
    endloop
  endfacet
  facet normal 0 0 1
    outer loop
      vertex 23.1375 -64.7367 17
      vertex 24.1747 -63.5848 17
      vertex 23.9103 -63.3707 17
    endloop
  endfacet
  facet normal -0 0 1
    outer loop
      vertex 23.553 -66.6915 17
      vertex 24.969 -67.3219 17
      vertex 23.6168 -66.5253 17
    endloop
  endfacet
  facet normal 0 0 1
    outer loop
      vertex 24.969 -67.3219 17
      vertex 23.553 -66.6915 17
      vertex 24.8146 -67.625 17
    endloop
  endfacet
  facet normal 0 0 1
    outer loop
      vertex 25.2322 -65.6603 17
      vertex 23.6907 -65.8223 17
      vertex 23.7 -66 17
    endloop
  endfacet
  facet normal 0 0 1
    outer loop
      vertex 25.179 -65.3243 17
      vertex 23.6628 -65.6466 17
      vertex 23.6907 -65.8223 17
    endloop
  endfacet
  facet normal 0 0 1
    outer loop
      vertex 22.9992 -64.6247 17
      vertex 23.9103 -63.3707 17
      vertex 23.625 -63.1854 17
    endloop
  endfacet
  facet normal 0 0 1
    outer loop
      vertex 25.0909 -64.9957 17
      vertex 23.6168 -65.4747 17
      vertex 23.6628 -65.6466 17
    endloop
  endfacet
  facet normal 0 0 1
    outer loop
      vertex 24.969 -64.6781 17
      vertex 23.553 -65.3085 17
      vertex 23.6168 -65.4747 17
    endloop
  endfacet
  facet normal 0 0 1
    outer loop
      vertex 24.8146 -64.375 17
      vertex 23.4722 -65.15 17
      vertex 23.553 -65.3085 17
    endloop
  endfacet
  facet normal 0 0 1
    outer loop
      vertex 24.6293 -64.0897 17
      vertex 23.3753 -65.0008 17
      vertex 23.4722 -65.15 17
    endloop
  endfacet
  facet normal 0 0 1
    outer loop
      vertex 22.85 -64.5278 17
      vertex 23.625 -63.1854 17
      vertex 23.3219 -63.031 17
    endloop
  endfacet
  facet normal 0 0 1
    outer loop
      vertex 24.4152 -63.8253 17
      vertex 23.2633 -64.8625 17
      vertex 23.3753 -65.0008 17
    endloop
  endfacet
  facet normal 0 0 1
    outer loop
      vertex 24.1747 -63.5848 17
      vertex 23.1375 -64.7367 17
      vertex 23.2633 -64.8625 17
    endloop
  endfacet
  facet normal 0 0 1
    outer loop
      vertex 22.6915 -64.447 17
      vertex 23.3219 -63.031 17
      vertex 23.0043 -62.9091 17
    endloop
  endfacet
  facet normal 0 0 1
    outer loop
      vertex 23.9103 -63.3707 17
      vertex 22.9992 -64.6247 17
      vertex 23.1375 -64.7367 17
    endloop
  endfacet
  facet normal 0 0 1
    outer loop
      vertex 23.625 -63.1854 17
      vertex 22.85 -64.5278 17
      vertex 22.9992 -64.6247 17
    endloop
  endfacet
  facet normal 0 0 1
    outer loop
      vertex 23.3219 -63.031 17
      vertex 22.6915 -64.447 17
      vertex 22.85 -64.5278 17
    endloop
  endfacet
  facet normal 0 0 1
    outer loop
      vertex 22.5253 -64.3832 17
      vertex 23.0043 -62.9091 17
      vertex 22.6757 -62.821 17
    endloop
  endfacet
  facet normal 0 0 1
    outer loop
      vertex 23.0043 -62.9091 17
      vertex 22.5253 -64.3832 17
      vertex 22.6915 -64.447 17
    endloop
  endfacet
  facet normal 0 0 1
    outer loop
      vertex 22.6757 -62.821 17
      vertex 22.3535 -64.3372 17
      vertex 22.5253 -64.3832 17
    endloop
  endfacet
  facet normal 0 0 1
    outer loop
      vertex 22.3397 -62.7678 17
      vertex 22.3535 -64.3372 17
      vertex 22.6757 -62.821 17
    endloop
  endfacet
  facet normal 0 0 1
    outer loop
      vertex 22.3397 -62.7678 17
      vertex 22.1777 -64.3093 17
      vertex 22.3535 -64.3372 17
    endloop
  endfacet
  facet normal 0 0 1
    outer loop
      vertex 22 -62.75 17
      vertex 22.1777 -64.3093 17
      vertex 22.3397 -62.7678 17
    endloop
  endfacet
  facet normal 0 0 1
    outer loop
      vertex 22 -62.75 17
      vertex 22 -64.3 17
      vertex 22.1777 -64.3093 17
    endloop
  endfacet
  facet normal 0 0 1
    outer loop
      vertex 22 -62.75 17
      vertex 21.8223 -64.3093 17
      vertex 22 -64.3 17
    endloop
  endfacet
  facet normal -0 0 1
    outer loop
      vertex 21.6603 -62.7678 17
      vertex 21.8223 -64.3093 17
      vertex 22 -62.75 17
    endloop
  endfacet
  facet normal 0 0 1
    outer loop
      vertex 21.6603 -62.7678 17
      vertex 21.6465 -64.3372 17
      vertex 21.8223 -64.3093 17
    endloop
  endfacet
  facet normal -0 0 1
    outer loop
      vertex 21.3243 -62.821 17
      vertex 21.6465 -64.3372 17
      vertex 21.6603 -62.7678 17
    endloop
  endfacet
  facet normal 0 0 1
    outer loop
      vertex 21.6465 -64.3372 17
      vertex 21.3243 -62.821 17
      vertex 21.4747 -64.3832 17
    endloop
  endfacet
  facet normal -0 0 1
    outer loop
      vertex 20.9957 -62.9091 17
      vertex 21.4747 -64.3832 17
      vertex 21.3243 -62.821 17
    endloop
  endfacet
  facet normal 0 0 1
    outer loop
      vertex 21.4747 -64.3832 17
      vertex 20.9957 -62.9091 17
      vertex 21.3085 -64.447 17
    endloop
  endfacet
  facet normal -0 0 1
    outer loop
      vertex 20.6781 -63.031 17
      vertex 21.3085 -64.447 17
      vertex 20.9957 -62.9091 17
    endloop
  endfacet
  facet normal 0 0 1
    outer loop
      vertex 21.3085 -64.447 17
      vertex 20.6781 -63.031 17
      vertex 21.15 -64.5278 17
    endloop
  endfacet
  facet normal -0 0 1
    outer loop
      vertex 20.375 -63.1854 17
      vertex 21.15 -64.5278 17
      vertex 20.6781 -63.031 17
    endloop
  endfacet
  facet normal 0 0 1
    outer loop
      vertex 21.15 -64.5278 17
      vertex 20.375 -63.1854 17
      vertex 21.0008 -64.6247 17
    endloop
  endfacet
  facet normal -0 0 1
    outer loop
      vertex 20.0897 -63.3707 17
      vertex 21.0008 -64.6247 17
      vertex 20.375 -63.1854 17
    endloop
  endfacet
  facet normal 0 0 1
    outer loop
      vertex 21.0008 -64.6247 17
      vertex 20.0897 -63.3707 17
      vertex 20.8625 -64.7367 17
    endloop
  endfacet
  facet normal -0 0 1
    outer loop
      vertex 19.8253 -63.5848 17
      vertex 20.8625 -64.7367 17
      vertex 20.0897 -63.3707 17
    endloop
  endfacet
  facet normal 0 0 1
    outer loop
      vertex 20.8625 -64.7367 17
      vertex 19.8253 -63.5848 17
      vertex 20.7367 -64.8625 17
    endloop
  endfacet
  facet normal -0 0 1
    outer loop
      vertex 19.5848 -63.8253 17
      vertex 20.7367 -64.8625 17
      vertex 19.8253 -63.5848 17
    endloop
  endfacet
  facet normal 0 0 1
    outer loop
      vertex 20.7367 -64.8625 17
      vertex 19.5848 -63.8253 17
      vertex 20.6247 -65.0008 17
    endloop
  endfacet
  facet normal -0 0 1
    outer loop
      vertex 19.3707 -64.0897 17
      vertex 20.6247 -65.0008 17
      vertex 19.5848 -63.8253 17
    endloop
  endfacet
  facet normal 0 0 1
    outer loop
      vertex 20.6247 -65.0008 17
      vertex 19.3707 -64.0897 17
      vertex 20.5278 -65.15 17
    endloop
  endfacet
  facet normal -0 0 1
    outer loop
      vertex 19.1854 -64.375 17
      vertex 20.5278 -65.15 17
      vertex 19.3707 -64.0897 17
    endloop
  endfacet
  facet normal 0 0 1
    outer loop
      vertex 20.5278 -65.15 17
      vertex 19.1854 -64.375 17
      vertex 20.447 -65.3085 17
    endloop
  endfacet
  facet normal -0 0 1
    outer loop
      vertex 23.4722 -66.85 17
      vertex 24.8146 -67.625 17
      vertex 23.553 -66.6915 17
    endloop
  endfacet
  facet normal 0 0 1
    outer loop
      vertex 24.8146 -67.625 17
      vertex 23.4722 -66.85 17
      vertex 24.6293 -67.9103 17
    endloop
  endfacet
  facet normal -0 0 1
    outer loop
      vertex 23.3753 -66.9992 17
      vertex 24.6293 -67.9103 17
      vertex 23.4722 -66.85 17
    endloop
  endfacet
  facet normal 0 0 1
    outer loop
      vertex 24.6293 -67.9103 17
      vertex 23.3753 -66.9992 17
      vertex 24.4152 -68.1747 17
    endloop
  endfacet
  facet normal -0 0 1
    outer loop
      vertex 23.2633 -67.1375 17
      vertex 24.4152 -68.1747 17
      vertex 23.3753 -66.9992 17
    endloop
  endfacet
  facet normal 0 0 1
    outer loop
      vertex 24.4152 -68.1747 17
      vertex 23.2633 -67.1375 17
      vertex 24.1747 -68.4152 17
    endloop
  endfacet
  facet normal -0 0 1
    outer loop
      vertex 23.1375 -67.2633 17
      vertex 24.1747 -68.4152 17
      vertex 23.2633 -67.1375 17
    endloop
  endfacet
  facet normal 0 0 1
    outer loop
      vertex 24.1747 -68.4152 17
      vertex 23.1375 -67.2633 17
      vertex 23.9103 -68.6293 17
    endloop
  endfacet
  facet normal -0 0 1
    outer loop
      vertex 22.9992 -67.3753 17
      vertex 23.9103 -68.6293 17
      vertex 23.1375 -67.2633 17
    endloop
  endfacet
  facet normal 0 0 1
    outer loop
      vertex 23.9103 -68.6293 17
      vertex 22.9992 -67.3753 17
      vertex 23.625 -68.8146 17
    endloop
  endfacet
  facet normal -0 0 1
    outer loop
      vertex 22.85 -67.4722 17
      vertex 23.625 -68.8146 17
      vertex 22.9992 -67.3753 17
    endloop
  endfacet
  facet normal 0 0 1
    outer loop
      vertex 23.625 -68.8146 17
      vertex 22.85 -67.4722 17
      vertex 23.3219 -68.969 17
    endloop
  endfacet
  facet normal -0 0 1
    outer loop
      vertex 22.6915 -67.553 17
      vertex 23.3219 -68.969 17
      vertex 22.85 -67.4722 17
    endloop
  endfacet
  facet normal 0 0 1
    outer loop
      vertex 23.3219 -68.969 17
      vertex 22.6915 -67.553 17
      vertex 23.0043 -69.0909 17
    endloop
  endfacet
  facet normal -0 0 1
    outer loop
      vertex 22.5253 -67.6168 17
      vertex 23.0043 -69.0909 17
      vertex 22.6915 -67.553 17
    endloop
  endfacet
  facet normal 0 0 1
    outer loop
      vertex 23.0043 -69.0909 17
      vertex 22.5253 -67.6168 17
      vertex 22.6757 -69.179 17
    endloop
  endfacet
  facet normal -0 0 1
    outer loop
      vertex 22.3535 -67.6628 17
      vertex 22.6757 -69.179 17
      vertex 22.5253 -67.6168 17
    endloop
  endfacet
  facet normal 0 0 1
    outer loop
      vertex 22.3535 -67.6628 17
      vertex 22.3397 -69.2322 17
      vertex 22.6757 -69.179 17
    endloop
  endfacet
  facet normal -0 0 1
    outer loop
      vertex 22.1777 -67.6907 17
      vertex 22.3397 -69.2322 17
      vertex 22.3535 -67.6628 17
    endloop
  endfacet
  facet normal -0 0 1
    outer loop
      vertex 22 -67.7 17
      vertex 22.3397 -69.2322 17
      vertex 22.1777 -67.6907 17
    endloop
  endfacet
  facet normal 0 0 1
    outer loop
      vertex 22 -67.7 17
      vertex 22 -69.25 17
      vertex 22.3397 -69.2322 17
    endloop
  endfacet
  facet normal 0 0 1
    outer loop
      vertex 21.8223 -67.6907 17
      vertex 22 -69.25 17
      vertex 22 -67.7 17
    endloop
  endfacet
  facet normal 0 0 1
    outer loop
      vertex 21.8223 -67.6907 17
      vertex 21.6603 -69.2322 17
      vertex 22 -69.25 17
    endloop
  endfacet
  facet normal 0 0 1
    outer loop
      vertex 21.6465 -67.6628 17
      vertex 21.6603 -69.2322 17
      vertex 21.8223 -67.6907 17
    endloop
  endfacet
  facet normal 0 0 1
    outer loop
      vertex 21.3243 -69.179 17
      vertex 21.6465 -67.6628 17
      vertex 21.4747 -67.6168 17
    endloop
  endfacet
  facet normal 0 0 1
    outer loop
      vertex 21.6465 -67.6628 17
      vertex 21.3243 -69.179 17
      vertex 21.6603 -69.2322 17
    endloop
  endfacet
  facet normal 0 0 1
    outer loop
      vertex 20.9957 -69.0909 17
      vertex 21.4747 -67.6168 17
      vertex 21.3085 -67.553 17
    endloop
  endfacet
  facet normal 0 0 1
    outer loop
      vertex 20.6781 -68.969 17
      vertex 21.3085 -67.553 17
      vertex 21.15 -67.4722 17
    endloop
  endfacet
  facet normal 0 0 1
    outer loop
      vertex 20.375 -68.8146 17
      vertex 21.15 -67.4722 17
      vertex 21.0008 -67.3753 17
    endloop
  endfacet
  facet normal 0 0 1
    outer loop
      vertex 21.4747 -67.6168 17
      vertex 20.9957 -69.0909 17
      vertex 21.3243 -69.179 17
    endloop
  endfacet
  facet normal 0 0 1
    outer loop
      vertex 20.0897 -68.6293 17
      vertex 21.0008 -67.3753 17
      vertex 20.8625 -67.2633 17
    endloop
  endfacet
  facet normal 0 0 1
    outer loop
      vertex 19.8253 -68.4152 17
      vertex 20.8625 -67.2633 17
      vertex 20.7367 -67.1375 17
    endloop
  endfacet
  facet normal 0 0 1
    outer loop
      vertex 21.3085 -67.553 17
      vertex 20.6781 -68.969 17
      vertex 20.9957 -69.0909 17
    endloop
  endfacet
  facet normal 0 0 1
    outer loop
      vertex 19.5848 -68.1747 17
      vertex 20.7367 -67.1375 17
      vertex 20.6247 -66.9992 17
    endloop
  endfacet
  facet normal 0 0 1
    outer loop
      vertex 19.3707 -67.9103 17
      vertex 20.6247 -66.9992 17
      vertex 20.5278 -66.85 17
    endloop
  endfacet
  facet normal 0 0 1
    outer loop
      vertex 19.1854 -67.625 17
      vertex 20.5278 -66.85 17
      vertex 20.447 -66.6915 17
    endloop
  endfacet
  facet normal 0 0 1
    outer loop
      vertex 19.031 -67.3219 17
      vertex 20.447 -66.6915 17
      vertex 20.3832 -66.5253 17
    endloop
  endfacet
  facet normal 0 0 1
    outer loop
      vertex 21.15 -67.4722 17
      vertex 20.375 -68.8146 17
      vertex 20.6781 -68.969 17
    endloop
  endfacet
  facet normal 0 0 1
    outer loop
      vertex 18.9091 -67.0043 17
      vertex 20.3832 -66.5253 17
      vertex 20.3372 -66.3534 17
    endloop
  endfacet
  facet normal 0 0 1
    outer loop
      vertex 18.821 -66.6757 17
      vertex 20.3372 -66.3534 17
      vertex 20.3093 -66.1777 17
    endloop
  endfacet
  facet normal 0 0 1
    outer loop
      vertex 18.7678 -66.3397 17
      vertex 20.3093 -66.1777 17
      vertex 20.3 -66 17
    endloop
  endfacet
  facet normal -0 0 1
    outer loop
      vertex 19.031 -64.6781 17
      vertex 20.447 -65.3085 17
      vertex 19.1854 -64.375 17
    endloop
  endfacet
  facet normal 0 0 1
    outer loop
      vertex 21.0008 -67.3753 17
      vertex 20.0897 -68.6293 17
      vertex 20.375 -68.8146 17
    endloop
  endfacet
  facet normal 0 0 1
    outer loop
      vertex 20.447 -65.3085 17
      vertex 19.031 -64.6781 17
      vertex 20.3832 -65.4747 17
    endloop
  endfacet
  facet normal 0 0 1
    outer loop
      vertex 20.8625 -67.2633 17
      vertex 19.8253 -68.4152 17
      vertex 20.0897 -68.6293 17
    endloop
  endfacet
  facet normal -0 0 1
    outer loop
      vertex 18.9091 -64.9957 17
      vertex 20.3832 -65.4747 17
      vertex 19.031 -64.6781 17
    endloop
  endfacet
  facet normal 0 0 1
    outer loop
      vertex 20.7367 -67.1375 17
      vertex 19.5848 -68.1747 17
      vertex 19.8253 -68.4152 17
    endloop
  endfacet
  facet normal 0 0 1
    outer loop
      vertex 20.3832 -65.4747 17
      vertex 18.9091 -64.9957 17
      vertex 20.3372 -65.6466 17
    endloop
  endfacet
  facet normal 0 0 1
    outer loop
      vertex 20.6247 -66.9992 17
      vertex 19.3707 -67.9103 17
      vertex 19.5848 -68.1747 17
    endloop
  endfacet
  facet normal -0 0 1
    outer loop
      vertex 18.821 -65.3243 17
      vertex 20.3372 -65.6466 17
      vertex 18.9091 -64.9957 17
    endloop
  endfacet
  facet normal 0 0 1
    outer loop
      vertex 20.5278 -66.85 17
      vertex 19.1854 -67.625 17
      vertex 19.3707 -67.9103 17
    endloop
  endfacet
  facet normal 0 0 1
    outer loop
      vertex 20.3372 -65.6466 17
      vertex 18.821 -65.3243 17
      vertex 20.3093 -65.8223 17
    endloop
  endfacet
  facet normal 0 0 1
    outer loop
      vertex 20.447 -66.6915 17
      vertex 19.031 -67.3219 17
      vertex 19.1854 -67.625 17
    endloop
  endfacet
  facet normal -0 0 1
    outer loop
      vertex 18.7678 -65.6603 17
      vertex 20.3093 -65.8223 17
      vertex 18.821 -65.3243 17
    endloop
  endfacet
  facet normal 0 0 1
    outer loop
      vertex 20.3832 -66.5253 17
      vertex 18.9091 -67.0043 17
      vertex 19.031 -67.3219 17
    endloop
  endfacet
  facet normal 0 0 1
    outer loop
      vertex 20.3093 -65.8223 17
      vertex 18.7678 -65.6603 17
      vertex 20.3 -66 17
    endloop
  endfacet
  facet normal 0 0 1
    outer loop
      vertex 20.3372 -66.3534 17
      vertex 18.821 -66.6757 17
      vertex 18.9091 -67.0043 17
    endloop
  endfacet
  facet normal 0 0 1
    outer loop
      vertex 18.75 -66 17
      vertex 20.3 -66 17
      vertex 18.7678 -65.6603 17
    endloop
  endfacet
  facet normal 0 0 1
    outer loop
      vertex 20.3093 -66.1777 17
      vertex 18.7678 -66.3397 17
      vertex 18.821 -66.6757 17
    endloop
  endfacet
  facet normal 0 0 1
    outer loop
      vertex 20.3 -66 17
      vertex 18.75 -66 17
      vertex 18.7678 -66.3397 17
    endloop
  endfacet
  facet normal 0.0523274 -0.99863 0
    outer loop
      vertex 21.6603 -62.7678 17
      vertex 22 -62.75 22
      vertex 21.6603 -62.7678 22
    endloop
  endfacet
  facet normal 0.0523274 -0.99863 0
    outer loop
      vertex 22 -62.75 22
      vertex 21.6603 -62.7678 17
      vertex 22 -62.75 17
    endloop
  endfacet
  facet normal -0.453904 0.891051 0
    outer loop
      vertex 23.625 -68.8146 17
      vertex 23.3219 -68.969 22
      vertex 23.625 -68.8146 22
    endloop
  endfacet
  facet normal -0.453904 0.891051 0
    outer loop
      vertex 23.3219 -68.969 22
      vertex 23.625 -68.8146 17
      vertex 23.3219 -68.969 17
    endloop
  endfacet
  facet normal -0.156385 0.987696 0
    outer loop
      vertex 22.6757 -69.179 17
      vertex 22.3397 -69.2322 22
      vertex 22.6757 -69.179 22
    endloop
  endfacet
  facet normal -0.156385 0.987696 0
    outer loop
      vertex 22.3397 -69.2322 22
      vertex 22.6757 -69.179 17
      vertex 22.3397 -69.2322 17
    endloop
  endfacet
  facet normal 0.777156 -0.629308 0
    outer loop
      vertex 19.3707 -64.0897 22
      vertex 19.5848 -63.8253 17
      vertex 19.5848 -63.8253 22
    endloop
  endfacet
  facet normal 0.777156 -0.629308 0
    outer loop
      vertex 19.5848 -63.8253 17
      vertex 19.3707 -64.0897 22
      vertex 19.3707 -64.0897 17
    endloop
  endfacet
  facet normal -0.777156 -0.629308 0
    outer loop
      vertex 24.6293 -64.0897 17
      vertex 24.4152 -63.8253 22
      vertex 24.4152 -63.8253 17
    endloop
  endfacet
  facet normal -0.777156 -0.629308 0
    outer loop
      vertex 24.4152 -63.8253 22
      vertex 24.6293 -64.0897 17
      vertex 24.6293 -64.0897 22
    endloop
  endfacet
  facet normal 0.358329 -0.933595 0
    outer loop
      vertex 20.6781 -63.031 17
      vertex 20.9957 -62.9091 22
      vertex 20.6781 -63.031 22
    endloop
  endfacet
  facet normal 0.358329 -0.933595 0
    outer loop
      vertex 20.9957 -62.9091 22
      vertex 20.6781 -63.031 17
      vertex 20.9957 -62.9091 17
    endloop
  endfacet
  facet normal -0.258961 -0.965888 0
    outer loop
      vertex 22.6757 -62.821 17
      vertex 23.0043 -62.9091 22
      vertex 22.6757 -62.821 22
    endloop
  endfacet
  facet normal -0.258961 -0.965888 -0
    outer loop
      vertex 23.0043 -62.9091 22
      vertex 22.6757 -62.821 17
      vertex 23.0043 -62.9091 17
    endloop
  endfacet
  facet normal -0.933595 -0.358329 0
    outer loop
      vertex 25.0909 -64.9957 17
      vertex 24.969 -64.6781 22
      vertex 24.969 -64.6781 17
    endloop
  endfacet
  facet normal -0.933595 -0.358329 0
    outer loop
      vertex 24.969 -64.6781 22
      vertex 25.0909 -64.9957 17
      vertex 25.0909 -64.9957 22
    endloop
  endfacet
  facet normal -0.933595 0.358329 0
    outer loop
      vertex 24.969 -67.3219 17
      vertex 25.0909 -67.0043 22
      vertex 25.0909 -67.0043 17
    endloop
  endfacet
  facet normal -0.933595 0.358329 0
    outer loop
      vertex 25.0909 -67.0043 22
      vertex 24.969 -67.3219 17
      vertex 24.969 -67.3219 22
    endloop
  endfacet
  facet normal 0.99863 0.0523274 0
    outer loop
      vertex 18.7678 -66.3397 22
      vertex 18.75 -66 17
      vertex 18.75 -66 22
    endloop
  endfacet
  facet normal 0.99863 0.0523274 0
    outer loop
      vertex 18.75 -66 17
      vertex 18.7678 -66.3397 22
      vertex 18.7678 -66.3397 17
    endloop
  endfacet
  facet normal 0.453904 -0.891051 0
    outer loop
      vertex 20.375 -63.1854 17
      vertex 20.6781 -63.031 22
      vertex 20.375 -63.1854 22
    endloop
  endfacet
  facet normal 0.453904 -0.891051 0
    outer loop
      vertex 20.6781 -63.031 22
      vertex 20.375 -63.1854 17
      vertex 20.6781 -63.031 17
    endloop
  endfacet
  facet normal -0.891051 -0.453904 0
    outer loop
      vertex 24.969 -64.6781 17
      vertex 24.8146 -64.375 22
      vertex 24.8146 -64.375 17
    endloop
  endfacet
  facet normal -0.891051 -0.453904 0
    outer loop
      vertex 24.8146 -64.375 22
      vertex 24.969 -64.6781 17
      vertex 24.969 -64.6781 22
    endloop
  endfacet
  facet normal -0.629308 0.777156 0
    outer loop
      vertex 24.1747 -68.4152 17
      vertex 23.9103 -68.6293 22
      vertex 24.1747 -68.4152 22
    endloop
  endfacet
  facet normal -0.629308 0.777156 0
    outer loop
      vertex 23.9103 -68.6293 22
      vertex 24.1747 -68.4152 17
      vertex 23.9103 -68.6293 17
    endloop
  endfacet
  facet normal 0.707107 -0.707107 0
    outer loop
      vertex 19.5848 -63.8253 22
      vertex 19.8253 -63.5848 17
      vertex 19.8253 -63.5848 22
    endloop
  endfacet
  facet normal 0.707107 -0.707107 0
    outer loop
      vertex 19.8253 -63.5848 17
      vertex 19.5848 -63.8253 22
      vertex 19.5848 -63.8253 17
    endloop
  endfacet
  facet normal 0.891051 -0.453904 0
    outer loop
      vertex 19.031 -64.6781 22
      vertex 19.1854 -64.375 17
      vertex 19.1854 -64.375 22
    endloop
  endfacet
  facet normal 0.891051 -0.453904 0
    outer loop
      vertex 19.1854 -64.375 17
      vertex 19.031 -64.6781 22
      vertex 19.031 -64.6781 17
    endloop
  endfacet
  facet normal 0.629308 -0.777156 0
    outer loop
      vertex 19.8253 -63.5848 17
      vertex 20.0897 -63.3707 22
      vertex 19.8253 -63.5848 22
    endloop
  endfacet
  facet normal 0.629308 -0.777156 0
    outer loop
      vertex 20.0897 -63.3707 22
      vertex 19.8253 -63.5848 17
      vertex 20.0897 -63.3707 17
    endloop
  endfacet
  facet normal 0.965888 -0.258961 0
    outer loop
      vertex 18.821 -65.3243 22
      vertex 18.9091 -64.9957 17
      vertex 18.9091 -64.9957 22
    endloop
  endfacet
  facet normal 0.965888 -0.258961 0
    outer loop
      vertex 18.9091 -64.9957 17
      vertex 18.821 -65.3243 22
      vertex 18.821 -65.3243 17
    endloop
  endfacet
  facet normal 0.933595 -0.358329 0
    outer loop
      vertex 18.9091 -64.9957 22
      vertex 19.031 -64.6781 17
      vertex 19.031 -64.6781 22
    endloop
  endfacet
  facet normal 0.933595 -0.358329 0
    outer loop
      vertex 19.031 -64.6781 17
      vertex 18.9091 -64.9957 22
      vertex 18.9091 -64.9957 17
    endloop
  endfacet
  facet normal 0.891051 0.453904 0
    outer loop
      vertex 19.1854 -67.625 22
      vertex 19.031 -67.3219 17
      vertex 19.031 -67.3219 22
    endloop
  endfacet
  facet normal 0.891051 0.453904 0
    outer loop
      vertex 19.031 -67.3219 17
      vertex 19.1854 -67.625 22
      vertex 19.1854 -67.625 17
    endloop
  endfacet
  facet normal 0.156385 -0.987696 0
    outer loop
      vertex 21.3243 -62.821 17
      vertex 21.6603 -62.7678 22
      vertex 21.3243 -62.821 22
    endloop
  endfacet
  facet normal 0.156385 -0.987696 0
    outer loop
      vertex 21.6603 -62.7678 22
      vertex 21.3243 -62.821 17
      vertex 21.6603 -62.7678 17
    endloop
  endfacet
  facet normal 0.838638 0.544689 0
    outer loop
      vertex 19.3707 -67.9103 22
      vertex 19.1854 -67.625 17
      vertex 19.1854 -67.625 22
    endloop
  endfacet
  facet normal 0.838638 0.544689 0
    outer loop
      vertex 19.1854 -67.625 17
      vertex 19.3707 -67.9103 22
      vertex 19.3707 -67.9103 17
    endloop
  endfacet
  facet normal 0.453904 0.891051 -0
    outer loop
      vertex 20.6781 -68.969 17
      vertex 20.375 -68.8146 22
      vertex 20.6781 -68.969 22
    endloop
  endfacet
  facet normal 0.453904 0.891051 0
    outer loop
      vertex 20.375 -68.8146 22
      vertex 20.6781 -68.969 17
      vertex 20.375 -68.8146 17
    endloop
  endfacet
  facet normal 0.987696 0.156385 0
    outer loop
      vertex 18.821 -66.6757 22
      vertex 18.7678 -66.3397 17
      vertex 18.7678 -66.3397 22
    endloop
  endfacet
  facet normal 0.987696 0.156385 0
    outer loop
      vertex 18.7678 -66.3397 17
      vertex 18.821 -66.6757 22
      vertex 18.821 -66.6757 17
    endloop
  endfacet
  facet normal 0.777156 0.629308 0
    outer loop
      vertex 19.5848 -68.1747 22
      vertex 19.3707 -67.9103 17
      vertex 19.3707 -67.9103 22
    endloop
  endfacet
  facet normal 0.777156 0.629308 0
    outer loop
      vertex 19.3707 -67.9103 17
      vertex 19.5848 -68.1747 22
      vertex 19.5848 -68.1747 17
    endloop
  endfacet
  facet normal 0.838638 -0.544689 0
    outer loop
      vertex 19.1854 -64.375 22
      vertex 19.3707 -64.0897 17
      vertex 19.3707 -64.0897 22
    endloop
  endfacet
  facet normal 0.838638 -0.544689 0
    outer loop
      vertex 19.3707 -64.0897 17
      vertex 19.1854 -64.375 22
      vertex 19.1854 -64.375 17
    endloop
  endfacet
  facet normal -0.544689 0.838638 0
    outer loop
      vertex 23.9103 -68.6293 17
      vertex 23.625 -68.8146 22
      vertex 23.9103 -68.6293 22
    endloop
  endfacet
  facet normal -0.544689 0.838638 0
    outer loop
      vertex 23.625 -68.8146 22
      vertex 23.9103 -68.6293 17
      vertex 23.625 -68.8146 17
    endloop
  endfacet
  facet normal 0.0523274 0.99863 -0
    outer loop
      vertex 22 -69.25 17
      vertex 21.6603 -69.2322 22
      vertex 22 -69.25 22
    endloop
  endfacet
  facet normal 0.0523274 0.99863 0
    outer loop
      vertex 21.6603 -69.2322 22
      vertex 22 -69.25 17
      vertex 21.6603 -69.2322 17
    endloop
  endfacet
  facet normal 0.99863 -0.0523274 0
    outer loop
      vertex 18.75 -66 22
      vertex 18.7678 -65.6603 17
      vertex 18.7678 -65.6603 22
    endloop
  endfacet
  facet normal 0.99863 -0.0523274 0
    outer loop
      vertex 18.7678 -65.6603 17
      vertex 18.75 -66 22
      vertex 18.75 -66 17
    endloop
  endfacet
  facet normal 0.358329 0.933595 -0
    outer loop
      vertex 20.9957 -69.0909 17
      vertex 20.6781 -68.969 22
      vertex 20.9957 -69.0909 22
    endloop
  endfacet
  facet normal 0.358329 0.933595 0
    outer loop
      vertex 20.6781 -68.969 22
      vertex 20.9957 -69.0909 17
      vertex 20.6781 -68.969 17
    endloop
  endfacet
  facet normal 0.156385 0.987696 -0
    outer loop
      vertex 21.6603 -69.2322 17
      vertex 21.3243 -69.179 22
      vertex 21.6603 -69.2322 22
    endloop
  endfacet
  facet normal 0.156385 0.987696 0
    outer loop
      vertex 21.3243 -69.179 22
      vertex 21.6603 -69.2322 17
      vertex 21.3243 -69.179 17
    endloop
  endfacet
  facet normal -0.707107 0.707107 0
    outer loop
      vertex 24.1747 -68.4152 17
      vertex 24.4152 -68.1747 22
      vertex 24.4152 -68.1747 17
    endloop
  endfacet
  facet normal -0.707107 0.707107 0
    outer loop
      vertex 24.4152 -68.1747 22
      vertex 24.1747 -68.4152 17
      vertex 24.1747 -68.4152 22
    endloop
  endfacet
  facet normal -0.156193 0.987726 0
    outer loop
      vertex 22.3535 14.3371 0
      vertex 22.1777 14.3093 17
      vertex 22.3535 14.3371 17
    endloop
  endfacet
  facet normal -0.156193 0.987726 0
    outer loop
      vertex 22.1777 14.3093 17
      vertex 22.3535 14.3371 0
      vertex 22.1777 14.3093 0
    endloop
  endfacet
  facet normal 0.998633 -0.0522639 0
    outer loop
      vertex 20.3 16 17
      vertex 20.3093 16.1777 0
      vertex 20.3093 16.1777 17
    endloop
  endfacet
  facet normal 0.998633 -0.0522639 0
    outer loop
      vertex 20.3093 16.1777 0
      vertex 20.3 16 17
      vertex 20.3 16 0
    endloop
  endfacet
  facet normal -0.45417 0.890915 0
    outer loop
      vertex 22.85 14.5278 0
      vertex 22.6915 14.447 17
      vertex 22.85 14.5278 17
    endloop
  endfacet
  facet normal -0.45417 0.890915 0
    outer loop
      vertex 22.6915 14.447 17
      vertex 22.85 14.5278 0
      vertex 22.6915 14.447 0
    endloop
  endfacet
  facet normal 0.358377 -0.933577 0
    outer loop
      vertex 21.3085 17.553 0
      vertex 21.4747 17.6168 17
      vertex 21.3085 17.553 17
    endloop
  endfacet
  facet normal 0.358377 -0.933577 0
    outer loop
      vertex 21.4747 17.6168 17
      vertex 21.3085 17.553 0
      vertex 21.4747 17.6168 0
    endloop
  endfacet
  facet normal -0.777127 0.629344 0
    outer loop
      vertex 23.2633 14.8625 0
      vertex 23.3753 15.0008 17
      vertex 23.3753 15.0008 0
    endloop
  endfacet
  facet normal -0.777127 0.629344 0
    outer loop
      vertex 23.3753 15.0008 17
      vertex 23.2633 14.8625 0
      vertex 23.2633 14.8625 17
    endloop
  endfacet
  facet normal -0.358377 0.933577 0
    outer loop
      vertex 22.6915 14.447 0
      vertex 22.5253 14.3832 17
      vertex 22.6915 14.447 17
    endloop
  endfacet
  facet normal -0.358377 0.933577 0
    outer loop
      vertex 22.5253 14.3832 17
      vertex 22.6915 14.447 0
      vertex 22.5253 14.3832 0
    endloop
  endfacet
  facet normal 0.890915 -0.45417 0
    outer loop
      vertex 20.447 16.6915 17
      vertex 20.5278 16.85 0
      vertex 20.5278 16.85 17
    endloop
  endfacet
  facet normal 0.890915 -0.45417 0
    outer loop
      vertex 20.5278 16.85 0
      vertex 20.447 16.6915 17
      vertex 20.447 16.6915 0
    endloop
  endfacet
  facet normal 0.629344 0.777127 -0
    outer loop
      vertex 21.0008 14.6247 0
      vertex 20.8625 14.7367 17
      vertex 21.0008 14.6247 17
    endloop
  endfacet
  facet normal 0.629344 0.777127 0
    outer loop
      vertex 20.8625 14.7367 17
      vertex 21.0008 14.6247 0
      vertex 20.8625 14.7367 0
    endloop
  endfacet
  facet normal -0.259167 0.965833 0
    outer loop
      vertex 22.5253 14.3832 0
      vertex 22.3535 14.3371 17
      vertex 22.5253 14.3832 17
    endloop
  endfacet
  facet normal -0.259167 0.965833 0
    outer loop
      vertex 22.3535 14.3371 17
      vertex 22.5253 14.3832 0
      vertex 22.3535 14.3371 0
    endloop
  endfacet
  facet normal 0.259167 0.965833 -0
    outer loop
      vertex 21.6465 14.3371 0
      vertex 21.4747 14.3832 17
      vertex 21.6465 14.3371 17
    endloop
  endfacet
  facet normal 0.259167 0.965833 0
    outer loop
      vertex 21.4747 14.3832 17
      vertex 21.6465 14.3371 0
      vertex 21.4747 14.3832 0
    endloop
  endfacet
  facet normal 0.0522639 0.998633 -0
    outer loop
      vertex 22 14.3 0
      vertex 21.8223 14.3093 17
      vertex 22 14.3 17
    endloop
  endfacet
  facet normal 0.0522639 0.998633 0
    outer loop
      vertex 21.8223 14.3093 17
      vertex 22 14.3 0
      vertex 21.8223 14.3093 0
    endloop
  endfacet
  facet normal -0.0522639 0.998633 0
    outer loop
      vertex 22.1777 14.3093 0
      vertex 22 14.3 17
      vertex 22.1777 14.3093 17
    endloop
  endfacet
  facet normal -0.0522639 0.998633 0
    outer loop
      vertex 22 14.3 17
      vertex 22.1777 14.3093 0
      vertex 22 14.3 0
    endloop
  endfacet
  facet normal 0.45417 -0.890915 0
    outer loop
      vertex 21.15 17.4722 0
      vertex 21.3085 17.553 17
      vertex 21.15 17.4722 17
    endloop
  endfacet
  facet normal 0.45417 -0.890915 0
    outer loop
      vertex 21.3085 17.553 17
      vertex 21.15 17.4722 0
      vertex 21.3085 17.553 0
    endloop
  endfacet
  facet normal 0.98764 -0.156741 0
    outer loop
      vertex 20.3093 16.1777 17
      vertex 20.3372 16.3535 0
      vertex 20.3372 16.3535 17
    endloop
  endfacet
  facet normal 0.98764 -0.156741 0
    outer loop
      vertex 20.3372 16.3535 0
      vertex 20.3093 16.1777 17
      vertex 20.3093 16.1777 0
    endloop
  endfacet
  facet normal 0.933577 0.358377 0
    outer loop
      vertex 20.447 15.3085 17
      vertex 20.3832 15.4747 0
      vertex 20.3832 15.4747 17
    endloop
  endfacet
  facet normal 0.933577 0.358377 0
    outer loop
      vertex 20.3832 15.4747 0
      vertex 20.447 15.3085 17
      vertex 20.447 15.3085 0
    endloop
  endfacet
  facet normal 0.987626 0.156828 0
    outer loop
      vertex 20.3372 15.6466 17
      vertex 20.3093 15.8223 0
      vertex 20.3093 15.8223 17
    endloop
  endfacet
  facet normal 0.987626 0.156828 0
    outer loop
      vertex 20.3093 15.8223 0
      vertex 20.3372 15.6466 17
      vertex 20.3372 15.6466 0
    endloop
  endfacet
  facet normal -0.707107 0.707107 0
    outer loop
      vertex 23.1375 14.7367 0
      vertex 23.2633 14.8625 17
      vertex 23.2633 14.8625 0
    endloop
  endfacet
  facet normal -0.707107 0.707107 0
    outer loop
      vertex 23.2633 14.8625 17
      vertex 23.1375 14.7367 0
      vertex 23.1375 14.7367 17
    endloop
  endfacet
  facet normal 0.777127 0.629344 0
    outer loop
      vertex 20.7367 14.8625 17
      vertex 20.6247 15.0008 0
      vertex 20.6247 15.0008 17
    endloop
  endfacet
  facet normal 0.777127 0.629344 0
    outer loop
      vertex 20.6247 15.0008 0
      vertex 20.7367 14.8625 17
      vertex 20.7367 14.8625 0
    endloop
  endfacet
  facet normal 0.358377 0.933577 -0
    outer loop
      vertex 21.4747 14.3832 0
      vertex 21.3085 14.447 17
      vertex 21.4747 14.3832 17
    endloop
  endfacet
  facet normal 0.358377 0.933577 0
    outer loop
      vertex 21.3085 14.447 17
      vertex 21.4747 14.3832 0
      vertex 21.3085 14.447 0
    endloop
  endfacet
  facet normal 0.777127 -0.629344 0
    outer loop
      vertex 20.6247 16.9992 17
      vertex 20.7367 17.1375 0
      vertex 20.7367 17.1375 17
    endloop
  endfacet
  facet normal 0.777127 -0.629344 0
    outer loop
      vertex 20.7367 17.1375 0
      vertex 20.6247 16.9992 17
      vertex 20.6247 16.9992 0
    endloop
  endfacet
  facet normal 0.629344 -0.777127 0
    outer loop
      vertex 20.8625 17.2633 0
      vertex 21.0008 17.3753 17
      vertex 20.8625 17.2633 17
    endloop
  endfacet
  facet normal 0.629344 -0.777127 0
    outer loop
      vertex 21.0008 17.3753 17
      vertex 20.8625 17.2633 0
      vertex 21.0008 17.3753 0
    endloop
  endfacet
  facet normal 0.544672 0.838649 -0
    outer loop
      vertex 21.15 14.5278 0
      vertex 21.0008 14.6247 17
      vertex 21.15 14.5278 17
    endloop
  endfacet
  facet normal 0.544672 0.838649 0
    outer loop
      vertex 21.0008 14.6247 17
      vertex 21.15 14.5278 0
      vertex 21.0008 14.6247 0
    endloop
  endfacet
  facet normal 0.156193 0.987726 -0
    outer loop
      vertex 21.8223 14.3093 0
      vertex 21.6465 14.3371 17
      vertex 21.8223 14.3093 17
    endloop
  endfacet
  facet normal 0.156193 0.987726 0
    outer loop
      vertex 21.6465 14.3371 17
      vertex 21.8223 14.3093 0
      vertex 21.6465 14.3371 0
    endloop
  endfacet
  facet normal 0.838649 -0.544672 0
    outer loop
      vertex 20.5278 16.85 17
      vertex 20.6247 16.9992 0
      vertex 20.6247 16.9992 17
    endloop
  endfacet
  facet normal 0.838649 -0.544672 0
    outer loop
      vertex 20.6247 16.9992 0
      vertex 20.5278 16.85 17
      vertex 20.5278 16.85 0
    endloop
  endfacet
  facet normal 0.157847 -0.987464 0
    outer loop
      vertex 21.6465 17.6628 0
      vertex 21.6734 17.6671 17
      vertex 21.6465 17.6628 17
    endloop
  endfacet
  facet normal 0.157847 -0.987464 0
    outer loop
      vertex 21.6734 17.6671 17
      vertex 21.6465 17.6628 0
      vertex 21.6734 17.6671 0
    endloop
  endfacet
  facet normal 0.258642 -0.965973 0
    outer loop
      vertex 21.4747 17.6168 0
      vertex 21.6465 17.6628 17
      vertex 21.4747 17.6168 17
    endloop
  endfacet
  facet normal 0.258642 -0.965973 0
    outer loop
      vertex 21.6465 17.6628 17
      vertex 21.4747 17.6168 0
      vertex 21.6465 17.6628 0
    endloop
  endfacet
  facet normal 0.966011 0.258502 0
    outer loop
      vertex 20.3832 15.4747 17
      vertex 20.3372 15.6466 0
      vertex 20.3372 15.6466 17
    endloop
  endfacet
  facet normal 0.966011 0.258502 0
    outer loop
      vertex 20.3372 15.6466 0
      vertex 20.3832 15.4747 17
      vertex 20.3832 15.4747 0
    endloop
  endfacet
  facet normal 0.998633 0.0522639 0
    outer loop
      vertex 20.3093 15.8223 17
      vertex 20.3 16 0
      vertex 20.3 16 17
    endloop
  endfacet
  facet normal 0.998633 0.0522639 0
    outer loop
      vertex 20.3 16 0
      vertex 20.3093 15.8223 17
      vertex 20.3093 15.8223 0
    endloop
  endfacet
  facet normal 0.707107 -0.707107 0
    outer loop
      vertex 20.7367 17.1375 17
      vertex 20.8625 17.2633 0
      vertex 20.8625 17.2633 17
    endloop
  endfacet
  facet normal 0.707107 -0.707107 0
    outer loop
      vertex 20.8625 17.2633 0
      vertex 20.7367 17.1375 17
      vertex 20.7367 17.1375 0
    endloop
  endfacet
  facet normal -0.544672 0.838649 0
    outer loop
      vertex 22.9992 14.6247 0
      vertex 22.85 14.5278 17
      vertex 22.9992 14.6247 17
    endloop
  endfacet
  facet normal -0.544672 0.838649 0
    outer loop
      vertex 22.85 14.5278 17
      vertex 22.9992 14.6247 0
      vertex 22.85 14.5278 0
    endloop
  endfacet
  facet normal 0.890915 0.45417 0
    outer loop
      vertex 20.5278 15.15 17
      vertex 20.447 15.3085 0
      vertex 20.447 15.3085 17
    endloop
  endfacet
  facet normal 0.890915 0.45417 0
    outer loop
      vertex 20.447 15.3085 0
      vertex 20.5278 15.15 17
      vertex 20.5278 15.15 0
    endloop
  endfacet
  facet normal -0.890215 0.45554 0
    outer loop
      vertex 23.4722 15.15 0
      vertex 23.4853 15.1756 17
      vertex 23.4853 15.1756 0
    endloop
  endfacet
  facet normal -0.890215 0.45554 0
    outer loop
      vertex 23.4853 15.1756 17
      vertex 23.4722 15.15 0
      vertex 23.4722 15.15 17
    endloop
  endfacet
  facet normal -0.629344 0.777127 0
    outer loop
      vertex 23.1375 14.7367 0
      vertex 22.9992 14.6247 17
      vertex 23.1375 14.7367 17
    endloop
  endfacet
  facet normal -0.629344 0.777127 0
    outer loop
      vertex 22.9992 14.6247 17
      vertex 23.1375 14.7367 0
      vertex 22.9992 14.6247 0
    endloop
  endfacet
  facet normal -0.838649 0.544672 0
    outer loop
      vertex 23.3753 15.0008 0
      vertex 23.4722 15.15 17
      vertex 23.4722 15.15 0
    endloop
  endfacet
  facet normal -0.838649 0.544672 0
    outer loop
      vertex 23.4722 15.15 17
      vertex 23.3753 15.0008 0
      vertex 23.3753 15.0008 17
    endloop
  endfacet
  facet normal 0.544672 -0.838649 0
    outer loop
      vertex 21.0008 17.3753 0
      vertex 21.15 17.4722 17
      vertex 21.0008 17.3753 17
    endloop
  endfacet
  facet normal 0.544672 -0.838649 0
    outer loop
      vertex 21.15 17.4722 17
      vertex 21.0008 17.3753 0
      vertex 21.15 17.4722 0
    endloop
  endfacet
  facet normal 0.838649 0.544672 0
    outer loop
      vertex 20.6247 15.0008 17
      vertex 20.5278 15.15 0
      vertex 20.5278 15.15 17
    endloop
  endfacet
  facet normal 0.838649 0.544672 0
    outer loop
      vertex 20.5278 15.15 0
      vertex 20.6247 15.0008 17
      vertex 20.6247 15.0008 0
    endloop
  endfacet
  facet normal 0.933577 -0.358377 0
    outer loop
      vertex 20.3832 16.5253 17
      vertex 20.447 16.6915 0
      vertex 20.447 16.6915 17
    endloop
  endfacet
  facet normal 0.933577 -0.358377 0
    outer loop
      vertex 20.447 16.6915 0
      vertex 20.3832 16.5253 17
      vertex 20.3832 16.5253 0
    endloop
  endfacet
  facet normal 0.965973 -0.258642 0
    outer loop
      vertex 20.3372 16.3535 17
      vertex 20.3832 16.5253 0
      vertex 20.3832 16.5253 17
    endloop
  endfacet
  facet normal 0.965973 -0.258642 0
    outer loop
      vertex 20.3832 16.5253 0
      vertex 20.3372 16.3535 17
      vertex 20.3372 16.3535 0
    endloop
  endfacet
  facet normal 0.45417 0.890915 -0
    outer loop
      vertex 21.3085 14.447 0
      vertex 21.15 14.5278 17
      vertex 21.3085 14.447 17
    endloop
  endfacet
  facet normal 0.45417 0.890915 0
    outer loop
      vertex 21.15 14.5278 17
      vertex 21.3085 14.447 0
      vertex 21.15 14.5278 0
    endloop
  endfacet
  facet normal 0.707107 0.707107 0
    outer loop
      vertex 20.8625 14.7367 17
      vertex 20.7367 14.8625 0
      vertex 20.7367 14.8625 17
    endloop
  endfacet
  facet normal 0.707107 0.707107 0
    outer loop
      vertex 20.7367 14.8625 0
      vertex 20.8625 14.7367 17
      vertex 20.8625 14.7367 0
    endloop
  endfacet
  facet normal 0.933595 0.358329 0
    outer loop
      vertex 19.031 14.6781 22
      vertex 18.9091 14.9957 17
      vertex 18.9091 14.9957 22
    endloop
  endfacet
  facet normal 0.933595 0.358329 0
    outer loop
      vertex 18.9091 14.9957 17
      vertex 19.031 14.6781 22
      vertex 19.031 14.6781 17
    endloop
  endfacet
  facet normal 0.544689 -0.838638 0
    outer loop
      vertex 20.0897 18.6293 17
      vertex 20.375 18.8146 22
      vertex 20.0897 18.6293 22
    endloop
  endfacet
  facet normal 0.544689 -0.838638 0
    outer loop
      vertex 20.375 18.8146 22
      vertex 20.0897 18.6293 17
      vertex 20.375 18.8146 17
    endloop
  endfacet
  facet normal -0.0523274 0.99863 0
    outer loop
      vertex 22.3397 12.7678 17
      vertex 22 12.75 22
      vertex 22.3397 12.7678 22
    endloop
  endfacet
  facet normal -0.0523274 0.99863 0
    outer loop
      vertex 22 12.75 22
      vertex 22.3397 12.7678 17
      vertex 22 12.75 17
    endloop
  endfacet
  facet normal 0.965888 0.258961 0
    outer loop
      vertex 18.9091 14.9957 22
      vertex 18.821 15.3243 17
      vertex 18.821 15.3243 22
    endloop
  endfacet
  facet normal 0.965888 0.258961 0
    outer loop
      vertex 18.821 15.3243 17
      vertex 18.9091 14.9957 22
      vertex 18.9091 14.9957 17
    endloop
  endfacet
  facet normal -0.258961 0.965888 0
    outer loop
      vertex 23.0043 12.9091 17
      vertex 22.6757 12.821 22
      vertex 23.0043 12.9091 22
    endloop
  endfacet
  facet normal -0.258961 0.965888 0
    outer loop
      vertex 22.6757 12.821 22
      vertex 23.0043 12.9091 17
      vertex 22.6757 12.821 17
    endloop
  endfacet
  facet normal 0.629308 0.777156 -0
    outer loop
      vertex 20.0897 13.3707 17
      vertex 19.8253 13.5848 22
      vertex 20.0897 13.3707 22
    endloop
  endfacet
  facet normal 0.629308 0.777156 0
    outer loop
      vertex 19.8253 13.5848 22
      vertex 20.0897 13.3707 17
      vertex 19.8253 13.5848 17
    endloop
  endfacet
  facet normal 0.707107 0.707107 0
    outer loop
      vertex 19.8253 13.5848 22
      vertex 19.5848 13.8253 17
      vertex 19.5848 13.8253 22
    endloop
  endfacet
  facet normal 0.707107 0.707107 0
    outer loop
      vertex 19.5848 13.8253 17
      vertex 19.8253 13.5848 22
      vertex 19.8253 13.5848 17
    endloop
  endfacet
  facet normal -0.358329 0.933595 0
    outer loop
      vertex 23.3219 13.031 17
      vertex 23.0043 12.9091 22
      vertex 23.3219 13.031 22
    endloop
  endfacet
  facet normal -0.358329 0.933595 0
    outer loop
      vertex 23.0043 12.9091 22
      vertex 23.3219 13.031 17
      vertex 23.0043 12.9091 17
    endloop
  endfacet
  facet normal 0.987696 -0.156385 0
    outer loop
      vertex 18.7678 16.3397 22
      vertex 18.821 16.6757 17
      vertex 18.821 16.6757 22
    endloop
  endfacet
  facet normal 0.987696 -0.156385 0
    outer loop
      vertex 18.821 16.6757 17
      vertex 18.7678 16.3397 22
      vertex 18.7678 16.3397 17
    endloop
  endfacet
  facet normal 0.258961 0.965888 -0
    outer loop
      vertex 21.3243 12.821 17
      vertex 20.9957 12.9091 22
      vertex 21.3243 12.821 22
    endloop
  endfacet
  facet normal 0.258961 0.965888 0
    outer loop
      vertex 20.9957 12.9091 22
      vertex 21.3243 12.821 17
      vertex 20.9957 12.9091 17
    endloop
  endfacet
  facet normal 0.544689 0.838638 -0
    outer loop
      vertex 20.375 13.1854 17
      vertex 20.0897 13.3707 22
      vertex 20.375 13.1854 22
    endloop
  endfacet
  facet normal 0.544689 0.838638 0
    outer loop
      vertex 20.0897 13.3707 22
      vertex 20.375 13.1854 17
      vertex 20.0897 13.3707 17
    endloop
  endfacet
  facet normal 0 0 1
    outer loop
      vertex 20.8081 18.7357 17
      vertex 21.6465 17.6628 17
      vertex 21.6734 17.6671 17
    endloop
  endfacet
  facet normal 0 0 1
    outer loop
      vertex 20.8081 18.7357 17
      vertex 21.4747 17.6168 17
      vertex 21.6465 17.6628 17
    endloop
  endfacet
  facet normal 0 0 1
    outer loop
      vertex 20.8081 18.7357 17
      vertex 21.3085 17.553 17
      vertex 21.4747 17.6168 17
    endloop
  endfacet
  facet normal 0 0 1
    outer loop
      vertex 20.8081 18.7357 17
      vertex 21.15 17.4722 17
      vertex 21.3085 17.553 17
    endloop
  endfacet
  facet normal 0 0 1
    outer loop
      vertex 20.8081 18.7357 17
      vertex 21.0008 17.3753 17
      vertex 21.15 17.4722 17
    endloop
  endfacet
  facet normal -0 0 1
    outer loop
      vertex 20.0897 18.6293 17
      vertex 21.0008 17.3753 17
      vertex 20.8081 18.7357 17
    endloop
  endfacet
  facet normal 0 0 1
    outer loop
      vertex 21.0008 17.3753 17
      vertex 20.0897 18.6293 17
      vertex 20.8625 17.2633 17
    endloop
  endfacet
  facet normal -0 0 1
    outer loop
      vertex 19.8253 18.4152 17
      vertex 20.8625 17.2633 17
      vertex 20.0897 18.6293 17
    endloop
  endfacet
  facet normal -0 0 1
    outer loop
      vertex 20.375 18.8146 17
      vertex 20.8081 18.7357 17
      vertex 20.6096 18.9341 17
    endloop
  endfacet
  facet normal 0 0 1
    outer loop
      vertex 20.0897 18.6293 17
      vertex 20.8081 18.7357 17
      vertex 20.375 18.8146 17
    endloop
  endfacet
  facet normal 0 0 1
    outer loop
      vertex 20.8625 17.2633 17
      vertex 19.8253 18.4152 17
      vertex 20.7367 17.1375 17
    endloop
  endfacet
  facet normal -0 0 1
    outer loop
      vertex 19.5848 18.1747 17
      vertex 20.7367 17.1375 17
      vertex 19.8253 18.4152 17
    endloop
  endfacet
  facet normal 0 0 1
    outer loop
      vertex 20.7367 17.1375 17
      vertex 19.5848 18.1747 17
      vertex 20.6247 16.9992 17
    endloop
  endfacet
  facet normal -0 0 1
    outer loop
      vertex 19.3707 17.9103 17
      vertex 20.6247 16.9992 17
      vertex 19.5848 18.1747 17
    endloop
  endfacet
  facet normal 0 0 1
    outer loop
      vertex 20.6247 16.9992 17
      vertex 19.3707 17.9103 17
      vertex 20.5278 16.85 17
    endloop
  endfacet
  facet normal -0 0 1
    outer loop
      vertex 19.1854 17.625 17
      vertex 20.5278 16.85 17
      vertex 19.3707 17.9103 17
    endloop
  endfacet
  facet normal 0 0 1
    outer loop
      vertex 20.5278 16.85 17
      vertex 19.1854 17.625 17
      vertex 20.447 16.6915 17
    endloop
  endfacet
  facet normal 0 0 1
    outer loop
      vertex 24.2487 14 17
      vertex 24.1747 13.5848 17
      vertex 24.3639 13.774 17
    endloop
  endfacet
  facet normal 0 0 1
    outer loop
      vertex 24.2487 14 17
      vertex 23.9103 13.3707 17
      vertex 24.1747 13.5848 17
    endloop
  endfacet
  facet normal 0 0 1
    outer loop
      vertex 22.9992 14.6247 17
      vertex 23.9103 13.3707 17
      vertex 24.2487 14 17
    endloop
  endfacet
  facet normal -0 0 1
    outer loop
      vertex 23.4722 15.15 17
      vertex 24.2487 14 17
      vertex 23.4853 15.1756 17
    endloop
  endfacet
  facet normal -0 0 1
    outer loop
      vertex 23.3753 15.0008 17
      vertex 24.2487 14 17
      vertex 23.4722 15.15 17
    endloop
  endfacet
  facet normal -0 0 1
    outer loop
      vertex 23.2633 14.8625 17
      vertex 24.2487 14 17
      vertex 23.3753 15.0008 17
    endloop
  endfacet
  facet normal -0 0 1
    outer loop
      vertex 23.1375 14.7367 17
      vertex 24.2487 14 17
      vertex 23.2633 14.8625 17
    endloop
  endfacet
  facet normal -0 0 1
    outer loop
      vertex 22.9992 14.6247 17
      vertex 24.2487 14 17
      vertex 23.1375 14.7367 17
    endloop
  endfacet
  facet normal 0 0 1
    outer loop
      vertex 23.9103 13.3707 17
      vertex 22.9992 14.6247 17
      vertex 23.625 13.1854 17
    endloop
  endfacet
  facet normal -0 0 1
    outer loop
      vertex 22.85 14.5278 17
      vertex 23.625 13.1854 17
      vertex 22.9992 14.6247 17
    endloop
  endfacet
  facet normal 0 0 1
    outer loop
      vertex 23.625 13.1854 17
      vertex 22.85 14.5278 17
      vertex 23.3219 13.031 17
    endloop
  endfacet
  facet normal -0 0 1
    outer loop
      vertex 22.6915 14.447 17
      vertex 23.3219 13.031 17
      vertex 22.85 14.5278 17
    endloop
  endfacet
  facet normal 0 0 1
    outer loop
      vertex 23.3219 13.031 17
      vertex 22.6915 14.447 17
      vertex 23.0043 12.9091 17
    endloop
  endfacet
  facet normal -0 0 1
    outer loop
      vertex 22.5253 14.3832 17
      vertex 23.0043 12.9091 17
      vertex 22.6915 14.447 17
    endloop
  endfacet
  facet normal 0 0 1
    outer loop
      vertex 23.0043 12.9091 17
      vertex 22.5253 14.3832 17
      vertex 22.6757 12.821 17
    endloop
  endfacet
  facet normal -0 0 1
    outer loop
      vertex 22.3535 14.3371 17
      vertex 22.6757 12.821 17
      vertex 22.5253 14.3832 17
    endloop
  endfacet
  facet normal 0 0 1
    outer loop
      vertex 22.3535 14.3371 17
      vertex 22.3397 12.7678 17
      vertex 22.6757 12.821 17
    endloop
  endfacet
  facet normal -0 0 1
    outer loop
      vertex 22.1777 14.3093 17
      vertex 22.3397 12.7678 17
      vertex 22.3535 14.3371 17
    endloop
  endfacet
  facet normal -0 0 1
    outer loop
      vertex 22 14.3 17
      vertex 22.3397 12.7678 17
      vertex 22.1777 14.3093 17
    endloop
  endfacet
  facet normal 0 0 1
    outer loop
      vertex 22 14.3 17
      vertex 22 12.75 17
      vertex 22.3397 12.7678 17
    endloop
  endfacet
  facet normal 0 0 1
    outer loop
      vertex 21.8223 14.3093 17
      vertex 22 12.75 17
      vertex 22 14.3 17
    endloop
  endfacet
  facet normal 0 0 1
    outer loop
      vertex 21.8223 14.3093 17
      vertex 21.6603 12.7678 17
      vertex 22 12.75 17
    endloop
  endfacet
  facet normal 0 0 1
    outer loop
      vertex 21.6465 14.3371 17
      vertex 21.6603 12.7678 17
      vertex 21.8223 14.3093 17
    endloop
  endfacet
  facet normal 0 0 1
    outer loop
      vertex 21.3243 12.821 17
      vertex 21.6465 14.3371 17
      vertex 21.4747 14.3832 17
    endloop
  endfacet
  facet normal 0 0 1
    outer loop
      vertex 21.6465 14.3371 17
      vertex 21.3243 12.821 17
      vertex 21.6603 12.7678 17
    endloop
  endfacet
  facet normal 0 0 1
    outer loop
      vertex 20.9957 12.9091 17
      vertex 21.4747 14.3832 17
      vertex 21.3085 14.447 17
    endloop
  endfacet
  facet normal 0 0 1
    outer loop
      vertex 20.6781 13.031 17
      vertex 21.3085 14.447 17
      vertex 21.15 14.5278 17
    endloop
  endfacet
  facet normal 0 0 1
    outer loop
      vertex 20.375 13.1854 17
      vertex 21.15 14.5278 17
      vertex 21.0008 14.6247 17
    endloop
  endfacet
  facet normal 0 0 1
    outer loop
      vertex 21.4747 14.3832 17
      vertex 20.9957 12.9091 17
      vertex 21.3243 12.821 17
    endloop
  endfacet
  facet normal 0 0 1
    outer loop
      vertex 20.0897 13.3707 17
      vertex 21.0008 14.6247 17
      vertex 20.8625 14.7367 17
    endloop
  endfacet
  facet normal 0 0 1
    outer loop
      vertex 19.8253 13.5848 17
      vertex 20.8625 14.7367 17
      vertex 20.7367 14.8625 17
    endloop
  endfacet
  facet normal 0 0 1
    outer loop
      vertex 21.3085 14.447 17
      vertex 20.6781 13.031 17
      vertex 20.9957 12.9091 17
    endloop
  endfacet
  facet normal 0 0 1
    outer loop
      vertex 19.5848 13.8253 17
      vertex 20.7367 14.8625 17
      vertex 20.6247 15.0008 17
    endloop
  endfacet
  facet normal 0 0 1
    outer loop
      vertex 19.3707 14.0897 17
      vertex 20.6247 15.0008 17
      vertex 20.5278 15.15 17
    endloop
  endfacet
  facet normal 0 0 1
    outer loop
      vertex 19.1854 14.375 17
      vertex 20.5278 15.15 17
      vertex 20.447 15.3085 17
    endloop
  endfacet
  facet normal 0 0 1
    outer loop
      vertex 19.031 14.6781 17
      vertex 20.447 15.3085 17
      vertex 20.3832 15.4747 17
    endloop
  endfacet
  facet normal 0 0 1
    outer loop
      vertex 21.15 14.5278 17
      vertex 20.375 13.1854 17
      vertex 20.6781 13.031 17
    endloop
  endfacet
  facet normal 0 0 1
    outer loop
      vertex 18.9091 14.9957 17
      vertex 20.3832 15.4747 17
      vertex 20.3372 15.6466 17
    endloop
  endfacet
  facet normal 0 0 1
    outer loop
      vertex 18.821 15.3243 17
      vertex 20.3372 15.6466 17
      vertex 20.3093 15.8223 17
    endloop
  endfacet
  facet normal 0 0 1
    outer loop
      vertex 18.7678 15.6603 17
      vertex 20.3093 15.8223 17
      vertex 20.3 16 17
    endloop
  endfacet
  facet normal -0 0 1
    outer loop
      vertex 19.031 17.3219 17
      vertex 20.447 16.6915 17
      vertex 19.1854 17.625 17
    endloop
  endfacet
  facet normal 0 0 1
    outer loop
      vertex 21.0008 14.6247 17
      vertex 20.0897 13.3707 17
      vertex 20.375 13.1854 17
    endloop
  endfacet
  facet normal 0 0 1
    outer loop
      vertex 20.447 16.6915 17
      vertex 19.031 17.3219 17
      vertex 20.3832 16.5253 17
    endloop
  endfacet
  facet normal 0 0 1
    outer loop
      vertex 20.8625 14.7367 17
      vertex 19.8253 13.5848 17
      vertex 20.0897 13.3707 17
    endloop
  endfacet
  facet normal -0 0 1
    outer loop
      vertex 18.9091 17.0043 17
      vertex 20.3832 16.5253 17
      vertex 19.031 17.3219 17
    endloop
  endfacet
  facet normal 0 0 1
    outer loop
      vertex 20.7367 14.8625 17
      vertex 19.5848 13.8253 17
      vertex 19.8253 13.5848 17
    endloop
  endfacet
  facet normal 0 0 1
    outer loop
      vertex 20.3832 16.5253 17
      vertex 18.9091 17.0043 17
      vertex 20.3372 16.3535 17
    endloop
  endfacet
  facet normal 0 0 1
    outer loop
      vertex 20.6247 15.0008 17
      vertex 19.3707 14.0897 17
      vertex 19.5848 13.8253 17
    endloop
  endfacet
  facet normal -0 0 1
    outer loop
      vertex 18.821 16.6757 17
      vertex 20.3372 16.3535 17
      vertex 18.9091 17.0043 17
    endloop
  endfacet
  facet normal 0 0 1
    outer loop
      vertex 20.5278 15.15 17
      vertex 19.1854 14.375 17
      vertex 19.3707 14.0897 17
    endloop
  endfacet
  facet normal 0 0 1
    outer loop
      vertex 20.3372 16.3535 17
      vertex 18.821 16.6757 17
      vertex 20.3093 16.1777 17
    endloop
  endfacet
  facet normal 0 0 1
    outer loop
      vertex 20.447 15.3085 17
      vertex 19.031 14.6781 17
      vertex 19.1854 14.375 17
    endloop
  endfacet
  facet normal -0 0 1
    outer loop
      vertex 18.7678 16.3397 17
      vertex 20.3093 16.1777 17
      vertex 18.821 16.6757 17
    endloop
  endfacet
  facet normal 0 0 1
    outer loop
      vertex 20.3832 15.4747 17
      vertex 18.9091 14.9957 17
      vertex 19.031 14.6781 17
    endloop
  endfacet
  facet normal 0 0 1
    outer loop
      vertex 20.3093 16.1777 17
      vertex 18.7678 16.3397 17
      vertex 20.3 16 17
    endloop
  endfacet
  facet normal 0 0 1
    outer loop
      vertex 20.3372 15.6466 17
      vertex 18.821 15.3243 17
      vertex 18.9091 14.9957 17
    endloop
  endfacet
  facet normal 0 0 1
    outer loop
      vertex 18.75 16 17
      vertex 20.3 16 17
      vertex 18.7678 16.3397 17
    endloop
  endfacet
  facet normal 0 0 1
    outer loop
      vertex 20.3093 15.8223 17
      vertex 18.7678 15.6603 17
      vertex 18.821 15.3243 17
    endloop
  endfacet
  facet normal 0 0 1
    outer loop
      vertex 20.3 16 17
      vertex 18.75 16 17
      vertex 18.7678 15.6603 17
    endloop
  endfacet
  facet normal -0.453904 0.891051 0
    outer loop
      vertex 23.625 13.1854 17
      vertex 23.3219 13.031 22
      vertex 23.625 13.1854 22
    endloop
  endfacet
  facet normal -0.453904 0.891051 0
    outer loop
      vertex 23.3219 13.031 22
      vertex 23.625 13.1854 17
      vertex 23.3219 13.031 17
    endloop
  endfacet
  facet normal -0.156385 0.987696 0
    outer loop
      vertex 22.6757 12.821 17
      vertex 22.3397 12.7678 22
      vertex 22.6757 12.821 22
    endloop
  endfacet
  facet normal -0.156385 0.987696 0
    outer loop
      vertex 22.3397 12.7678 22
      vertex 22.6757 12.821 17
      vertex 22.3397 12.7678 17
    endloop
  endfacet
  facet normal 0.777156 -0.629308 0
    outer loop
      vertex 19.3707 17.9103 22
      vertex 19.5848 18.1747 17
      vertex 19.5848 18.1747 22
    endloop
  endfacet
  facet normal 0.777156 -0.629308 0
    outer loop
      vertex 19.5848 18.1747 17
      vertex 19.3707 17.9103 22
      vertex 19.3707 17.9103 17
    endloop
  endfacet
  facet normal 0.156385 0.987696 -0
    outer loop
      vertex 21.6603 12.7678 17
      vertex 21.3243 12.821 22
      vertex 21.6603 12.7678 22
    endloop
  endfacet
  facet normal 0.156385 0.987696 0
    outer loop
      vertex 21.3243 12.821 22
      vertex 21.6603 12.7678 17
      vertex 21.3243 12.821 17
    endloop
  endfacet
  facet normal 0.99863 0.0523274 0
    outer loop
      vertex 18.7678 15.6603 22
      vertex 18.75 16 17
      vertex 18.75 16 22
    endloop
  endfacet
  facet normal 0.99863 0.0523274 0
    outer loop
      vertex 18.75 16 17
      vertex 18.7678 15.6603 22
      vertex 18.7678 15.6603 17
    endloop
  endfacet
  facet normal 0.453886 -0.89106 0
    outer loop
      vertex 20.375 18.8146 17
      vertex 20.6096 18.9341 22
      vertex 20.375 18.8146 22
    endloop
  endfacet
  facet normal 0.453886 -0.89106 0
    outer loop
      vertex 20.6096 18.9341 22
      vertex 20.375 18.8146 17
      vertex 20.6096 18.9341 17
    endloop
  endfacet
  facet normal -0.629308 0.777156 0
    outer loop
      vertex 24.1747 13.5848 17
      vertex 23.9103 13.3707 22
      vertex 24.1747 13.5848 22
    endloop
  endfacet
  facet normal -0.629308 0.777156 0
    outer loop
      vertex 23.9103 13.3707 22
      vertex 24.1747 13.5848 17
      vertex 23.9103 13.3707 17
    endloop
  endfacet
  facet normal 0.707107 -0.707107 0
    outer loop
      vertex 19.5848 18.1747 22
      vertex 19.8253 18.4152 17
      vertex 19.8253 18.4152 22
    endloop
  endfacet
  facet normal 0.707107 -0.707107 0
    outer loop
      vertex 19.8253 18.4152 17
      vertex 19.5848 18.1747 22
      vertex 19.5848 18.1747 17
    endloop
  endfacet
  facet normal 0.891051 -0.453904 0
    outer loop
      vertex 19.031 17.3219 22
      vertex 19.1854 17.625 17
      vertex 19.1854 17.625 22
    endloop
  endfacet
  facet normal 0.891051 -0.453904 0
    outer loop
      vertex 19.1854 17.625 17
      vertex 19.031 17.3219 22
      vertex 19.031 17.3219 17
    endloop
  endfacet
  facet normal 0.629308 -0.777156 0
    outer loop
      vertex 19.8253 18.4152 17
      vertex 20.0897 18.6293 22
      vertex 19.8253 18.4152 22
    endloop
  endfacet
  facet normal 0.629308 -0.777156 0
    outer loop
      vertex 20.0897 18.6293 22
      vertex 19.8253 18.4152 17
      vertex 20.0897 18.6293 17
    endloop
  endfacet
  facet normal 0.965888 -0.258961 0
    outer loop
      vertex 18.821 16.6757 22
      vertex 18.9091 17.0043 17
      vertex 18.9091 17.0043 22
    endloop
  endfacet
  facet normal 0.965888 -0.258961 0
    outer loop
      vertex 18.9091 17.0043 17
      vertex 18.821 16.6757 22
      vertex 18.821 16.6757 17
    endloop
  endfacet
  facet normal 0.933595 -0.358329 0
    outer loop
      vertex 18.9091 17.0043 22
      vertex 19.031 17.3219 17
      vertex 19.031 17.3219 22
    endloop
  endfacet
  facet normal 0.933595 -0.358329 0
    outer loop
      vertex 19.031 17.3219 17
      vertex 18.9091 17.0043 22
      vertex 18.9091 17.0043 17
    endloop
  endfacet
  facet normal 0.891051 0.453904 0
    outer loop
      vertex 19.1854 14.375 22
      vertex 19.031 14.6781 17
      vertex 19.031 14.6781 22
    endloop
  endfacet
  facet normal 0.891051 0.453904 0
    outer loop
      vertex 19.031 14.6781 17
      vertex 19.1854 14.375 22
      vertex 19.1854 14.375 17
    endloop
  endfacet
  facet normal 0.838638 0.544689 0
    outer loop
      vertex 19.3707 14.0897 22
      vertex 19.1854 14.375 17
      vertex 19.1854 14.375 22
    endloop
  endfacet
  facet normal 0.838638 0.544689 0
    outer loop
      vertex 19.1854 14.375 17
      vertex 19.3707 14.0897 22
      vertex 19.3707 14.0897 17
    endloop
  endfacet
  facet normal 0.358329 0.933595 -0
    outer loop
      vertex 20.9957 12.9091 17
      vertex 20.6781 13.031 22
      vertex 20.9957 12.9091 22
    endloop
  endfacet
  facet normal 0.358329 0.933595 0
    outer loop
      vertex 20.6781 13.031 22
      vertex 20.9957 12.9091 17
      vertex 20.6781 13.031 17
    endloop
  endfacet
  facet normal 0.453904 0.891051 -0
    outer loop
      vertex 20.6781 13.031 17
      vertex 20.375 13.1854 22
      vertex 20.6781 13.031 22
    endloop
  endfacet
  facet normal 0.453904 0.891051 0
    outer loop
      vertex 20.375 13.1854 22
      vertex 20.6781 13.031 17
      vertex 20.375 13.1854 17
    endloop
  endfacet
  facet normal 0.987696 0.156385 0
    outer loop
      vertex 18.821 15.3243 22
      vertex 18.7678 15.6603 17
      vertex 18.7678 15.6603 22
    endloop
  endfacet
  facet normal 0.987696 0.156385 0
    outer loop
      vertex 18.7678 15.6603 17
      vertex 18.821 15.3243 22
      vertex 18.821 15.3243 17
    endloop
  endfacet
  facet normal 0.777156 0.629308 0
    outer loop
      vertex 19.5848 13.8253 22
      vertex 19.3707 14.0897 17
      vertex 19.3707 14.0897 22
    endloop
  endfacet
  facet normal 0.777156 0.629308 0
    outer loop
      vertex 19.3707 14.0897 17
      vertex 19.5848 13.8253 22
      vertex 19.5848 13.8253 17
    endloop
  endfacet
  facet normal 0.838638 -0.544689 0
    outer loop
      vertex 19.1854 17.625 22
      vertex 19.3707 17.9103 17
      vertex 19.3707 17.9103 22
    endloop
  endfacet
  facet normal 0.838638 -0.544689 0
    outer loop
      vertex 19.3707 17.9103 17
      vertex 19.1854 17.625 22
      vertex 19.1854 17.625 17
    endloop
  endfacet
  facet normal -0.544689 0.838638 0
    outer loop
      vertex 23.9103 13.3707 17
      vertex 23.625 13.1854 22
      vertex 23.9103 13.3707 22
    endloop
  endfacet
  facet normal -0.544689 0.838638 0
    outer loop
      vertex 23.625 13.1854 22
      vertex 23.9103 13.3707 17
      vertex 23.625 13.1854 17
    endloop
  endfacet
  facet normal 0.0523274 0.99863 -0
    outer loop
      vertex 22 12.75 17
      vertex 21.6603 12.7678 22
      vertex 22 12.75 22
    endloop
  endfacet
  facet normal 0.0523274 0.99863 0
    outer loop
      vertex 21.6603 12.7678 22
      vertex 22 12.75 17
      vertex 21.6603 12.7678 17
    endloop
  endfacet
  facet normal 0.99863 -0.0523274 0
    outer loop
      vertex 18.75 16 22
      vertex 18.7678 16.3397 17
      vertex 18.7678 16.3397 22
    endloop
  endfacet
  facet normal 0.99863 -0.0523274 0
    outer loop
      vertex 18.7678 16.3397 17
      vertex 18.75 16 22
      vertex 18.75 16 17
    endloop
  endfacet
  facet normal -0.707107 0.707107 0
    outer loop
      vertex 24.1747 13.5848 17
      vertex 24.3639 13.774 22
      vertex 24.3639 13.774 17
    endloop
  endfacet
  facet normal -0.707107 0.707107 0
    outer loop
      vertex 24.3639 13.774 22
      vertex 24.1747 13.5848 17
      vertex 24.1747 13.5848 22
    endloop
  endfacet
  facet normal -0.987695 0 0.156392
    outer loop
      vertex 12.9605 26 9.24517
      vertex 13.1774 58 10.615
      vertex 12.9605 58 9.24517
    endloop
  endfacet
  facet normal -0.987695 0 0.156392
    outer loop
      vertex 13.1774 58 10.615
      vertex 12.9605 26 9.24517
      vertex 13.1774 26 10.615
    endloop
  endfacet
  facet normal -0.998629 0 0.0523469
    outer loop
      vertex 13.1774 26 10.615
      vertex 13.25 58 12
      vertex 13.1774 58 10.615
    endloop
  endfacet
  facet normal -0.998629 0 0.0523469
    outer loop
      vertex 13.25 58 12
      vertex 13.1774 26 10.615
      vertex 13.25 26 12
    endloop
  endfacet
  facet normal -0.965918 0 0.258847
    outer loop
      vertex 12.6015 26 7.90552
      vertex 12.9605 58 9.24517
      vertex 12.6015 58 7.90552
    endloop
  endfacet
  facet normal -0.965918 0 0.258847
    outer loop
      vertex 12.9605 58 9.24517
      vertex 12.6015 26 7.90552
      vertex 12.9605 26 9.24517
    endloop
  endfacet
  facet normal 0.707107 -0 0.707107
    outer loop
      vertex -9.84667 26 3.13402
      vertex -8.86598 58 2.15333
      vertex -9.84667 58 3.13402
    endloop
  endfacet
  facet normal 0.707107 0 0.707107
    outer loop
      vertex -8.86598 58 2.15333
      vertex -9.84667 26 3.13402
      vertex -8.86598 26 2.15333
    endloop
  endfacet
  facet normal 0.544638 0 0.838671
    outer loop
      vertex -7.78815 58 1.28052
      vertex -6.625 26 0.525163
      vertex -6.625 58 0.525163
    endloop
  endfacet
  facet normal 0.544638 0 0.838671
    outer loop
      vertex -6.625 26 0.525163
      vertex -7.78815 58 1.28052
      vertex -7.78815 26 1.28052
    endloop
  endfacet
  facet normal -0.0523469 0 -0.998629
    outer loop
      vertex 0 26 25.25
      vertex 1.385 58 25.1774
      vertex 1.385 26 25.1774
    endloop
  endfacet
  facet normal -0.0523469 0 -0.998629
    outer loop
      vertex 1.385 58 25.1774
      vertex 0 26 25.25
      vertex 0 58 25.25
    endloop
  endfacet
  facet normal -0.933585 0 0.358356
    outer loop
      vertex 12.1045 26 6.61074
      vertex 12.6015 58 7.90552
      vertex 12.1045 58 6.61074
    endloop
  endfacet
  facet normal -0.933585 0 0.358356
    outer loop
      vertex 12.6015 58 7.90552
      vertex 12.1045 26 6.61074
      vertex 12.6015 26 7.90552
    endloop
  endfacet
  facet normal -0.358353 0 -0.933586
    outer loop
      vertex 4.09447 26 24.6015
      vertex 5.38926 58 24.1045
      vertex 5.38926 26 24.1045
    endloop
  endfacet
  facet normal -0.358353 0 -0.933586
    outer loop
      vertex 5.38926 58 24.1045
      vertex 4.09447 26 24.6015
      vertex 4.09447 58 24.6015
    endloop
  endfacet
  facet normal 0.544609 0 -0.83869
    outer loop
      vertex -7.78815 26 22.7195
      vertex -6.625 58 23.4748
      vertex -6.625 26 23.4748
    endloop
  endfacet
  facet normal 0.544609 0 -0.83869
    outer loop
      vertex -6.625 58 23.4748
      vertex -7.78815 26 22.7195
      vertex -7.78815 58 22.7195
    endloop
  endfacet
  facet normal -0.544609 0 -0.83869
    outer loop
      vertex 6.625 26 23.4748
      vertex 7.78815 58 22.7195
      vertex 7.78815 26 22.7195
    endloop
  endfacet
  facet normal -0.544609 0 -0.83869
    outer loop
      vertex 7.78815 58 22.7195
      vertex 6.625 26 23.4748
      vertex 6.625 58 23.4748
    endloop
  endfacet
  facet normal -0.987694 0 -0.156396
    outer loop
      vertex 13.1774 26 13.385
      vertex 12.9605 58 14.7548
      vertex 13.1774 58 13.385
    endloop
  endfacet
  facet normal -0.987694 -0 -0.156396
    outer loop
      vertex 12.9605 58 14.7548
      vertex 13.1774 26 13.385
      vertex 12.9605 26 14.7548
    endloop
  endfacet
  facet normal -0.453991 0 0.891006
    outer loop
      vertex 6.625 58 0.525163
      vertex 5.59431 26 0
      vertex 6.625 26 0.525163
    endloop
  endfacet
  facet normal -0.45399 -2.87065e-08 0.891007
    outer loop
      vertex 5.38926 58 -0.104477
      vertex 5.59431 26 0
      vertex 6.625 58 0.525163
    endloop
  endfacet
  facet normal -0.453986 0 0.891009
    outer loop
      vertex 5.59431 26 0
      vertex 5.38926 58 -0.104477
      vertex 5.38926 26 -0.104477
    endloop
  endfacet
  facet normal -0.998629 0 -0.0523469
    outer loop
      vertex 13.25 26 12
      vertex 13.1774 58 13.385
      vertex 13.25 58 12
    endloop
  endfacet
  facet normal -0.998629 -0 -0.0523469
    outer loop
      vertex 13.1774 58 13.385
      vertex 13.25 26 12
      vertex 13.1774 26 13.385
    endloop
  endfacet
  facet normal -0.258849 0 -0.965918
    outer loop
      vertex 2.75483 26 24.9605
      vertex 4.09447 58 24.6015
      vertex 4.09447 26 24.6015
    endloop
  endfacet
  facet normal -0.258849 0 -0.965918
    outer loop
      vertex 4.09447 58 24.6015
      vertex 2.75483 26 24.9605
      vertex 2.75483 58 24.9605
    endloop
  endfacet
  facet normal -0.83869 0 0.544609
    outer loop
      vertex 10.7195 26 4.21185
      vertex 11.4748 58 5.375
      vertex 10.7195 58 4.21185
    endloop
  endfacet
  facet normal -0.83869 0 0.544609
    outer loop
      vertex 11.4748 58 5.375
      vertex 10.7195 26 4.21185
      vertex 11.4748 26 5.375
    endloop
  endfacet
  facet normal 0.998629 0 -0.0523469
    outer loop
      vertex -13.1774 26 13.385
      vertex -13.25 58 12
      vertex -13.1774 58 13.385
    endloop
  endfacet
  facet normal 0.998629 0 -0.0523469
    outer loop
      vertex -13.25 58 12
      vertex -13.1774 26 13.385
      vertex -13.25 26 12
    endloop
  endfacet
  facet normal -0.0523397 0 0.998629
    outer loop
      vertex 0 58 -1.25
      vertex 1.385 26 -1.17741
      vertex 1.385 58 -1.17741
    endloop
  endfacet
  facet normal -0.0523397 0 0.998629
    outer loop
      vertex 1.385 26 -1.17741
      vertex 0 58 -1.25
      vertex 0 26 -1.25
    endloop
  endfacet
  facet normal 0.965921 0 -0.258838
    outer loop
      vertex -12.6015 26 16.0945
      vertex -12.9605 58 14.7548
      vertex -12.6015 58 16.0945
    endloop
  endfacet
  facet normal 0.965921 0 -0.258838
    outer loop
      vertex -12.9605 58 14.7548
      vertex -12.6015 26 16.0945
      vertex -12.9605 26 14.7548
    endloop
  endfacet
  facet normal -0.258819 0 0.965926
    outer loop
      vertex 2.75483 58 -0.960455
      vertex 4.09447 26 -0.601499
      vertex 4.09447 58 -0.601499
    endloop
  endfacet
  facet normal -0.258819 0 0.965926
    outer loop
      vertex 4.09447 26 -0.601499
      vertex 2.75483 58 -0.960455
      vertex 2.75483 26 -0.960455
    endloop
  endfacet
  facet normal 0.156392 0 -0.987695
    outer loop
      vertex -2.75483 26 24.9605
      vertex -1.385 58 25.1774
      vertex -1.385 26 25.1774
    endloop
  endfacet
  facet normal 0.156392 0 -0.987695
    outer loop
      vertex -1.385 58 25.1774
      vertex -2.75483 26 24.9605
      vertex -2.75483 58 24.9605
    endloop
  endfacet
  facet normal -0.890989 0 0.454024
    outer loop
      vertex 11.4748 26 5.375
      vertex 12.1045 58 6.61074
      vertex 11.4748 58 5.375
    endloop
  endfacet
  facet normal -0.890989 0 0.454024
    outer loop
      vertex 12.1045 58 6.61074
      vertex 11.4748 26 5.375
      vertex 12.1045 26 6.61074
    endloop
  endfacet
  facet normal -0.965921 0 -0.258838
    outer loop
      vertex 12.9605 26 14.7548
      vertex 12.6015 58 16.0945
      vertex 12.9605 58 14.7548
    endloop
  endfacet
  facet normal -0.965921 -0 -0.258838
    outer loop
      vertex 12.6015 58 16.0945
      vertex 12.9605 26 14.7548
      vertex 12.6015 26 16.0945
    endloop
  endfacet
  facet normal -0.777142 0 0.629326
    outer loop
      vertex 10.2926 26 3.68469
      vertex 9.84667 58 3.13402
      vertex 9.84667 26 3.13402
    endloop
  endfacet
  facet normal -0.777139 1.0284e-07 0.629329
    outer loop
      vertex 9.84667 58 3.13402
      vertex 10.2926 26 3.68469
      vertex 10.7195 58 4.21185
    endloop
  endfacet
  facet normal -0.777136 0 0.629333
    outer loop
      vertex 10.7195 58 4.21185
      vertex 10.2926 26 3.68469
      vertex 10.7195 26 4.21185
    endloop
  endfacet
  facet normal -0.544638 0 0.838671
    outer loop
      vertex 6.625 58 0.525163
      vertex 7.78815 26 1.28052
      vertex 7.78815 58 1.28052
    endloop
  endfacet
  facet normal -0.544638 0 0.838671
    outer loop
      vertex 7.78815 26 1.28052
      vertex 6.625 58 0.525163
      vertex 6.625 26 0.525163
    endloop
  endfacet
  facet normal 0.70711 0 -0.707103
    outer loop
      vertex -8.86598 26 21.8467
      vertex -9.84667 58 20.866
      vertex -8.86598 58 21.8467
    endloop
  endfacet
  facet normal 0.70711 0 -0.707103
    outer loop
      vertex -9.84667 58 20.866
      vertex -8.86598 26 21.8467
      vertex -9.84667 26 20.866
    endloop
  endfacet
  facet normal 0.156431 0 0.987689
    outer loop
      vertex -2.75483 58 -0.960455
      vertex -1.385 26 -1.17741
      vertex -1.385 58 -1.17741
    endloop
  endfacet
  facet normal 0.156431 0 0.987689
    outer loop
      vertex -1.385 26 -1.17741
      vertex -2.75483 58 -0.960455
      vertex -2.75483 26 -0.960455
    endloop
  endfacet
  facet normal -0.62924 0 -0.777211
    outer loop
      vertex 8.67663 26 22
      vertex 8.86598 58 21.8467
      vertex 8.86598 26 21.8467
    endloop
  endfacet
  facet normal -0.629333 9.11335e-07 -0.777136
    outer loop
      vertex 7.78815 26 22.7195
      vertex 8.86598 58 21.8467
      vertex 8.67663 26 22
    endloop
  endfacet
  facet normal -0.629316 0 -0.777149
    outer loop
      vertex 8.86598 58 21.8467
      vertex 7.78815 26 22.7195
      vertex 7.78815 58 22.7195
    endloop
  endfacet
  facet normal 0.933587 0 -0.358351
    outer loop
      vertex -12.1045 26 17.3893
      vertex -12.6015 58 16.0945
      vertex -12.1045 58 17.3893
    endloop
  endfacet
  facet normal 0.933587 0 -0.358351
    outer loop
      vertex -12.6015 58 16.0945
      vertex -12.1045 26 17.3893
      vertex -12.6015 26 16.0945
    endloop
  endfacet
  facet normal -0.890983 0 -0.454036
    outer loop
      vertex 12.1045 26 17.3893
      vertex 11.4748 58 18.625
      vertex 12.1045 58 17.3893
    endloop
  endfacet
  facet normal -0.890983 -0 -0.454036
    outer loop
      vertex 11.4748 58 18.625
      vertex 12.1045 26 17.3893
      vertex 11.4748 26 18.625
    endloop
  endfacet
  facet normal 0.258819 0 0.965926
    outer loop
      vertex -4.09447 58 -0.601499
      vertex -2.75483 26 -0.960455
      vertex -2.75483 58 -0.960455
    endloop
  endfacet
  facet normal 0.258819 0 0.965926
    outer loop
      vertex -2.75483 26 -0.960455
      vertex -4.09447 58 -0.601499
      vertex -4.09447 26 -0.601499
    endloop
  endfacet
  facet normal 0.0523397 0 0.998629
    outer loop
      vertex -1.385 58 -1.17741
      vertex 0 26 -1.25
      vertex 0 58 -1.25
    endloop
  endfacet
  facet normal 0.0523397 0 0.998629
    outer loop
      vertex 0 26 -1.25
      vertex -1.385 58 -1.17741
      vertex -1.385 26 -1.17741
    endloop
  endfacet
  facet normal 0.890983 0 -0.454036
    outer loop
      vertex -11.4748 26 18.625
      vertex -12.1045 58 17.3893
      vertex -11.4748 58 18.625
    endloop
  endfacet
  facet normal 0.890983 0 -0.454036
    outer loop
      vertex -12.1045 58 17.3893
      vertex -11.4748 26 18.625
      vertex -12.1045 26 17.3893
    endloop
  endfacet
  facet normal -0.777101 0 -0.629376
    outer loop
      vertex 10.2926 26 20.3153
      vertex 10.7195 58 19.7882
      vertex 10.7195 26 19.7882
    endloop
  endfacet
  facet normal -0.77713 9.94283e-07 -0.62934
    outer loop
      vertex 10.7195 58 19.7882
      vertex 10.2926 26 20.3153
      vertex 9.84667 58 20.866
    endloop
  endfacet
  facet normal -0.777158 -0 -0.629305
    outer loop
      vertex 9.84667 58 20.866
      vertex 10.2926 26 20.3153
      vertex 9.84667 26 20.866
    endloop
  endfacet
  facet normal -0.454024 0 -0.890989
    outer loop
      vertex 5.38926 26 24.1045
      vertex 6.625 58 23.4748
      vertex 6.625 26 23.4748
    endloop
  endfacet
  facet normal -0.454024 0 -0.890989
    outer loop
      vertex 6.625 58 23.4748
      vertex 5.38926 26 24.1045
      vertex 5.38926 58 24.1045
    endloop
  endfacet
  facet normal -0.629321 0 0.777146
    outer loop
      vertex 7.78815 58 1.28052
      vertex 8.86598 26 2.15333
      vertex 8.86598 58 2.15333
    endloop
  endfacet
  facet normal -0.629321 0 0.777146
    outer loop
      vertex 8.86598 26 2.15333
      vertex 7.78815 58 1.28052
      vertex 7.78815 26 1.28052
    endloop
  endfacet
  facet normal -0.838701 0 -0.544593
    outer loop
      vertex 11.4748 26 18.625
      vertex 10.7195 58 19.7882
      vertex 11.4748 58 18.625
    endloop
  endfacet
  facet normal -0.838701 -0 -0.544593
    outer loop
      vertex 10.7195 58 19.7882
      vertex 11.4748 26 18.625
      vertex 10.7195 26 19.7882
    endloop
  endfacet
  facet normal -0.156392 0 -0.987695
    outer loop
      vertex 1.385 26 25.1774
      vertex 2.75483 58 24.9605
      vertex 2.75483 26 24.9605
    endloop
  endfacet
  facet normal -0.156392 0 -0.987695
    outer loop
      vertex 2.75483 58 24.9605
      vertex 1.385 26 25.1774
      vertex 1.385 58 25.1774
    endloop
  endfacet
  facet normal -0.933587 0 -0.358351
    outer loop
      vertex 12.6015 26 16.0945
      vertex 12.1045 58 17.3893
      vertex 12.6015 58 16.0945
    endloop
  endfacet
  facet normal -0.933587 -0 -0.358351
    outer loop
      vertex 12.1045 58 17.3893
      vertex 12.6015 26 16.0945
      vertex 12.1045 26 17.3893
    endloop
  endfacet
  facet normal -0.156431 0 0.987689
    outer loop
      vertex 1.385 58 -1.17741
      vertex 2.75483 26 -0.960455
      vertex 2.75483 58 -0.960455
    endloop
  endfacet
  facet normal -0.156431 0 0.987689
    outer loop
      vertex 2.75483 26 -0.960455
      vertex 1.385 58 -1.17741
      vertex 1.385 26 -1.17741
    endloop
  endfacet
  facet normal -0.707107 0 0.707107
    outer loop
      vertex 8.86598 26 2.15333
      vertex 9.84667 58 3.13402
      vertex 8.86598 58 2.15333
    endloop
  endfacet
  facet normal -0.707107 0 0.707107
    outer loop
      vertex 9.84667 58 3.13402
      vertex 8.86598 26 2.15333
      vertex 9.84667 26 3.13402
    endloop
  endfacet
  facet normal 0.454024 0 -0.890989
    outer loop
      vertex -6.625 26 23.4748
      vertex -5.38926 58 24.1045
      vertex -5.38926 26 24.1045
    endloop
  endfacet
  facet normal 0.454024 0 -0.890989
    outer loop
      vertex -5.38926 58 24.1045
      vertex -6.625 26 23.4748
      vertex -6.625 58 23.4748
    endloop
  endfacet
  facet normal 0.987695 -0 0.156392
    outer loop
      vertex -13.1774 26 10.615
      vertex -12.9605 58 9.24517
      vertex -13.1774 58 10.615
    endloop
  endfacet
  facet normal 0.987695 0 0.156392
    outer loop
      vertex -12.9605 58 9.24517
      vertex -13.1774 26 10.615
      vertex -12.9605 26 9.24517
    endloop
  endfacet
  facet normal 0.0523469 0 -0.998629
    outer loop
      vertex -1.385 26 25.1774
      vertex 0 58 25.25
      vertex 0 26 25.25
    endloop
  endfacet
  facet normal 0.0523469 0 -0.998629
    outer loop
      vertex 0 58 25.25
      vertex -1.385 26 25.1774
      vertex -1.385 58 25.1774
    endloop
  endfacet
  facet normal 0.777136 0 0.629333
    outer loop
      vertex -10.2926 26 3.68469
      vertex -10.7195 58 4.21185
      vertex -10.7195 26 4.21185
    endloop
  endfacet
  facet normal 0.777139 1.0284e-07 0.629329
    outer loop
      vertex -10.7195 58 4.21185
      vertex -10.2926 26 3.68469
      vertex -9.84667 58 3.13402
    endloop
  endfacet
  facet normal 0.777142 0 0.629326
    outer loop
      vertex -9.84667 58 3.13402
      vertex -10.2926 26 3.68469
      vertex -9.84667 26 3.13402
    endloop
  endfacet
  facet normal -0.358367 0 0.933581
    outer loop
      vertex 4.09447 58 -0.601499
      vertex 5.38926 26 -0.104477
      vertex 5.38926 58 -0.104477
    endloop
  endfacet
  facet normal -0.358367 0 0.933581
    outer loop
      vertex 5.38926 26 -0.104477
      vertex 4.09447 58 -0.601499
      vertex 4.09447 26 -0.601499
    endloop
  endfacet
  facet normal 0.629321 0 0.777146
    outer loop
      vertex -8.86598 58 2.15333
      vertex -7.78815 26 1.28052
      vertex -7.78815 58 1.28052
    endloop
  endfacet
  facet normal 0.629321 0 0.777146
    outer loop
      vertex -7.78815 26 1.28052
      vertex -8.86598 58 2.15333
      vertex -8.86598 26 2.15333
    endloop
  endfacet
  facet normal 0.890989 -0 0.454024
    outer loop
      vertex -12.1045 26 6.61074
      vertex -11.4748 58 5.375
      vertex -12.1045 58 6.61074
    endloop
  endfacet
  facet normal 0.890989 0 0.454024
    outer loop
      vertex -11.4748 58 5.375
      vertex -12.1045 26 6.61074
      vertex -11.4748 26 5.375
    endloop
  endfacet
  facet normal 0.965918 -0 0.258847
    outer loop
      vertex -12.9605 26 9.24517
      vertex -12.6015 58 7.90552
      vertex -12.9605 58 9.24517
    endloop
  endfacet
  facet normal 0.965918 0 0.258847
    outer loop
      vertex -12.6015 58 7.90552
      vertex -12.9605 26 9.24517
      vertex -12.6015 26 7.90552
    endloop
  endfacet
  facet normal 0.629333 0 -0.777136
    outer loop
      vertex -8.67663 26 22
      vertex -7.78815 58 22.7195
      vertex -7.78815 26 22.7195
    endloop
  endfacet
  facet normal 0.62924 0 -0.777211
    outer loop
      vertex -8.86598 58 21.8467
      vertex -8.67663 26 22
      vertex -8.86598 26 21.8467
    endloop
  endfacet
  facet normal 0.629316 7.51247e-07 -0.777149
    outer loop
      vertex -8.67663 26 22
      vertex -8.86598 58 21.8467
      vertex -7.78815 58 22.7195
    endloop
  endfacet
  facet normal 0.838701 0 -0.544593
    outer loop
      vertex -10.7195 26 19.7882
      vertex -11.4748 58 18.625
      vertex -10.7195 58 19.7882
    endloop
  endfacet
  facet normal 0.838701 0 -0.544593
    outer loop
      vertex -11.4748 58 18.625
      vertex -10.7195 26 19.7882
      vertex -11.4748 26 18.625
    endloop
  endfacet
  facet normal 0.987694 0 -0.156396
    outer loop
      vertex -12.9605 26 14.7548
      vertex -13.1774 58 13.385
      vertex -12.9605 58 14.7548
    endloop
  endfacet
  facet normal 0.987694 0 -0.156396
    outer loop
      vertex -13.1774 58 13.385
      vertex -12.9605 26 14.7548
      vertex -13.1774 26 13.385
    endloop
  endfacet
  facet normal 0.777158 0 -0.629305
    outer loop
      vertex -10.2926 26 20.3153
      vertex -9.84667 58 20.866
      vertex -9.84667 26 20.866
    endloop
  endfacet
  facet normal 0.77713 9.94283e-07 -0.62934
    outer loop
      vertex -9.84667 58 20.866
      vertex -10.2926 26 20.3153
      vertex -10.7195 58 19.7882
    endloop
  endfacet
  facet normal 0.777101 0 -0.629376
    outer loop
      vertex -10.7195 58 19.7882
      vertex -10.2926 26 20.3153
      vertex -10.7195 26 19.7882
    endloop
  endfacet
  facet normal -0.70711 0 -0.707103
    outer loop
      vertex 9.84667 26 20.866
      vertex 8.86598 58 21.8467
      vertex 9.84667 58 20.866
    endloop
  endfacet
  facet normal -0.70711 -0 -0.707103
    outer loop
      vertex 8.86598 58 21.8467
      vertex 9.84667 26 20.866
      vertex 8.86598 26 21.8467
    endloop
  endfacet
  facet normal 0.358367 0 0.933581
    outer loop
      vertex -5.38926 58 -0.104477
      vertex -4.09447 26 -0.601499
      vertex -4.09447 58 -0.601499
    endloop
  endfacet
  facet normal 0.358367 0 0.933581
    outer loop
      vertex -4.09447 26 -0.601499
      vertex -5.38926 58 -0.104477
      vertex -5.38926 26 -0.104477
    endloop
  endfacet
  facet normal 0.933585 -0 0.358356
    outer loop
      vertex -12.6015 26 7.90552
      vertex -12.1045 58 6.61074
      vertex -12.6015 58 7.90552
    endloop
  endfacet
  facet normal 0.933585 0 0.358356
    outer loop
      vertex -12.1045 58 6.61074
      vertex -12.6015 26 7.90552
      vertex -12.1045 26 6.61074
    endloop
  endfacet
  facet normal 0.453986 0 0.891009
    outer loop
      vertex -5.38926 58 -0.104477
      vertex -5.59431 26 0
      vertex -5.38926 26 -0.104477
    endloop
  endfacet
  facet normal 0.45399 -2.87065e-08 0.891007
    outer loop
      vertex -6.625 58 0.525163
      vertex -5.59431 26 0
      vertex -5.38926 58 -0.104477
    endloop
  endfacet
  facet normal 0.453991 0 0.891006
    outer loop
      vertex -5.59431 26 0
      vertex -6.625 58 0.525163
      vertex -6.625 26 0.525163
    endloop
  endfacet
  facet normal 0.998629 -0 0.0523469
    outer loop
      vertex -13.25 26 12
      vertex -13.1774 58 10.615
      vertex -13.25 58 12
    endloop
  endfacet
  facet normal 0.998629 0 0.0523469
    outer loop
      vertex -13.1774 58 10.615
      vertex -13.25 26 12
      vertex -13.1774 26 10.615
    endloop
  endfacet
  facet normal 0.358353 0 -0.933586
    outer loop
      vertex -5.38926 26 24.1045
      vertex -4.09447 58 24.6015
      vertex -4.09447 26 24.6015
    endloop
  endfacet
  facet normal 0.358353 0 -0.933586
    outer loop
      vertex -4.09447 58 24.6015
      vertex -5.38926 26 24.1045
      vertex -5.38926 58 24.1045
    endloop
  endfacet
  facet normal 0.258849 0 -0.965918
    outer loop
      vertex -4.09447 26 24.6015
      vertex -2.75483 58 24.9605
      vertex -2.75483 26 24.9605
    endloop
  endfacet
  facet normal 0.258849 0 -0.965918
    outer loop
      vertex -2.75483 58 24.9605
      vertex -4.09447 26 24.6015
      vertex -4.09447 58 24.6015
    endloop
  endfacet
  facet normal 0.83869 -0 0.544609
    outer loop
      vertex -11.4748 26 5.375
      vertex -10.7195 58 4.21185
      vertex -11.4748 58 5.375
    endloop
  endfacet
  facet normal 0.83869 0 0.544609
    outer loop
      vertex -10.7195 58 4.21185
      vertex -11.4748 26 5.375
      vertex -10.7195 26 4.21185
    endloop
  endfacet
  facet normal -0.992725 -0.10857 0.0520466
    outer loop
      vertex 13.7958 20.571 11.0849
      vertex 13.4086 24.5501 12
      vertex 13.3385 24.5858 10.7374
    endloop
  endfacet
  facet normal -0.992721 -0.108582 0.0520985
    outer loop
      vertex 13.4086 24.5501 12
      vertex 13.7958 20.571 11.0849
      vertex 13.8475 20.5374 12
    endloop
  endfacet
  facet normal -0.99272 -0.108573 0.0521337
    outer loop
      vertex 13.7658 20.5904 10.5532
      vertex 13.3385 24.5858 10.7374
      vertex 13.3308 24.5897 10.5989
    endloop
  endfacet
  facet normal -0.992725 -0.10857 0.052051
    outer loop
      vertex 13.3385 24.5858 10.7374
      vertex 13.7658 20.5904 10.5532
      vertex 13.7958 20.571 11.0849
    endloop
  endfacet
  facet normal 0.928273 -0.108563 0.3557
    outer loop
      vertex -12.2184 25.1565 6.65049
      vertex -12.5672 21.3688 6.40471
      vertex -12.1872 25.1724 6.57392
    endloop
  endfacet
  facet normal 0.928076 -0.108578 0.356209
    outer loop
      vertex -12.5672 21.3688 6.40471
      vertex -12.2184 25.1565 6.65049
      vertex -12.7457 21.2529 6.83445
    endloop
  endfacet
  facet normal 0.625474 -0.108567 -0.772655
    outer loop
      vertex -8.86598 26 21.8467
      vertex -8.86268 24.928 22
      vertex -9.00404 24.1136 22
    endloop
  endfacet
  facet normal -0.62559 -0.108577 0.77256
    outer loop
      vertex 7.95041 23.4761 1.0572
      vertex 8.15386 23.398 1.21097
      vertex 7.78815 26 1.28052
    endloop
  endfacet
  facet normal 0.981849 -0.108577 -0.15551
    outer loop
      vertex -13.3081 24.6013 13.5366
      vertex -13.0987 24.708 14.7842
      vertex -14.6722 10 15.1187
    endloop
  endfacet
  facet normal -0.928067 -0.108581 -0.356233
    outer loop
      vertex 13.7032 10 18.101
      vertex 12.2184 25.1565 17.3495
      vertex 14.2658 10 16.6353
    endloop
  endfacet
  facet normal -0.928319 -0.108573 -0.355578
    outer loop
      vertex 12.2184 25.1565 17.3495
      vertex 13.7032 10 18.101
      vertex 12.1872 25.1724 17.4261
    endloop
  endfacet
  facet normal -0.833728 -0.108573 0.541396
    outer loop
      vertex 11.0592 22.1606 3.96501
      vertex 11.3886 25.5793 5.15787
      vertex 10.7345 25.8304 4.20094
    endloop
  endfacet
  facet normal -0.833715 -0.108581 0.541414
    outer loop
      vertex 11.3886 25.5793 5.15787
      vertex 11.0592 22.1606 3.96501
      vertex 11.4944 25.5254 5.30998
    endloop
  endfacet
  facet normal -0.833728 -0.108572 0.541396
    outer loop
      vertex 11.4944 25.5254 5.30998
      vertex 11.0592 22.1606 3.96501
      vertex 11.6456 21.8618 4.80812
    endloop
  endfacet
  facet normal -0.928055 -0.108573 0.356265
    outer loop
      vertex 12.7457 21.2529 6.83445
      vertex 12.7156 24.9031 7.86845
      vertex 12.2184 25.1565 6.65049
    endloop
  endfacet
  facet normal -0.928053 -0.108575 0.356272
    outer loop
      vertex 12.7156 24.9031 7.86845
      vertex 12.7457 21.2529 6.83445
      vertex 13.1206 21.0095 7.73685
    endloop
  endfacet
  facet normal -0.981902 -0.108537 0.155204
    outer loop
      vertex 13.6774 20.6479 10.0351
      vertex 13.3308 24.5897 10.5989
      vertex 13.3081 24.6013 10.4634
    endloop
  endfacet
  facet normal -0.981855 -0.108572 0.155478
    outer loop
      vertex 13.3308 24.5897 10.5989
      vertex 13.6774 20.6479 10.0351
      vertex 13.7658 20.5904 10.5532
    endloop
  endfacet
  facet normal 0.928319 -0.108573 -0.355578
    outer loop
      vertex -13.7032 10 18.101
      vertex -12.2184 25.1565 17.3495
      vertex -12.1872 25.1724 17.4261
    endloop
  endfacet
  facet normal 0.928067 -0.108581 -0.356233
    outer loop
      vertex -12.2184 25.1565 17.3495
      vertex -13.7032 10 18.101
      vertex -14.2658 10 16.6353
    endloop
  endfacet
  facet normal 0.772545 -0.108608 0.625603
    outer loop
      vertex -10.7345 25.8304 4.20094
      vertex -9.84667 26 3.13402
      vertex -10.2926 26 3.68469
    endloop
  endfacet
  facet normal 0.772545 -0.108581 0.625608
    outer loop
      vertex -10.7345 25.8304 4.20094
      vertex -10.3437 22.5252 3.1447
      vertex -9.84667 26 3.13402
    endloop
  endfacet
  facet normal 0.772558 -0.108574 0.625592
    outer loop
      vertex -10.3437 22.5252 3.1447
      vertex -10.7345 25.8304 4.20094
      vertex -11.0592 22.1606 3.96501
    endloop
  endfacet
  facet normal 0.981902 -0.108537 0.155204
    outer loop
      vertex -13.3308 24.5897 10.5989
      vertex -13.6774 20.6479 10.0351
      vertex -13.3081 24.6013 10.4634
    endloop
  endfacet
  facet normal 0.981855 -0.108572 0.155478
    outer loop
      vertex -13.6774 20.6479 10.0351
      vertex -13.3308 24.5897 10.5989
      vertex -13.7658 20.5904 10.5532
    endloop
  endfacet
  facet normal 0.928059 -0.108579 -0.356254
    outer loop
      vertex -12.7156 24.9031 16.1315
      vertex -12.2184 25.1565 17.3495
      vertex -14.2658 10 16.6353
    endloop
  endfacet
  facet normal -0.625598 -0.108579 0.772553
    outer loop
      vertex 8.86598 26 2.15333
      vertex 8.15386 23.398 1.21097
      vertex 9.0825 23.0415 1.91286
    endloop
  endfacet
  facet normal -0.6256 -0.108578 0.772551
    outer loop
      vertex 8.15386 23.398 1.21097
      vertex 8.86598 26 2.15333
      vertex 7.78815 26 1.28052
    endloop
  endfacet
  facet normal -0.960211 -0.108577 -0.257306
    outer loop
      vertex 14.2658 10 16.6353
      vertex 12.7454 24.888 16.0267
      vertex 14.6722 10 15.1187
    endloop
  endfacet
  facet normal -0.960189 -0.108579 -0.257386
    outer loop
      vertex 12.7454 24.888 16.0267
      vertex 14.2658 10 16.6353
      vertex 12.7156 24.9031 16.1315
    endloop
  endfacet
  facet normal -0.928059 -0.108579 -0.356254
    outer loop
      vertex 12.7156 24.9031 16.1315
      vertex 14.2658 10 16.6353
      vertex 12.2184 25.1565 17.3495
    endloop
  endfacet
  facet normal -0.625474 -0.108567 -0.772655
    outer loop
      vertex 8.86598 26 21.8467
      vertex 9.00404 24.1136 22
      vertex 8.86268 24.928 22
    endloop
  endfacet
  facet normal -0.981849 -0.10858 0.155508
    outer loop
      vertex 13.5223 20.7486 9.12575
      vertex 13.3081 24.6013 10.4634
      vertex 13.0987 24.708 9.21579
    endloop
  endfacet
  facet normal -0.981861 -0.108559 0.155446
    outer loop
      vertex 13.3081 24.6013 10.4634
      vertex 13.5223 20.7486 9.12575
      vertex 13.6774 20.6479 10.0351
    endloop
  endfacet
  facet normal 0.960212 -0.108578 -0.257303
    outer loop
      vertex -13.0987 24.708 14.7842
      vertex -12.7454 24.888 16.0267
      vertex -14.6722 10 15.1187
    endloop
  endfacet
  facet normal 0.885897 -0.108577 -0.450996
    outer loop
      vertex -12.9904 10 19.5
      vertex -11.5445 25.4999 18.6086
      vertex -11.5211 25.5118 18.6517
    endloop
  endfacet
  facet normal 0.885745 -0.10858 -0.451293
    outer loop
      vertex -11.5445 25.4999 18.6086
      vertex -12.9904 10 19.5
      vertex -13.7032 10 18.101
    endloop
  endfacet
  facet normal 0.6256 -0.108578 0.772551
    outer loop
      vertex -8.86598 26 2.15333
      vertex -8.15386 23.398 1.21097
      vertex -7.78815 26 1.28052
    endloop
  endfacet
  facet normal 0.625598 -0.108579 0.772553
    outer loop
      vertex -8.15386 23.398 1.21097
      vertex -8.86598 26 2.15333
      vertex -9.0825 23.0415 1.91286
    endloop
  endfacet
  facet normal 0.702926 -0.108579 0.702926
    outer loop
      vertex -9.84667 26 3.13402
      vertex -9.0825 23.0415 1.91286
      vertex -8.86598 26 2.15333
    endloop
  endfacet
  facet normal 0.702917 -0.108585 0.702935
    outer loop
      vertex -9.84667 26 3.13402
      vertex -10.0871 22.6559 2.85787
      vertex -9.0825 23.0415 1.91286
    endloop
  endfacet
  facet normal 0.703703 -0.108576 0.702149
    outer loop
      vertex -10.0871 22.6559 2.85787
      vertex -9.84667 26 3.13402
      vertex -10.1198 22.6392 2.88806
    endloop
  endfacet
  facet normal -0.772472 -0.10857 0.625699
    outer loop
      vertex 10.1198 22.6392 2.88806
      vertex 10.3437 22.5252 3.1447
      vertex 9.84667 26 3.13402
    endloop
  endfacet
  facet normal 0.981851 -0.108576 -0.155496
    outer loop
      vertex -14.9178 10 13.5679
      vertex -13.3081 24.6013 13.5366
      vertex -14.6722 10 15.1187
    endloop
  endfacet
  facet normal 0.981898 -0.108581 -0.1552
    outer loop
      vertex -13.3081 24.6013 13.5366
      vertex -14.9178 10 13.5679
      vertex -13.3308 24.5897 13.4011
    endloop
  endfacet
  facet normal -0.960208 -0.10858 0.257314
    outer loop
      vertex 13.259 20.9196 8.21537
      vertex 13.0987 24.708 9.21579
      vertex 12.7454 24.888 7.97335
    endloop
  endfacet
  facet normal -0.960208 -0.10858 0.257316
    outer loop
      vertex 13.0987 24.708 9.21579
      vertex 13.259 20.9196 8.21537
      vertex 13.5223 20.7486 9.12575
    endloop
  endfacet
  facet normal 0.885727 -0.108576 -0.45133
    outer loop
      vertex -12.1872 25.1724 17.4261
      vertex -11.5445 25.4999 18.6086
      vertex -13.7032 10 18.101
    endloop
  endfacet
  facet normal -0.702931 -0.108569 -0.702923
    outer loop
      vertex 9.84667 26 20.866
      vertex 9.00404 24.1136 22
      vertex 8.86598 26 21.8467
    endloop
  endfacet
  facet normal -0.702922 -0.108577 -0.702931
    outer loop
      vertex 9.00404 24.1136 22
      vertex 9.84667 26 20.866
      vertex 11.1061 10.505 22
    endloop
  endfacet
  facet normal 0.772528 -0.108613 -0.625622
    outer loop
      vertex -12.1353 10 20.8168
      vertex -11.1061 10.505 22
      vertex -11.1771 10 22
    endloop
  endfacet
  facet normal 0.772524 -0.108578 -0.625634
    outer loop
      vertex -11.1061 10.505 22
      vertex -12.1353 10 20.8168
      vertex -9.84667 26 20.866
    endloop
  endfacet
  facet normal -0.45131 -0.108581 0.885737
    outer loop
      vertex 6.625 26 0.525163
      vertex 6.07247 24.0126 0
      vertex 6.55568 23.8831 0.230335
    endloop
  endfacet
  facet normal -0.451306 -0.108582 0.885738
    outer loop
      vertex 6.07247 24.0126 0
      vertex 6.625 26 0.525163
      vertex 5.59431 26 0
    endloop
  endfacet
  facet normal 0.833777 -0.109717 -0.54109
    outer loop
      vertex -10.7345 25.8304 19.7991
      vertex -11.4944 25.5254 18.69
      vertex -11.3886 25.5793 18.8421
    endloop
  endfacet
  facet normal 0.833739 -0.10858 -0.541377
    outer loop
      vertex -11.4944 25.5254 18.69
      vertex -10.7345 25.8304 19.7991
      vertex -12.1353 10 20.8168
    endloop
  endfacet
  facet normal 0.99272 -0.108573 0.0521337
    outer loop
      vertex -13.3385 24.5858 10.7374
      vertex -13.7658 20.5904 10.5532
      vertex -13.3308 24.5897 10.5989
    endloop
  endfacet
  facet normal 0.992725 -0.10857 0.052051
    outer loop
      vertex -13.7658 20.5904 10.5532
      vertex -13.3385 24.5858 10.7374
      vertex -13.7958 20.571 11.0849
    endloop
  endfacet
  facet normal -0.702926 -0.108579 0.702926
    outer loop
      vertex 9.0825 23.0415 1.91286
      vertex 9.84667 26 3.13402
      vertex 8.86598 26 2.15333
    endloop
  endfacet
  facet normal -0.702917 -0.108585 0.702935
    outer loop
      vertex 10.0871 22.6559 2.85787
      vertex 9.84667 26 3.13402
      vertex 9.0825 23.0415 1.91286
    endloop
  endfacet
  facet normal -0.703703 -0.108576 0.702149
    outer loop
      vertex 9.84667 26 3.13402
      vertex 10.0871 22.6559 2.85787
      vertex 10.1198 22.6392 2.88806
    endloop
  endfacet
  facet normal 0.992725 -0.10857 0.0520466
    outer loop
      vertex -13.4086 24.5501 12
      vertex -13.7958 20.571 11.0849
      vertex -13.3385 24.5858 10.7374
    endloop
  endfacet
  facet normal 0.992721 -0.108582 0.0520985
    outer loop
      vertex -13.7958 20.571 11.0849
      vertex -13.4086 24.5501 12
      vertex -13.8475 20.5374 12
    endloop
  endfacet
  facet normal -0.981898 -0.108581 -0.1552
    outer loop
      vertex 14.9178 10 13.5679
      vertex 13.3081 24.6013 13.5366
      vertex 13.3308 24.5897 13.4011
    endloop
  endfacet
  facet normal -0.981851 -0.108576 -0.155496
    outer loop
      vertex 13.3081 24.6013 13.5366
      vertex 14.9178 10 13.5679
      vertex 14.6722 10 15.1187
    endloop
  endfacet
  facet normal 0.451348 -0.108577 0.885718
    outer loop
      vertex -6.55568 23.8831 0.230335
      vertex -6.625 26 0.525163
      vertex -6.74352 23.8327 0.319877
    endloop
  endfacet
  facet normal 0.833715 -0.108581 0.541414
    outer loop
      vertex -11.0592 22.1606 3.96501
      vertex -11.3886 25.5793 5.15787
      vertex -11.4944 25.5254 5.30998
    endloop
  endfacet
  facet normal 0.833728 -0.108573 0.541396
    outer loop
      vertex -11.3886 25.5793 5.15787
      vertex -11.0592 22.1606 3.96501
      vertex -10.7345 25.8304 4.20094
    endloop
  endfacet
  facet normal 0.833728 -0.108572 0.541396
    outer loop
      vertex -11.0592 22.1606 3.96501
      vertex -11.4944 25.5254 5.30998
      vertex -11.6456 21.8618 4.80812
    endloop
  endfacet
  facet normal -0.928273 -0.108563 0.3557
    outer loop
      vertex 12.5672 21.3688 6.40471
      vertex 12.2184 25.1565 6.65049
      vertex 12.1872 25.1724 6.57392
    endloop
  endfacet
  facet normal -0.928076 -0.108578 0.356209
    outer loop
      vertex 12.2184 25.1565 6.65049
      vertex 12.5672 21.3688 6.40471
      vertex 12.7457 21.2529 6.83445
    endloop
  endfacet
  facet normal -0.992772 -0.108671 -0.0509312
    outer loop
      vertex 13.3385 24.5858 13.2626
      vertex 13.7958 20.571 12.915
      vertex 13.7911 20.5741 13
    endloop
  endfacet
  facet normal -0.992719 -0.108586 -0.0521332
    outer loop
      vertex 13.7911 20.5741 13
      vertex 13.3308 24.5897 13.4011
      vertex 13.3385 24.5858 13.2626
    endloop
  endfacet
  facet normal -0.992722 -0.108575 -0.0520921
    outer loop
      vertex 14.9178 10 13.5679
      vertex 13.7911 20.5741 13
      vertex 14.9476 10 13
    endloop
  endfacet
  facet normal -0.992717 -0.10858 -0.0521923
    outer loop
      vertex 13.7911 20.5741 13
      vertex 14.9178 10 13.5679
      vertex 13.3308 24.5897 13.4011
    endloop
  endfacet
  facet normal -0.992726 -0.108569 -0.0520467
    outer loop
      vertex 13.4086 24.5501 12
      vertex 13.7958 20.571 12.915
      vertex 13.3385 24.5858 13.2626
    endloop
  endfacet
  facet normal -0.992721 -0.108582 -0.0521042
    outer loop
      vertex 13.7958 20.571 12.915
      vertex 13.4086 24.5501 12
      vertex 13.8475 20.5374 12
    endloop
  endfacet
  facet normal -0.833293 -0.108644 0.542051
    outer loop
      vertex 11.6456 21.8618 4.80812
      vertex 11.5211 25.5118 5.3483
      vertex 11.4944 25.5254 5.30998
    endloop
  endfacet
  facet normal -0.833697 -0.108568 0.541445
    outer loop
      vertex 11.5211 25.5118 5.3483
      vertex 11.6456 21.8618 4.80812
      vertex 11.878 21.7434 5.14222
    endloop
  endfacet
  facet normal -0.885733 -0.108565 0.451321
    outer loop
      vertex 12.0821 21.6394 5.5178
      vertex 12.1872 25.1724 6.57392
      vertex 11.5445 25.4999 5.39138
    endloop
  endfacet
  facet normal -0.885711 -0.108577 0.45136
    outer loop
      vertex 12.4 21.4774 6.10265
      vertex 12.1872 25.1724 6.57392
      vertex 12.0821 21.6394 5.5178
    endloop
  endfacet
  facet normal -0.885762 -0.108568 0.451264
    outer loop
      vertex 12.1872 25.1724 6.57392
      vertex 12.4 21.4774 6.10265
      vertex 12.5672 21.3688 6.40471
    endloop
  endfacet
  facet normal 0.62559 -0.108577 0.77256
    outer loop
      vertex -7.95041 23.4761 1.0572
      vertex -7.78815 26 1.28052
      vertex -8.15386 23.398 1.21097
    endloop
  endfacet
  facet normal -0.96025 -0.108574 0.257159
    outer loop
      vertex 13.1206 21.0095 7.73685
      vertex 12.7454 24.888 7.97335
      vertex 12.7156 24.9031 7.86845
    endloop
  endfacet
  facet normal -0.960207 -0.108579 0.257317
    outer loop
      vertex 12.7454 24.888 7.97335
      vertex 13.1206 21.0095 7.73685
      vertex 13.259 20.9196 8.21537
    endloop
  endfacet
  facet normal -0.885727 -0.108576 -0.45133
    outer loop
      vertex 12.1872 25.1724 17.4261
      vertex 13.7032 10 18.101
      vertex 11.5445 25.4999 18.6086
    endloop
  endfacet
  facet normal 0.772472 -0.10857 0.625699
    outer loop
      vertex -10.1198 22.6392 2.88806
      vertex -9.84667 26 3.13402
      vertex -10.3437 22.5252 3.1447
    endloop
  endfacet
  facet normal 0.702931 -0.108569 -0.702923
    outer loop
      vertex -9.00404 24.1136 22
      vertex -9.84667 26 20.866
      vertex -8.86598 26 21.8467
    endloop
  endfacet
  facet normal 0.702922 -0.108577 -0.702931
    outer loop
      vertex -9.84667 26 20.866
      vertex -9.00404 24.1136 22
      vertex -11.1061 10.505 22
    endloop
  endfacet
  facet normal 0.960189 -0.108579 -0.257386
    outer loop
      vertex -14.2658 10 16.6353
      vertex -12.7454 24.888 16.0267
      vertex -12.7156 24.9031 16.1315
    endloop
  endfacet
  facet normal 0.960211 -0.108577 -0.257306
    outer loop
      vertex -12.7454 24.888 16.0267
      vertex -14.2658 10 16.6353
      vertex -14.6722 10 15.1187
    endloop
  endfacet
  facet normal 0.928055 -0.108573 0.356265
    outer loop
      vertex -12.7156 24.9031 7.86845
      vertex -12.7457 21.2529 6.83445
      vertex -12.2184 25.1565 6.65049
    endloop
  endfacet
  facet normal 0.928053 -0.108575 0.356272
    outer loop
      vertex -12.7457 21.2529 6.83445
      vertex -12.7156 24.9031 7.86845
      vertex -13.1206 21.0095 7.73685
    endloop
  endfacet
  facet normal -0.625521 -0.108562 -0.772618
    outer loop
      vertex 8.86598 26 21.8467
      vertex 8.86268 24.928 22
      vertex 8.67663 26 22
    endloop
  endfacet
  facet normal -0.885745 -0.10858 -0.451293
    outer loop
      vertex 12.9904 10 19.5
      vertex 11.5445 25.4999 18.6086
      vertex 13.7032 10 18.101
    endloop
  endfacet
  facet normal -0.885897 -0.108577 -0.450996
    outer loop
      vertex 11.5445 25.4999 18.6086
      vertex 12.9904 10 19.5
      vertex 11.5211 25.5118 18.6517
    endloop
  endfacet
  facet normal 0.992726 -0.108569 -0.0520467
    outer loop
      vertex -13.7958 20.571 12.915
      vertex -13.4086 24.5501 12
      vertex -13.3385 24.5858 13.2626
    endloop
  endfacet
  facet normal 0.992721 -0.108582 -0.0521042
    outer loop
      vertex -13.4086 24.5501 12
      vertex -13.7958 20.571 12.915
      vertex -13.8475 20.5374 12
    endloop
  endfacet
  facet normal 0.992719 -0.108586 -0.0521332
    outer loop
      vertex -13.3308 24.5897 13.4011
      vertex -13.7911 20.5741 13
      vertex -13.3385 24.5858 13.2626
    endloop
  endfacet
  facet normal 0.992717 -0.10858 -0.0521923
    outer loop
      vertex -14.9178 10 13.5679
      vertex -13.7911 20.5741 13
      vertex -13.3308 24.5897 13.4011
    endloop
  endfacet
  facet normal 0.992722 -0.108575 -0.0520921
    outer loop
      vertex -13.7911 20.5741 13
      vertex -14.9178 10 13.5679
      vertex -14.9476 10 13
    endloop
  endfacet
  facet normal 0.992772 -0.108671 -0.0509312
    outer loop
      vertex -13.3385 24.5858 13.2626
      vertex -13.7911 20.5741 13
      vertex -13.7958 20.571 12.915
    endloop
  endfacet
  facet normal -0.960212 -0.108578 -0.257303
    outer loop
      vertex 13.0987 24.708 14.7842
      vertex 14.6722 10 15.1187
      vertex 12.7454 24.888 16.0267
    endloop
  endfacet
  facet normal 0.96025 -0.108574 0.257159
    outer loop
      vertex -12.7454 24.888 7.97335
      vertex -13.1206 21.0095 7.73685
      vertex -12.7156 24.9031 7.86845
    endloop
  endfacet
  facet normal 0.960207 -0.108579 0.257317
    outer loop
      vertex -13.1206 21.0095 7.73685
      vertex -12.7454 24.888 7.97335
      vertex -13.259 20.9196 8.21537
    endloop
  endfacet
  facet normal 0.960208 -0.10858 0.257314
    outer loop
      vertex -13.0987 24.708 9.21579
      vertex -13.259 20.9196 8.21537
      vertex -12.7454 24.888 7.97335
    endloop
  endfacet
  facet normal 0.960208 -0.10858 0.257316
    outer loop
      vertex -13.259 20.9196 8.21537
      vertex -13.0987 24.708 9.21579
      vertex -13.5223 20.7486 9.12575
    endloop
  endfacet
  facet normal -0.833724 -0.108579 -0.541401
    outer loop
      vertex 12.1353 10 20.8168
      vertex 11.5211 25.5118 18.6517
      vertex 12.9904 10 19.5
    endloop
  endfacet
  facet normal -0.833169 -0.108674 -0.542236
    outer loop
      vertex 11.5211 25.5118 18.6517
      vertex 12.1353 10 20.8168
      vertex 11.4944 25.5254 18.69
    endloop
  endfacet
  facet normal -0.833777 -0.109717 -0.54109
    outer loop
      vertex 11.4944 25.5254 18.69
      vertex 10.7345 25.8304 19.7991
      vertex 11.3886 25.5793 18.8421
    endloop
  endfacet
  facet normal -0.833739 -0.10858 -0.541377
    outer loop
      vertex 10.7345 25.8304 19.7991
      vertex 11.4944 25.5254 18.69
      vertex 12.1353 10 20.8168
    endloop
  endfacet
  facet normal -0.772524 -0.108578 -0.625634
    outer loop
      vertex 12.1353 10 20.8168
      vertex 11.1061 10.505 22
      vertex 9.84667 26 20.866
    endloop
  endfacet
  facet normal -0.772528 -0.108613 -0.625622
    outer loop
      vertex 11.1061 10.505 22
      vertex 12.1353 10 20.8168
      vertex 11.1771 10 22
    endloop
  endfacet
  facet normal -0.981849 -0.108577 -0.15551
    outer loop
      vertex 13.3081 24.6013 13.5366
      vertex 14.6722 10 15.1187
      vertex 13.0987 24.708 14.7842
    endloop
  endfacet
  facet normal -0.772545 -0.108608 0.625603
    outer loop
      vertex 9.84667 26 3.13402
      vertex 10.7345 25.8304 4.20094
      vertex 10.2926 26 3.68469
    endloop
  endfacet
  facet normal -0.772545 -0.108581 0.625608
    outer loop
      vertex 10.3437 22.5252 3.1447
      vertex 10.7345 25.8304 4.20094
      vertex 9.84667 26 3.13402
    endloop
  endfacet
  facet normal -0.772558 -0.108574 0.625592
    outer loop
      vertex 10.7345 25.8304 4.20094
      vertex 10.3437 22.5252 3.1447
      vertex 11.0592 22.1606 3.96501
    endloop
  endfacet
  facet normal -0.885813 -0.108567 0.451163
    outer loop
      vertex 11.878 21.7434 5.14222
      vertex 11.5445 25.4999 5.39138
      vertex 11.5211 25.5118 5.3483
    endloop
  endfacet
  facet normal -0.885754 -0.108569 0.451279
    outer loop
      vertex 11.5445 25.4999 5.39138
      vertex 11.878 21.7434 5.14222
      vertex 12.0821 21.6394 5.5178
    endloop
  endfacet
  facet normal 0 1 0
    outer loop
      vertex 6.3 10 14
      vertex 11.1771 10 22
      vertex 12.1353 10 20.8168
    endloop
  endfacet
  facet normal 0 1 0
    outer loop
      vertex 11.1771 10 22
      vertex 6.3 10 14
      vertex -11.1771 10 22
    endloop
  endfacet
  facet normal 0 1 0
    outer loop
      vertex 6.3 10 14
      vertex 12.1353 10 20.8168
      vertex 12.9904 10 19.5
    endloop
  endfacet
  facet normal 0 1 -0
    outer loop
      vertex -6.3 10 14
      vertex -11.1771 10 22
      vertex 6.3 10 14
    endloop
  endfacet
  facet normal 0 1 0
    outer loop
      vertex 6.3 10 14
      vertex 12.9904 10 19.5
      vertex 13.7032 10 18.101
    endloop
  endfacet
  facet normal 0 1 0
    outer loop
      vertex -11.1771 10 22
      vertex -6.3 10 14
      vertex -12.1353 10 20.8168
    endloop
  endfacet
  facet normal 0 1 0
    outer loop
      vertex 6.3 10 14
      vertex 13.7032 10 18.101
      vertex 14.2658 10 16.6353
    endloop
  endfacet
  facet normal 0 1 0
    outer loop
      vertex -12.1353 10 20.8168
      vertex -6.3 10 14
      vertex -12.9904 10 19.5
    endloop
  endfacet
  facet normal 0 1 0
    outer loop
      vertex 6.3 10 14
      vertex 14.2658 10 16.6353
      vertex 14.6722 10 15.1187
    endloop
  endfacet
  facet normal 0 1 0
    outer loop
      vertex -12.9904 10 19.5
      vertex -6.3 10 14
      vertex -13.7032 10 18.101
    endloop
  endfacet
  facet normal 0 1 0
    outer loop
      vertex -13.7032 10 18.101
      vertex -6.3 10 14
      vertex -14.2658 10 16.6353
    endloop
  endfacet
  facet normal 0 1 0
    outer loop
      vertex 14.9178 10 13.5679
      vertex 6.3 10 14
      vertex 14.6722 10 15.1187
    endloop
  endfacet
  facet normal 0 1 0
    outer loop
      vertex 6.3 10 13
      vertex 14.9178 10 13.5679
      vertex 14.9476 10 13
    endloop
  endfacet
  facet normal 0 1 0
    outer loop
      vertex 14.9178 10 13.5679
      vertex 6.3 10 13
      vertex 6.3 10 14
    endloop
  endfacet
  facet normal 0 1 0
    outer loop
      vertex -14.2658 10 16.6353
      vertex -6.3 10 14
      vertex -14.6722 10 15.1187
    endloop
  endfacet
  facet normal 0 1 0
    outer loop
      vertex -6.3 10 14
      vertex -14.9178 10 13.5679
      vertex -14.6722 10 15.1187
    endloop
  endfacet
  facet normal 0 1 -0
    outer loop
      vertex -6.3 10 13
      vertex -14.9178 10 13.5679
      vertex -6.3 10 14
    endloop
  endfacet
  facet normal 0 1 0
    outer loop
      vertex -14.9178 10 13.5679
      vertex -6.3 10 13
      vertex -14.9476 10 13
    endloop
  endfacet
  facet normal -0.54141 -0.108577 0.833718
    outer loop
      vertex 6.74352 23.8327 0.319877
      vertex 6.92868 23.7831 0.433659
      vertex 6.625 26 0.525163
    endloop
  endfacet
  facet normal -0.451348 -0.108577 0.885718
    outer loop
      vertex 6.74352 23.8327 0.319877
      vertex 6.625 26 0.525163
      vertex 6.55568 23.8831 0.230335
    endloop
  endfacet
  facet normal 0.981849 -0.10858 0.155508
    outer loop
      vertex -13.3081 24.6013 10.4634
      vertex -13.5223 20.7486 9.12575
      vertex -13.0987 24.708 9.21579
    endloop
  endfacet
  facet normal 0.981861 -0.108559 0.155446
    outer loop
      vertex -13.5223 20.7486 9.12575
      vertex -13.3081 24.6013 10.4634
      vertex -13.6774 20.6479 10.0351
    endloop
  endfacet
  facet normal 0.625521 -0.108562 -0.772618
    outer loop
      vertex -8.67663 26 22
      vertex -8.86268 24.928 22
      vertex -8.86598 26 21.8467
    endloop
  endfacet
  facet normal 0.885813 -0.108567 0.451163
    outer loop
      vertex -11.5445 25.4999 5.39138
      vertex -11.878 21.7434 5.14222
      vertex -11.5211 25.5118 5.3483
    endloop
  endfacet
  facet normal 0.885754 -0.108569 0.451279
    outer loop
      vertex -11.878 21.7434 5.14222
      vertex -11.5445 25.4999 5.39138
      vertex -12.0821 21.6394 5.5178
    endloop
  endfacet
  facet normal 0.885733 -0.108565 0.451321
    outer loop
      vertex -12.1872 25.1724 6.57392
      vertex -12.0821 21.6394 5.5178
      vertex -11.5445 25.4999 5.39138
    endloop
  endfacet
  facet normal 0.885711 -0.108577 0.45136
    outer loop
      vertex -12.1872 25.1724 6.57392
      vertex -12.4 21.4774 6.10265
      vertex -12.0821 21.6394 5.5178
    endloop
  endfacet
  facet normal 0.885762 -0.108568 0.451264
    outer loop
      vertex -12.4 21.4774 6.10265
      vertex -12.1872 25.1724 6.57392
      vertex -12.5672 21.3688 6.40471
    endloop
  endfacet
  facet normal 0.833169 -0.108674 -0.542236
    outer loop
      vertex -12.1353 10 20.8168
      vertex -11.5211 25.5118 18.6517
      vertex -11.4944 25.5254 18.69
    endloop
  endfacet
  facet normal 0.833724 -0.108579 -0.541401
    outer loop
      vertex -11.5211 25.5118 18.6517
      vertex -12.1353 10 20.8168
      vertex -12.9904 10 19.5
    endloop
  endfacet
  facet normal -0.772537 -0.108895 -0.625563
    outer loop
      vertex 10.7345 25.8304 19.7991
      vertex 9.84667 26 20.866
      vertex 10.2926 26 20.3153
    endloop
  endfacet
  facet normal -0.772539 -0.10858 -0.625615
    outer loop
      vertex 9.84667 26 20.866
      vertex 10.7345 25.8304 19.7991
      vertex 12.1353 10 20.8168
    endloop
  endfacet
  facet normal 0.833293 -0.108644 0.542051
    outer loop
      vertex -11.5211 25.5118 5.3483
      vertex -11.6456 21.8618 4.80812
      vertex -11.4944 25.5254 5.30998
    endloop
  endfacet
  facet normal 0.833697 -0.108568 0.541445
    outer loop
      vertex -11.6456 21.8618 4.80812
      vertex -11.5211 25.5118 5.3483
      vertex -11.878 21.7434 5.14222
    endloop
  endfacet
  facet normal -0.541434 -0.108576 0.833703
    outer loop
      vertex 7.78815 26 1.28052
      vertex 7.66362 23.5862 0.885288
      vertex 7.95041 23.4761 1.0572
    endloop
  endfacet
  facet normal -0.541416 -0.108579 0.833714
    outer loop
      vertex 7.78815 26 1.28052
      vertex 6.92868 23.7831 0.433659
      vertex 7.66362 23.5862 0.885288
    endloop
  endfacet
  facet normal -0.541418 -0.108578 0.833713
    outer loop
      vertex 6.92868 23.7831 0.433659
      vertex 7.78815 26 1.28052
      vertex 6.625 26 0.525163
    endloop
  endfacet
  facet normal 0.451306 -0.108582 0.885738
    outer loop
      vertex -6.625 26 0.525163
      vertex -6.07247 24.0126 0
      vertex -5.59431 26 0
    endloop
  endfacet
  facet normal 0.45131 -0.108581 0.885737
    outer loop
      vertex -6.07247 24.0126 0
      vertex -6.625 26 0.525163
      vertex -6.55568 23.8831 0.230335
    endloop
  endfacet
  facet normal 0.54141 -0.108577 0.833718
    outer loop
      vertex -6.74352 23.8327 0.319877
      vertex -6.625 26 0.525163
      vertex -6.92868 23.7831 0.433659
    endloop
  endfacet
  facet normal 0.541418 -0.108578 0.833713
    outer loop
      vertex -7.78815 26 1.28052
      vertex -6.92868 23.7831 0.433659
      vertex -6.625 26 0.525163
    endloop
  endfacet
  facet normal 0.541416 -0.108579 0.833714
    outer loop
      vertex -6.92868 23.7831 0.433659
      vertex -7.78815 26 1.28052
      vertex -7.66362 23.5862 0.885288
    endloop
  endfacet
  facet normal 0.541434 -0.108576 0.833703
    outer loop
      vertex -7.66362 23.5862 0.885288
      vertex -7.78815 26 1.28052
      vertex -7.95041 23.4761 1.0572
    endloop
  endfacet
  facet normal 0.772537 -0.108895 -0.625563
    outer loop
      vertex -9.84667 26 20.866
      vertex -10.7345 25.8304 19.7991
      vertex -10.2926 26 20.3153
    endloop
  endfacet
  facet normal 0.772539 -0.10858 -0.625615
    outer loop
      vertex -10.7345 25.8304 19.7991
      vertex -9.84667 26 20.866
      vertex -12.1353 10 20.8168
    endloop
  endfacet
  facet normal -1 0 0
    outer loop
      vertex 6.3 -17.4 10
      vertex 6.3 0 0
      vertex 6.3 -17.4 0
    endloop
  endfacet
  facet normal -1 0 0
    outer loop
      vertex 6.3 10 13
      vertex 6.3 5.8 14
      vertex 6.3 10 14
    endloop
  endfacet
  facet normal -1 0 0
    outer loop
      vertex 6.3 0 13
      vertex 6.3 5.8 14
      vertex 6.3 10 13
    endloop
  endfacet
  facet normal -1 0 0
    outer loop
      vertex 6.3 0 13
      vertex 6.3 5.8 22
      vertex 6.3 5.8 14
    endloop
  endfacet
  facet normal -1 0 0
    outer loop
      vertex 6.3 0 0
      vertex 6.3 -17.4 10
      vertex 6.3 0 13
    endloop
  endfacet
  facet normal -1 0 0
    outer loop
      vertex 6.3 -17.4 14
      vertex 6.3 0 13
      vertex 6.3 -17.4 10
    endloop
  endfacet
  facet normal -1 0 0
    outer loop
      vertex 6.3 -17.4 22
      vertex 6.3 0 13
      vertex 6.3 -17.4 14
    endloop
  endfacet
  facet normal -1 0 0
    outer loop
      vertex 6.3 0 13
      vertex 6.3 -17.4 22
      vertex 6.3 5.8 22
    endloop
  endfacet
  facet normal -1 0 0
    outer loop
      vertex 6.3 -22.2 10
      vertex 6.3 -17.4 14
      vertex 6.3 -17.4 10
    endloop
  endfacet
  facet normal -1 -0 0
    outer loop
      vertex 6.3 -17.4 14
      vertex 6.3 -22.2 10
      vertex 6.3 -22.2 14
    endloop
  endfacet
  facet normal 1 -0 0
    outer loop
      vertex -6.3 -22.2 14
      vertex -6.3 -17.4 10
      vertex -6.3 -17.4 14
    endloop
  endfacet
  facet normal 1 0 0
    outer loop
      vertex -6.3 -17.4 10
      vertex -6.3 -22.2 14
      vertex -6.3 -22.2 10
    endloop
  endfacet
  facet normal 1 0 0
    outer loop
      vertex -6.3 5.8 22
      vertex -6.3 0 13
      vertex -6.3 5.8 14
    endloop
  endfacet
  facet normal 1 -0 0
    outer loop
      vertex -6.3 -17.4 22
      vertex -6.3 0 13
      vertex -6.3 5.8 22
    endloop
  endfacet
  facet normal 1 -0 0
    outer loop
      vertex -6.3 -17.4 14
      vertex -6.3 0 13
      vertex -6.3 -17.4 22
    endloop
  endfacet
  facet normal 1 0 0
    outer loop
      vertex -6.3 -17.4 10
      vertex -6.3 0 13
      vertex -6.3 -17.4 14
    endloop
  endfacet
  facet normal 1 0 0
    outer loop
      vertex -6.3 0 13
      vertex -6.3 -17.4 10
      vertex -6.3 0 0
    endloop
  endfacet
  facet normal 1 0 0
    outer loop
      vertex -6.3 0 0
      vertex -6.3 -17.4 10
      vertex -6.3 -17.4 0
    endloop
  endfacet
  facet normal 1 -0 0
    outer loop
      vertex -6.3 5.8 14
      vertex -6.3 10 13
      vertex -6.3 10 14
    endloop
  endfacet
  facet normal 1 0 0
    outer loop
      vertex -6.3 10 13
      vertex -6.3 5.8 14
      vertex -6.3 0 13
    endloop
  endfacet
  facet normal 0 -1 0
    outer loop
      vertex -6.3 5.8 14
      vertex 6.3 5.8 22
      vertex -6.3 5.8 22
    endloop
  endfacet
  facet normal 0 -1 -0
    outer loop
      vertex 6.3 5.8 22
      vertex -6.3 5.8 14
      vertex 6.3 5.8 14
    endloop
  endfacet
  facet normal 0 1 -0
    outer loop
      vertex 6.3 -17.4 0
      vertex -6.3 -17.4 10
      vertex 6.3 -17.4 10
    endloop
  endfacet
  facet normal 0 1 0
    outer loop
      vertex -6.3 -17.4 10
      vertex 6.3 -17.4 0
      vertex -6.3 -17.4 0
    endloop
  endfacet
  facet normal 0 1 -0
    outer loop
      vertex 6.3 -17.4 14
      vertex -6.3 -17.4 22
      vertex 6.3 -17.4 22
    endloop
  endfacet
  facet normal 0 1 0
    outer loop
      vertex -6.3 -17.4 22
      vertex 6.3 -17.4 14
      vertex -6.3 -17.4 14
    endloop
  endfacet
  facet normal 0 0 -1
    outer loop
      vertex -6.3 -22.2 14
      vertex 6.3 -17.4 14
      vertex 6.3 -22.2 14
    endloop
  endfacet
  facet normal -0 0 -1
    outer loop
      vertex 6.3 -17.4 14
      vertex -6.3 -22.2 14
      vertex -6.3 -17.4 14
    endloop
  endfacet
  facet normal 0 0 -1
    outer loop
      vertex -6.3 5.8 14
      vertex 6.3 10 14
      vertex 6.3 5.8 14
    endloop
  endfacet
  facet normal -0 0 -1
    outer loop
      vertex 6.3 10 14
      vertex -6.3 5.8 14
      vertex -6.3 10 14
    endloop
  endfacet
  facet normal -0 0 1
    outer loop
      vertex -6.3 -17.4 10
      vertex 6.3 -22.2 10
      vertex 6.3 -17.4 10
    endloop
  endfacet
  facet normal 0 0 1
    outer loop
      vertex 6.3 -22.2 10
      vertex -6.3 -17.4 10
      vertex -6.3 -22.2 10
    endloop
  endfacet
  facet normal 0 1 -0
    outer loop
      vertex 6.3 -22.2 10
      vertex -6.3 -22.2 14
      vertex 6.3 -22.2 14
    endloop
  endfacet
  facet normal 0 1 0
    outer loop
      vertex -6.3 -22.2 14
      vertex 6.3 -22.2 10
      vertex -6.3 -22.2 10
    endloop
  endfacet
  facet normal -1 0 0
    outer loop
      vertex 8.5 -76 3
      vertex 8.5 -55 19
      vertex 8.5 -55 3
    endloop
  endfacet
  facet normal -1 -0 0
    outer loop
      vertex 8.5 -55 19
      vertex 8.5 -76 3
      vertex 8.5 -76 19
    endloop
  endfacet
  facet normal 0 0 -1
    outer loop
      vertex -8.5 -76 19
      vertex 8.5 -55 19
      vertex 8.5 -76 19
    endloop
  endfacet
  facet normal -0 0 -1
    outer loop
      vertex 8.5 -55 19
      vertex -8.5 -76 19
      vertex -8.5 -55 19
    endloop
  endfacet
  facet normal 0 0 1
    outer loop
      vertex 4 -21 3
      vertex -4 -21 3
      vertex 4 -55 3
    endloop
  endfacet
  facet normal -0 0 1
    outer loop
      vertex 4 -55 3
      vertex 8.5 -76 3
      vertex 8.5 -55 3
    endloop
  endfacet
  facet normal 0 0 1
    outer loop
      vertex -4 -55 3
      vertex 4 -55 3
      vertex -4 -21 3
    endloop
  endfacet
  facet normal 0 0 1
    outer loop
      vertex 4 -55 3
      vertex -4 -55 3
      vertex 8.5 -76 3
    endloop
  endfacet
  facet normal 0 0 1
    outer loop
      vertex -8.5 -76 3
      vertex -4 -55 3
      vertex -8.5 -55 3
    endloop
  endfacet
  facet normal 0 0 1
    outer loop
      vertex -4 -55 3
      vertex -8.5 -76 3
      vertex 8.5 -76 3
    endloop
  endfacet
  facet normal 1 -0 0
    outer loop
      vertex -8.5 -76 19
      vertex -8.5 -55 3
      vertex -8.5 -55 19
    endloop
  endfacet
  facet normal 1 0 0
    outer loop
      vertex -8.5 -55 3
      vertex -8.5 -76 19
      vertex -8.5 -76 3
    endloop
  endfacet
  facet normal 0 -1 0
    outer loop
      vertex -8.5 -55 19
      vertex -4 -55 9
      vertex 8.5 -55 19
    endloop
  endfacet
  facet normal 0 -1 0
    outer loop
      vertex -8.5 -55 3
      vertex -4 -55 9
      vertex -8.5 -55 19
    endloop
  endfacet
  facet normal 0 -1 -0
    outer loop
      vertex -4 -55 9
      vertex -8.5 -55 3
      vertex -4 -55 3
    endloop
  endfacet
  facet normal 0 -1 0
    outer loop
      vertex 4 -55 9
      vertex 8.5 -55 19
      vertex -4 -55 9
    endloop
  endfacet
  facet normal 0 -1 0
    outer loop
      vertex 8.5 -55 3
      vertex 4 -55 9
      vertex 4 -55 3
    endloop
  endfacet
  facet normal 0 -1 0
    outer loop
      vertex 4 -55 9
      vertex 8.5 -55 3
      vertex 8.5 -55 19
    endloop
  endfacet
  facet normal -1 0 0
    outer loop
      vertex 4 -55 3
      vertex 4 -21 9
      vertex 4 -21 3
    endloop
  endfacet
  facet normal -1 -0 0
    outer loop
      vertex 4 -21 9
      vertex 4 -55 3
      vertex 4 -55 9
    endloop
  endfacet
  facet normal 0 0 -1
    outer loop
      vertex -4 -55 9
      vertex 4 -21 9
      vertex 4 -55 9
    endloop
  endfacet
  facet normal -0 0 -1
    outer loop
      vertex 4 -21 9
      vertex -4 -55 9
      vertex -4 -21 9
    endloop
  endfacet
  facet normal 1 -0 0
    outer loop
      vertex -4 -55 9
      vertex -4 -21 3
      vertex -4 -21 9
    endloop
  endfacet
  facet normal 1 0 0
    outer loop
      vertex -4 -21 3
      vertex -4 -55 9
      vertex -4 -55 3
    endloop
  endfacet
  facet normal 0 -1 0
    outer loop
      vertex -4 -21 3
      vertex 4 -21 9
      vertex -4 -21 9
    endloop
  endfacet
  facet normal 0 -1 -0
    outer loop
      vertex 4 -21 9
      vertex -4 -21 3
      vertex 4 -21 3
    endloop
  endfacet
  facet normal -1 0 0
    outer loop
      vertex 25 -50 0
      vertex 25 -30 5
      vertex 25 -30 0
    endloop
  endfacet
  facet normal -1 -0 0
    outer loop
      vertex 25 -30 5
      vertex 25 -50 0
      vertex 25 -50 5
    endloop
  endfacet
  facet normal 0 0 -1
    outer loop
      vertex 21 -50 5
      vertex 25 -30 5
      vertex 25 -50 5
    endloop
  endfacet
  facet normal -0 0 -1
    outer loop
      vertex 25 -30 5
      vertex 21 -50 5
      vertex 21 -30 5
    endloop
  endfacet
  facet normal 1 -0 0
    outer loop
      vertex 21 -50 5
      vertex 21 -30 0
      vertex 21 -30 5
    endloop
  endfacet
  facet normal 1 0 0
    outer loop
      vertex 21 -30 0
      vertex 21 -50 5
      vertex 21 -50 0
    endloop
  endfacet
  facet normal 0 -1 0
    outer loop
      vertex 21 -30 0
      vertex 25 -30 5
      vertex 21 -30 5
    endloop
  endfacet
  facet normal 0 -1 -0
    outer loop
      vertex 25 -30 5
      vertex 21 -30 0
      vertex 25 -30 0
    endloop
  endfacet
  facet normal 0 1 -0
    outer loop
      vertex 25 -50 0
      vertex 21 -50 5
      vertex 25 -50 5
    endloop
  endfacet
  facet normal 0 1 0
    outer loop
      vertex 21 -50 5
      vertex 25 -50 0
      vertex 21 -50 0
    endloop
  endfacet
endsolid OpenSCAD_Model
