solid OpenSCAD_Model
  facet normal 0.987688 0.156436 0
    outer loop
      vertex 23.3713 2.45642 -3.8147e-07
      vertex 22.9865 4.88592 -0.4
      vertex 22.9865 4.88592 -3.8147e-07
    endloop
  endfacet
  facet normal 0.987688 0.156436 0
    outer loop
      vertex 22.9865 4.88592 -0.4
      vertex 23.3713 2.45642 -3.8147e-07
      vertex 23.3713 2.45642 -0.4
    endloop
  endfacet
  facet normal 0.99863 0.0523216 0
    outer loop
      vertex 23.5 0 -3.8147e-07
      vertex 23.3713 2.45642 -0.4
      vertex 23.3713 2.45642 -3.8147e-07
    endloop
  endfacet
  facet normal 0.99863 0.0523216 0
    outer loop
      vertex 23.3713 2.45642 -0.4
      vertex 23.5 0 -3.8147e-07
      vertex 23.5 0 -0.4
    endloop
  endfacet
  facet normal 0.96592 0.258841 0
    outer loop
      vertex 22.9865 4.88592 -3.8147e-07
      vertex 22.3498 7.2619 -0.4
      vertex 22.3498 7.2619 -3.8147e-07
    endloop
  endfacet
  facet normal 0.96592 0.258841 0
    outer loop
      vertex 22.3498 7.2619 -0.4
      vertex 22.9865 4.88592 -3.8147e-07
      vertex 22.9865 4.88592 -0.4
    endloop
  endfacet
  facet normal 0.838676 0.544631 0
    outer loop
      vertex 20.3516 11.75 -3.8147e-07
      vertex 19.0119 13.813 -0.4
      vertex 19.0119 13.813 -3.8147e-07
    endloop
  endfacet
  facet normal 0.838676 0.544631 0
    outer loop
      vertex 19.0119 13.813 -0.4
      vertex 20.3516 11.75 -3.8147e-07
      vertex 20.3516 11.75 -0.4
    endloop
  endfacet
  facet normal 0.777143 0.629325 0
    outer loop
      vertex 19.0119 13.813 -3.8147e-07
      vertex 17.4639 15.7246 -0.4
      vertex 17.4639 15.7246 -3.8147e-07
    endloop
  endfacet
  facet normal 0.777143 0.629325 0
    outer loop
      vertex 17.4639 15.7246 -0.4
      vertex 19.0119 13.813 -3.8147e-07
      vertex 19.0119 13.813 -0.4
    endloop
  endfacet
  facet normal -0.453983 0.89101 0
    outer loop
      vertex -9.55831 21.4683 -0.4
      vertex -11.75 20.3516 -3.8147e-07
      vertex -9.55831 21.4683 -3.8147e-07
    endloop
  endfacet
  facet normal -0.453983 0.89101 0
    outer loop
      vertex -11.75 20.3516 -3.8147e-07
      vertex -9.55831 21.4683 -0.4
      vertex -11.75 20.3516 -0.4
    endloop
  endfacet
  facet normal 0.453983 0.89101 -0
    outer loop
      vertex 11.75 20.3516 -0.4
      vertex 9.55831 21.4683 -3.8147e-07
      vertex 11.75 20.3516 -3.8147e-07
    endloop
  endfacet
  facet normal 0.453983 0.89101 0
    outer loop
      vertex 9.55831 21.4683 -3.8147e-07
      vertex 11.75 20.3516 -0.4
      vertex 9.55831 21.4683 -0.4
    endloop
  endfacet
  facet normal -0.838676 0.544631 0
    outer loop
      vertex -20.3516 11.75 -0.4
      vertex -19.0119 13.813 -3.8147e-07
      vertex -19.0119 13.813 -0.4
    endloop
  endfacet
  facet normal -0.838676 0.544631 0
    outer loop
      vertex -19.0119 13.813 -3.8147e-07
      vertex -20.3516 11.75 -0.4
      vertex -20.3516 11.75 -3.8147e-07
    endloop
  endfacet
  facet normal 0.358365 -0.933582 0
    outer loop
      vertex 7.2619 -22.3498 -0.4
      vertex 9.55831 -21.4683 -3.8147e-07
      vertex 7.2619 -22.3498 -3.8147e-07
    endloop
  endfacet
  facet normal 0.358365 -0.933582 0
    outer loop
      vertex 9.55831 -21.4683 -3.8147e-07
      vertex 7.2619 -22.3498 -0.4
      vertex 9.55831 -21.4683 -0.4
    endloop
  endfacet
  facet normal 0 0 -1
    outer loop
      vertex 23.3713 -2.45642 -0.4
      vertex 6.46439 -0.679435 -0.4
      vertex 6.5 0 -0.4
    endloop
  endfacet
  facet normal 0 0 -1
    outer loop
      vertex 9.55831 -21.4683 -0.4
      vertex 6.35796 -1.35143 -0.4
      vertex 6.46439 -0.679435 -0.4
    endloop
  endfacet
  facet normal 0 0 -1
    outer loop
      vertex 9.55831 -21.4683 -0.4
      vertex 6.18187 -2.00861 -0.4
      vertex 6.35796 -1.35143 -0.4
    endloop
  endfacet
  facet normal 0 0 -1
    outer loop
      vertex 9.55831 -21.4683 -0.4
      vertex 5.93804 -2.64379 -0.4
      vertex 6.18187 -2.00861 -0.4
    endloop
  endfacet
  facet normal 0 0 -1
    outer loop
      vertex 9.55831 -21.4683 -0.4
      vertex 5.62916 -3.25 -0.4
      vertex 5.93804 -2.64379 -0.4
    endloop
  endfacet
  facet normal 0 0 -1
    outer loop
      vertex 9.55831 -21.4683 -0.4
      vertex 5.25861 -3.8206 -0.4
      vertex 5.62916 -3.25 -0.4
    endloop
  endfacet
  facet normal 0 0 -1
    outer loop
      vertex 2.00861 -6.18187 -0.4
      vertex 7.2619 -22.3498 -0.4
      vertex 4.88592 -22.9865 -0.4
    endloop
  endfacet
  facet normal 0 0 -1
    outer loop
      vertex 9.55831 -21.4683 -0.4
      vertex 4.83044 -4.34935 -0.4
      vertex 5.25861 -3.8206 -0.4
    endloop
  endfacet
  facet normal 0 0 -1
    outer loop
      vertex 9.55831 -21.4683 -0.4
      vertex 4.34935 -4.83044 -0.4
      vertex 4.83044 -4.34935 -0.4
    endloop
  endfacet
  facet normal 0 0 -1
    outer loop
      vertex 9.55831 -21.4683 -0.4
      vertex 3.8206 -5.25861 -0.4
      vertex 4.34935 -4.83044 -0.4
    endloop
  endfacet
  facet normal 0 0 -1
    outer loop
      vertex 9.55831 -21.4683 -0.4
      vertex 3.25 -5.62916 -0.4
      vertex 3.8206 -5.25861 -0.4
    endloop
  endfacet
  facet normal 0 0 -1
    outer loop
      vertex 9.55831 -21.4683 -0.4
      vertex 2.64379 -5.93804 -0.4
      vertex 3.25 -5.62916 -0.4
    endloop
  endfacet
  facet normal 0 0 -1
    outer loop
      vertex 1.35143 -6.35796 -0.4
      vertex 4.88592 -22.9865 -0.4
      vertex 2.45642 -23.3713 -0.4
    endloop
  endfacet
  facet normal 0 0 -1
    outer loop
      vertex 7.2619 -22.3498 -0.4
      vertex 2.00861 -6.18187 -0.4
      vertex 2.64379 -5.93804 -0.4
    endloop
  endfacet
  facet normal 0 0 -1
    outer loop
      vertex 4.88592 -22.9865 -0.4
      vertex 1.35143 -6.35796 -0.4
      vertex 2.00861 -6.18187 -0.4
    endloop
  endfacet
  facet normal 0 0 -1
    outer loop
      vertex 2.45642 -23.3713 -0.4
      vertex 0.679435 -6.46439 -0.4
      vertex 1.35143 -6.35796 -0.4
    endloop
  endfacet
  facet normal 0 0 -1
    outer loop
      vertex 0 -23.5 -0.4
      vertex 0.679435 -6.46439 -0.4
      vertex 2.45642 -23.3713 -0.4
    endloop
  endfacet
  facet normal 0 0 -1
    outer loop
      vertex 0 -23.5 -0.4
      vertex 0 -6.5 -0.4
      vertex 0.679435 -6.46439 -0.4
    endloop
  endfacet
  facet normal 0 0 -1
    outer loop
      vertex 0 -23.5 -0.4
      vertex -0.679435 -6.46439 -0.4
      vertex 0 -6.5 -0.4
    endloop
  endfacet
  facet normal 0 0 -1
    outer loop
      vertex -2.45642 -23.3713 -0.4
      vertex -0.679435 -6.46439 -0.4
      vertex 0 -23.5 -0.4
    endloop
  endfacet
  facet normal -0 0 -1
    outer loop
      vertex -0.679435 -6.46439 -0.4
      vertex -2.45642 -23.3713 -0.4
      vertex -1.35143 -6.35796 -0.4
    endloop
  endfacet
  facet normal 0 0 -1
    outer loop
      vertex -4.88592 -22.9865 -0.4
      vertex -1.35143 -6.35796 -0.4
      vertex -2.45642 -23.3713 -0.4
    endloop
  endfacet
  facet normal -0 0 -1
    outer loop
      vertex -1.35143 -6.35796 -0.4
      vertex -4.88592 -22.9865 -0.4
      vertex -2.00861 -6.18187 -0.4
    endloop
  endfacet
  facet normal 0 0 -1
    outer loop
      vertex -7.2619 -22.3498 -0.4
      vertex -2.00861 -6.18187 -0.4
      vertex -4.88592 -22.9865 -0.4
    endloop
  endfacet
  facet normal -0 0 -1
    outer loop
      vertex -2.00861 -6.18187 -0.4
      vertex -7.2619 -22.3498 -0.4
      vertex -2.64379 -5.93804 -0.4
    endloop
  endfacet
  facet normal 0 0 -1
    outer loop
      vertex -9.55831 -21.4683 -0.4
      vertex -2.64379 -5.93804 -0.4
      vertex -7.2619 -22.3498 -0.4
    endloop
  endfacet
  facet normal -0 0 -1
    outer loop
      vertex -2.64379 -5.93804 -0.4
      vertex -9.55831 -21.4683 -0.4
      vertex -3.25 -5.62916 -0.4
    endloop
  endfacet
  facet normal 0 0 -1
    outer loop
      vertex -11.75 -20.3516 -0.4
      vertex -3.25 -5.62916 -0.4
      vertex -9.55831 -21.4683 -0.4
    endloop
  endfacet
  facet normal -0 0 -1
    outer loop
      vertex -3.25 -5.62916 -0.4
      vertex -11.75 -20.3516 -0.4
      vertex -3.8206 -5.25861 -0.4
    endloop
  endfacet
  facet normal 0 0 -1
    outer loop
      vertex -13.813 -19.0119 -0.4
      vertex -3.8206 -5.25861 -0.4
      vertex -11.75 -20.3516 -0.4
    endloop
  endfacet
  facet normal -0 0 -1
    outer loop
      vertex -3.8206 -5.25861 -0.4
      vertex -13.813 -19.0119 -0.4
      vertex -4.34935 -4.83044 -0.4
    endloop
  endfacet
  facet normal 0 0 -1
    outer loop
      vertex -15.7246 -17.4639 -0.4
      vertex -4.34935 -4.83044 -0.4
      vertex -13.813 -19.0119 -0.4
    endloop
  endfacet
  facet normal -0 0 -1
    outer loop
      vertex -4.34935 -4.83044 -0.4
      vertex -15.7246 -17.4639 -0.4
      vertex -4.83044 -4.34935 -0.4
    endloop
  endfacet
  facet normal 0 0 -1
    outer loop
      vertex -17.4639 -15.7246 -0.4
      vertex -4.83044 -4.34935 -0.4
      vertex -15.7246 -17.4639 -0.4
    endloop
  endfacet
  facet normal 0 0 -1
    outer loop
      vertex -19.0119 -13.813 -0.4
      vertex -5.25861 -3.8206 -0.4
      vertex -17.4639 -15.7246 -0.4
    endloop
  endfacet
  facet normal -0 0 -1
    outer loop
      vertex -4.83044 -4.34935 -0.4
      vertex -17.4639 -15.7246 -0.4
      vertex -5.25861 -3.8206 -0.4
    endloop
  endfacet
  facet normal 0 0 -1
    outer loop
      vertex 6.5 0 -0.4
      vertex 23.5 0 -0.4
      vertex 23.3713 -2.45642 -0.4
    endloop
  endfacet
  facet normal 0 0 -1
    outer loop
      vertex 6.46439 -0.679435 -0.4
      vertex 23.3713 -2.45642 -0.4
      vertex 22.9865 -4.88592 -0.4
    endloop
  endfacet
  facet normal 0 0 -1
    outer loop
      vertex 23.5 0 -0.4
      vertex 6.5 0 -0.4
      vertex 23.3713 2.45642 -0.4
    endloop
  endfacet
  facet normal 0 0 -1
    outer loop
      vertex 6.46439 -0.679435 -0.4
      vertex 22.9865 -4.88592 -0.4
      vertex 22.3498 -7.2619 -0.4
    endloop
  endfacet
  facet normal 0 0 -1
    outer loop
      vertex 6.46439 0.679435 -0.4
      vertex 23.3713 2.45642 -0.4
      vertex 6.5 0 -0.4
    endloop
  endfacet
  facet normal 0 0 -1
    outer loop
      vertex 6.46439 -0.679435 -0.4
      vertex 22.3498 -7.2619 -0.4
      vertex 21.4683 -9.55831 -0.4
    endloop
  endfacet
  facet normal -0 0 -1
    outer loop
      vertex 23.3713 2.45642 -0.4
      vertex 6.46439 0.679435 -0.4
      vertex 22.9865 4.88592 -0.4
    endloop
  endfacet
  facet normal 0 0 -1
    outer loop
      vertex 6.46439 -0.679435 -0.4
      vertex 21.4683 -9.55831 -0.4
      vertex 20.3516 -11.75 -0.4
    endloop
  endfacet
  facet normal 0 0 -1
    outer loop
      vertex 6.35796 1.35143 -0.4
      vertex 22.9865 4.88592 -0.4
      vertex 6.46439 0.679435 -0.4
    endloop
  endfacet
  facet normal 0 0 -1
    outer loop
      vertex 6.46439 -0.679435 -0.4
      vertex 20.3516 -11.75 -0.4
      vertex 19.0119 -13.813 -0.4
    endloop
  endfacet
  facet normal -0 0 -1
    outer loop
      vertex 22.9865 4.88592 -0.4
      vertex 6.35796 1.35143 -0.4
      vertex 22.3498 7.2619 -0.4
    endloop
  endfacet
  facet normal 0 0 -1
    outer loop
      vertex 6.46439 -0.679435 -0.4
      vertex 19.0119 -13.813 -0.4
      vertex 17.4639 -15.7246 -0.4
    endloop
  endfacet
  facet normal 0 0 -1
    outer loop
      vertex 6.18187 2.00861 -0.4
      vertex 22.3498 7.2619 -0.4
      vertex 6.35796 1.35143 -0.4
    endloop
  endfacet
  facet normal 0 0 -1
    outer loop
      vertex 6.46439 -0.679435 -0.4
      vertex 17.4639 -15.7246 -0.4
      vertex 15.7246 -17.4639 -0.4
    endloop
  endfacet
  facet normal -0 0 -1
    outer loop
      vertex 22.3498 7.2619 -0.4
      vertex 6.18187 2.00861 -0.4
      vertex 21.4683 9.55831 -0.4
    endloop
  endfacet
  facet normal 0 0 -1
    outer loop
      vertex 5.93804 2.64379 -0.4
      vertex 21.4683 9.55831 -0.4
      vertex 6.18187 2.00861 -0.4
    endloop
  endfacet
  facet normal 0 0 -1
    outer loop
      vertex 6.46439 -0.679435 -0.4
      vertex 15.7246 -17.4639 -0.4
      vertex 13.813 -19.0119 -0.4
    endloop
  endfacet
  facet normal 0 0 -1
    outer loop
      vertex 6.46439 -0.679435 -0.4
      vertex 13.813 -19.0119 -0.4
      vertex 11.75 -20.3516 -0.4
    endloop
  endfacet
  facet normal 0 0 -1
    outer loop
      vertex 6.46439 -0.679435 -0.4
      vertex 11.75 -20.3516 -0.4
      vertex 9.55831 -21.4683 -0.4
    endloop
  endfacet
  facet normal 0 0 -1
    outer loop
      vertex 2.64379 -5.93804 -0.4
      vertex 9.55831 -21.4683 -0.4
      vertex 7.2619 -22.3498 -0.4
    endloop
  endfacet
  facet normal -0 0 -1
    outer loop
      vertex 21.4683 9.55831 -0.4
      vertex 5.93804 2.64379 -0.4
      vertex 20.3516 11.75 -0.4
    endloop
  endfacet
  facet normal 0 0 -1
    outer loop
      vertex 17.4639 15.7246 -0.4
      vertex 13.8199 16.47 -0.4
      vertex 15.7246 17.4639 -0.4
    endloop
  endfacet
  facet normal 0 0 -1
    outer loop
      vertex 5.62916 3.25 -0.4
      vertex 20.3516 11.75 -0.4
      vertex 5.93804 2.64379 -0.4
    endloop
  endfacet
  facet normal 0 -0 -1
    outer loop
      vertex 13.8199 16.47 -0.4
      vertex 20.3516 11.75 -0.4
      vertex 5.62916 3.25 -0.4
    endloop
  endfacet
  facet normal 0 0 -1
    outer loop
      vertex 20.3516 11.75 -0.4
      vertex 13.8199 16.47 -0.4
      vertex 19.0119 13.813 -0.4
    endloop
  endfacet
  facet normal 0 0 -1
    outer loop
      vertex 19.0119 13.813 -0.4
      vertex 13.8199 16.47 -0.4
      vertex 17.4639 15.7246 -0.4
    endloop
  endfacet
  facet normal 0 0 -1
    outer loop
      vertex 5.25861 3.8206 -0.4
      vertex 13.8199 16.47 -0.4
      vertex 5.62916 3.25 -0.4
    endloop
  endfacet
  facet normal 0 0 -1
    outer loop
      vertex 4.49951 5.36231 -0.4
      vertex 5.25861 3.8206 -0.4
      vertex 4.83044 4.34935 -0.4
    endloop
  endfacet
  facet normal 0 0 -1
    outer loop
      vertex 5.25861 3.8206 -0.4
      vertex 4.49951 5.36231 -0.4
      vertex 13.8199 16.47 -0.4
    endloop
  endfacet
  facet normal 0 0 -1
    outer loop
      vertex 4.34935 4.83044 -0.4
      vertex 4.49951 5.36231 -0.4
      vertex 4.83044 4.34935 -0.4
    endloop
  endfacet
  facet normal 0 0 -1
    outer loop
      vertex 3.8206 5.25861 -0.4
      vertex 4.49951 5.36231 -0.4
      vertex 4.34935 4.83044 -0.4
    endloop
  endfacet
  facet normal -0 0 -1
    outer loop
      vertex 4.49951 5.36231 -0.4
      vertex 3.8206 5.25861 -0.4
      vertex 3.89875 5.81375 -0.4
    endloop
  endfacet
  facet normal 0 0 -1
    outer loop
      vertex 3.25 5.62916 -0.4
      vertex 3.89875 5.81375 -0.4
      vertex 3.8206 5.25861 -0.4
    endloop
  endfacet
  facet normal -0 0 -1
    outer loop
      vertex 3.89875 5.81375 -0.4
      vertex 3.25 5.62916 -0.4
      vertex 3.25306 6.19819 -0.4
    endloop
  endfacet
  facet normal 0 0 -1
    outer loop
      vertex 2.64379 5.93804 -0.4
      vertex 3.25306 6.19819 -0.4
      vertex 3.25 5.62916 -0.4
    endloop
  endfacet
  facet normal 0 0 -1
    outer loop
      vertex 2.64379 5.93804 -0.4
      vertex 2.56988 6.5112 -0.4
      vertex 3.25306 6.19819 -0.4
    endloop
  endfacet
  facet normal 0 0 -1
    outer loop
      vertex 2.00861 6.18187 -0.4
      vertex 2.56988 6.5112 -0.4
      vertex 2.64379 5.93804 -0.4
    endloop
  endfacet
  facet normal 0 0 -1
    outer loop
      vertex 2.00861 6.18187 -0.4
      vertex 1.85708 6.74917 -0.4
      vertex 2.56988 6.5112 -0.4
    endloop
  endfacet
  facet normal 0 0 -1
    outer loop
      vertex 1.35143 6.35796 -0.4
      vertex 1.85708 6.74917 -0.4
      vertex 2.00861 6.18187 -0.4
    endloop
  endfacet
  facet normal 0 0 -1
    outer loop
      vertex 1.35143 6.35796 -0.4
      vertex 1.12288 6.90935 -0.4
      vertex 1.85708 6.74917 -0.4
    endloop
  endfacet
  facet normal 0 0 -1
    outer loop
      vertex 0.679435 6.46439 -0.4
      vertex 1.12288 6.90935 -0.4
      vertex 1.35143 6.35796 -0.4
    endloop
  endfacet
  facet normal 0 0 -1
    outer loop
      vertex 0.679435 6.46439 -0.4
      vertex 0.375736 6.98991 -0.4
      vertex 1.12288 6.90935 -0.4
    endloop
  endfacet
  facet normal 0 0 -1
    outer loop
      vertex 0 6.5 -0.4
      vertex 0.375736 6.98991 -0.4
      vertex 0.679435 6.46439 -0.4
    endloop
  endfacet
  facet normal 0 0 -1
    outer loop
      vertex 0 6.5 -0.4
      vertex -0.375736 6.98991 -0.4
      vertex 0.375736 6.98991 -0.4
    endloop
  endfacet
  facet normal 0 0 -1
    outer loop
      vertex -0.679435 6.46439 -0.4
      vertex -0.375736 6.98991 -0.4
      vertex 0 6.5 -0.4
    endloop
  endfacet
  facet normal 0 0 -1
    outer loop
      vertex -0.679435 6.46439 -0.4
      vertex -1.12288 6.90935 -0.4
      vertex -0.375736 6.98991 -0.4
    endloop
  endfacet
  facet normal 0 0 -1
    outer loop
      vertex -1.35143 6.35796 -0.4
      vertex -1.12288 6.90935 -0.4
      vertex -0.679435 6.46439 -0.4
    endloop
  endfacet
  facet normal 0 0 -1
    outer loop
      vertex -1.35143 6.35796 -0.4
      vertex -1.85708 6.74917 -0.4
      vertex -1.12288 6.90935 -0.4
    endloop
  endfacet
  facet normal 0 0 -1
    outer loop
      vertex -2.00861 6.18187 -0.4
      vertex -1.85708 6.74917 -0.4
      vertex -1.35143 6.35796 -0.4
    endloop
  endfacet
  facet normal 0 0 -1
    outer loop
      vertex -2.00861 6.18187 -0.4
      vertex -2.56988 6.5112 -0.4
      vertex -1.85708 6.74917 -0.4
    endloop
  endfacet
  facet normal 0 0 -1
    outer loop
      vertex -2.64379 5.93804 -0.4
      vertex -2.56988 6.5112 -0.4
      vertex -2.00861 6.18187 -0.4
    endloop
  endfacet
  facet normal 0 0 -1
    outer loop
      vertex -3.25306 6.19819 -0.4
      vertex -2.64379 5.93804 -0.4
      vertex -3.25 5.62916 -0.4
    endloop
  endfacet
  facet normal 0 0 -1
    outer loop
      vertex -2.64379 5.93804 -0.4
      vertex -3.25306 6.19819 -0.4
      vertex -2.56988 6.5112 -0.4
    endloop
  endfacet
  facet normal 0 0 -1
    outer loop
      vertex -3.89875 5.81375 -0.4
      vertex -3.25 5.62916 -0.4
      vertex -3.8206 5.25861 -0.4
    endloop
  endfacet
  facet normal 0 0 -1
    outer loop
      vertex -3.25 5.62916 -0.4
      vertex -3.89875 5.81375 -0.4
      vertex -3.25306 6.19819 -0.4
    endloop
  endfacet
  facet normal 0 0 -1
    outer loop
      vertex -4.49951 5.36231 -0.4
      vertex -3.8206 5.25861 -0.4
      vertex -4.34935 4.83044 -0.4
    endloop
  endfacet
  facet normal 0 0 -1
    outer loop
      vertex -3.8206 5.25861 -0.4
      vertex -4.49951 5.36231 -0.4
      vertex -3.89875 5.81375 -0.4
    endloop
  endfacet
  facet normal 0 0 -1
    outer loop
      vertex -4.83044 4.34935 -0.4
      vertex -4.49951 5.36231 -0.4
      vertex -4.34935 4.83044 -0.4
    endloop
  endfacet
  facet normal 0 0 -1
    outer loop
      vertex -5.25861 3.8206 -0.4
      vertex -4.49951 5.36231 -0.4
      vertex -4.83044 4.34935 -0.4
    endloop
  endfacet
  facet normal 0 0 -1
    outer loop
      vertex -13.8199 16.47 -0.4
      vertex -5.25861 3.8206 -0.4
      vertex -5.62916 3.25 -0.4
    endloop
  endfacet
  facet normal -0 0 -1
    outer loop
      vertex -5.25861 -3.8206 -0.4
      vertex -19.0119 -13.813 -0.4
      vertex -5.62916 -3.25 -0.4
    endloop
  endfacet
  facet normal 0 0 -1
    outer loop
      vertex -20.3516 -11.75 -0.4
      vertex -5.62916 -3.25 -0.4
      vertex -19.0119 -13.813 -0.4
    endloop
  endfacet
  facet normal -0 0 -1
    outer loop
      vertex -5.62916 -3.25 -0.4
      vertex -20.3516 -11.75 -0.4
      vertex -5.93804 -2.64379 -0.4
    endloop
  endfacet
  facet normal 0 0 -1
    outer loop
      vertex -21.4683 -9.55831 -0.4
      vertex -5.93804 -2.64379 -0.4
      vertex -20.3516 -11.75 -0.4
    endloop
  endfacet
  facet normal -0 0 -1
    outer loop
      vertex -5.93804 -2.64379 -0.4
      vertex -21.4683 -9.55831 -0.4
      vertex -6.18187 -2.00861 -0.4
    endloop
  endfacet
  facet normal 0 0 -1
    outer loop
      vertex -22.3498 -7.2619 -0.4
      vertex -6.18187 -2.00861 -0.4
      vertex -21.4683 -9.55831 -0.4
    endloop
  endfacet
  facet normal 0 0 -1
    outer loop
      vertex -5.25861 3.8206 -0.4
      vertex -13.8199 16.47 -0.4
      vertex -4.49951 5.36231 -0.4
    endloop
  endfacet
  facet normal 0 0 -1
    outer loop
      vertex -20.3516 11.75 -0.4
      vertex -5.62916 3.25 -0.4
      vertex -5.93804 2.64379 -0.4
    endloop
  endfacet
  facet normal 0 0 -1
    outer loop
      vertex -21.4683 9.55831 -0.4
      vertex -5.93804 2.64379 -0.4
      vertex -6.18187 2.00861 -0.4
    endloop
  endfacet
  facet normal -0 0 -1
    outer loop
      vertex -6.18187 -2.00861 -0.4
      vertex -22.3498 -7.2619 -0.4
      vertex -6.35796 -1.35143 -0.4
    endloop
  endfacet
  facet normal 0 0 -1
    outer loop
      vertex -22.9865 -4.88592 -0.4
      vertex -6.35796 -1.35143 -0.4
      vertex -22.3498 -7.2619 -0.4
    endloop
  endfacet
  facet normal 0 0 -1
    outer loop
      vertex 13.8199 16.47 -0.4
      vertex 13.813 19.0119 -0.4
      vertex 15.7246 17.4639 -0.4
    endloop
  endfacet
  facet normal 0 0 -1
    outer loop
      vertex 11.9747 17.8565 -0.4
      vertex 13.813 19.0119 -0.4
      vertex 13.8199 16.47 -0.4
    endloop
  endfacet
  facet normal 0 0 -1
    outer loop
      vertex 11.9747 17.8565 -0.4
      vertex 11.75 20.3516 -0.4
      vertex 13.813 19.0119 -0.4
    endloop
  endfacet
  facet normal 0 0 -1
    outer loop
      vertex 9.99155 19.0373 -0.4
      vertex 11.75 20.3516 -0.4
      vertex 11.9747 17.8565 -0.4
    endloop
  endfacet
  facet normal 0 0 -1
    outer loop
      vertex 9.99155 19.0373 -0.4
      vertex 9.55831 21.4683 -0.4
      vertex 11.75 20.3516 -0.4
    endloop
  endfacet
  facet normal 0 0 -1
    outer loop
      vertex 7.8932 19.9987 -0.4
      vertex 9.55831 21.4683 -0.4
      vertex 9.99155 19.0373 -0.4
    endloop
  endfacet
  facet normal 0 0 -1
    outer loop
      vertex 7.8932 19.9987 -0.4
      vertex 7.2619 22.3498 -0.4
      vertex 9.55831 21.4683 -0.4
    endloop
  endfacet
  facet normal 0 0 -1
    outer loop
      vertex 5.70389 20.7296 -0.4
      vertex 7.2619 22.3498 -0.4
      vertex 7.8932 19.9987 -0.4
    endloop
  endfacet
  facet normal 0 0 -1
    outer loop
      vertex 5.70389 20.7296 -0.4
      vertex 4.88592 22.9865 -0.4
      vertex 7.2619 22.3498 -0.4
    endloop
  endfacet
  facet normal 0 0 -1
    outer loop
      vertex 3.44884 21.2216 -0.4
      vertex 4.88592 22.9865 -0.4
      vertex 5.70389 20.7296 -0.4
    endloop
  endfacet
  facet normal 0 0 -1
    outer loop
      vertex 3.44884 21.2216 -0.4
      vertex 2.45642 23.3713 -0.4
      vertex 4.88592 22.9865 -0.4
    endloop
  endfacet
  facet normal 0 0 -1
    outer loop
      vertex 1.15405 21.469 -0.4
      vertex 2.45642 23.3713 -0.4
      vertex 3.44884 21.2216 -0.4
    endloop
  endfacet
  facet normal 0 0 -1
    outer loop
      vertex 1.15405 21.469 -0.4
      vertex 0 23.5 -0.4
      vertex 2.45642 23.3713 -0.4
    endloop
  endfacet
  facet normal 0 0 -1
    outer loop
      vertex -1.15405 21.469 -0.4
      vertex 0 23.5 -0.4
      vertex 1.15405 21.469 -0.4
    endloop
  endfacet
  facet normal 0 0 -1
    outer loop
      vertex -1.15405 21.469 -0.4
      vertex -2.45642 23.3713 -0.4
      vertex 0 23.5 -0.4
    endloop
  endfacet
  facet normal 0 0 -1
    outer loop
      vertex -3.44884 21.2216 -0.4
      vertex -2.45642 23.3713 -0.4
      vertex -1.15405 21.469 -0.4
    endloop
  endfacet
  facet normal 0 0 -1
    outer loop
      vertex -3.44884 21.2216 -0.4
      vertex -4.88592 22.9865 -0.4
      vertex -2.45642 23.3713 -0.4
    endloop
  endfacet
  facet normal 0 0 -1
    outer loop
      vertex -5.70389 20.7296 -0.4
      vertex -4.88592 22.9865 -0.4
      vertex -3.44884 21.2216 -0.4
    endloop
  endfacet
  facet normal 0 0 -1
    outer loop
      vertex -5.70389 20.7296 -0.4
      vertex -7.2619 22.3498 -0.4
      vertex -4.88592 22.9865 -0.4
    endloop
  endfacet
  facet normal 0 0 -1
    outer loop
      vertex -7.8932 19.9987 -0.4
      vertex -7.2619 22.3498 -0.4
      vertex -5.70389 20.7296 -0.4
    endloop
  endfacet
  facet normal 0 0 -1
    outer loop
      vertex -7.8932 19.9987 -0.4
      vertex -9.55831 21.4683 -0.4
      vertex -7.2619 22.3498 -0.4
    endloop
  endfacet
  facet normal 0 0 -1
    outer loop
      vertex -9.99155 19.0373 -0.4
      vertex -9.55831 21.4683 -0.4
      vertex -7.8932 19.9987 -0.4
    endloop
  endfacet
  facet normal 0 0 -1
    outer loop
      vertex -9.99155 19.0373 -0.4
      vertex -11.75 20.3516 -0.4
      vertex -9.55831 21.4683 -0.4
    endloop
  endfacet
  facet normal 0 0 -1
    outer loop
      vertex -11.9747 17.8565 -0.4
      vertex -11.75 20.3516 -0.4
      vertex -9.99155 19.0373 -0.4
    endloop
  endfacet
  facet normal 0 0 -1
    outer loop
      vertex -11.9747 17.8565 -0.4
      vertex -13.813 19.0119 -0.4
      vertex -11.75 20.3516 -0.4
    endloop
  endfacet
  facet normal 0 0 -1
    outer loop
      vertex -13.8199 16.47 -0.4
      vertex -13.813 19.0119 -0.4
      vertex -11.9747 17.8565 -0.4
    endloop
  endfacet
  facet normal -0 0 -1
    outer loop
      vertex -6.35796 -1.35143 -0.4
      vertex -22.9865 -4.88592 -0.4
      vertex -6.46439 -0.679435 -0.4
    endloop
  endfacet
  facet normal 0 0 -1
    outer loop
      vertex -13.8199 16.47 -0.4
      vertex -15.7246 17.4639 -0.4
      vertex -13.813 19.0119 -0.4
    endloop
  endfacet
  facet normal 0 0 -1
    outer loop
      vertex -23.3713 -2.45642 -0.4
      vertex -6.46439 -0.679435 -0.4
      vertex -22.9865 -4.88592 -0.4
    endloop
  endfacet
  facet normal -0 0 -1
    outer loop
      vertex -13.8199 16.47 -0.4
      vertex -17.4639 15.7246 -0.4
      vertex -15.7246 17.4639 -0.4
    endloop
  endfacet
  facet normal -0 0 -1
    outer loop
      vertex -6.46439 -0.679435 -0.4
      vertex -23.3713 -2.45642 -0.4
      vertex -6.5 0 -0.4
    endloop
  endfacet
  facet normal 0 0 -1
    outer loop
      vertex -13.8199 16.47 -0.4
      vertex -19.0119 13.813 -0.4
      vertex -17.4639 15.7246 -0.4
    endloop
  endfacet
  facet normal 0 0 -1
    outer loop
      vertex -23.5 0 -0.4
      vertex -6.5 0 -0.4
      vertex -23.3713 -2.45642 -0.4
    endloop
  endfacet
  facet normal 0 0 -1
    outer loop
      vertex -13.8199 16.47 -0.4
      vertex -20.3516 11.75 -0.4
      vertex -19.0119 13.813 -0.4
    endloop
  endfacet
  facet normal 0 0 -1
    outer loop
      vertex -6.5 0 -0.4
      vertex -23.5 0 -0.4
      vertex -6.46439 0.679435 -0.4
    endloop
  endfacet
  facet normal 0 0 -1
    outer loop
      vertex -5.62916 3.25 -0.4
      vertex -20.3516 11.75 -0.4
      vertex -13.8199 16.47 -0.4
    endloop
  endfacet
  facet normal 0 -0 -1
    outer loop
      vertex -23.3713 2.45642 -0.4
      vertex -6.46439 0.679435 -0.4
      vertex -23.5 0 -0.4
    endloop
  endfacet
  facet normal 0 0 -1
    outer loop
      vertex -5.93804 2.64379 -0.4
      vertex -21.4683 9.55831 -0.4
      vertex -20.3516 11.75 -0.4
    endloop
  endfacet
  facet normal 0 0 -1
    outer loop
      vertex -6.46439 0.679435 -0.4
      vertex -23.3713 2.45642 -0.4
      vertex -6.35796 1.35143 -0.4
    endloop
  endfacet
  facet normal 0 -0 -1
    outer loop
      vertex -21.4683 9.55831 -0.4
      vertex -6.18187 2.00861 -0.4
      vertex -22.3498 7.2619 -0.4
    endloop
  endfacet
  facet normal 0 -0 -1
    outer loop
      vertex -22.9865 4.88592 -0.4
      vertex -6.35796 1.35143 -0.4
      vertex -23.3713 2.45642 -0.4
    endloop
  endfacet
  facet normal 0 -0 -1
    outer loop
      vertex -22.3498 7.2619 -0.4
      vertex -6.18187 2.00861 -0.4
      vertex -22.9865 4.88592 -0.4
    endloop
  endfacet
  facet normal 0 0 -1
    outer loop
      vertex -6.35796 1.35143 -0.4
      vertex -22.9865 4.88592 -0.4
      vertex -6.18187 2.00861 -0.4
    endloop
  endfacet
  facet normal -0.156436 -0.987688 0
    outer loop
      vertex -4.88592 -22.9865 -0.4
      vertex -2.45642 -23.3713 -3.8147e-07
      vertex -4.88592 -22.9865 -3.8147e-07
    endloop
  endfacet
  facet normal -0.156436 -0.987688 -0
    outer loop
      vertex -2.45642 -23.3713 -3.8147e-07
      vertex -4.88592 -22.9865 -0.4
      vertex -2.45642 -23.3713 -0.4
    endloop
  endfacet
  facet normal 0.544631 -0.838676 0
    outer loop
      vertex 11.75 -20.3516 -0.4
      vertex 13.813 -19.0119 -3.8147e-07
      vertex 11.75 -20.3516 -3.8147e-07
    endloop
  endfacet
  facet normal 0.544631 -0.838676 0
    outer loop
      vertex 13.813 -19.0119 -3.8147e-07
      vertex 11.75 -20.3516 -0.4
      vertex 13.813 -19.0119 -0.4
    endloop
  endfacet
  facet normal 0.987688 -0.156436 0
    outer loop
      vertex 22.9865 -4.88592 -3.8147e-07
      vertex 23.3713 -2.45642 -0.4
      vertex 23.3713 -2.45642 -3.8147e-07
    endloop
  endfacet
  facet normal 0.987688 -0.156436 0
    outer loop
      vertex 23.3713 -2.45642 -0.4
      vertex 22.9865 -4.88592 -3.8147e-07
      vertex 22.9865 -4.88592 -0.4
    endloop
  endfacet
  facet normal 0.156436 0.987688 -0
    outer loop
      vertex 4.88592 22.9865 -0.4
      vertex 2.45642 23.3713 -3.8147e-07
      vertex 4.88592 22.9865 -3.8147e-07
    endloop
  endfacet
  facet normal 0.156436 0.987688 0
    outer loop
      vertex 2.45642 23.3713 -3.8147e-07
      vertex 4.88592 22.9865 -0.4
      vertex 2.45642 23.3713 -0.4
    endloop
  endfacet
  facet normal -0.358365 0.933582 0
    outer loop
      vertex -7.2619 22.3498 -0.4
      vertex -9.55831 21.4683 -3.8147e-07
      vertex -7.2619 22.3498 -3.8147e-07
    endloop
  endfacet
  facet normal -0.358365 0.933582 0
    outer loop
      vertex -9.55831 21.4683 -3.8147e-07
      vertex -7.2619 22.3498 -0.4
      vertex -9.55831 21.4683 -0.4
    endloop
  endfacet
  facet normal -0.987688 -0.156436 0
    outer loop
      vertex -22.9865 -4.88592 -0.4
      vertex -23.3713 -2.45642 -3.8147e-07
      vertex -23.3713 -2.45642 -0.4
    endloop
  endfacet
  facet normal -0.987688 -0.156436 0
    outer loop
      vertex -23.3713 -2.45642 -3.8147e-07
      vertex -22.9865 -4.88592 -0.4
      vertex -22.9865 -4.88592 -3.8147e-07
    endloop
  endfacet
  facet normal -0.156436 0.987688 0
    outer loop
      vertex -2.45642 23.3713 -0.4
      vertex -4.88592 22.9865 -3.8147e-07
      vertex -2.45642 23.3713 -3.8147e-07
    endloop
  endfacet
  facet normal -0.156436 0.987688 0
    outer loop
      vertex -4.88592 22.9865 -3.8147e-07
      vertex -2.45642 23.3713 -0.4
      vertex -4.88592 22.9865 -0.4
    endloop
  endfacet
  facet normal 0.258841 0.96592 -0
    outer loop
      vertex 7.2619 22.3498 -0.4
      vertex 4.88592 22.9865 -3.8147e-07
      vertex 7.2619 22.3498 -3.8147e-07
    endloop
  endfacet
  facet normal 0.258841 0.96592 0
    outer loop
      vertex 4.88592 22.9865 -3.8147e-07
      vertex 7.2619 22.3498 -0.4
      vertex 4.88592 22.9865 -0.4
    endloop
  endfacet
  facet normal 0.99863 -0.0523216 0
    outer loop
      vertex 23.3713 -2.45642 -3.8147e-07
      vertex 23.5 0 -0.4
      vertex 23.5 0 -3.8147e-07
    endloop
  endfacet
  facet normal 0.99863 -0.0523216 0
    outer loop
      vertex 23.5 0 -0.4
      vertex 23.3713 -2.45642 -3.8147e-07
      vertex 23.3713 -2.45642 -0.4
    endloop
  endfacet
  facet normal 0.629325 0.777143 -0
    outer loop
      vertex 15.7246 17.4639 -0.4
      vertex 13.813 19.0119 -3.8147e-07
      vertex 15.7246 17.4639 -3.8147e-07
    endloop
  endfacet
  facet normal 0.629325 0.777143 0
    outer loop
      vertex 13.813 19.0119 -3.8147e-07
      vertex 15.7246 17.4639 -0.4
      vertex 13.813 19.0119 -0.4
    endloop
  endfacet
  facet normal 0.544631 0.838676 -0
    outer loop
      vertex 13.813 19.0119 -0.4
      vertex 11.75 20.3516 -3.8147e-07
      vertex 13.813 19.0119 -3.8147e-07
    endloop
  endfacet
  facet normal 0.544631 0.838676 0
    outer loop
      vertex 11.75 20.3516 -3.8147e-07
      vertex 13.813 19.0119 -0.4
      vertex 11.75 20.3516 -0.4
    endloop
  endfacet
  facet normal 0.629325 -0.777143 0
    outer loop
      vertex 13.813 -19.0119 -0.4
      vertex 15.7246 -17.4639 -3.8147e-07
      vertex 13.813 -19.0119 -3.8147e-07
    endloop
  endfacet
  facet normal 0.629325 -0.777143 0
    outer loop
      vertex 15.7246 -17.4639 -3.8147e-07
      vertex 13.813 -19.0119 -0.4
      vertex 15.7246 -17.4639 -0.4
    endloop
  endfacet
  facet normal -0.933582 -0.358365 0
    outer loop
      vertex -21.4683 -9.55831 -0.4
      vertex -22.3498 -7.2619 -3.8147e-07
      vertex -22.3498 -7.2619 -0.4
    endloop
  endfacet
  facet normal -0.933582 -0.358365 0
    outer loop
      vertex -22.3498 -7.2619 -3.8147e-07
      vertex -21.4683 -9.55831 -0.4
      vertex -21.4683 -9.55831 -3.8147e-07
    endloop
  endfacet
  facet normal 0.358365 0.933582 -0
    outer loop
      vertex 9.55831 21.4683 -0.4
      vertex 7.2619 22.3498 -3.8147e-07
      vertex 9.55831 21.4683 -3.8147e-07
    endloop
  endfacet
  facet normal 0.358365 0.933582 0
    outer loop
      vertex 7.2619 22.3498 -3.8147e-07
      vertex 9.55831 21.4683 -0.4
      vertex 7.2619 22.3498 -0.4
    endloop
  endfacet
  facet normal 0.96592 -0.258841 0
    outer loop
      vertex 22.3498 -7.2619 -3.8147e-07
      vertex 22.9865 -4.88592 -0.4
      vertex 22.9865 -4.88592 -3.8147e-07
    endloop
  endfacet
  facet normal 0.96592 -0.258841 0
    outer loop
      vertex 22.9865 -4.88592 -0.4
      vertex 22.3498 -7.2619 -3.8147e-07
      vertex 22.3498 -7.2619 -0.4
    endloop
  endfacet
  facet normal -0.838676 -0.544631 0
    outer loop
      vertex -19.0119 -13.813 -0.4
      vertex -20.3516 -11.75 -3.8147e-07
      vertex -20.3516 -11.75 -0.4
    endloop
  endfacet
  facet normal -0.838676 -0.544631 0
    outer loop
      vertex -20.3516 -11.75 -3.8147e-07
      vertex -19.0119 -13.813 -0.4
      vertex -19.0119 -13.813 -3.8147e-07
    endloop
  endfacet
  facet normal -0.258841 -0.96592 0
    outer loop
      vertex -7.2619 -22.3498 -0.4
      vertex -4.88592 -22.9865 -3.8147e-07
      vertex -7.2619 -22.3498 -3.8147e-07
    endloop
  endfacet
  facet normal -0.258841 -0.96592 -0
    outer loop
      vertex -4.88592 -22.9865 -3.8147e-07
      vertex -7.2619 -22.3498 -0.4
      vertex -4.88592 -22.9865 -0.4
    endloop
  endfacet
  facet normal 0.258841 -0.96592 0
    outer loop
      vertex 4.88592 -22.9865 -0.4
      vertex 7.2619 -22.3498 -3.8147e-07
      vertex 4.88592 -22.9865 -3.8147e-07
    endloop
  endfacet
  facet normal 0.258841 -0.96592 0
    outer loop
      vertex 7.2619 -22.3498 -3.8147e-07
      vertex 4.88592 -22.9865 -0.4
      vertex 7.2619 -22.3498 -0.4
    endloop
  endfacet
  facet normal -0.544631 0.838676 0
    outer loop
      vertex -11.75 20.3516 -0.4
      vertex -13.813 19.0119 -3.8147e-07
      vertex -11.75 20.3516 -3.8147e-07
    endloop
  endfacet
  facet normal -0.544631 0.838676 0
    outer loop
      vertex -13.813 19.0119 -3.8147e-07
      vertex -11.75 20.3516 -0.4
      vertex -13.813 19.0119 -0.4
    endloop
  endfacet
  facet normal 0.707107 -0.707107 0
    outer loop
      vertex 15.7246 -17.4639 -3.8147e-07
      vertex 17.4639 -15.7246 -0.4
      vertex 17.4639 -15.7246 -3.8147e-07
    endloop
  endfacet
  facet normal 0.707107 -0.707107 0
    outer loop
      vertex 17.4639 -15.7246 -0.4
      vertex 15.7246 -17.4639 -3.8147e-07
      vertex 15.7246 -17.4639 -0.4
    endloop
  endfacet
  facet normal -0.987688 0.156436 0
    outer loop
      vertex -23.3713 2.45642 -0.4
      vertex -22.9865 4.88592 -3.8147e-07
      vertex -22.9865 4.88592 -0.4
    endloop
  endfacet
  facet normal -0.987688 0.156436 0
    outer loop
      vertex -22.9865 4.88592 -3.8147e-07
      vertex -23.3713 2.45642 -0.4
      vertex -23.3713 2.45642 -3.8147e-07
    endloop
  endfacet
  facet normal -0.707107 -0.707107 0
    outer loop
      vertex -15.7246 -17.4639 -0.4
      vertex -17.4639 -15.7246 -3.8147e-07
      vertex -17.4639 -15.7246 -0.4
    endloop
  endfacet
  facet normal -0.707107 -0.707107 0
    outer loop
      vertex -17.4639 -15.7246 -3.8147e-07
      vertex -15.7246 -17.4639 -0.4
      vertex -15.7246 -17.4639 -3.8147e-07
    endloop
  endfacet
  facet normal 0.0523216 -0.99863 0
    outer loop
      vertex 0 -23.5 -0.4
      vertex 2.45642 -23.3713 -3.8147e-07
      vertex 0 -23.5 -3.8147e-07
    endloop
  endfacet
  facet normal 0.0523216 -0.99863 0
    outer loop
      vertex 2.45642 -23.3713 -3.8147e-07
      vertex 0 -23.5 -0.4
      vertex 2.45642 -23.3713 -0.4
    endloop
  endfacet
  facet normal 0.89101 -0.453983 0
    outer loop
      vertex 20.3516 -11.75 -3.8147e-07
      vertex 21.4683 -9.55831 -0.4
      vertex 21.4683 -9.55831 -3.8147e-07
    endloop
  endfacet
  facet normal 0.89101 -0.453983 0
    outer loop
      vertex 21.4683 -9.55831 -0.4
      vertex 20.3516 -11.75 -3.8147e-07
      vertex 20.3516 -11.75 -0.4
    endloop
  endfacet
  facet normal -0.258841 0.96592 0
    outer loop
      vertex -4.88592 22.9865 -0.4
      vertex -7.2619 22.3498 -3.8147e-07
      vertex -4.88592 22.9865 -3.8147e-07
    endloop
  endfacet
  facet normal -0.258841 0.96592 0
    outer loop
      vertex -7.2619 22.3498 -3.8147e-07
      vertex -4.88592 22.9865 -0.4
      vertex -7.2619 22.3498 -0.4
    endloop
  endfacet
  facet normal -0.96592 -0.258841 0
    outer loop
      vertex -22.3498 -7.2619 -0.4
      vertex -22.9865 -4.88592 -3.8147e-07
      vertex -22.9865 -4.88592 -0.4
    endloop
  endfacet
  facet normal -0.96592 -0.258841 0
    outer loop
      vertex -22.9865 -4.88592 -3.8147e-07
      vertex -22.3498 -7.2619 -0.4
      vertex -22.3498 -7.2619 -3.8147e-07
    endloop
  endfacet
  facet normal -0.89101 -0.453983 0
    outer loop
      vertex -20.3516 -11.75 -0.4
      vertex -21.4683 -9.55831 -3.8147e-07
      vertex -21.4683 -9.55831 -0.4
    endloop
  endfacet
  facet normal -0.89101 -0.453983 0
    outer loop
      vertex -21.4683 -9.55831 -3.8147e-07
      vertex -20.3516 -11.75 -0.4
      vertex -20.3516 -11.75 -3.8147e-07
    endloop
  endfacet
  facet normal 0.777143 -0.629325 0
    outer loop
      vertex 17.4639 -15.7246 -3.8147e-07
      vertex 19.0119 -13.813 -0.4
      vertex 19.0119 -13.813 -3.8147e-07
    endloop
  endfacet
  facet normal 0.777143 -0.629325 0
    outer loop
      vertex 19.0119 -13.813 -0.4
      vertex 17.4639 -15.7246 -3.8147e-07
      vertex 17.4639 -15.7246 -0.4
    endloop
  endfacet
  facet normal 0.453983 -0.89101 0
    outer loop
      vertex 9.55831 -21.4683 -0.4
      vertex 11.75 -20.3516 -3.8147e-07
      vertex 9.55831 -21.4683 -3.8147e-07
    endloop
  endfacet
  facet normal 0.453983 -0.89101 0
    outer loop
      vertex 11.75 -20.3516 -3.8147e-07
      vertex 9.55831 -21.4683 -0.4
      vertex 11.75 -20.3516 -0.4
    endloop
  endfacet
  facet normal -0.707107 0.707107 0
    outer loop
      vertex -17.4639 15.7246 -0.4
      vertex -15.7246 17.4639 -3.8147e-07
      vertex -15.7246 17.4639 -0.4
    endloop
  endfacet
  facet normal -0.707107 0.707107 0
    outer loop
      vertex -15.7246 17.4639 -3.8147e-07
      vertex -17.4639 15.7246 -0.4
      vertex -17.4639 15.7246 -3.8147e-07
    endloop
  endfacet
  facet normal 0.838676 -0.544631 0
    outer loop
      vertex 19.0119 -13.813 -3.8147e-07
      vertex 20.3516 -11.75 -0.4
      vertex 20.3516 -11.75 -3.8147e-07
    endloop
  endfacet
  facet normal 0.838676 -0.544631 0
    outer loop
      vertex 20.3516 -11.75 -0.4
      vertex 19.0119 -13.813 -3.8147e-07
      vertex 19.0119 -13.813 -0.4
    endloop
  endfacet
  facet normal 0.156436 -0.987688 0
    outer loop
      vertex 2.45642 -23.3713 -0.4
      vertex 4.88592 -22.9865 -3.8147e-07
      vertex 2.45642 -23.3713 -3.8147e-07
    endloop
  endfacet
  facet normal 0.156436 -0.987688 0
    outer loop
      vertex 4.88592 -22.9865 -3.8147e-07
      vertex 2.45642 -23.3713 -0.4
      vertex 4.88592 -22.9865 -0.4
    endloop
  endfacet
  facet normal 0.933582 0.358365 0
    outer loop
      vertex 22.3498 7.2619 -3.8147e-07
      vertex 21.4683 9.55831 -0.4
      vertex 21.4683 9.55831 -3.8147e-07
    endloop
  endfacet
  facet normal 0.933582 0.358365 0
    outer loop
      vertex 21.4683 9.55831 -0.4
      vertex 22.3498 7.2619 -3.8147e-07
      vertex 22.3498 7.2619 -0.4
    endloop
  endfacet
  facet normal -0.629325 0.777143 0
    outer loop
      vertex -13.813 19.0119 -0.4
      vertex -15.7246 17.4639 -3.8147e-07
      vertex -13.813 19.0119 -3.8147e-07
    endloop
  endfacet
  facet normal -0.629325 0.777143 0
    outer loop
      vertex -15.7246 17.4639 -3.8147e-07
      vertex -13.813 19.0119 -0.4
      vertex -15.7246 17.4639 -0.4
    endloop
  endfacet
  facet normal -0.0523216 -0.99863 0
    outer loop
      vertex -2.45642 -23.3713 -0.4
      vertex 0 -23.5 -3.8147e-07
      vertex -2.45642 -23.3713 -3.8147e-07
    endloop
  endfacet
  facet normal -0.0523216 -0.99863 -0
    outer loop
      vertex 0 -23.5 -3.8147e-07
      vertex -2.45642 -23.3713 -0.4
      vertex 0 -23.5 -0.4
    endloop
  endfacet
  facet normal -0.777143 0.629325 0
    outer loop
      vertex -19.0119 13.813 -0.4
      vertex -17.4639 15.7246 -3.8147e-07
      vertex -17.4639 15.7246 -0.4
    endloop
  endfacet
  facet normal -0.777143 0.629325 0
    outer loop
      vertex -17.4639 15.7246 -3.8147e-07
      vertex -19.0119 13.813 -0.4
      vertex -19.0119 13.813 -3.8147e-07
    endloop
  endfacet
  facet normal -0.453983 -0.89101 0
    outer loop
      vertex -11.75 -20.3516 -0.4
      vertex -9.55831 -21.4683 -3.8147e-07
      vertex -11.75 -20.3516 -3.8147e-07
    endloop
  endfacet
  facet normal -0.453983 -0.89101 -0
    outer loop
      vertex -9.55831 -21.4683 -3.8147e-07
      vertex -11.75 -20.3516 -0.4
      vertex -9.55831 -21.4683 -0.4
    endloop
  endfacet
  facet normal -0.933582 0.358365 0
    outer loop
      vertex -22.3498 7.2619 -0.4
      vertex -21.4683 9.55831 -3.8147e-07
      vertex -21.4683 9.55831 -0.4
    endloop
  endfacet
  facet normal -0.933582 0.358365 0
    outer loop
      vertex -21.4683 9.55831 -3.8147e-07
      vertex -22.3498 7.2619 -0.4
      vertex -22.3498 7.2619 -3.8147e-07
    endloop
  endfacet
  facet normal 0.89101 0.453983 0
    outer loop
      vertex 21.4683 9.55831 -3.8147e-07
      vertex 20.3516 11.75 -0.4
      vertex 20.3516 11.75 -3.8147e-07
    endloop
  endfacet
  facet normal 0.89101 0.453983 0
    outer loop
      vertex 20.3516 11.75 -0.4
      vertex 21.4683 9.55831 -3.8147e-07
      vertex 21.4683 9.55831 -0.4
    endloop
  endfacet
  facet normal 0.0523216 0.99863 -0
    outer loop
      vertex 2.45642 23.3713 -0.4
      vertex 0 23.5 -3.8147e-07
      vertex 2.45642 23.3713 -3.8147e-07
    endloop
  endfacet
  facet normal 0.0523216 0.99863 0
    outer loop
      vertex 0 23.5 -3.8147e-07
      vertex 2.45642 23.3713 -0.4
      vertex 0 23.5 -0.4
    endloop
  endfacet
  facet normal 0.707107 0.707107 0
    outer loop
      vertex 17.4639 15.7246 -3.8147e-07
      vertex 15.7246 17.4639 -0.4
      vertex 15.7246 17.4639 -3.8147e-07
    endloop
  endfacet
  facet normal 0.707107 0.707107 0
    outer loop
      vertex 15.7246 17.4639 -0.4
      vertex 17.4639 15.7246 -3.8147e-07
      vertex 17.4639 15.7246 -0.4
    endloop
  endfacet
  facet normal -0.0523216 0.99863 0
    outer loop
      vertex 0 23.5 -0.4
      vertex -2.45642 23.3713 -3.8147e-07
      vertex 0 23.5 -3.8147e-07
    endloop
  endfacet
  facet normal -0.0523216 0.99863 0
    outer loop
      vertex -2.45642 23.3713 -3.8147e-07
      vertex 0 23.5 -0.4
      vertex -2.45642 23.3713 -0.4
    endloop
  endfacet
  facet normal -0.99863 -0.0523216 0
    outer loop
      vertex -23.3713 -2.45642 -0.4
      vertex -23.5 0 -3.8147e-07
      vertex -23.5 0 -0.4
    endloop
  endfacet
  facet normal -0.99863 -0.0523216 0
    outer loop
      vertex -23.5 0 -3.8147e-07
      vertex -23.3713 -2.45642 -0.4
      vertex -23.3713 -2.45642 -3.8147e-07
    endloop
  endfacet
  facet normal -0.777143 -0.629325 0
    outer loop
      vertex -17.4639 -15.7246 -0.4
      vertex -19.0119 -13.813 -3.8147e-07
      vertex -19.0119 -13.813 -0.4
    endloop
  endfacet
  facet normal -0.777143 -0.629325 0
    outer loop
      vertex -19.0119 -13.813 -3.8147e-07
      vertex -17.4639 -15.7246 -0.4
      vertex -17.4639 -15.7246 -3.8147e-07
    endloop
  endfacet
  facet normal -0.96592 0.258841 0
    outer loop
      vertex -22.9865 4.88592 -0.4
      vertex -22.3498 7.2619 -3.8147e-07
      vertex -22.3498 7.2619 -0.4
    endloop
  endfacet
  facet normal -0.96592 0.258841 0
    outer loop
      vertex -22.3498 7.2619 -3.8147e-07
      vertex -22.9865 4.88592 -0.4
      vertex -22.9865 4.88592 -3.8147e-07
    endloop
  endfacet
  facet normal -0.629325 -0.777143 0
    outer loop
      vertex -15.7246 -17.4639 -0.4
      vertex -13.813 -19.0119 -3.8147e-07
      vertex -15.7246 -17.4639 -3.8147e-07
    endloop
  endfacet
  facet normal -0.629325 -0.777143 -0
    outer loop
      vertex -13.813 -19.0119 -3.8147e-07
      vertex -15.7246 -17.4639 -0.4
      vertex -13.813 -19.0119 -0.4
    endloop
  endfacet
  facet normal 0.933582 -0.358365 0
    outer loop
      vertex 21.4683 -9.55831 -3.8147e-07
      vertex 22.3498 -7.2619 -0.4
      vertex 22.3498 -7.2619 -3.8147e-07
    endloop
  endfacet
  facet normal 0.933582 -0.358365 0
    outer loop
      vertex 22.3498 -7.2619 -0.4
      vertex 21.4683 -9.55831 -3.8147e-07
      vertex 21.4683 -9.55831 -0.4
    endloop
  endfacet
  facet normal -0.544631 -0.838676 0
    outer loop
      vertex -13.813 -19.0119 -0.4
      vertex -11.75 -20.3516 -3.8147e-07
      vertex -13.813 -19.0119 -3.8147e-07
    endloop
  endfacet
  facet normal -0.544631 -0.838676 -0
    outer loop
      vertex -11.75 -20.3516 -3.8147e-07
      vertex -13.813 -19.0119 -0.4
      vertex -11.75 -20.3516 -0.4
    endloop
  endfacet
  facet normal -0.358365 -0.933582 0
    outer loop
      vertex -9.55831 -21.4683 -0.4
      vertex -7.2619 -22.3498 -3.8147e-07
      vertex -9.55831 -21.4683 -3.8147e-07
    endloop
  endfacet
  facet normal -0.358365 -0.933582 -0
    outer loop
      vertex -7.2619 -22.3498 -3.8147e-07
      vertex -9.55831 -21.4683 -0.4
      vertex -7.2619 -22.3498 -0.4
    endloop
  endfacet
  facet normal -0.99863 0.0523216 0
    outer loop
      vertex -23.5 0 -0.4
      vertex -23.3713 2.45642 -3.8147e-07
      vertex -23.3713 2.45642 -0.4
    endloop
  endfacet
  facet normal -0.99863 0.0523216 0
    outer loop
      vertex -23.3713 2.45642 -3.8147e-07
      vertex -23.5 0 -0.4
      vertex -23.5 0 -3.8147e-07
    endloop
  endfacet
  facet normal 0 0 1
    outer loop
      vertex 6.5 0 -3.8147e-07
      vertex 23.5 0 -3.8147e-07
      vertex 23.3713 2.45642 -3.8147e-07
    endloop
  endfacet
  facet normal 0 0 1
    outer loop
      vertex 6.46439 0.679435 -3.8147e-07
      vertex 23.3713 2.45642 -3.8147e-07
      vertex 22.9865 4.88592 -3.8147e-07
    endloop
  endfacet
  facet normal 0 0 1
    outer loop
      vertex 23.5 0 -3.8147e-07
      vertex 6.5 0 -3.8147e-07
      vertex 23.3713 -2.45642 -3.8147e-07
    endloop
  endfacet
  facet normal 0 0 1
    outer loop
      vertex 6.35796 1.35143 -3.8147e-07
      vertex 22.9865 4.88592 -3.8147e-07
      vertex 22.3498 7.2619 -3.8147e-07
    endloop
  endfacet
  facet normal -0 0 1
    outer loop
      vertex 6.46439 -0.679435 -3.8147e-07
      vertex 23.3713 -2.45642 -3.8147e-07
      vertex 6.5 0 -3.8147e-07
    endloop
  endfacet
  facet normal 0 0 1
    outer loop
      vertex 6.18187 2.00861 -3.8147e-07
      vertex 22.3498 7.2619 -3.8147e-07
      vertex 21.4683 9.55831 -3.8147e-07
    endloop
  endfacet
  facet normal 0 0 1
    outer loop
      vertex 23.3713 -2.45642 -3.8147e-07
      vertex 6.46439 -0.679435 -3.8147e-07
      vertex 22.9865 -4.88592 -3.8147e-07
    endloop
  endfacet
  facet normal 0 0 1
    outer loop
      vertex 5.93804 2.64379 -3.8147e-07
      vertex 21.4683 9.55831 -3.8147e-07
      vertex 20.3516 11.75 -3.8147e-07
    endloop
  endfacet
  facet normal -0 0 1
    outer loop
      vertex 6.35796 -1.35143 -3.8147e-07
      vertex 22.9865 -4.88592 -3.8147e-07
      vertex 6.46439 -0.679435 -3.8147e-07
    endloop
  endfacet
  facet normal 0 0 1
    outer loop
      vertex 13.8199 16.47 -3.8147e-07
      vertex 20.3516 11.75 -3.8147e-07
      vertex 19.0119 13.813 -3.8147e-07
    endloop
  endfacet
  facet normal 0 0 1
    outer loop
      vertex 22.9865 -4.88592 -3.8147e-07
      vertex 6.35796 -1.35143 -3.8147e-07
      vertex 22.3498 -7.2619 -3.8147e-07
    endloop
  endfacet
  facet normal 0 0 1
    outer loop
      vertex 13.8199 16.47 -3.8147e-07
      vertex 19.0119 13.813 -3.8147e-07
      vertex 17.4639 15.7246 -3.8147e-07
    endloop
  endfacet
  facet normal -0 0 1
    outer loop
      vertex 6.18187 -2.00861 -3.8147e-07
      vertex 22.3498 -7.2619 -3.8147e-07
      vertex 6.35796 -1.35143 -3.8147e-07
    endloop
  endfacet
  facet normal -0 0 1
    outer loop
      vertex 13.8199 16.47 -3.8147e-07
      vertex 17.4639 15.7246 -3.8147e-07
      vertex 15.7246 17.4639 -3.8147e-07
    endloop
  endfacet
  facet normal 0 0 1
    outer loop
      vertex 22.3498 -7.2619 -3.8147e-07
      vertex 6.18187 -2.00861 -3.8147e-07
      vertex 21.4683 -9.55831 -3.8147e-07
    endloop
  endfacet
  facet normal 0 0 1
    outer loop
      vertex 20.3516 11.75 -3.8147e-07
      vertex 13.8199 16.47 -3.8147e-07
      vertex 5.62916 3.25 -3.8147e-07
    endloop
  endfacet
  facet normal 0 0 1
    outer loop
      vertex 13.813 19.0119 -3.8147e-07
      vertex 13.8199 16.47 -3.8147e-07
      vertex 15.7246 17.4639 -3.8147e-07
    endloop
  endfacet
  facet normal 0 0 1
    outer loop
      vertex 13.813 19.0119 -3.8147e-07
      vertex 11.9747 17.8565 -3.8147e-07
      vertex 13.8199 16.47 -3.8147e-07
    endloop
  endfacet
  facet normal 0 0 1
    outer loop
      vertex 11.75 20.3516 -3.8147e-07
      vertex 11.9747 17.8565 -3.8147e-07
      vertex 13.813 19.0119 -3.8147e-07
    endloop
  endfacet
  facet normal 0 0 1
    outer loop
      vertex 11.75 20.3516 -3.8147e-07
      vertex 9.99155 19.0373 -3.8147e-07
      vertex 11.9747 17.8565 -3.8147e-07
    endloop
  endfacet
  facet normal 0 0 1
    outer loop
      vertex 9.55831 21.4683 -3.8147e-07
      vertex 9.99155 19.0373 -3.8147e-07
      vertex 11.75 20.3516 -3.8147e-07
    endloop
  endfacet
  facet normal 0 0 1
    outer loop
      vertex 9.55831 21.4683 -3.8147e-07
      vertex 7.8932 19.9987 -3.8147e-07
      vertex 9.99155 19.0373 -3.8147e-07
    endloop
  endfacet
  facet normal 0 0 1
    outer loop
      vertex 7.2619 22.3498 -3.8147e-07
      vertex 7.8932 19.9987 -3.8147e-07
      vertex 9.55831 21.4683 -3.8147e-07
    endloop
  endfacet
  facet normal 0 0 1
    outer loop
      vertex 7.2619 22.3498 -3.8147e-07
      vertex 5.70389 20.7296 -3.8147e-07
      vertex 7.8932 19.9987 -3.8147e-07
    endloop
  endfacet
  facet normal 0 0 1
    outer loop
      vertex 4.88592 22.9865 -3.8147e-07
      vertex 5.70389 20.7296 -3.8147e-07
      vertex 7.2619 22.3498 -3.8147e-07
    endloop
  endfacet
  facet normal 0 0 1
    outer loop
      vertex 4.88592 22.9865 -3.8147e-07
      vertex 3.44884 21.2216 -3.8147e-07
      vertex 5.70389 20.7296 -3.8147e-07
    endloop
  endfacet
  facet normal 0 0 1
    outer loop
      vertex 2.45642 23.3713 -3.8147e-07
      vertex 3.44884 21.2216 -3.8147e-07
      vertex 4.88592 22.9865 -3.8147e-07
    endloop
  endfacet
  facet normal 0 0 1
    outer loop
      vertex 2.45642 23.3713 -3.8147e-07
      vertex 1.15405 21.469 -3.8147e-07
      vertex 3.44884 21.2216 -3.8147e-07
    endloop
  endfacet
  facet normal 0 0 1
    outer loop
      vertex 0 23.5 -3.8147e-07
      vertex 1.15405 21.469 -3.8147e-07
      vertex 2.45642 23.3713 -3.8147e-07
    endloop
  endfacet
  facet normal 0 0 1
    outer loop
      vertex 0 23.5 -3.8147e-07
      vertex -1.15405 21.469 -3.8147e-07
      vertex 1.15405 21.469 -3.8147e-07
    endloop
  endfacet
  facet normal -0 0 1
    outer loop
      vertex -2.45642 23.3713 -3.8147e-07
      vertex -1.15405 21.469 -3.8147e-07
      vertex 0 23.5 -3.8147e-07
    endloop
  endfacet
  facet normal 0 0 1
    outer loop
      vertex -2.45642 23.3713 -3.8147e-07
      vertex -3.44884 21.2216 -3.8147e-07
      vertex -1.15405 21.469 -3.8147e-07
    endloop
  endfacet
  facet normal -0 0 1
    outer loop
      vertex -4.88592 22.9865 -3.8147e-07
      vertex -3.44884 21.2216 -3.8147e-07
      vertex -2.45642 23.3713 -3.8147e-07
    endloop
  endfacet
  facet normal 0 0 1
    outer loop
      vertex -4.88592 22.9865 -3.8147e-07
      vertex -5.70389 20.7296 -3.8147e-07
      vertex -3.44884 21.2216 -3.8147e-07
    endloop
  endfacet
  facet normal -0 0 1
    outer loop
      vertex -7.2619 22.3498 -3.8147e-07
      vertex -5.70389 20.7296 -3.8147e-07
      vertex -4.88592 22.9865 -3.8147e-07
    endloop
  endfacet
  facet normal 0 0 1
    outer loop
      vertex -7.2619 22.3498 -3.8147e-07
      vertex -7.8932 19.9987 -3.8147e-07
      vertex -5.70389 20.7296 -3.8147e-07
    endloop
  endfacet
  facet normal -0 0 1
    outer loop
      vertex -9.55831 21.4683 -3.8147e-07
      vertex -7.8932 19.9987 -3.8147e-07
      vertex -7.2619 22.3498 -3.8147e-07
    endloop
  endfacet
  facet normal 0 0 1
    outer loop
      vertex -9.55831 21.4683 -3.8147e-07
      vertex -9.99155 19.0373 -3.8147e-07
      vertex -7.8932 19.9987 -3.8147e-07
    endloop
  endfacet
  facet normal -0 0 1
    outer loop
      vertex -11.75 20.3516 -3.8147e-07
      vertex -9.99155 19.0373 -3.8147e-07
      vertex -9.55831 21.4683 -3.8147e-07
    endloop
  endfacet
  facet normal 0 0 1
    outer loop
      vertex -11.75 20.3516 -3.8147e-07
      vertex -11.9747 17.8565 -3.8147e-07
      vertex -9.99155 19.0373 -3.8147e-07
    endloop
  endfacet
  facet normal -0 0 1
    outer loop
      vertex -13.813 19.0119 -3.8147e-07
      vertex -11.9747 17.8565 -3.8147e-07
      vertex -11.75 20.3516 -3.8147e-07
    endloop
  endfacet
  facet normal 0 0 1
    outer loop
      vertex -13.813 19.0119 -3.8147e-07
      vertex -13.8199 16.47 -3.8147e-07
      vertex -11.9747 17.8565 -3.8147e-07
    endloop
  endfacet
  facet normal 0 -0 1
    outer loop
      vertex -13.8199 16.47 -3.8147e-07
      vertex -13.813 19.0119 -3.8147e-07
      vertex -15.7246 17.4639 -3.8147e-07
    endloop
  endfacet
  facet normal -0 0 1
    outer loop
      vertex 5.93804 -2.64379 -3.8147e-07
      vertex 21.4683 -9.55831 -3.8147e-07
      vertex 6.18187 -2.00861 -3.8147e-07
    endloop
  endfacet
  facet normal 0 0 1
    outer loop
      vertex 21.4683 -9.55831 -3.8147e-07
      vertex 5.93804 -2.64379 -3.8147e-07
      vertex 20.3516 -11.75 -3.8147e-07
    endloop
  endfacet
  facet normal 0 0 1
    outer loop
      vertex 20.3516 -11.75 -3.8147e-07
      vertex 5.62916 -3.25 -3.8147e-07
      vertex 19.0119 -13.813 -3.8147e-07
    endloop
  endfacet
  facet normal -0 0 1
    outer loop
      vertex 5.25861 -3.8206 -3.8147e-07
      vertex 19.0119 -13.813 -3.8147e-07
      vertex 5.62916 -3.25 -3.8147e-07
    endloop
  endfacet
  facet normal -0 0 1
    outer loop
      vertex 5.62916 -3.25 -3.8147e-07
      vertex 20.3516 -11.75 -3.8147e-07
      vertex 5.93804 -2.64379 -3.8147e-07
    endloop
  endfacet
  facet normal 0 0 1
    outer loop
      vertex 23.3713 2.45642 -3.8147e-07
      vertex 6.46439 0.679435 -3.8147e-07
      vertex 6.5 0 -3.8147e-07
    endloop
  endfacet
  facet normal 0 0 1
    outer loop
      vertex 22.9865 4.88592 -3.8147e-07
      vertex 6.35796 1.35143 -3.8147e-07
      vertex 6.46439 0.679435 -3.8147e-07
    endloop
  endfacet
  facet normal 0 0 1
    outer loop
      vertex 22.3498 7.2619 -3.8147e-07
      vertex 6.18187 2.00861 -3.8147e-07
      vertex 6.35796 1.35143 -3.8147e-07
    endloop
  endfacet
  facet normal 0 0 1
    outer loop
      vertex 21.4683 9.55831 -3.8147e-07
      vertex 5.93804 2.64379 -3.8147e-07
      vertex 6.18187 2.00861 -3.8147e-07
    endloop
  endfacet
  facet normal 0 0 1
    outer loop
      vertex 20.3516 11.75 -3.8147e-07
      vertex 5.62916 3.25 -3.8147e-07
      vertex 5.93804 2.64379 -3.8147e-07
    endloop
  endfacet
  facet normal 0 0 1
    outer loop
      vertex 13.8199 16.47 -3.8147e-07
      vertex 5.25861 3.8206 -3.8147e-07
      vertex 5.62916 3.25 -3.8147e-07
    endloop
  endfacet
  facet normal -0 0 1
    outer loop
      vertex 4.49951 5.36231 -3.8147e-07
      vertex 5.25861 3.8206 -3.8147e-07
      vertex 13.8199 16.47 -3.8147e-07
    endloop
  endfacet
  facet normal 0 0 1
    outer loop
      vertex 5.25861 3.8206 -3.8147e-07
      vertex 4.49951 5.36231 -3.8147e-07
      vertex 4.83044 4.34935 -3.8147e-07
    endloop
  endfacet
  facet normal 0 0 1
    outer loop
      vertex 4.49951 5.36231 -3.8147e-07
      vertex 4.34935 4.83044 -3.8147e-07
      vertex 4.83044 4.34935 -3.8147e-07
    endloop
  endfacet
  facet normal 0 0 1
    outer loop
      vertex 3.8206 5.25861 -3.8147e-07
      vertex 4.49951 5.36231 -3.8147e-07
      vertex 3.89875 5.81375 -3.8147e-07
    endloop
  endfacet
  facet normal 0 0 1
    outer loop
      vertex 4.49951 5.36231 -3.8147e-07
      vertex 3.8206 5.25861 -3.8147e-07
      vertex 4.34935 4.83044 -3.8147e-07
    endloop
  endfacet
  facet normal 0 0 1
    outer loop
      vertex 3.25 5.62916 -3.8147e-07
      vertex 3.89875 5.81375 -3.8147e-07
      vertex 3.25306 6.19819 -3.8147e-07
    endloop
  endfacet
  facet normal 0 0 1
    outer loop
      vertex 3.89875 5.81375 -3.8147e-07
      vertex 3.25 5.62916 -3.8147e-07
      vertex 3.8206 5.25861 -3.8147e-07
    endloop
  endfacet
  facet normal 0 0 1
    outer loop
      vertex 3.25306 6.19819 -3.8147e-07
      vertex 2.64379 5.93804 -3.8147e-07
      vertex 3.25 5.62916 -3.8147e-07
    endloop
  endfacet
  facet normal 0 0 1
    outer loop
      vertex 2.56988 6.5112 -3.8147e-07
      vertex 2.64379 5.93804 -3.8147e-07
      vertex 3.25306 6.19819 -3.8147e-07
    endloop
  endfacet
  facet normal 0 0 1
    outer loop
      vertex 2.56988 6.5112 -3.8147e-07
      vertex 2.00861 6.18187 -3.8147e-07
      vertex 2.64379 5.93804 -3.8147e-07
    endloop
  endfacet
  facet normal 0 0 1
    outer loop
      vertex 1.85708 6.74917 -3.8147e-07
      vertex 2.00861 6.18187 -3.8147e-07
      vertex 2.56988 6.5112 -3.8147e-07
    endloop
  endfacet
  facet normal 0 0 1
    outer loop
      vertex 1.85708 6.74917 -3.8147e-07
      vertex 1.35143 6.35796 -3.8147e-07
      vertex 2.00861 6.18187 -3.8147e-07
    endloop
  endfacet
  facet normal 0 0 1
    outer loop
      vertex 1.12288 6.90935 -3.8147e-07
      vertex 1.35143 6.35796 -3.8147e-07
      vertex 1.85708 6.74917 -3.8147e-07
    endloop
  endfacet
  facet normal 0 0 1
    outer loop
      vertex 1.12288 6.90935 -3.8147e-07
      vertex 0.679435 6.46439 -3.8147e-07
      vertex 1.35143 6.35796 -3.8147e-07
    endloop
  endfacet
  facet normal 0 0 1
    outer loop
      vertex 0.375736 6.98991 -3.8147e-07
      vertex 0.679435 6.46439 -3.8147e-07
      vertex 1.12288 6.90935 -3.8147e-07
    endloop
  endfacet
  facet normal 0 0 1
    outer loop
      vertex 0.375736 6.98991 -3.8147e-07
      vertex 0 6.5 -3.8147e-07
      vertex 0.679435 6.46439 -3.8147e-07
    endloop
  endfacet
  facet normal -0 0 1
    outer loop
      vertex -0.375736 6.98991 -3.8147e-07
      vertex 0 6.5 -3.8147e-07
      vertex 0.375736 6.98991 -3.8147e-07
    endloop
  endfacet
  facet normal 0 0 1
    outer loop
      vertex -0.375736 6.98991 -3.8147e-07
      vertex -0.679435 6.46439 -3.8147e-07
      vertex 0 6.5 -3.8147e-07
    endloop
  endfacet
  facet normal -0 0 1
    outer loop
      vertex -1.12288 6.90935 -3.8147e-07
      vertex -0.679435 6.46439 -3.8147e-07
      vertex -0.375736 6.98991 -3.8147e-07
    endloop
  endfacet
  facet normal 0 0 1
    outer loop
      vertex -1.12288 6.90935 -3.8147e-07
      vertex -1.35143 6.35796 -3.8147e-07
      vertex -0.679435 6.46439 -3.8147e-07
    endloop
  endfacet
  facet normal -0 0 1
    outer loop
      vertex -1.85708 6.74917 -3.8147e-07
      vertex -1.35143 6.35796 -3.8147e-07
      vertex -1.12288 6.90935 -3.8147e-07
    endloop
  endfacet
  facet normal 0 0 1
    outer loop
      vertex -1.85708 6.74917 -3.8147e-07
      vertex -2.00861 6.18187 -3.8147e-07
      vertex -1.35143 6.35796 -3.8147e-07
    endloop
  endfacet
  facet normal -0 0 1
    outer loop
      vertex -2.56988 6.5112 -3.8147e-07
      vertex -2.00861 6.18187 -3.8147e-07
      vertex -1.85708 6.74917 -3.8147e-07
    endloop
  endfacet
  facet normal 0 0 1
    outer loop
      vertex -2.56988 6.5112 -3.8147e-07
      vertex -2.64379 5.93804 -3.8147e-07
      vertex -2.00861 6.18187 -3.8147e-07
    endloop
  endfacet
  facet normal -0 0 1
    outer loop
      vertex -3.25306 6.19819 -3.8147e-07
      vertex -2.64379 5.93804 -3.8147e-07
      vertex -2.56988 6.5112 -3.8147e-07
    endloop
  endfacet
  facet normal 0 0 1
    outer loop
      vertex -2.64379 5.93804 -3.8147e-07
      vertex -3.25306 6.19819 -3.8147e-07
      vertex -3.25 5.62916 -3.8147e-07
    endloop
  endfacet
  facet normal -0 0 1
    outer loop
      vertex -3.89875 5.81375 -3.8147e-07
      vertex -3.25 5.62916 -3.8147e-07
      vertex -3.25306 6.19819 -3.8147e-07
    endloop
  endfacet
  facet normal 0 0 1
    outer loop
      vertex -3.25 5.62916 -3.8147e-07
      vertex -3.89875 5.81375 -3.8147e-07
      vertex -3.8206 5.25861 -3.8147e-07
    endloop
  endfacet
  facet normal -0 0 1
    outer loop
      vertex -4.49951 5.36231 -3.8147e-07
      vertex -3.8206 5.25861 -3.8147e-07
      vertex -3.89875 5.81375 -3.8147e-07
    endloop
  endfacet
  facet normal 0 0 1
    outer loop
      vertex -3.8206 5.25861 -3.8147e-07
      vertex -4.49951 5.36231 -3.8147e-07
      vertex -4.34935 4.83044 -3.8147e-07
    endloop
  endfacet
  facet normal 0 0 1
    outer loop
      vertex -4.49951 5.36231 -3.8147e-07
      vertex -4.83044 4.34935 -3.8147e-07
      vertex -4.34935 4.83044 -3.8147e-07
    endloop
  endfacet
  facet normal 0 0 1
    outer loop
      vertex -4.49951 5.36231 -3.8147e-07
      vertex -5.25861 3.8206 -3.8147e-07
      vertex -4.83044 4.34935 -3.8147e-07
    endloop
  endfacet
  facet normal 0 0 1
    outer loop
      vertex -13.8199 16.47 -3.8147e-07
      vertex -5.25861 3.8206 -3.8147e-07
      vertex -4.49951 5.36231 -3.8147e-07
    endloop
  endfacet
  facet normal 0 0 1
    outer loop
      vertex -2.64379 -5.93804 -3.8147e-07
      vertex -9.55831 -21.4683 -3.8147e-07
      vertex -7.2619 -22.3498 -3.8147e-07
    endloop
  endfacet
  facet normal 0 0 1
    outer loop
      vertex -23.5 0 -3.8147e-07
      vertex -6.5 0 -3.8147e-07
      vertex -6.46439 0.679435 -3.8147e-07
    endloop
  endfacet
  facet normal 0 0 1
    outer loop
      vertex -6.46439 -0.679435 -3.8147e-07
      vertex -11.75 -20.3516 -3.8147e-07
      vertex -9.55831 -21.4683 -3.8147e-07
    endloop
  endfacet
  facet normal 0 0 1
    outer loop
      vertex -23.3713 2.45642 -3.8147e-07
      vertex -6.46439 0.679435 -3.8147e-07
      vertex -6.35796 1.35143 -3.8147e-07
    endloop
  endfacet
  facet normal 0 0 1
    outer loop
      vertex -6.46439 -0.679435 -3.8147e-07
      vertex -13.813 -19.0119 -3.8147e-07
      vertex -11.75 -20.3516 -3.8147e-07
    endloop
  endfacet
  facet normal 0 0 1
    outer loop
      vertex -22.9865 4.88592 -3.8147e-07
      vertex -6.35796 1.35143 -3.8147e-07
      vertex -6.18187 2.00861 -3.8147e-07
    endloop
  endfacet
  facet normal 0 0 1
    outer loop
      vertex -5.25861 3.8206 -3.8147e-07
      vertex -13.8199 16.47 -3.8147e-07
      vertex -5.62916 3.25 -3.8147e-07
    endloop
  endfacet
  facet normal -0 0 1
    outer loop
      vertex -20.3516 11.75 -3.8147e-07
      vertex -5.62916 3.25 -3.8147e-07
      vertex -13.8199 16.47 -3.8147e-07
    endloop
  endfacet
  facet normal 0 0 1
    outer loop
      vertex -5.62916 3.25 -3.8147e-07
      vertex -20.3516 11.75 -3.8147e-07
      vertex -5.93804 2.64379 -3.8147e-07
    endloop
  endfacet
  facet normal -0 0 1
    outer loop
      vertex -21.4683 9.55831 -3.8147e-07
      vertex -5.93804 2.64379 -3.8147e-07
      vertex -20.3516 11.75 -3.8147e-07
    endloop
  endfacet
  facet normal 0 0 1
    outer loop
      vertex -17.4639 15.7246 -3.8147e-07
      vertex -13.8199 16.47 -3.8147e-07
      vertex -15.7246 17.4639 -3.8147e-07
    endloop
  endfacet
  facet normal 0 0 1
    outer loop
      vertex -6.46439 -0.679435 -3.8147e-07
      vertex -15.7246 -17.4639 -3.8147e-07
      vertex -13.813 -19.0119 -3.8147e-07
    endloop
  endfacet
  facet normal 0 0 1
    outer loop
      vertex -19.0119 13.813 -3.8147e-07
      vertex -13.8199 16.47 -3.8147e-07
      vertex -17.4639 15.7246 -3.8147e-07
    endloop
  endfacet
  facet normal 0 0 1
    outer loop
      vertex -6.46439 -0.679435 -3.8147e-07
      vertex -17.4639 -15.7246 -3.8147e-07
      vertex -15.7246 -17.4639 -3.8147e-07
    endloop
  endfacet
  facet normal 0 0 1
    outer loop
      vertex -20.3516 11.75 -3.8147e-07
      vertex -13.8199 16.47 -3.8147e-07
      vertex -19.0119 13.813 -3.8147e-07
    endloop
  endfacet
  facet normal 0 0 1
    outer loop
      vertex -6.46439 -0.679435 -3.8147e-07
      vertex -19.0119 -13.813 -3.8147e-07
      vertex -17.4639 -15.7246 -3.8147e-07
    endloop
  endfacet
  facet normal 0 0 1
    outer loop
      vertex -5.93804 2.64379 -3.8147e-07
      vertex -21.4683 9.55831 -3.8147e-07
      vertex -6.18187 2.00861 -3.8147e-07
    endloop
  endfacet
  facet normal 0 0 1
    outer loop
      vertex -6.46439 -0.679435 -3.8147e-07
      vertex -20.3516 -11.75 -3.8147e-07
      vertex -19.0119 -13.813 -3.8147e-07
    endloop
  endfacet
  facet normal 0 0 1
    outer loop
      vertex -6.18187 2.00861 -3.8147e-07
      vertex -21.4683 9.55831 -3.8147e-07
      vertex -22.3498 7.2619 -3.8147e-07
    endloop
  endfacet
  facet normal 0 0 1
    outer loop
      vertex -6.46439 -0.679435 -3.8147e-07
      vertex -21.4683 -9.55831 -3.8147e-07
      vertex -20.3516 -11.75 -3.8147e-07
    endloop
  endfacet
  facet normal 0 0 1
    outer loop
      vertex -6.18187 2.00861 -3.8147e-07
      vertex -22.3498 7.2619 -3.8147e-07
      vertex -22.9865 4.88592 -3.8147e-07
    endloop
  endfacet
  facet normal 0 0 1
    outer loop
      vertex -6.46439 -0.679435 -3.8147e-07
      vertex -22.3498 -7.2619 -3.8147e-07
      vertex -21.4683 -9.55831 -3.8147e-07
    endloop
  endfacet
  facet normal 0 0 1
    outer loop
      vertex -6.35796 1.35143 -3.8147e-07
      vertex -22.9865 4.88592 -3.8147e-07
      vertex -23.3713 2.45642 -3.8147e-07
    endloop
  endfacet
  facet normal 0 0 1
    outer loop
      vertex -6.46439 -0.679435 -3.8147e-07
      vertex -22.9865 -4.88592 -3.8147e-07
      vertex -22.3498 -7.2619 -3.8147e-07
    endloop
  endfacet
  facet normal 0 0 1
    outer loop
      vertex -6.46439 0.679435 -3.8147e-07
      vertex -23.3713 2.45642 -3.8147e-07
      vertex -23.5 0 -3.8147e-07
    endloop
  endfacet
  facet normal 0 0 1
    outer loop
      vertex -6.46439 -0.679435 -3.8147e-07
      vertex -23.3713 -2.45642 -3.8147e-07
      vertex -22.9865 -4.88592 -3.8147e-07
    endloop
  endfacet
  facet normal 0 0 1
    outer loop
      vertex -6.5 0 -3.8147e-07
      vertex -23.5 0 -3.8147e-07
      vertex -23.3713 -2.45642 -3.8147e-07
    endloop
  endfacet
  facet normal 0 0 1
    outer loop
      vertex 19.0119 -13.813 -3.8147e-07
      vertex 5.25861 -3.8206 -3.8147e-07
      vertex 17.4639 -15.7246 -3.8147e-07
    endloop
  endfacet
  facet normal -0 0 1
    outer loop
      vertex 4.83044 -4.34935 -3.8147e-07
      vertex 17.4639 -15.7246 -3.8147e-07
      vertex 5.25861 -3.8206 -3.8147e-07
    endloop
  endfacet
  facet normal 0 0 1
    outer loop
      vertex 17.4639 -15.7246 -3.8147e-07
      vertex 4.83044 -4.34935 -3.8147e-07
      vertex 15.7246 -17.4639 -3.8147e-07
    endloop
  endfacet
  facet normal -0 0 1
    outer loop
      vertex 4.34935 -4.83044 -3.8147e-07
      vertex 15.7246 -17.4639 -3.8147e-07
      vertex 4.83044 -4.34935 -3.8147e-07
    endloop
  endfacet
  facet normal 0 0 1
    outer loop
      vertex 15.7246 -17.4639 -3.8147e-07
      vertex 4.34935 -4.83044 -3.8147e-07
      vertex 13.813 -19.0119 -3.8147e-07
    endloop
  endfacet
  facet normal -0 0 1
    outer loop
      vertex 3.8206 -5.25861 -3.8147e-07
      vertex 13.813 -19.0119 -3.8147e-07
      vertex 4.34935 -4.83044 -3.8147e-07
    endloop
  endfacet
  facet normal 0 0 1
    outer loop
      vertex 13.813 -19.0119 -3.8147e-07
      vertex 3.8206 -5.25861 -3.8147e-07
      vertex 11.75 -20.3516 -3.8147e-07
    endloop
  endfacet
  facet normal -0 0 1
    outer loop
      vertex 3.25 -5.62916 -3.8147e-07
      vertex 11.75 -20.3516 -3.8147e-07
      vertex 3.8206 -5.25861 -3.8147e-07
    endloop
  endfacet
  facet normal 0 0 1
    outer loop
      vertex 11.75 -20.3516 -3.8147e-07
      vertex 3.25 -5.62916 -3.8147e-07
      vertex 9.55831 -21.4683 -3.8147e-07
    endloop
  endfacet
  facet normal -0 0 1
    outer loop
      vertex 2.64379 -5.93804 -3.8147e-07
      vertex 9.55831 -21.4683 -3.8147e-07
      vertex 3.25 -5.62916 -3.8147e-07
    endloop
  endfacet
  facet normal 0 0 1
    outer loop
      vertex 9.55831 -21.4683 -3.8147e-07
      vertex 2.64379 -5.93804 -3.8147e-07
      vertex 7.2619 -22.3498 -3.8147e-07
    endloop
  endfacet
  facet normal -0 0 1
    outer loop
      vertex 2.00861 -6.18187 -3.8147e-07
      vertex 7.2619 -22.3498 -3.8147e-07
      vertex 2.64379 -5.93804 -3.8147e-07
    endloop
  endfacet
  facet normal 0 0 1
    outer loop
      vertex 7.2619 -22.3498 -3.8147e-07
      vertex 2.00861 -6.18187 -3.8147e-07
      vertex 4.88592 -22.9865 -3.8147e-07
    endloop
  endfacet
  facet normal -0 0 1
    outer loop
      vertex 1.35143 -6.35796 -3.8147e-07
      vertex 4.88592 -22.9865 -3.8147e-07
      vertex 2.00861 -6.18187 -3.8147e-07
    endloop
  endfacet
  facet normal 0 0 1
    outer loop
      vertex 4.88592 -22.9865 -3.8147e-07
      vertex 1.35143 -6.35796 -3.8147e-07
      vertex 2.45642 -23.3713 -3.8147e-07
    endloop
  endfacet
  facet normal -0 0 1
    outer loop
      vertex 0.679435 -6.46439 -3.8147e-07
      vertex 2.45642 -23.3713 -3.8147e-07
      vertex 1.35143 -6.35796 -3.8147e-07
    endloop
  endfacet
  facet normal -0 0 1
    outer loop
      vertex 0 -6.5 -3.8147e-07
      vertex 2.45642 -23.3713 -3.8147e-07
      vertex 0.679435 -6.46439 -3.8147e-07
    endloop
  endfacet
  facet normal 0 0 1
    outer loop
      vertex 0 -6.5 -3.8147e-07
      vertex 0 -23.5 -3.8147e-07
      vertex 2.45642 -23.3713 -3.8147e-07
    endloop
  endfacet
  facet normal 0 0 1
    outer loop
      vertex -0.679435 -6.46439 -3.8147e-07
      vertex 0 -23.5 -3.8147e-07
      vertex 0 -6.5 -3.8147e-07
    endloop
  endfacet
  facet normal 0 0 1
    outer loop
      vertex -2.45642 -23.3713 -3.8147e-07
      vertex -0.679435 -6.46439 -3.8147e-07
      vertex -1.35143 -6.35796 -3.8147e-07
    endloop
  endfacet
  facet normal 0 0 1
    outer loop
      vertex -4.88592 -22.9865 -3.8147e-07
      vertex -1.35143 -6.35796 -3.8147e-07
      vertex -2.00861 -6.18187 -3.8147e-07
    endloop
  endfacet
  facet normal 0 0 1
    outer loop
      vertex -0.679435 -6.46439 -3.8147e-07
      vertex -2.45642 -23.3713 -3.8147e-07
      vertex 0 -23.5 -3.8147e-07
    endloop
  endfacet
  facet normal 0 0 1
    outer loop
      vertex -7.2619 -22.3498 -3.8147e-07
      vertex -2.00861 -6.18187 -3.8147e-07
      vertex -2.64379 -5.93804 -3.8147e-07
    endloop
  endfacet
  facet normal 0 0 1
    outer loop
      vertex -9.55831 -21.4683 -3.8147e-07
      vertex -2.64379 -5.93804 -3.8147e-07
      vertex -3.25 -5.62916 -3.8147e-07
    endloop
  endfacet
  facet normal 0 0 1
    outer loop
      vertex -9.55831 -21.4683 -3.8147e-07
      vertex -3.25 -5.62916 -3.8147e-07
      vertex -3.8206 -5.25861 -3.8147e-07
    endloop
  endfacet
  facet normal 0 0 1
    outer loop
      vertex -9.55831 -21.4683 -3.8147e-07
      vertex -3.8206 -5.25861 -3.8147e-07
      vertex -4.34935 -4.83044 -3.8147e-07
    endloop
  endfacet
  facet normal 0 0 1
    outer loop
      vertex -9.55831 -21.4683 -3.8147e-07
      vertex -4.34935 -4.83044 -3.8147e-07
      vertex -4.83044 -4.34935 -3.8147e-07
    endloop
  endfacet
  facet normal 0 0 1
    outer loop
      vertex -1.35143 -6.35796 -3.8147e-07
      vertex -4.88592 -22.9865 -3.8147e-07
      vertex -2.45642 -23.3713 -3.8147e-07
    endloop
  endfacet
  facet normal 0 0 1
    outer loop
      vertex -9.55831 -21.4683 -3.8147e-07
      vertex -4.83044 -4.34935 -3.8147e-07
      vertex -5.25861 -3.8206 -3.8147e-07
    endloop
  endfacet
  facet normal 0 0 1
    outer loop
      vertex -9.55831 -21.4683 -3.8147e-07
      vertex -5.25861 -3.8206 -3.8147e-07
      vertex -5.62916 -3.25 -3.8147e-07
    endloop
  endfacet
  facet normal 0 0 1
    outer loop
      vertex -9.55831 -21.4683 -3.8147e-07
      vertex -5.62916 -3.25 -3.8147e-07
      vertex -5.93804 -2.64379 -3.8147e-07
    endloop
  endfacet
  facet normal 0 0 1
    outer loop
      vertex -9.55831 -21.4683 -3.8147e-07
      vertex -5.93804 -2.64379 -3.8147e-07
      vertex -6.18187 -2.00861 -3.8147e-07
    endloop
  endfacet
  facet normal 0 0 1
    outer loop
      vertex -9.55831 -21.4683 -3.8147e-07
      vertex -6.18187 -2.00861 -3.8147e-07
      vertex -6.35796 -1.35143 -3.8147e-07
    endloop
  endfacet
  facet normal 0 0 1
    outer loop
      vertex -9.55831 -21.4683 -3.8147e-07
      vertex -6.35796 -1.35143 -3.8147e-07
      vertex -6.46439 -0.679435 -3.8147e-07
    endloop
  endfacet
  facet normal 0 0 1
    outer loop
      vertex -2.00861 -6.18187 -3.8147e-07
      vertex -7.2619 -22.3498 -3.8147e-07
      vertex -4.88592 -22.9865 -3.8147e-07
    endloop
  endfacet
  facet normal 0 0 1
    outer loop
      vertex -23.3713 -2.45642 -3.8147e-07
      vertex -6.46439 -0.679435 -3.8147e-07
      vertex -6.5 0 -3.8147e-07
    endloop
  endfacet
  facet normal -0.89101 0.453983 0
    outer loop
      vertex -21.4683 9.55831 -0.4
      vertex -20.3516 11.75 -3.8147e-07
      vertex -20.3516 11.75 -0.4
    endloop
  endfacet
  facet normal -0.89101 0.453983 0
    outer loop
      vertex -20.3516 11.75 -3.8147e-07
      vertex -21.4683 9.55831 -0.4
      vertex -21.4683 9.55831 -3.8147e-07
    endloop
  endfacet
  facet normal 0.933577 -0.358377 0
    outer loop
      vertex -6.18187 2.00861 -3.8147e-07
      vertex -5.93804 2.64379 -0.4
      vertex -5.93804 2.64379 -3.8147e-07
    endloop
  endfacet
  facet normal 0.933577 -0.358377 0
    outer loop
      vertex -5.93804 2.64379 -0.4
      vertex -6.18187 2.00861 -3.8147e-07
      vertex -6.18187 2.00861 -0.4
    endloop
  endfacet
  facet normal -0.987689 -0.156429 0
    outer loop
      vertex 6.46439 0.679435 -0.4
      vertex 6.35796 1.35143 -3.8147e-07
      vertex 6.35796 1.35143 -0.4
    endloop
  endfacet
  facet normal -0.987689 -0.156429 0
    outer loop
      vertex 6.35796 1.35143 -3.8147e-07
      vertex 6.46439 0.679435 -0.4
      vertex 6.46439 0.679435 -3.8147e-07
    endloop
  endfacet
  facet normal -0.998629 -0.0523394 0
    outer loop
      vertex 6.5 0 -0.4
      vertex 6.46439 0.679435 -3.8147e-07
      vertex 6.46439 0.679435 -0.4
    endloop
  endfacet
  facet normal -0.998629 -0.0523394 0
    outer loop
      vertex 6.46439 0.679435 -3.8147e-07
      vertex 6.5 0 -0.4
      vertex 6.5 0 -3.8147e-07
    endloop
  endfacet
  facet normal -0.965926 -0.258818 0
    outer loop
      vertex 6.35796 1.35143 -0.4
      vertex 6.18187 2.00861 -3.8147e-07
      vertex 6.18187 2.00861 -0.4
    endloop
  endfacet
  facet normal -0.965926 -0.258818 0
    outer loop
      vertex 6.18187 2.00861 -3.8147e-07
      vertex 6.35796 1.35143 -0.4
      vertex 6.35796 1.35143 -3.8147e-07
    endloop
  endfacet
  facet normal -0.544637 0.838672 0
    outer loop
      vertex 3.8206 -5.25861 -0.4
      vertex 3.25 -5.62916 -3.8147e-07
      vertex 3.8206 -5.25861 -3.8147e-07
    endloop
  endfacet
  facet normal -0.544637 0.838672 0
    outer loop
      vertex 3.25 -5.62916 -3.8147e-07
      vertex 3.8206 -5.25861 -0.4
      vertex 3.25 -5.62916 -0.4
    endloop
  endfacet
  facet normal 0.629317 0.777148 -0
    outer loop
      vertex -3.8206 -5.25861 -0.4
      vertex -4.34935 -4.83044 -3.8147e-07
      vertex -3.8206 -5.25861 -3.8147e-07
    endloop
  endfacet
  facet normal 0.629317 0.777148 0
    outer loop
      vertex -4.34935 -4.83044 -3.8147e-07
      vertex -3.8206 -5.25861 -0.4
      vertex -4.34935 -4.83044 -0.4
    endloop
  endfacet
  facet normal 0.0523394 -0.998629 0
    outer loop
      vertex -0.679435 6.46439 -0.4
      vertex 0 6.5 -3.8147e-07
      vertex -0.679435 6.46439 -3.8147e-07
    endloop
  endfacet
  facet normal 0.0523394 -0.998629 0
    outer loop
      vertex 0 6.5 -3.8147e-07
      vertex -0.679435 6.46439 -0.4
      vertex 0 6.5 -0.4
    endloop
  endfacet
  facet normal -0.0523394 0.998629 0
    outer loop
      vertex 0.679435 -6.46439 -0.4
      vertex 0 -6.5 -3.8147e-07
      vertex 0.679435 -6.46439 -3.8147e-07
    endloop
  endfacet
  facet normal -0.0523394 0.998629 0
    outer loop
      vertex 0 -6.5 -3.8147e-07
      vertex 0.679435 -6.46439 -0.4
      vertex 0 -6.5 -0.4
    endloop
  endfacet
  facet normal 0.987689 0.156429 0
    outer loop
      vertex -6.35796 -1.35143 -3.8147e-07
      vertex -6.46439 -0.679435 -0.4
      vertex -6.46439 -0.679435 -3.8147e-07
    endloop
  endfacet
  facet normal 0.987689 0.156429 0
    outer loop
      vertex -6.46439 -0.679435 -0.4
      vertex -6.35796 -1.35143 -3.8147e-07
      vertex -6.35796 -1.35143 -0.4
    endloop
  endfacet
  facet normal -0.453991 0.891006 0
    outer loop
      vertex 3.25 -5.62916 -0.4
      vertex 2.64379 -5.93804 -3.8147e-07
      vertex 3.25 -5.62916 -3.8147e-07
    endloop
  endfacet
  facet normal -0.453991 0.891006 0
    outer loop
      vertex 2.64379 -5.93804 -3.8147e-07
      vertex 3.25 -5.62916 -0.4
      vertex 2.64379 -5.93804 -0.4
    endloop
  endfacet
  facet normal -0.933577 0.358377 0
    outer loop
      vertex 5.93804 -2.64379 -0.4
      vertex 6.18187 -2.00861 -3.8147e-07
      vertex 6.18187 -2.00861 -0.4
    endloop
  endfacet
  facet normal -0.933577 0.358377 0
    outer loop
      vertex 6.18187 -2.00861 -3.8147e-07
      vertex 5.93804 -2.64379 -0.4
      vertex 5.93804 -2.64379 -3.8147e-07
    endloop
  endfacet
  facet normal 0.987689 -0.156429 0
    outer loop
      vertex -6.46439 0.679435 -3.8147e-07
      vertex -6.35796 1.35143 -0.4
      vertex -6.35796 1.35143 -3.8147e-07
    endloop
  endfacet
  facet normal 0.987689 -0.156429 0
    outer loop
      vertex -6.35796 1.35143 -0.4
      vertex -6.46439 0.679435 -3.8147e-07
      vertex -6.46439 0.679435 -0.4
    endloop
  endfacet
  facet normal -0.358377 0.933577 0
    outer loop
      vertex 2.64379 -5.93804 -0.4
      vertex 2.00861 -6.18187 -3.8147e-07
      vertex 2.64379 -5.93804 -3.8147e-07
    endloop
  endfacet
  facet normal -0.358377 0.933577 0
    outer loop
      vertex 2.00861 -6.18187 -3.8147e-07
      vertex 2.64379 -5.93804 -0.4
      vertex 2.00861 -6.18187 -0.4
    endloop
  endfacet
  facet normal 0.453991 0.891006 -0
    outer loop
      vertex -2.64379 -5.93804 -0.4
      vertex -3.25 -5.62916 -3.8147e-07
      vertex -2.64379 -5.93804 -3.8147e-07
    endloop
  endfacet
  facet normal 0.453991 0.891006 0
    outer loop
      vertex -3.25 -5.62916 -3.8147e-07
      vertex -2.64379 -5.93804 -0.4
      vertex -3.25 -5.62916 -0.4
    endloop
  endfacet
  facet normal -0.707107 -0.707107 0
    outer loop
      vertex 4.83044 4.34935 -0.4
      vertex 4.34935 4.83044 -3.8147e-07
      vertex 4.34935 4.83044 -0.4
    endloop
  endfacet
  facet normal -0.707107 -0.707107 0
    outer loop
      vertex 4.34935 4.83044 -3.8147e-07
      vertex 4.83044 4.34935 -0.4
      vertex 4.83044 4.34935 -3.8147e-07
    endloop
  endfacet
  facet normal -0.156429 0.987689 0
    outer loop
      vertex 1.35143 -6.35796 -0.4
      vertex 0.679435 -6.46439 -3.8147e-07
      vertex 1.35143 -6.35796 -3.8147e-07
    endloop
  endfacet
  facet normal -0.156429 0.987689 0
    outer loop
      vertex 0.679435 -6.46439 -3.8147e-07
      vertex 1.35143 -6.35796 -0.4
      vertex 0.679435 -6.46439 -0.4
    endloop
  endfacet
  facet normal 0.933577 0.358377 0
    outer loop
      vertex -5.93804 -2.64379 -3.8147e-07
      vertex -6.18187 -2.00861 -0.4
      vertex -6.18187 -2.00861 -3.8147e-07
    endloop
  endfacet
  facet normal 0.933577 0.358377 0
    outer loop
      vertex -6.18187 -2.00861 -0.4
      vertex -5.93804 -2.64379 -3.8147e-07
      vertex -5.93804 -2.64379 -0.4
    endloop
  endfacet
  facet normal -0.156429 -0.987689 0
    outer loop
      vertex 0.679435 6.46439 -0.4
      vertex 1.35143 6.35796 -3.8147e-07
      vertex 0.679435 6.46439 -3.8147e-07
    endloop
  endfacet
  facet normal -0.156429 -0.987689 -0
    outer loop
      vertex 1.35143 6.35796 -3.8147e-07
      vertex 0.679435 6.46439 -0.4
      vertex 1.35143 6.35796 -0.4
    endloop
  endfacet
  facet normal -0.358377 -0.933577 0
    outer loop
      vertex 2.00861 6.18187 -0.4
      vertex 2.64379 5.93804 -3.8147e-07
      vertex 2.00861 6.18187 -3.8147e-07
    endloop
  endfacet
  facet normal -0.358377 -0.933577 -0
    outer loop
      vertex 2.64379 5.93804 -3.8147e-07
      vertex 2.00861 6.18187 -0.4
      vertex 2.64379 5.93804 -0.4
    endloop
  endfacet
  facet normal 0.965926 0.258818 0
    outer loop
      vertex -6.18187 -2.00861 -3.8147e-07
      vertex -6.35796 -1.35143 -0.4
      vertex -6.35796 -1.35143 -3.8147e-07
    endloop
  endfacet
  facet normal 0.965926 0.258818 0
    outer loop
      vertex -6.35796 -1.35143 -0.4
      vertex -6.18187 -2.00861 -3.8147e-07
      vertex -6.18187 -2.00861 -0.4
    endloop
  endfacet
  facet normal -0.987689 0.156429 0
    outer loop
      vertex 6.35796 -1.35143 -0.4
      vertex 6.46439 -0.679435 -3.8147e-07
      vertex 6.46439 -0.679435 -0.4
    endloop
  endfacet
  facet normal -0.987689 0.156429 0
    outer loop
      vertex 6.46439 -0.679435 -3.8147e-07
      vertex 6.35796 -1.35143 -0.4
      vertex 6.35796 -1.35143 -3.8147e-07
    endloop
  endfacet
  facet normal -0.629317 -0.777148 0
    outer loop
      vertex 3.8206 5.25861 -0.4
      vertex 4.34935 4.83044 -3.8147e-07
      vertex 3.8206 5.25861 -3.8147e-07
    endloop
  endfacet
  facet normal -0.629317 -0.777148 -0
    outer loop
      vertex 4.34935 4.83044 -3.8147e-07
      vertex 3.8206 5.25861 -0.4
      vertex 4.34935 4.83044 -0.4
    endloop
  endfacet
  facet normal -0.838672 -0.544637 0
    outer loop
      vertex 5.62916 3.25 -0.4
      vertex 5.25861 3.8206 -3.8147e-07
      vertex 5.25861 3.8206 -0.4
    endloop
  endfacet
  facet normal -0.838672 -0.544637 0
    outer loop
      vertex 5.25861 3.8206 -3.8147e-07
      vertex 5.62916 3.25 -0.4
      vertex 5.62916 3.25 -3.8147e-07
    endloop
  endfacet
  facet normal 0.258818 -0.965926 0
    outer loop
      vertex -2.00861 6.18187 -0.4
      vertex -1.35143 6.35796 -3.8147e-07
      vertex -2.00861 6.18187 -3.8147e-07
    endloop
  endfacet
  facet normal 0.258818 -0.965926 0
    outer loop
      vertex -1.35143 6.35796 -3.8147e-07
      vertex -2.00861 6.18187 -0.4
      vertex -1.35143 6.35796 -0.4
    endloop
  endfacet
  facet normal 0.0523394 0.998629 -0
    outer loop
      vertex 0 -6.5 -0.4
      vertex -0.679435 -6.46439 -3.8147e-07
      vertex 0 -6.5 -3.8147e-07
    endloop
  endfacet
  facet normal 0.0523394 0.998629 0
    outer loop
      vertex -0.679435 -6.46439 -3.8147e-07
      vertex 0 -6.5 -0.4
      vertex -0.679435 -6.46439 -0.4
    endloop
  endfacet
  facet normal -0.998629 0.0523394 0
    outer loop
      vertex 6.46439 -0.679435 -0.4
      vertex 6.5 0 -3.8147e-07
      vertex 6.5 0 -0.4
    endloop
  endfacet
  facet normal -0.998629 0.0523394 0
    outer loop
      vertex 6.5 0 -3.8147e-07
      vertex 6.46439 -0.679435 -0.4
      vertex 6.46439 -0.679435 -3.8147e-07
    endloop
  endfacet
  facet normal 0.544637 0.838672 -0
    outer loop
      vertex -3.25 -5.62916 -0.4
      vertex -3.8206 -5.25861 -3.8147e-07
      vertex -3.25 -5.62916 -3.8147e-07
    endloop
  endfacet
  facet normal 0.544637 0.838672 0
    outer loop
      vertex -3.8206 -5.25861 -3.8147e-07
      vertex -3.25 -5.62916 -0.4
      vertex -3.8206 -5.25861 -0.4
    endloop
  endfacet
  facet normal -0.838672 0.544637 0
    outer loop
      vertex 5.25861 -3.8206 -0.4
      vertex 5.62916 -3.25 -3.8147e-07
      vertex 5.62916 -3.25 -0.4
    endloop
  endfacet
  facet normal -0.838672 0.544637 0
    outer loop
      vertex 5.62916 -3.25 -3.8147e-07
      vertex 5.25861 -3.8206 -0.4
      vertex 5.25861 -3.8206 -3.8147e-07
    endloop
  endfacet
  facet normal 0.544637 -0.838672 0
    outer loop
      vertex -3.8206 5.25861 -0.4
      vertex -3.25 5.62916 -3.8147e-07
      vertex -3.8206 5.25861 -3.8147e-07
    endloop
  endfacet
  facet normal 0.544637 -0.838672 0
    outer loop
      vertex -3.25 5.62916 -3.8147e-07
      vertex -3.8206 5.25861 -0.4
      vertex -3.25 5.62916 -0.4
    endloop
  endfacet
  facet normal 0.998629 -0.0523394 0
    outer loop
      vertex -6.5 0 -3.8147e-07
      vertex -6.46439 0.679435 -0.4
      vertex -6.46439 0.679435 -3.8147e-07
    endloop
  endfacet
  facet normal 0.998629 -0.0523394 0
    outer loop
      vertex -6.46439 0.679435 -0.4
      vertex -6.5 0 -3.8147e-07
      vertex -6.5 0 -0.4
    endloop
  endfacet
  facet normal -0.965926 0.258818 0
    outer loop
      vertex 6.18187 -2.00861 -0.4
      vertex 6.35796 -1.35143 -3.8147e-07
      vertex 6.35796 -1.35143 -0.4
    endloop
  endfacet
  facet normal -0.965926 0.258818 0
    outer loop
      vertex 6.35796 -1.35143 -3.8147e-07
      vertex 6.18187 -2.00861 -0.4
      vertex 6.18187 -2.00861 -3.8147e-07
    endloop
  endfacet
  facet normal 0.629317 -0.777148 0
    outer loop
      vertex -4.34935 4.83044 -0.4
      vertex -3.8206 5.25861 -3.8147e-07
      vertex -4.34935 4.83044 -3.8147e-07
    endloop
  endfacet
  facet normal 0.629317 -0.777148 0
    outer loop
      vertex -3.8206 5.25861 -3.8147e-07
      vertex -4.34935 4.83044 -0.4
      vertex -3.8206 5.25861 -0.4
    endloop
  endfacet
  facet normal 0.891006 -0.453991 0
    outer loop
      vertex -5.93804 2.64379 -3.8147e-07
      vertex -5.62916 3.25 -0.4
      vertex -5.62916 3.25 -3.8147e-07
    endloop
  endfacet
  facet normal 0.891006 -0.453991 0
    outer loop
      vertex -5.62916 3.25 -0.4
      vertex -5.93804 2.64379 -3.8147e-07
      vertex -5.93804 2.64379 -0.4
    endloop
  endfacet
  facet normal 0.998629 0.0523394 0
    outer loop
      vertex -6.46439 -0.679435 -3.8147e-07
      vertex -6.5 0 -0.4
      vertex -6.5 0 -3.8147e-07
    endloop
  endfacet
  facet normal 0.998629 0.0523394 0
    outer loop
      vertex -6.5 0 -0.4
      vertex -6.46439 -0.679435 -3.8147e-07
      vertex -6.46439 -0.679435 -0.4
    endloop
  endfacet
  facet normal 0.838672 -0.544637 0
    outer loop
      vertex -5.62916 3.25 -3.8147e-07
      vertex -5.25861 3.8206 -0.4
      vertex -5.25861 3.8206 -3.8147e-07
    endloop
  endfacet
  facet normal 0.838672 -0.544637 0
    outer loop
      vertex -5.25861 3.8206 -0.4
      vertex -5.62916 3.25 -3.8147e-07
      vertex -5.62916 3.25 -0.4
    endloop
  endfacet
  facet normal -0.453991 -0.891006 0
    outer loop
      vertex 2.64379 5.93804 -0.4
      vertex 3.25 5.62916 -3.8147e-07
      vertex 2.64379 5.93804 -3.8147e-07
    endloop
  endfacet
  facet normal -0.453991 -0.891006 -0
    outer loop
      vertex 3.25 5.62916 -3.8147e-07
      vertex 2.64379 5.93804 -0.4
      vertex 3.25 5.62916 -0.4
    endloop
  endfacet
  facet normal 0.707107 0.707107 0
    outer loop
      vertex -4.34935 -4.83044 -3.8147e-07
      vertex -4.83044 -4.34935 -0.4
      vertex -4.83044 -4.34935 -3.8147e-07
    endloop
  endfacet
  facet normal 0.707107 0.707107 0
    outer loop
      vertex -4.83044 -4.34935 -0.4
      vertex -4.34935 -4.83044 -3.8147e-07
      vertex -4.34935 -4.83044 -0.4
    endloop
  endfacet
  facet normal -0.258818 -0.965926 0
    outer loop
      vertex 1.35143 6.35796 -0.4
      vertex 2.00861 6.18187 -3.8147e-07
      vertex 1.35143 6.35796 -3.8147e-07
    endloop
  endfacet
  facet normal -0.258818 -0.965926 -0
    outer loop
      vertex 2.00861 6.18187 -3.8147e-07
      vertex 1.35143 6.35796 -0.4
      vertex 2.00861 6.18187 -0.4
    endloop
  endfacet
  facet normal -0.777148 0.629317 0
    outer loop
      vertex 4.83044 -4.34935 -0.4
      vertex 5.25861 -3.8206 -3.8147e-07
      vertex 5.25861 -3.8206 -0.4
    endloop
  endfacet
  facet normal -0.777148 0.629317 0
    outer loop
      vertex 5.25861 -3.8206 -3.8147e-07
      vertex 4.83044 -4.34935 -0.4
      vertex 4.83044 -4.34935 -3.8147e-07
    endloop
  endfacet
  facet normal -0.777148 -0.629317 0
    outer loop
      vertex 5.25861 3.8206 -0.4
      vertex 4.83044 4.34935 -3.8147e-07
      vertex 4.83044 4.34935 -0.4
    endloop
  endfacet
  facet normal -0.777148 -0.629317 0
    outer loop
      vertex 4.83044 4.34935 -3.8147e-07
      vertex 5.25861 3.8206 -0.4
      vertex 5.25861 3.8206 -3.8147e-07
    endloop
  endfacet
  facet normal -0.544637 -0.838672 0
    outer loop
      vertex 3.25 5.62916 -0.4
      vertex 3.8206 5.25861 -3.8147e-07
      vertex 3.25 5.62916 -3.8147e-07
    endloop
  endfacet
  facet normal -0.544637 -0.838672 -0
    outer loop
      vertex 3.8206 5.25861 -3.8147e-07
      vertex 3.25 5.62916 -0.4
      vertex 3.8206 5.25861 -0.4
    endloop
  endfacet
  facet normal 0.156429 -0.987689 0
    outer loop
      vertex -1.35143 6.35796 -0.4
      vertex -0.679435 6.46439 -3.8147e-07
      vertex -1.35143 6.35796 -3.8147e-07
    endloop
  endfacet
  facet normal 0.156429 -0.987689 0
    outer loop
      vertex -0.679435 6.46439 -3.8147e-07
      vertex -1.35143 6.35796 -0.4
      vertex -0.679435 6.46439 -0.4
    endloop
  endfacet
  facet normal 0.891006 0.453991 0
    outer loop
      vertex -5.62916 -3.25 -3.8147e-07
      vertex -5.93804 -2.64379 -0.4
      vertex -5.93804 -2.64379 -3.8147e-07
    endloop
  endfacet
  facet normal 0.891006 0.453991 0
    outer loop
      vertex -5.93804 -2.64379 -0.4
      vertex -5.62916 -3.25 -3.8147e-07
      vertex -5.62916 -3.25 -0.4
    endloop
  endfacet
  facet normal -0.933577 -0.358377 0
    outer loop
      vertex 6.18187 2.00861 -0.4
      vertex 5.93804 2.64379 -3.8147e-07
      vertex 5.93804 2.64379 -0.4
    endloop
  endfacet
  facet normal -0.933577 -0.358377 0
    outer loop
      vertex 5.93804 2.64379 -3.8147e-07
      vertex 6.18187 2.00861 -0.4
      vertex 6.18187 2.00861 -3.8147e-07
    endloop
  endfacet
  facet normal -0.891006 -0.453991 0
    outer loop
      vertex 5.93804 2.64379 -0.4
      vertex 5.62916 3.25 -3.8147e-07
      vertex 5.62916 3.25 -0.4
    endloop
  endfacet
  facet normal -0.891006 -0.453991 0
    outer loop
      vertex 5.62916 3.25 -3.8147e-07
      vertex 5.93804 2.64379 -0.4
      vertex 5.93804 2.64379 -3.8147e-07
    endloop
  endfacet
  facet normal -0.0523394 -0.998629 0
    outer loop
      vertex 0 6.5 -0.4
      vertex 0.679435 6.46439 -3.8147e-07
      vertex 0 6.5 -3.8147e-07
    endloop
  endfacet
  facet normal -0.0523394 -0.998629 -0
    outer loop
      vertex 0.679435 6.46439 -3.8147e-07
      vertex 0 6.5 -0.4
      vertex 0.679435 6.46439 -0.4
    endloop
  endfacet
  facet normal 0.453991 -0.891006 0
    outer loop
      vertex -3.25 5.62916 -0.4
      vertex -2.64379 5.93804 -3.8147e-07
      vertex -3.25 5.62916 -3.8147e-07
    endloop
  endfacet
  facet normal 0.453991 -0.891006 0
    outer loop
      vertex -2.64379 5.93804 -3.8147e-07
      vertex -3.25 5.62916 -0.4
      vertex -2.64379 5.93804 -0.4
    endloop
  endfacet
  facet normal -0.629317 0.777148 0
    outer loop
      vertex 4.34935 -4.83044 -0.4
      vertex 3.8206 -5.25861 -3.8147e-07
      vertex 4.34935 -4.83044 -3.8147e-07
    endloop
  endfacet
  facet normal -0.629317 0.777148 0
    outer loop
      vertex 3.8206 -5.25861 -3.8147e-07
      vertex 4.34935 -4.83044 -0.4
      vertex 3.8206 -5.25861 -0.4
    endloop
  endfacet
  facet normal 0.777148 0.629317 0
    outer loop
      vertex -4.83044 -4.34935 -3.8147e-07
      vertex -5.25861 -3.8206 -0.4
      vertex -5.25861 -3.8206 -3.8147e-07
    endloop
  endfacet
  facet normal 0.777148 0.629317 0
    outer loop
      vertex -5.25861 -3.8206 -0.4
      vertex -4.83044 -4.34935 -3.8147e-07
      vertex -4.83044 -4.34935 -0.4
    endloop
  endfacet
  facet normal 0.965926 -0.258818 0
    outer loop
      vertex -6.35796 1.35143 -3.8147e-07
      vertex -6.18187 2.00861 -0.4
      vertex -6.18187 2.00861 -3.8147e-07
    endloop
  endfacet
  facet normal 0.965926 -0.258818 0
    outer loop
      vertex -6.18187 2.00861 -0.4
      vertex -6.35796 1.35143 -3.8147e-07
      vertex -6.35796 1.35143 -0.4
    endloop
  endfacet
  facet normal -0.258818 0.965926 0
    outer loop
      vertex 2.00861 -6.18187 -0.4
      vertex 1.35143 -6.35796 -3.8147e-07
      vertex 2.00861 -6.18187 -3.8147e-07
    endloop
  endfacet
  facet normal -0.258818 0.965926 0
    outer loop
      vertex 1.35143 -6.35796 -3.8147e-07
      vertex 2.00861 -6.18187 -0.4
      vertex 1.35143 -6.35796 -0.4
    endloop
  endfacet
  facet normal 0.777148 -0.629317 0
    outer loop
      vertex -5.25861 3.8206 -3.8147e-07
      vertex -4.83044 4.34935 -0.4
      vertex -4.83044 4.34935 -3.8147e-07
    endloop
  endfacet
  facet normal 0.777148 -0.629317 0
    outer loop
      vertex -4.83044 4.34935 -0.4
      vertex -5.25861 3.8206 -3.8147e-07
      vertex -5.25861 3.8206 -0.4
    endloop
  endfacet
  facet normal 0.258818 0.965926 -0
    outer loop
      vertex -1.35143 -6.35796 -0.4
      vertex -2.00861 -6.18187 -3.8147e-07
      vertex -1.35143 -6.35796 -3.8147e-07
    endloop
  endfacet
  facet normal 0.258818 0.965926 0
    outer loop
      vertex -2.00861 -6.18187 -3.8147e-07
      vertex -1.35143 -6.35796 -0.4
      vertex -2.00861 -6.18187 -0.4
    endloop
  endfacet
  facet normal 0.838672 0.544637 0
    outer loop
      vertex -5.25861 -3.8206 -3.8147e-07
      vertex -5.62916 -3.25 -0.4
      vertex -5.62916 -3.25 -3.8147e-07
    endloop
  endfacet
  facet normal 0.838672 0.544637 0
    outer loop
      vertex -5.62916 -3.25 -0.4
      vertex -5.25861 -3.8206 -3.8147e-07
      vertex -5.25861 -3.8206 -0.4
    endloop
  endfacet
  facet normal 0.358377 0.933577 -0
    outer loop
      vertex -2.00861 -6.18187 -0.4
      vertex -2.64379 -5.93804 -3.8147e-07
      vertex -2.00861 -6.18187 -3.8147e-07
    endloop
  endfacet
  facet normal 0.358377 0.933577 0
    outer loop
      vertex -2.64379 -5.93804 -3.8147e-07
      vertex -2.00861 -6.18187 -0.4
      vertex -2.64379 -5.93804 -0.4
    endloop
  endfacet
  facet normal -0.707107 0.707107 0
    outer loop
      vertex 4.34935 -4.83044 -0.4
      vertex 4.83044 -4.34935 -3.8147e-07
      vertex 4.83044 -4.34935 -0.4
    endloop
  endfacet
  facet normal -0.707107 0.707107 0
    outer loop
      vertex 4.83044 -4.34935 -3.8147e-07
      vertex 4.34935 -4.83044 -0.4
      vertex 4.34935 -4.83044 -3.8147e-07
    endloop
  endfacet
  facet normal -0.891006 0.453991 0
    outer loop
      vertex 5.62916 -3.25 -0.4
      vertex 5.93804 -2.64379 -3.8147e-07
      vertex 5.93804 -2.64379 -0.4
    endloop
  endfacet
  facet normal -0.891006 0.453991 0
    outer loop
      vertex 5.93804 -2.64379 -3.8147e-07
      vertex 5.62916 -3.25 -0.4
      vertex 5.62916 -3.25 -3.8147e-07
    endloop
  endfacet
  facet normal 0.707107 -0.707107 0
    outer loop
      vertex -4.83044 4.34935 -3.8147e-07
      vertex -4.34935 4.83044 -0.4
      vertex -4.34935 4.83044 -3.8147e-07
    endloop
  endfacet
  facet normal 0.707107 -0.707107 0
    outer loop
      vertex -4.34935 4.83044 -0.4
      vertex -4.83044 4.34935 -3.8147e-07
      vertex -4.83044 4.34935 -0.4
    endloop
  endfacet
  facet normal 0.358377 -0.933577 0
    outer loop
      vertex -2.64379 5.93804 -0.4
      vertex -2.00861 6.18187 -3.8147e-07
      vertex -2.64379 5.93804 -3.8147e-07
    endloop
  endfacet
  facet normal 0.358377 -0.933577 0
    outer loop
      vertex -2.00861 6.18187 -3.8147e-07
      vertex -2.64379 5.93804 -0.4
      vertex -2.00861 6.18187 -0.4
    endloop
  endfacet
  facet normal 0.156429 0.987689 -0
    outer loop
      vertex -0.679435 -6.46439 -0.4
      vertex -1.35143 -6.35796 -3.8147e-07
      vertex -0.679435 -6.46439 -3.8147e-07
    endloop
  endfacet
  facet normal 0.156429 0.987689 0
    outer loop
      vertex -1.35143 -6.35796 -3.8147e-07
      vertex -0.679435 -6.46439 -0.4
      vertex -1.35143 -6.35796 -0.4
    endloop
  endfacet
  facet normal -0.453997 0.891003 0
    outer loop
      vertex -9.76168 21.9251 0
      vertex -12 20.7846 2.5
      vertex -9.76168 21.9251 2.5
    endloop
  endfacet
  facet normal -0.453997 0.891003 0
    outer loop
      vertex -12 20.7846 2.5
      vertex -9.76168 21.9251 0
      vertex -12 20.7846 0
    endloop
  endfacet
  facet normal 0.987687 0.156441 0
    outer loop
      vertex 23.8685 2.50868 2.5
      vertex 23.4755 4.98988 0
      vertex 23.4755 4.98988 2.5
    endloop
  endfacet
  facet normal 0.987687 0.156441 0
    outer loop
      vertex 23.4755 4.98988 0
      vertex 23.8685 2.50868 2.5
      vertex 23.8685 2.50868 0
    endloop
  endfacet
  facet normal 0.998629 0.0523461 0
    outer loop
      vertex 24 0 2.5
      vertex 23.8685 2.50868 0
      vertex 23.8685 2.50868 2.5
    endloop
  endfacet
  facet normal 0.998629 0.0523461 0
    outer loop
      vertex 23.8685 2.50868 0
      vertex 24 0 2.5
      vertex 24 0 0
    endloop
  endfacet
  facet normal 0.156441 -0.987687 0
    outer loop
      vertex 2.50868 -23.8685 0
      vertex 4.98988 -23.4755 2.5
      vertex 2.50868 -23.8685 2.5
    endloop
  endfacet
  facet normal 0.156441 -0.987687 0
    outer loop
      vertex 4.98988 -23.4755 2.5
      vertex 2.50868 -23.8685 0
      vertex 4.98988 -23.4755 0
    endloop
  endfacet
  facet normal 0.998629 -0.0523461 0
    outer loop
      vertex 23.8685 -2.50868 2.5
      vertex 24 0 0
      vertex 24 0 2.5
    endloop
  endfacet
  facet normal 0.998629 -0.0523461 0
    outer loop
      vertex 24 0 0
      vertex 23.8685 -2.50868 2.5
      vertex 23.8685 -2.50868 0
    endloop
  endfacet
  facet normal -0.933576 -0.35838 0
    outer loop
      vertex -21.9251 -9.76168 0
      vertex -22.8254 -7.41641 2.5
      vertex -22.8254 -7.41641 0
    endloop
  endfacet
  facet normal -0.933576 -0.35838 0
    outer loop
      vertex -22.8254 -7.41641 2.5
      vertex -21.9251 -9.76168 0
      vertex -21.9251 -9.76168 2.5
    endloop
  endfacet
  facet normal 0.0523728 0.998628 -0
    outer loop
      vertex 2.50868 23.8685 0
      vertex 1.5 23.9214 2.5
      vertex 2.50868 23.8685 2.5
    endloop
  endfacet
  facet normal 0.0523728 0.998628 0
    outer loop
      vertex 1.5 23.9214 2.5
      vertex 2.50868 23.8685 0
      vertex 1.5 23.9214 0
    endloop
  endfacet
  facet normal 0.156441 0.987687 -0
    outer loop
      vertex 4.98988 23.4755 0
      vertex 2.50868 23.8685 2.5
      vertex 4.98988 23.4755 2.5
    endloop
  endfacet
  facet normal 0.156441 0.987687 0
    outer loop
      vertex 2.50868 23.8685 2.5
      vertex 4.98988 23.4755 0
      vertex 2.50868 23.8685 0
    endloop
  endfacet
  facet normal -0.838665 -0.544647 0
    outer loop
      vertex -19.4164 -14.1068 0
      vertex -20.7846 -12 2.5
      vertex -20.7846 -12 0
    endloop
  endfacet
  facet normal -0.838665 -0.544647 0
    outer loop
      vertex -20.7846 -12 2.5
      vertex -19.4164 -14.1068 0
      vertex -19.4164 -14.1068 2.5
    endloop
  endfacet
  facet normal 0.258787 -0.965934 0
    outer loop
      vertex 4.98988 -23.4755 0
      vertex 7.41641 -22.8254 2.5
      vertex 4.98988 -23.4755 2.5
    endloop
  endfacet
  facet normal 0.258787 -0.965934 0
    outer loop
      vertex 7.41641 -22.8254 2.5
      vertex 4.98988 -23.4755 0
      vertex 7.41641 -22.8254 0
    endloop
  endfacet
  facet normal 0.0523461 -0.998629 0
    outer loop
      vertex 0 -24 0
      vertex 2.50868 -23.8685 2.5
      vertex 0 -24 2.5
    endloop
  endfacet
  facet normal 0.0523461 -0.998629 0
    outer loop
      vertex 2.50868 -23.8685 2.5
      vertex 0 -24 0
      vertex 2.50868 -23.8685 0
    endloop
  endfacet
  facet normal 0.453997 0.891003 -0
    outer loop
      vertex 12 20.7846 0
      vertex 9.76168 21.9251 2.5
      vertex 12 20.7846 2.5
    endloop
  endfacet
  facet normal 0.453997 0.891003 0
    outer loop
      vertex 9.76168 21.9251 2.5
      vertex 12 20.7846 0
      vertex 9.76168 21.9251 0
    endloop
  endfacet
  facet normal -0.35838 0.933576 0
    outer loop
      vertex -7.41641 22.8254 0
      vertex -9.76168 21.9251 2.5
      vertex -7.41641 22.8254 2.5
    endloop
  endfacet
  facet normal -0.35838 0.933576 0
    outer loop
      vertex -9.76168 21.9251 2.5
      vertex -7.41641 22.8254 0
      vertex -9.76168 21.9251 0
    endloop
  endfacet
  facet normal -0.62931 0.777154 0
    outer loop
      vertex -14.1068 19.4164 0
      vertex -16.0591 17.8355 2.5
      vertex -14.1068 19.4164 2.5
    endloop
  endfacet
  facet normal -0.62931 0.777154 0
    outer loop
      vertex -16.0591 17.8355 2.5
      vertex -14.1068 19.4164 0
      vertex -16.0591 17.8355 0
    endloop
  endfacet
  facet normal 0.544647 0.838665 -0
    outer loop
      vertex 14.1068 19.4164 0
      vertex 12 20.7846 2.5
      vertex 14.1068 19.4164 2.5
    endloop
  endfacet
  facet normal 0.544647 0.838665 0
    outer loop
      vertex 12 20.7846 2.5
      vertex 14.1068 19.4164 0
      vertex 12 20.7846 0
    endloop
  endfacet
  facet normal 0.838665 -0.544647 0
    outer loop
      vertex 19.4164 -14.1068 2.5
      vertex 20.7846 -12 0
      vertex 20.7846 -12 2.5
    endloop
  endfacet
  facet normal 0.838665 -0.544647 0
    outer loop
      vertex 20.7846 -12 0
      vertex 19.4164 -14.1068 2.5
      vertex 19.4164 -14.1068 0
    endloop
  endfacet
  facet normal -0.453997 -0.891003 0
    outer loop
      vertex -12 -20.7846 0
      vertex -9.76168 -21.9251 2.5
      vertex -12 -20.7846 2.5
    endloop
  endfacet
  facet normal -0.453997 -0.891003 -0
    outer loop
      vertex -9.76168 -21.9251 2.5
      vertex -12 -20.7846 0
      vertex -9.76168 -21.9251 0
    endloop
  endfacet
  facet normal -0.777154 -0.62931 0
    outer loop
      vertex -17.8355 -16.0591 0
      vertex -19.4164 -14.1068 2.5
      vertex -19.4164 -14.1068 0
    endloop
  endfacet
  facet normal -0.777154 -0.62931 0
    outer loop
      vertex -19.4164 -14.1068 2.5
      vertex -17.8355 -16.0591 0
      vertex -17.8355 -16.0591 2.5
    endloop
  endfacet
  facet normal 0.453997 -0.891003 0
    outer loop
      vertex 9.76168 -21.9251 0
      vertex 12 -20.7846 2.5
      vertex 9.76168 -21.9251 2.5
    endloop
  endfacet
  facet normal 0.453997 -0.891003 0
    outer loop
      vertex 12 -20.7846 2.5
      vertex 9.76168 -21.9251 0
      vertex 12 -20.7846 0
    endloop
  endfacet
  facet normal -0.258787 0.965934 0
    outer loop
      vertex -4.98988 23.4755 0
      vertex -7.41641 22.8254 2.5
      vertex -4.98988 23.4755 2.5
    endloop
  endfacet
  facet normal -0.258787 0.965934 0
    outer loop
      vertex -7.41641 22.8254 2.5
      vertex -4.98988 23.4755 0
      vertex -7.41641 22.8254 0
    endloop
  endfacet
  facet normal -0.707107 0.707107 0
    outer loop
      vertex -17.8355 16.0591 0
      vertex -16.0591 17.8355 2.5
      vertex -16.0591 17.8355 0
    endloop
  endfacet
  facet normal -0.707107 0.707107 0
    outer loop
      vertex -16.0591 17.8355 2.5
      vertex -17.8355 16.0591 0
      vertex -17.8355 16.0591 2.5
    endloop
  endfacet
  facet normal 0.777154 0.62931 0
    outer loop
      vertex 19.4164 14.1068 2.5
      vertex 17.8355 16.0591 0
      vertex 17.8355 16.0591 2.5
    endloop
  endfacet
  facet normal 0.777154 0.62931 0
    outer loop
      vertex 17.8355 16.0591 0
      vertex 19.4164 14.1068 2.5
      vertex 19.4164 14.1068 0
    endloop
  endfacet
  facet normal 0.544647 -0.838665 0
    outer loop
      vertex 12 -20.7846 0
      vertex 14.1068 -19.4164 2.5
      vertex 12 -20.7846 2.5
    endloop
  endfacet
  facet normal 0.544647 -0.838665 0
    outer loop
      vertex 14.1068 -19.4164 2.5
      vertex 12 -20.7846 0
      vertex 14.1068 -19.4164 0
    endloop
  endfacet
  facet normal 0.965934 -0.258787 0
    outer loop
      vertex 22.8254 -7.41641 2.5
      vertex 23.4755 -4.98988 0
      vertex 23.4755 -4.98988 2.5
    endloop
  endfacet
  facet normal 0.965934 -0.258787 0
    outer loop
      vertex 23.4755 -4.98988 0
      vertex 22.8254 -7.41641 2.5
      vertex 22.8254 -7.41641 0
    endloop
  endfacet
  facet normal -0.156441 0.987687 0
    outer loop
      vertex -2.50868 23.8685 0
      vertex -4.98988 23.4755 2.5
      vertex -2.50868 23.8685 2.5
    endloop
  endfacet
  facet normal -0.156441 0.987687 0
    outer loop
      vertex -4.98988 23.4755 2.5
      vertex -2.50868 23.8685 0
      vertex -4.98988 23.4755 0
    endloop
  endfacet
  facet normal 0.838665 0.544647 0
    outer loop
      vertex 20.7846 12 2.5
      vertex 19.4164 14.1068 0
      vertex 19.4164 14.1068 2.5
    endloop
  endfacet
  facet normal 0.838665 0.544647 0
    outer loop
      vertex 19.4164 14.1068 0
      vertex 20.7846 12 2.5
      vertex 20.7846 12 0
    endloop
  endfacet
  facet normal 0.62931 0.777154 -0
    outer loop
      vertex 16.0591 17.8355 0
      vertex 14.1068 19.4164 2.5
      vertex 16.0591 17.8355 2.5
    endloop
  endfacet
  facet normal 0.62931 0.777154 0
    outer loop
      vertex 14.1068 19.4164 2.5
      vertex 16.0591 17.8355 0
      vertex 14.1068 19.4164 0
    endloop
  endfacet
  facet normal 0.258787 0.965934 -0
    outer loop
      vertex 7.41641 22.8254 0
      vertex 4.98988 23.4755 2.5
      vertex 7.41641 22.8254 2.5
    endloop
  endfacet
  facet normal 0.258787 0.965934 0
    outer loop
      vertex 4.98988 23.4755 2.5
      vertex 7.41641 22.8254 0
      vertex 4.98988 23.4755 0
    endloop
  endfacet
  facet normal 0.707107 0.707107 0
    outer loop
      vertex 17.8355 16.0591 2.5
      vertex 16.0591 17.8355 0
      vertex 16.0591 17.8355 2.5
    endloop
  endfacet
  facet normal 0.707107 0.707107 0
    outer loop
      vertex 16.0591 17.8355 0
      vertex 17.8355 16.0591 2.5
      vertex 17.8355 16.0591 0
    endloop
  endfacet
  facet normal -0.0523728 0.998628 0
    outer loop
      vertex -1.5 23.9214 0
      vertex -2.50868 23.8685 2.5
      vertex -1.5 23.9214 2.5
    endloop
  endfacet
  facet normal -0.0523728 0.998628 0
    outer loop
      vertex -2.50868 23.8685 2.5
      vertex -1.5 23.9214 0
      vertex -2.50868 23.8685 0
    endloop
  endfacet
  facet normal 0.891003 0.453997 0
    outer loop
      vertex 21.9251 9.76168 2.5
      vertex 20.7846 12 0
      vertex 20.7846 12 2.5
    endloop
  endfacet
  facet normal 0.891003 0.453997 0
    outer loop
      vertex 20.7846 12 0
      vertex 21.9251 9.76168 2.5
      vertex 21.9251 9.76168 0
    endloop
  endfacet
  facet normal -0.258787 -0.965934 0
    outer loop
      vertex -7.41641 -22.8254 0
      vertex -4.98988 -23.4755 2.5
      vertex -7.41641 -22.8254 2.5
    endloop
  endfacet
  facet normal -0.258787 -0.965934 -0
    outer loop
      vertex -4.98988 -23.4755 2.5
      vertex -7.41641 -22.8254 0
      vertex -4.98988 -23.4755 0
    endloop
  endfacet
  facet normal 0.777154 -0.62931 0
    outer loop
      vertex 17.8355 -16.0591 2.5
      vertex 19.4164 -14.1068 0
      vertex 19.4164 -14.1068 2.5
    endloop
  endfacet
  facet normal 0.777154 -0.62931 0
    outer loop
      vertex 19.4164 -14.1068 0
      vertex 17.8355 -16.0591 2.5
      vertex 17.8355 -16.0591 0
    endloop
  endfacet
  facet normal -0.707107 -0.707107 0
    outer loop
      vertex -16.0591 -17.8355 0
      vertex -17.8355 -16.0591 2.5
      vertex -17.8355 -16.0591 0
    endloop
  endfacet
  facet normal -0.707107 -0.707107 0
    outer loop
      vertex -17.8355 -16.0591 2.5
      vertex -16.0591 -17.8355 0
      vertex -16.0591 -17.8355 2.5
    endloop
  endfacet
  facet normal 0.35838 0.933576 -0
    outer loop
      vertex 9.76168 21.9251 0
      vertex 7.41641 22.8254 2.5
      vertex 9.76168 21.9251 2.5
    endloop
  endfacet
  facet normal 0.35838 0.933576 0
    outer loop
      vertex 7.41641 22.8254 2.5
      vertex 9.76168 21.9251 0
      vertex 7.41641 22.8254 0
    endloop
  endfacet
  facet normal 0.891003 -0.453997 0
    outer loop
      vertex 20.7846 -12 2.5
      vertex 21.9251 -9.76168 0
      vertex 21.9251 -9.76168 2.5
    endloop
  endfacet
  facet normal 0.891003 -0.453997 0
    outer loop
      vertex 21.9251 -9.76168 0
      vertex 20.7846 -12 2.5
      vertex 20.7846 -12 0
    endloop
  endfacet
  facet normal -0.891003 -0.453997 0
    outer loop
      vertex -20.7846 -12 0
      vertex -21.9251 -9.76168 2.5
      vertex -21.9251 -9.76168 0
    endloop
  endfacet
  facet normal -0.891003 -0.453997 0
    outer loop
      vertex -21.9251 -9.76168 2.5
      vertex -20.7846 -12 0
      vertex -20.7846 -12 2.5
    endloop
  endfacet
  facet normal -0.777154 0.62931 0
    outer loop
      vertex -19.4164 14.1068 0
      vertex -17.8355 16.0591 2.5
      vertex -17.8355 16.0591 0
    endloop
  endfacet
  facet normal -0.777154 0.62931 0
    outer loop
      vertex -17.8355 16.0591 2.5
      vertex -19.4164 14.1068 0
      vertex -19.4164 14.1068 2.5
    endloop
  endfacet
  facet normal 0.933576 0.35838 0
    outer loop
      vertex 22.8254 7.41641 2.5
      vertex 21.9251 9.76168 0
      vertex 21.9251 9.76168 2.5
    endloop
  endfacet
  facet normal 0.933576 0.35838 0
    outer loop
      vertex 21.9251 9.76168 0
      vertex 22.8254 7.41641 2.5
      vertex 22.8254 7.41641 0
    endloop
  endfacet
  facet normal 0 0 -1
    outer loop
      vertex -1.15405 21.469 0
      vertex -2.50868 23.8685 0
      vertex -1.5 23.9214 0
    endloop
  endfacet
  facet normal 0 0 -1
    outer loop
      vertex -3.44884 21.2216 0
      vertex -2.50868 23.8685 0
      vertex -1.15405 21.469 0
    endloop
  endfacet
  facet normal 0 0 -1
    outer loop
      vertex -3.44884 21.2216 0
      vertex -4.98988 23.4755 0
      vertex -2.50868 23.8685 0
    endloop
  endfacet
  facet normal 0 0 -1
    outer loop
      vertex -5.70389 20.7296 0
      vertex -4.98988 23.4755 0
      vertex -3.44884 21.2216 0
    endloop
  endfacet
  facet normal 0 0 -1
    outer loop
      vertex -5.70389 20.7296 0
      vertex -7.41641 22.8254 0
      vertex -4.98988 23.4755 0
    endloop
  endfacet
  facet normal 0 0 -1
    outer loop
      vertex -7.8932 19.9987 0
      vertex -7.41641 22.8254 0
      vertex -5.70389 20.7296 0
    endloop
  endfacet
  facet normal 0 0 -1
    outer loop
      vertex -7.8932 19.9987 0
      vertex -9.76168 21.9251 0
      vertex -7.41641 22.8254 0
    endloop
  endfacet
  facet normal 0 0 -1
    outer loop
      vertex -9.99155 19.0373 0
      vertex -9.76168 21.9251 0
      vertex -7.8932 19.9987 0
    endloop
  endfacet
  facet normal 0 0 -1
    outer loop
      vertex -12 20.7846 0
      vertex -9.99155 19.0373 0
      vertex -11.9747 17.8565 0
    endloop
  endfacet
  facet normal 0 0 -1
    outer loop
      vertex -9.99155 19.0373 0
      vertex -12 20.7846 0
      vertex -9.76168 21.9251 0
    endloop
  endfacet
  facet normal 0 0 -1
    outer loop
      vertex -14.1068 19.4164 0
      vertex -11.9747 17.8565 0
      vertex -13.8199 16.47 0
    endloop
  endfacet
  facet normal 0 0 -1
    outer loop
      vertex -11.9747 17.8565 0
      vertex -14.1068 19.4164 0
      vertex -12 20.7846 0
    endloop
  endfacet
  facet normal -0 0 -1
    outer loop
      vertex -1.12583 -0.65 0
      vertex -20.7846 -12 0
      vertex -1.18761 -0.528757 0
    endloop
  endfacet
  facet normal 0 0 -1
    outer loop
      vertex -21.9251 -9.76168 0
      vertex -1.18761 -0.528757 0
      vertex -20.7846 -12 0
    endloop
  endfacet
  facet normal 0 0 -1
    outer loop
      vertex -13.8199 16.47 0
      vertex -16.0591 17.8355 0
      vertex -14.1068 19.4164 0
    endloop
  endfacet
  facet normal -0 0 -1
    outer loop
      vertex -1.18761 -0.528757 0
      vertex -21.9251 -9.76168 0
      vertex -1.23637 -0.401722 0
    endloop
  endfacet
  facet normal -0 0 -1
    outer loop
      vertex -13.8199 16.47 0
      vertex -17.8355 16.0591 0
      vertex -16.0591 17.8355 0
    endloop
  endfacet
  facet normal 0 0 -1
    outer loop
      vertex -22.8254 -7.41641 0
      vertex -1.23637 -0.401722 0
      vertex -21.9251 -9.76168 0
    endloop
  endfacet
  facet normal 0 0 -1
    outer loop
      vertex -13.8199 16.47 0
      vertex -19.4164 14.1068 0
      vertex -17.8355 16.0591 0
    endloop
  endfacet
  facet normal 0 0 -1
    outer loop
      vertex -23.4755 -4.98988 0
      vertex -1.23637 -0.401722 0
      vertex -22.8254 -7.41641 0
    endloop
  endfacet
  facet normal 0 0 -1
    outer loop
      vertex -13.8199 16.47 0
      vertex -20.7846 12 0
      vertex -19.4164 14.1068 0
    endloop
  endfacet
  facet normal -0 0 -1
    outer loop
      vertex -1.23637 -0.401722 0
      vertex -23.4755 -4.98988 0
      vertex -4.49951 5.36231 0
    endloop
  endfacet
  facet normal 0 0 -1
    outer loop
      vertex -4.49951 5.36231 0
      vertex -20.7846 12 0
      vertex -13.8199 16.47 0
    endloop
  endfacet
  facet normal 0 0 -1
    outer loop
      vertex -23.8685 -2.50868 0
      vertex -4.49951 5.36231 0
      vertex -23.4755 -4.98988 0
    endloop
  endfacet
  facet normal 0 -0 -1
    outer loop
      vertex -20.7846 12 0
      vertex -4.49951 5.36231 0
      vertex -21.9251 9.76168 0
    endloop
  endfacet
  facet normal 0 0 -1
    outer loop
      vertex -24 0 0
      vertex -4.49951 5.36231 0
      vertex -23.8685 -2.50868 0
    endloop
  endfacet
  facet normal 0 -0 -1
    outer loop
      vertex -21.9251 9.76168 0
      vertex -4.49951 5.36231 0
      vertex -22.8254 7.41641 0
    endloop
  endfacet
  facet normal 0 -0 -1
    outer loop
      vertex -23.8685 2.50868 0
      vertex -4.49951 5.36231 0
      vertex -24 0 0
    endloop
  endfacet
  facet normal 0 -0 -1
    outer loop
      vertex -22.8254 7.41641 0
      vertex -4.49951 5.36231 0
      vertex -23.4755 4.98988 0
    endloop
  endfacet
  facet normal 0 -0 -1
    outer loop
      vertex -23.4755 4.98988 0
      vertex -4.49951 5.36231 0
      vertex -23.8685 2.50868 0
    endloop
  endfacet
  facet normal 0 0 -1
    outer loop
      vertex 4.49951 5.36231 0
      vertex 24 0 0
      vertex 23.8685 -2.50868 0
    endloop
  endfacet
  facet normal 0 0 -1
    outer loop
      vertex 4.49951 5.36231 0
      vertex 23.8685 -2.50868 0
      vertex 23.4755 -4.98988 0
    endloop
  endfacet
  facet normal 0 0 -1
    outer loop
      vertex 24 0 0
      vertex 4.49951 5.36231 0
      vertex 23.8685 2.50868 0
    endloop
  endfacet
  facet normal 0 0 -1
    outer loop
      vertex 1.27159 -0.270285 0
      vertex 23.4755 -4.98988 0
      vertex 22.8254 -7.41641 0
    endloop
  endfacet
  facet normal 0 0 -1
    outer loop
      vertex 23.8685 2.50868 0
      vertex 4.49951 5.36231 0
      vertex 23.4755 4.98988 0
    endloop
  endfacet
  facet normal 0 0 -1
    outer loop
      vertex 1.23637 -0.401722 0
      vertex 22.8254 -7.41641 0
      vertex 21.9251 -9.76168 0
    endloop
  endfacet
  facet normal 0 0 -1
    outer loop
      vertex 23.4755 4.98988 0
      vertex 4.49951 5.36231 0
      vertex 22.8254 7.41641 0
    endloop
  endfacet
  facet normal 0 0 -1
    outer loop
      vertex 1.18761 -0.528757 0
      vertex 21.9251 -9.76168 0
      vertex 20.7846 -12 0
    endloop
  endfacet
  facet normal -0 0 -1
    outer loop
      vertex 22.8254 7.41641 0
      vertex 4.49951 5.36231 0
      vertex 21.9251 9.76168 0
    endloop
  endfacet
  facet normal 0 0 -1
    outer loop
      vertex 1.12583 -0.65 0
      vertex 20.7846 -12 0
      vertex 19.4164 -14.1068 0
    endloop
  endfacet
  facet normal -0 0 -1
    outer loop
      vertex 21.9251 9.76168 0
      vertex 4.49951 5.36231 0
      vertex 20.7846 12 0
    endloop
  endfacet
  facet normal 0 0 -1
    outer loop
      vertex 1.05172 -0.76412 0
      vertex 19.4164 -14.1068 0
      vertex 17.8355 -16.0591 0
    endloop
  endfacet
  facet normal 0 -0 -1
    outer loop
      vertex 13.8199 16.47 0
      vertex 20.7846 12 0
      vertex 4.49951 5.36231 0
    endloop
  endfacet
  facet normal 0 0 -1
    outer loop
      vertex 0.966087 -0.869869 0
      vertex 17.8355 -16.0591 0
      vertex 16.0591 -17.8355 0
    endloop
  endfacet
  facet normal 0 0 -1
    outer loop
      vertex 20.7846 12 0
      vertex 13.8199 16.47 0
      vertex 19.4164 14.1068 0
    endloop
  endfacet
  facet normal 0 0 -1
    outer loop
      vertex 0.869869 -0.966087 0
      vertex 16.0591 -17.8355 0
      vertex 14.1068 -19.4164 0
    endloop
  endfacet
  facet normal 0 0 -1
    outer loop
      vertex 17.8355 16.0591 0
      vertex 13.8199 16.47 0
      vertex 16.0591 17.8355 0
    endloop
  endfacet
  facet normal -0 0 -1
    outer loop
      vertex 16.0591 17.8355 0
      vertex 13.8199 16.47 0
      vertex 14.1068 19.4164 0
    endloop
  endfacet
  facet normal 0 0 -1
    outer loop
      vertex 0.76412 -1.05172 0
      vertex 14.1068 -19.4164 0
      vertex 12 -20.7846 0
    endloop
  endfacet
  facet normal 0 0 -1
    outer loop
      vertex 0.65 -1.12583 0
      vertex 12 -20.7846 0
      vertex 9.76168 -21.9251 0
    endloop
  endfacet
  facet normal 0 0 -1
    outer loop
      vertex 0.528757 -1.18761 0
      vertex 9.76168 -21.9251 0
      vertex 7.41641 -22.8254 0
    endloop
  endfacet
  facet normal 0 0 -1
    outer loop
      vertex 0.401722 -1.23637 0
      vertex 7.41641 -22.8254 0
      vertex 4.98988 -23.4755 0
    endloop
  endfacet
  facet normal 0 0 -1
    outer loop
      vertex 19.4164 14.1068 0
      vertex 13.8199 16.47 0
      vertex 17.8355 16.0591 0
    endloop
  endfacet
  facet normal 0 0 -1
    outer loop
      vertex 22.8254 -7.41641 0
      vertex 1.23637 -0.401722 0
      vertex 1.27159 -0.270285 0
    endloop
  endfacet
  facet normal 0 0 -1
    outer loop
      vertex 23.4755 -4.98988 0
      vertex 1.27159 -0.270285 0
      vertex 4.49951 5.36231 0
    endloop
  endfacet
  facet normal 0 -0 -1
    outer loop
      vertex 1.3 0 0
      vertex 4.49951 5.36231 0
      vertex 1.29288 -0.135886 0
    endloop
  endfacet
  facet normal 0 0 -1
    outer loop
      vertex 0.270285 -1.27159 0
      vertex 4.98988 -23.4755 0
      vertex 2.50868 -23.8685 0
    endloop
  endfacet
  facet normal 0 0 -1
    outer loop
      vertex 1.27159 0.270285 0
      vertex 4.49951 5.36231 0
      vertex 1.29288 0.135886 0
    endloop
  endfacet
  facet normal 0 0 -1
    outer loop
      vertex 1.18761 0.528757 0
      vertex 4.49951 5.36231 0
      vertex 1.23637 0.401722 0
    endloop
  endfacet
  facet normal 0 0 -1
    outer loop
      vertex 1.23637 0.401722 0
      vertex 4.49951 5.36231 0
      vertex 1.27159 0.270285 0
    endloop
  endfacet
  facet normal 0 0 -1
    outer loop
      vertex 1.29288 0.135886 0
      vertex 4.49951 5.36231 0
      vertex 1.3 0 0
    endloop
  endfacet
  facet normal 0 -0 -1
    outer loop
      vertex 1.29288 -0.135886 0
      vertex 4.49951 5.36231 0
      vertex 1.27159 -0.270285 0
    endloop
  endfacet
  facet normal 0 0 -1
    outer loop
      vertex 21.9251 -9.76168 0
      vertex 1.18761 -0.528757 0
      vertex 1.23637 -0.401722 0
    endloop
  endfacet
  facet normal 0 0 -1
    outer loop
      vertex 20.7846 -12 0
      vertex 1.12583 -0.65 0
      vertex 1.18761 -0.528757 0
    endloop
  endfacet
  facet normal 0 0 -1
    outer loop
      vertex 19.4164 -14.1068 0
      vertex 1.05172 -0.76412 0
      vertex 1.12583 -0.65 0
    endloop
  endfacet
  facet normal 0 0 -1
    outer loop
      vertex 17.8355 -16.0591 0
      vertex 0.966087 -0.869869 0
      vertex 1.05172 -0.76412 0
    endloop
  endfacet
  facet normal 0 0 -1
    outer loop
      vertex 16.0591 -17.8355 0
      vertex 0.869869 -0.966087 0
      vertex 0.966087 -0.869869 0
    endloop
  endfacet
  facet normal 0 0 -1
    outer loop
      vertex 14.1068 -19.4164 0
      vertex 0.76412 -1.05172 0
      vertex 0.869869 -0.966087 0
    endloop
  endfacet
  facet normal 0 0 -1
    outer loop
      vertex 12 -20.7846 0
      vertex 0.65 -1.12583 0
      vertex 0.76412 -1.05172 0
    endloop
  endfacet
  facet normal 0 0 -1
    outer loop
      vertex 9.76168 -21.9251 0
      vertex 0.528757 -1.18761 0
      vertex 0.65 -1.12583 0
    endloop
  endfacet
  facet normal 0 0 -1
    outer loop
      vertex 7.41641 -22.8254 0
      vertex 0.401722 -1.23637 0
      vertex 0.528757 -1.18761 0
    endloop
  endfacet
  facet normal 0 0 -1
    outer loop
      vertex 4.98988 -23.4755 0
      vertex 0.270285 -1.27159 0
      vertex 0.401722 -1.23637 0
    endloop
  endfacet
  facet normal 0 0 -1
    outer loop
      vertex 2.50868 -23.8685 0
      vertex 0.135886 -1.29288 0
      vertex 0.270285 -1.27159 0
    endloop
  endfacet
  facet normal 0 0 -1
    outer loop
      vertex 0 -24 0
      vertex 0.135886 -1.29288 0
      vertex 2.50868 -23.8685 0
    endloop
  endfacet
  facet normal 0 0 -1
    outer loop
      vertex 0 -24 0
      vertex 0 -1.3 0
      vertex 0.135886 -1.29288 0
    endloop
  endfacet
  facet normal 0 0 -1
    outer loop
      vertex 0 -24 0
      vertex -0.135886 -1.29288 0
      vertex 0 -1.3 0
    endloop
  endfacet
  facet normal 0 0 -1
    outer loop
      vertex -2.50868 -23.8685 0
      vertex -0.135886 -1.29288 0
      vertex 0 -24 0
    endloop
  endfacet
  facet normal -0 0 -1
    outer loop
      vertex -0.135886 -1.29288 0
      vertex -2.50868 -23.8685 0
      vertex -0.270285 -1.27159 0
    endloop
  endfacet
  facet normal 0 0 -1
    outer loop
      vertex -4.98988 -23.4755 0
      vertex -0.270285 -1.27159 0
      vertex -2.50868 -23.8685 0
    endloop
  endfacet
  facet normal -0 0 -1
    outer loop
      vertex -0.270285 -1.27159 0
      vertex -4.98988 -23.4755 0
      vertex -0.401722 -1.23637 0
    endloop
  endfacet
  facet normal 0 0 -1
    outer loop
      vertex -7.41641 -22.8254 0
      vertex -0.401722 -1.23637 0
      vertex -4.98988 -23.4755 0
    endloop
  endfacet
  facet normal -0 0 -1
    outer loop
      vertex -0.401722 -1.23637 0
      vertex -7.41641 -22.8254 0
      vertex -0.528757 -1.18761 0
    endloop
  endfacet
  facet normal 0 0 -1
    outer loop
      vertex -9.76168 -21.9251 0
      vertex -0.528757 -1.18761 0
      vertex -7.41641 -22.8254 0
    endloop
  endfacet
  facet normal -0 0 -1
    outer loop
      vertex -0.528757 -1.18761 0
      vertex -9.76168 -21.9251 0
      vertex -0.65 -1.12583 0
    endloop
  endfacet
  facet normal 0 0 -1
    outer loop
      vertex -12 -20.7846 0
      vertex -0.65 -1.12583 0
      vertex -9.76168 -21.9251 0
    endloop
  endfacet
  facet normal -0 0 -1
    outer loop
      vertex -0.65 -1.12583 0
      vertex -12 -20.7846 0
      vertex -0.76412 -1.05172 0
    endloop
  endfacet
  facet normal 0 0 -1
    outer loop
      vertex -14.1068 -19.4164 0
      vertex -0.76412 -1.05172 0
      vertex -12 -20.7846 0
    endloop
  endfacet
  facet normal -0 0 -1
    outer loop
      vertex -0.76412 -1.05172 0
      vertex -14.1068 -19.4164 0
      vertex -0.869869 -0.966087 0
    endloop
  endfacet
  facet normal 0 0 -1
    outer loop
      vertex -16.0591 -17.8355 0
      vertex -0.869869 -0.966087 0
      vertex -14.1068 -19.4164 0
    endloop
  endfacet
  facet normal 0 0 -1
    outer loop
      vertex -4.49951 5.36231 0
      vertex -1.3 0 0
      vertex -1.29288 -0.135886 0
    endloop
  endfacet
  facet normal -0 0 -1
    outer loop
      vertex -0.869869 -0.966087 0
      vertex -16.0591 -17.8355 0
      vertex -0.966087 -0.869869 0
    endloop
  endfacet
  facet normal 0 0 -1
    outer loop
      vertex -17.8355 -16.0591 0
      vertex -0.966087 -0.869869 0
      vertex -16.0591 -17.8355 0
    endloop
  endfacet
  facet normal 0 0 -1
    outer loop
      vertex -1.3 0 0
      vertex -4.49951 5.36231 0
      vertex -3.89875 5.81375 0
    endloop
  endfacet
  facet normal 0 0 -1
    outer loop
      vertex -1.3 0 0
      vertex -2.56988 6.5112 0
      vertex -1.85708 6.74917 0
    endloop
  endfacet
  facet normal 0 0 -1
    outer loop
      vertex -1.3 0 0
      vertex -3.25306 6.19819 0
      vertex -2.56988 6.5112 0
    endloop
  endfacet
  facet normal 0 0 -1
    outer loop
      vertex -1.3 0 0
      vertex -3.89875 5.81375 0
      vertex -3.25306 6.19819 0
    endloop
  endfacet
  facet normal -0 0 -1
    outer loop
      vertex -0.966087 -0.869869 0
      vertex -17.8355 -16.0591 0
      vertex -1.05172 -0.76412 0
    endloop
  endfacet
  facet normal 0 0 -1
    outer loop
      vertex -19.4164 -14.1068 0
      vertex -1.05172 -0.76412 0
      vertex -17.8355 -16.0591 0
    endloop
  endfacet
  facet normal -0 0 -1
    outer loop
      vertex -1.05172 -0.76412 0
      vertex -19.4164 -14.1068 0
      vertex -1.12583 -0.65 0
    endloop
  endfacet
  facet normal 0 0 -1
    outer loop
      vertex -1.23637 -0.401722 0
      vertex -4.49951 5.36231 0
      vertex -1.27159 -0.270285 0
    endloop
  endfacet
  facet normal 0 0 -1
    outer loop
      vertex -1.27159 -0.270285 0
      vertex -4.49951 5.36231 0
      vertex -1.29288 -0.135886 0
    endloop
  endfacet
  facet normal 0 0 -1
    outer loop
      vertex -20.7846 -12 0
      vertex -1.12583 -0.65 0
      vertex -19.4164 -14.1068 0
    endloop
  endfacet
  facet normal 0 0 -1
    outer loop
      vertex 11.9747 17.8565 0
      vertex 14.1068 19.4164 0
      vertex 13.8199 16.47 0
    endloop
  endfacet
  facet normal -0 0 -1
    outer loop
      vertex 14.1068 19.4164 0
      vertex 11.9747 17.8565 0
      vertex 12 20.7846 0
    endloop
  endfacet
  facet normal 0 0 -1
    outer loop
      vertex 9.99155 19.0373 0
      vertex 12 20.7846 0
      vertex 11.9747 17.8565 0
    endloop
  endfacet
  facet normal 0 0 -1
    outer loop
      vertex 9.99155 19.0373 0
      vertex 9.76168 21.9251 0
      vertex 12 20.7846 0
    endloop
  endfacet
  facet normal 0 0 -1
    outer loop
      vertex 7.8932 19.9987 0
      vertex 9.76168 21.9251 0
      vertex 9.99155 19.0373 0
    endloop
  endfacet
  facet normal 0 0 -1
    outer loop
      vertex 7.8932 19.9987 0
      vertex 7.41641 22.8254 0
      vertex 9.76168 21.9251 0
    endloop
  endfacet
  facet normal 0 0 -1
    outer loop
      vertex 5.70389 20.7296 0
      vertex 7.41641 22.8254 0
      vertex 7.8932 19.9987 0
    endloop
  endfacet
  facet normal 0 0 -1
    outer loop
      vertex 5.70389 20.7296 0
      vertex 4.98988 23.4755 0
      vertex 7.41641 22.8254 0
    endloop
  endfacet
  facet normal 0 0 -1
    outer loop
      vertex 3.44884 21.2216 0
      vertex 4.98988 23.4755 0
      vertex 5.70389 20.7296 0
    endloop
  endfacet
  facet normal 0 0 -1
    outer loop
      vertex 3.44884 21.2216 0
      vertex 2.50868 23.8685 0
      vertex 4.98988 23.4755 0
    endloop
  endfacet
  facet normal 0 0 -1
    outer loop
      vertex 1.15405 21.469 0
      vertex 2.50868 23.8685 0
      vertex 3.44884 21.2216 0
    endloop
  endfacet
  facet normal -0 0 -1
    outer loop
      vertex 2.50868 23.8685 0
      vertex 1.15405 21.469 0
      vertex 1.5 23.9214 0
    endloop
  endfacet
  facet normal 0 0 -1
    outer loop
      vertex -1.5 23.9214 0
      vertex 1.5 23.9214 0
      vertex 1.15405 21.469 0
    endloop
  endfacet
  facet normal 0 0 -1
    outer loop
      vertex -1.5 23.9214 0
      vertex 1.15405 21.469 0
      vertex -1.15405 21.469 0
    endloop
  endfacet
  facet normal 0 0 -1
    outer loop
      vertex 1.5 23.9214 0
      vertex -1.5 23.9214 0
      vertex 1.5 26.5 0
    endloop
  endfacet
  facet normal -0 0 -1
    outer loop
      vertex 1.5 26.5 0
      vertex -1.5 23.9214 0
      vertex -1.5 26.5 0
    endloop
  endfacet
  facet normal 0 0 -1
    outer loop
      vertex 1.12583 0.65 0
      vertex 4.49951 5.36231 0
      vertex 1.18761 0.528757 0
    endloop
  endfacet
  facet normal 0 0 -1
    outer loop
      vertex 1.05172 0.76412 0
      vertex 4.49951 5.36231 0
      vertex 1.12583 0.65 0
    endloop
  endfacet
  facet normal 0 0 -1
    outer loop
      vertex 0.966087 0.869869 0
      vertex 4.49951 5.36231 0
      vertex 1.05172 0.76412 0
    endloop
  endfacet
  facet normal 0 0 -1
    outer loop
      vertex 0.869869 0.966087 0
      vertex 4.49951 5.36231 0
      vertex 0.966087 0.869869 0
    endloop
  endfacet
  facet normal 0 0 -1
    outer loop
      vertex 0.76412 1.05172 0
      vertex 4.49951 5.36231 0
      vertex 0.869869 0.966087 0
    endloop
  endfacet
  facet normal -0 0 -1
    outer loop
      vertex 4.49951 5.36231 0
      vertex 0.76412 1.05172 0
      vertex 3.89875 5.81375 0
    endloop
  endfacet
  facet normal 0 0 -1
    outer loop
      vertex 0.65 1.12583 0
      vertex 3.89875 5.81375 0
      vertex 0.76412 1.05172 0
    endloop
  endfacet
  facet normal -0 0 -1
    outer loop
      vertex 3.89875 5.81375 0
      vertex 0.65 1.12583 0
      vertex 3.25306 6.19819 0
    endloop
  endfacet
  facet normal 0 0 -1
    outer loop
      vertex 0.528757 1.18761 0
      vertex 3.25306 6.19819 0
      vertex 0.65 1.12583 0
    endloop
  endfacet
  facet normal -0 0 -1
    outer loop
      vertex 3.25306 6.19819 0
      vertex 0.528757 1.18761 0
      vertex 2.56988 6.5112 0
    endloop
  endfacet
  facet normal 0 0 -1
    outer loop
      vertex 0.401722 1.23637 0
      vertex 2.56988 6.5112 0
      vertex 0.528757 1.18761 0
    endloop
  endfacet
  facet normal -0 0 -1
    outer loop
      vertex 2.56988 6.5112 0
      vertex 0.401722 1.23637 0
      vertex 1.85708 6.74917 0
    endloop
  endfacet
  facet normal 0 0 -1
    outer loop
      vertex 0.270285 1.27159 0
      vertex 1.85708 6.74917 0
      vertex 0.401722 1.23637 0
    endloop
  endfacet
  facet normal -0 0 -1
    outer loop
      vertex 1.85708 6.74917 0
      vertex 0.270285 1.27159 0
      vertex 1.12288 6.90935 0
    endloop
  endfacet
  facet normal 0 0 -1
    outer loop
      vertex 0.135886 1.29288 0
      vertex 1.12288 6.90935 0
      vertex 0.270285 1.27159 0
    endloop
  endfacet
  facet normal -0 0 -1
    outer loop
      vertex 1.12288 6.90935 0
      vertex 0.135886 1.29288 0
      vertex 0.375736 6.98991 0
    endloop
  endfacet
  facet normal 0 0 -1
    outer loop
      vertex 0 1.3 0
      vertex 0.375736 6.98991 0
      vertex 0.135886 1.29288 0
    endloop
  endfacet
  facet normal 0 0 -1
    outer loop
      vertex -0.375736 6.98991 0
      vertex 0 1.3 0
      vertex -0.135886 1.29288 0
    endloop
  endfacet
  facet normal 0 0 -1
    outer loop
      vertex -1.12288 6.90935 0
      vertex -0.135886 1.29288 0
      vertex -0.270285 1.27159 0
    endloop
  endfacet
  facet normal 0 0 -1
    outer loop
      vertex 0 1.3 0
      vertex -0.375736 6.98991 0
      vertex 0.375736 6.98991 0
    endloop
  endfacet
  facet normal 0 0 -1
    outer loop
      vertex -1.85708 6.74917 0
      vertex -0.270285 1.27159 0
      vertex -0.401722 1.23637 0
    endloop
  endfacet
  facet normal 0 0 -1
    outer loop
      vertex -1.85708 6.74917 0
      vertex -0.401722 1.23637 0
      vertex -0.528757 1.18761 0
    endloop
  endfacet
  facet normal 0 0 -1
    outer loop
      vertex -1.85708 6.74917 0
      vertex -0.528757 1.18761 0
      vertex -0.65 1.12583 0
    endloop
  endfacet
  facet normal 0 0 -1
    outer loop
      vertex -1.85708 6.74917 0
      vertex -0.65 1.12583 0
      vertex -0.76412 1.05172 0
    endloop
  endfacet
  facet normal 0 0 -1
    outer loop
      vertex -1.85708 6.74917 0
      vertex -0.76412 1.05172 0
      vertex -0.869869 0.966087 0
    endloop
  endfacet
  facet normal 0 0 -1
    outer loop
      vertex -1.85708 6.74917 0
      vertex -0.869869 0.966087 0
      vertex -0.966087 0.869869 0
    endloop
  endfacet
  facet normal 0 0 -1
    outer loop
      vertex -1.85708 6.74917 0
      vertex -0.966087 0.869869 0
      vertex -1.05172 0.76412 0
    endloop
  endfacet
  facet normal 0 0 -1
    outer loop
      vertex -0.135886 1.29288 0
      vertex -1.12288 6.90935 0
      vertex -0.375736 6.98991 0
    endloop
  endfacet
  facet normal 0 0 -1
    outer loop
      vertex -1.85708 6.74917 0
      vertex -1.05172 0.76412 0
      vertex -1.12583 0.65 0
    endloop
  endfacet
  facet normal 0 0 -1
    outer loop
      vertex -1.85708 6.74917 0
      vertex -1.12583 0.65 0
      vertex -1.18761 0.528757 0
    endloop
  endfacet
  facet normal 0 0 -1
    outer loop
      vertex -1.85708 6.74917 0
      vertex -1.18761 0.528757 0
      vertex -1.23637 0.401722 0
    endloop
  endfacet
  facet normal 0 0 -1
    outer loop
      vertex -1.85708 6.74917 0
      vertex -1.23637 0.401722 0
      vertex -1.27159 0.270285 0
    endloop
  endfacet
  facet normal 0 0 -1
    outer loop
      vertex -1.85708 6.74917 0
      vertex -1.27159 0.270285 0
      vertex -1.29288 0.135886 0
    endloop
  endfacet
  facet normal 0 0 -1
    outer loop
      vertex -1.85708 6.74917 0
      vertex -1.29288 0.135886 0
      vertex -1.3 0 0
    endloop
  endfacet
  facet normal 0 0 -1
    outer loop
      vertex -0.270285 1.27159 0
      vertex -1.85708 6.74917 0
      vertex -1.12288 6.90935 0
    endloop
  endfacet
  facet normal 0.987687 -0.156441 0
    outer loop
      vertex 23.4755 -4.98988 2.5
      vertex 23.8685 -2.50868 0
      vertex 23.8685 -2.50868 2.5
    endloop
  endfacet
  facet normal 0.987687 -0.156441 0
    outer loop
      vertex 23.8685 -2.50868 0
      vertex 23.4755 -4.98988 2.5
      vertex 23.4755 -4.98988 0
    endloop
  endfacet
  facet normal -0.838665 0.544647 0
    outer loop
      vertex -20.7846 12 0
      vertex -19.4164 14.1068 2.5
      vertex -19.4164 14.1068 0
    endloop
  endfacet
  facet normal -0.838665 0.544647 0
    outer loop
      vertex -19.4164 14.1068 2.5
      vertex -20.7846 12 0
      vertex -20.7846 12 2.5
    endloop
  endfacet
  facet normal 0.35838 -0.933576 0
    outer loop
      vertex 7.41641 -22.8254 0
      vertex 9.76168 -21.9251 2.5
      vertex 7.41641 -22.8254 2.5
    endloop
  endfacet
  facet normal 0.35838 -0.933576 0
    outer loop
      vertex 9.76168 -21.9251 2.5
      vertex 7.41641 -22.8254 0
      vertex 9.76168 -21.9251 0
    endloop
  endfacet
  facet normal -0.987687 0.156441 0
    outer loop
      vertex -23.8685 2.50868 0
      vertex -23.4755 4.98988 2.5
      vertex -23.4755 4.98988 0
    endloop
  endfacet
  facet normal -0.987687 0.156441 0
    outer loop
      vertex -23.4755 4.98988 2.5
      vertex -23.8685 2.50868 0
      vertex -23.8685 2.50868 2.5
    endloop
  endfacet
  facet normal 0.965934 0.258787 0
    outer loop
      vertex 23.4755 4.98988 2.5
      vertex 22.8254 7.41641 0
      vertex 22.8254 7.41641 2.5
    endloop
  endfacet
  facet normal 0.965934 0.258787 0
    outer loop
      vertex 22.8254 7.41641 0
      vertex 23.4755 4.98988 2.5
      vertex 23.4755 4.98988 0
    endloop
  endfacet
  facet normal -0.933576 0.35838 0
    outer loop
      vertex -22.8254 7.41641 0
      vertex -21.9251 9.76168 2.5
      vertex -21.9251 9.76168 0
    endloop
  endfacet
  facet normal -0.933576 0.35838 0
    outer loop
      vertex -21.9251 9.76168 2.5
      vertex -22.8254 7.41641 0
      vertex -22.8254 7.41641 2.5
    endloop
  endfacet
  facet normal -0.891003 0.453997 0
    outer loop
      vertex -21.9251 9.76168 0
      vertex -20.7846 12 2.5
      vertex -20.7846 12 0
    endloop
  endfacet
  facet normal -0.891003 0.453997 0
    outer loop
      vertex -20.7846 12 2.5
      vertex -21.9251 9.76168 0
      vertex -21.9251 9.76168 2.5
    endloop
  endfacet
  facet normal -0.965934 -0.258787 0
    outer loop
      vertex -22.8254 -7.41641 0
      vertex -23.4755 -4.98988 2.5
      vertex -23.4755 -4.98988 0
    endloop
  endfacet
  facet normal -0.965934 -0.258787 0
    outer loop
      vertex -23.4755 -4.98988 2.5
      vertex -22.8254 -7.41641 0
      vertex -22.8254 -7.41641 2.5
    endloop
  endfacet
  facet normal -0.987687 -0.156441 0
    outer loop
      vertex -23.4755 -4.98988 0
      vertex -23.8685 -2.50868 2.5
      vertex -23.8685 -2.50868 0
    endloop
  endfacet
  facet normal -0.987687 -0.156441 0
    outer loop
      vertex -23.8685 -2.50868 2.5
      vertex -23.4755 -4.98988 0
      vertex -23.4755 -4.98988 2.5
    endloop
  endfacet
  facet normal -0.998629 -0.0523461 0
    outer loop
      vertex -23.8685 -2.50868 0
      vertex -24 0 2.5
      vertex -24 0 0
    endloop
  endfacet
  facet normal -0.998629 -0.0523461 0
    outer loop
      vertex -24 0 2.5
      vertex -23.8685 -2.50868 0
      vertex -23.8685 -2.50868 2.5
    endloop
  endfacet
  facet normal -0.965934 0.258787 0
    outer loop
      vertex -23.4755 4.98988 0
      vertex -22.8254 7.41641 2.5
      vertex -22.8254 7.41641 0
    endloop
  endfacet
  facet normal -0.965934 0.258787 0
    outer loop
      vertex -22.8254 7.41641 2.5
      vertex -23.4755 4.98988 0
      vertex -23.4755 4.98988 2.5
    endloop
  endfacet
  facet normal 0 0 1
    outer loop
      vertex -1.5 23.9214 2.5
      vertex 1.5 23.9214 2.5
      vertex 1.5 26.5 2.5
    endloop
  endfacet
  facet normal 0 0 1
    outer loop
      vertex 1.5 23.9214 2.5
      vertex -1.5 23.9214 2.5
      vertex 1.15405 21.469 2.5
    endloop
  endfacet
  facet normal 0 0 1
    outer loop
      vertex -1.5 23.9214 2.5
      vertex 1.5 26.5 2.5
      vertex -1.5 26.5 2.5
    endloop
  endfacet
  facet normal 0 0 1
    outer loop
      vertex 1.15405 21.469 2.5
      vertex -1.5 23.9214 2.5
      vertex -1.15405 21.469 2.5
    endloop
  endfacet
  facet normal -0 0 1
    outer loop
      vertex -2.50868 23.8685 2.5
      vertex -1.15405 21.469 2.5
      vertex -1.5 23.9214 2.5
    endloop
  endfacet
  facet normal 0 0 1
    outer loop
      vertex -2.50868 23.8685 2.5
      vertex -3.44884 21.2216 2.5
      vertex -1.15405 21.469 2.5
    endloop
  endfacet
  facet normal -0 0 1
    outer loop
      vertex -4.98988 23.4755 2.5
      vertex -3.44884 21.2216 2.5
      vertex -2.50868 23.8685 2.5
    endloop
  endfacet
  facet normal 0 0 1
    outer loop
      vertex -4.98988 23.4755 2.5
      vertex -5.70389 20.7296 2.5
      vertex -3.44884 21.2216 2.5
    endloop
  endfacet
  facet normal -0 0 1
    outer loop
      vertex -7.41641 22.8254 2.5
      vertex -5.70389 20.7296 2.5
      vertex -4.98988 23.4755 2.5
    endloop
  endfacet
  facet normal 0 0 1
    outer loop
      vertex -7.41641 22.8254 2.5
      vertex -7.8932 19.9987 2.5
      vertex -5.70389 20.7296 2.5
    endloop
  endfacet
  facet normal -0 0 1
    outer loop
      vertex -9.76168 21.9251 2.5
      vertex -7.8932 19.9987 2.5
      vertex -7.41641 22.8254 2.5
    endloop
  endfacet
  facet normal 0 0 1
    outer loop
      vertex -9.76168 21.9251 2.5
      vertex -9.99155 19.0373 2.5
      vertex -7.8932 19.9987 2.5
    endloop
  endfacet
  facet normal -0 0 1
    outer loop
      vertex -12 20.7846 2.5
      vertex -9.99155 19.0373 2.5
      vertex -9.76168 21.9251 2.5
    endloop
  endfacet
  facet normal 0 0 1
    outer loop
      vertex -9.99155 19.0373 2.5
      vertex -12 20.7846 2.5
      vertex -11.9747 17.8565 2.5
    endloop
  endfacet
  facet normal -0 0 1
    outer loop
      vertex -14.1068 19.4164 2.5
      vertex -11.9747 17.8565 2.5
      vertex -12 20.7846 2.5
    endloop
  endfacet
  facet normal 0 0 1
    outer loop
      vertex -11.9747 17.8565 2.5
      vertex -14.1068 19.4164 2.5
      vertex -13.8199 16.47 2.5
    endloop
  endfacet
  facet normal -0 0 1
    outer loop
      vertex 9.25 2.4 2.5
      vertex 24 0 2.5
      vertex 23.8685 2.50868 2.5
    endloop
  endfacet
  facet normal 0 0 1
    outer loop
      vertex 9.25 2.4 2.5
      vertex 23.8685 2.50868 2.5
      vertex 23.4755 4.98988 2.5
    endloop
  endfacet
  facet normal 0 0 1
    outer loop
      vertex 9.25 -2.4 2.5
      vertex 24 0 2.5
      vertex 9.25 2.4 2.5
    endloop
  endfacet
  facet normal 0 0 1
    outer loop
      vertex 9.25 2.4 2.5
      vertex 23.4755 4.98988 2.5
      vertex 22.8254 7.41641 2.5
    endloop
  endfacet
  facet normal 0 0 1
    outer loop
      vertex 24 0 2.5
      vertex 9.25 -2.4 2.5
      vertex 23.8685 -2.50868 2.5
    endloop
  endfacet
  facet normal 0 0 1
    outer loop
      vertex 9.25 2.4 2.5
      vertex 22.8254 7.41641 2.5
      vertex 21.9251 9.76168 2.5
    endloop
  endfacet
  facet normal 0 0 1
    outer loop
      vertex 23.8685 -2.50868 2.5
      vertex 9.25 -2.4 2.5
      vertex 23.4755 -4.98988 2.5
    endloop
  endfacet
  facet normal 0 0 1
    outer loop
      vertex 9.25 2.4 2.5
      vertex 21.9251 9.76168 2.5
      vertex 20.7846 12 2.5
    endloop
  endfacet
  facet normal 0 0 1
    outer loop
      vertex 23.4755 -4.98988 2.5
      vertex 9.25 -2.4 2.5
      vertex 22.8254 -7.41641 2.5
    endloop
  endfacet
  facet normal 0 0 1
    outer loop
      vertex 13.8199 16.47 2.5
      vertex 20.7846 12 2.5
      vertex 19.4164 14.1068 2.5
    endloop
  endfacet
  facet normal 0 0 1
    outer loop
      vertex 22.8254 -7.41641 2.5
      vertex 9.25 -2.4 2.5
      vertex 21.9251 -9.76168 2.5
    endloop
  endfacet
  facet normal 0 0 1
    outer loop
      vertex 13.8199 16.47 2.5
      vertex 19.4164 14.1068 2.5
      vertex 17.8355 16.0591 2.5
    endloop
  endfacet
  facet normal 0 0 1
    outer loop
      vertex 21.9251 -9.76168 2.5
      vertex 9.25 -2.4 2.5
      vertex 20.7846 -12 2.5
    endloop
  endfacet
  facet normal -0 0 1
    outer loop
      vertex 13.8199 16.47 2.5
      vertex 17.8355 16.0591 2.5
      vertex 16.0591 17.8355 2.5
    endloop
  endfacet
  facet normal 0 0 1
    outer loop
      vertex 20.7846 -12 2.5
      vertex 9.25 -2.4 2.5
      vertex 19.4164 -14.1068 2.5
    endloop
  endfacet
  facet normal 0 0 1
    outer loop
      vertex 13.8199 16.47 2.5
      vertex 16.0591 17.8355 2.5
      vertex 14.1068 19.4164 2.5
    endloop
  endfacet
  facet normal 0 0 1
    outer loop
      vertex 20.7846 12 2.5
      vertex 13.8199 16.47 2.5
      vertex 9.25 2.4 2.5
    endloop
  endfacet
  facet normal 0 0 1
    outer loop
      vertex 19.4164 -14.1068 2.5
      vertex 9.25 -2.4 2.5
      vertex 17.8355 -16.0591 2.5
    endloop
  endfacet
  facet normal 0 0 1
    outer loop
      vertex 11.9747 17.8565 2.5
      vertex 14.1068 19.4164 2.5
      vertex 12 20.7846 2.5
    endloop
  endfacet
  facet normal 0 0 1
    outer loop
      vertex 14.1068 19.4164 2.5
      vertex 11.9747 17.8565 2.5
      vertex 13.8199 16.47 2.5
    endloop
  endfacet
  facet normal 0 0 1
    outer loop
      vertex 12 20.7846 2.5
      vertex 9.99155 19.0373 2.5
      vertex 11.9747 17.8565 2.5
    endloop
  endfacet
  facet normal 0 0 1
    outer loop
      vertex 9.76168 21.9251 2.5
      vertex 9.99155 19.0373 2.5
      vertex 12 20.7846 2.5
    endloop
  endfacet
  facet normal 0 0 1
    outer loop
      vertex 9.76168 21.9251 2.5
      vertex 7.8932 19.9987 2.5
      vertex 9.99155 19.0373 2.5
    endloop
  endfacet
  facet normal 0 0 1
    outer loop
      vertex 7.41641 22.8254 2.5
      vertex 7.8932 19.9987 2.5
      vertex 9.76168 21.9251 2.5
    endloop
  endfacet
  facet normal 0 0 1
    outer loop
      vertex 7.41641 22.8254 2.5
      vertex 5.70389 20.7296 2.5
      vertex 7.8932 19.9987 2.5
    endloop
  endfacet
  facet normal 0 0 1
    outer loop
      vertex 4.98988 23.4755 2.5
      vertex 5.70389 20.7296 2.5
      vertex 7.41641 22.8254 2.5
    endloop
  endfacet
  facet normal 0 0 1
    outer loop
      vertex 4.98988 23.4755 2.5
      vertex 3.44884 21.2216 2.5
      vertex 5.70389 20.7296 2.5
    endloop
  endfacet
  facet normal 0 0 1
    outer loop
      vertex 2.50868 23.8685 2.5
      vertex 3.44884 21.2216 2.5
      vertex 4.98988 23.4755 2.5
    endloop
  endfacet
  facet normal 0 0 1
    outer loop
      vertex 1.15405 21.469 2.5
      vertex 2.50868 23.8685 2.5
      vertex 1.5 23.9214 2.5
    endloop
  endfacet
  facet normal 0 0 1
    outer loop
      vertex 2.50868 23.8685 2.5
      vertex 1.15405 21.469 2.5
      vertex 3.44884 21.2216 2.5
    endloop
  endfacet
  facet normal -0 0 1
    outer loop
      vertex 4.18207 -4.64465 2.5
      vertex 16.0591 -17.8355 2.5
      vertex 9.25 -2.4 2.5
    endloop
  endfacet
  facet normal 0 0 1
    outer loop
      vertex 16.0591 -17.8355 2.5
      vertex 4.18207 -4.64465 2.5
      vertex 14.1068 -19.4164 2.5
    endloop
  endfacet
  facet normal 0 0 1
    outer loop
      vertex 17.8355 -16.0591 2.5
      vertex 9.25 -2.4 2.5
      vertex 16.0591 -17.8355 2.5
    endloop
  endfacet
  facet normal -0 0 1
    outer loop
      vertex 4.49951 5.36231 2.5
      vertex 9.25 2.4 2.5
      vertex 13.8199 16.47 2.5
    endloop
  endfacet
  facet normal 0 0 1
    outer loop
      vertex 9.25 2.4 2.5
      vertex 5.70966 2.5421 2.5
      vertex 5.76421 2.4 2.5
    endloop
  endfacet
  facet normal 0 0 1
    outer loop
      vertex 9.25 2.4 2.5
      vertex 5.41266 3.125 2.5
      vertex 5.70966 2.5421 2.5
    endloop
  endfacet
  facet normal -0 -0 1
    outer loop
      vertex 5.05636 3.67366 2.5
      vertex 9.25 2.4 2.5
      vertex 4.49951 5.36231 2.5
    endloop
  endfacet
  facet normal 0 0 1
    outer loop
      vertex 9.25 2.4 2.5
      vertex 5.05636 3.67366 2.5
      vertex 5.41266 3.125 2.5
    endloop
  endfacet
  facet normal 0 0 1
    outer loop
      vertex 5.05636 3.67366 2.5
      vertex 4.49951 5.36231 2.5
      vertex 4.64465 4.18207 2.5
    endloop
  endfacet
  facet normal 0 0 1
    outer loop
      vertex 4.49951 5.36231 2.5
      vertex 4.18207 4.64465 2.5
      vertex 4.64465 4.18207 2.5
    endloop
  endfacet
  facet normal 0 0 1
    outer loop
      vertex 3.67366 5.05636 2.5
      vertex 4.49951 5.36231 2.5
      vertex 3.89875 5.81375 2.5
    endloop
  endfacet
  facet normal 0 0 1
    outer loop
      vertex 4.49951 5.36231 2.5
      vertex 3.67366 5.05636 2.5
      vertex 4.18207 4.64465 2.5
    endloop
  endfacet
  facet normal 0 0 1
    outer loop
      vertex 3.125 5.41266 2.5
      vertex 3.89875 5.81375 2.5
      vertex 3.25306 6.19819 2.5
    endloop
  endfacet
  facet normal 0 0 1
    outer loop
      vertex 3.89875 5.81375 2.5
      vertex 3.125 5.41266 2.5
      vertex 3.67366 5.05636 2.5
    endloop
  endfacet
  facet normal 0 0 1
    outer loop
      vertex 2.5421 5.70966 2.5
      vertex 3.25306 6.19819 2.5
      vertex 2.56988 6.5112 2.5
    endloop
  endfacet
  facet normal 0 0 1
    outer loop
      vertex 3.25306 6.19819 2.5
      vertex 2.5421 5.70966 2.5
      vertex 3.125 5.41266 2.5
    endloop
  endfacet
  facet normal 0 0 1
    outer loop
      vertex 2.56988 6.5112 2.5
      vertex 1.93136 5.9441 2.5
      vertex 2.5421 5.70966 2.5
    endloop
  endfacet
  facet normal 0 0 1
    outer loop
      vertex 1.85708 6.74917 2.5
      vertex 1.93136 5.9441 2.5
      vertex 2.56988 6.5112 2.5
    endloop
  endfacet
  facet normal 0 0 1
    outer loop
      vertex 1.85708 6.74917 2.5
      vertex 1.29945 6.11342 2.5
      vertex 1.93136 5.9441 2.5
    endloop
  endfacet
  facet normal 0 0 1
    outer loop
      vertex 1.12288 6.90935 2.5
      vertex 1.29945 6.11342 2.5
      vertex 1.85708 6.74917 2.5
    endloop
  endfacet
  facet normal 0 0 1
    outer loop
      vertex 1.12288 6.90935 2.5
      vertex 0.653302 6.21576 2.5
      vertex 1.29945 6.11342 2.5
    endloop
  endfacet
  facet normal 0 0 1
    outer loop
      vertex 0.375736 6.98991 2.5
      vertex 0.653302 6.21576 2.5
      vertex 1.12288 6.90935 2.5
    endloop
  endfacet
  facet normal 0 0 1
    outer loop
      vertex 0.375736 6.98991 2.5
      vertex 0 6.25 2.5
      vertex 0.653302 6.21576 2.5
    endloop
  endfacet
  facet normal -0 0 1
    outer loop
      vertex -0.375736 6.98991 2.5
      vertex 0 6.25 2.5
      vertex 0.375736 6.98991 2.5
    endloop
  endfacet
  facet normal 0 0 1
    outer loop
      vertex -0.375736 6.98991 2.5
      vertex -0.653302 6.21576 2.5
      vertex 0 6.25 2.5
    endloop
  endfacet
  facet normal -0 0 1
    outer loop
      vertex -1.12288 6.90935 2.5
      vertex -0.653302 6.21576 2.5
      vertex -0.375736 6.98991 2.5
    endloop
  endfacet
  facet normal 0 0 1
    outer loop
      vertex -1.12288 6.90935 2.5
      vertex -1.29945 6.11342 2.5
      vertex -0.653302 6.21576 2.5
    endloop
  endfacet
  facet normal -0 0 1
    outer loop
      vertex -1.85708 6.74917 2.5
      vertex -1.29945 6.11342 2.5
      vertex -1.12288 6.90935 2.5
    endloop
  endfacet
  facet normal 0 0 1
    outer loop
      vertex -1.85708 6.74917 2.5
      vertex -1.93136 5.9441 2.5
      vertex -1.29945 6.11342 2.5
    endloop
  endfacet
  facet normal -0 0 1
    outer loop
      vertex -2.56988 6.5112 2.5
      vertex -1.93136 5.9441 2.5
      vertex -1.85708 6.74917 2.5
    endloop
  endfacet
  facet normal 0 0 1
    outer loop
      vertex -1.93136 5.9441 2.5
      vertex -2.56988 6.5112 2.5
      vertex -2.5421 5.70966 2.5
    endloop
  endfacet
  facet normal -0 0 1
    outer loop
      vertex -3.25306 6.19819 2.5
      vertex -2.5421 5.70966 2.5
      vertex -2.56988 6.5112 2.5
    endloop
  endfacet
  facet normal 0 0 1
    outer loop
      vertex -2.5421 5.70966 2.5
      vertex -3.25306 6.19819 2.5
      vertex -3.125 5.41266 2.5
    endloop
  endfacet
  facet normal -0 0 1
    outer loop
      vertex -3.89875 5.81375 2.5
      vertex -3.125 5.41266 2.5
      vertex -3.25306 6.19819 2.5
    endloop
  endfacet
  facet normal 0 0 1
    outer loop
      vertex -3.125 5.41266 2.5
      vertex -3.89875 5.81375 2.5
      vertex -3.67366 5.05636 2.5
    endloop
  endfacet
  facet normal -0 0 1
    outer loop
      vertex -4.49951 5.36231 2.5
      vertex -3.67366 5.05636 2.5
      vertex -3.89875 5.81375 2.5
    endloop
  endfacet
  facet normal 0 0 1
    outer loop
      vertex -3.67366 5.05636 2.5
      vertex -4.49951 5.36231 2.5
      vertex -4.18207 4.64465 2.5
    endloop
  endfacet
  facet normal 0 0 1
    outer loop
      vertex -4.49951 5.36231 2.5
      vertex -4.64465 4.18207 2.5
      vertex -4.18207 4.64465 2.5
    endloop
  endfacet
  facet normal 0 0 1
    outer loop
      vertex -4.49951 5.36231 2.5
      vertex -5.05636 3.67366 2.5
      vertex -4.64465 4.18207 2.5
    endloop
  endfacet
  facet normal 0 0 1
    outer loop
      vertex -9.25 2.4 2.5
      vertex -5.05636 3.67366 2.5
      vertex -4.49951 5.36231 2.5
    endloop
  endfacet
  facet normal 0 0 1
    outer loop
      vertex -5.05636 3.67366 2.5
      vertex -9.25 2.4 2.5
      vertex -5.41266 3.125 2.5
    endloop
  endfacet
  facet normal 0 0 1
    outer loop
      vertex -5.70966 2.5421 2.5
      vertex -9.25 2.4 2.5
      vertex -5.76421 2.4 2.5
    endloop
  endfacet
  facet normal 0 0 1
    outer loop
      vertex -5.41266 3.125 2.5
      vertex -9.25 2.4 2.5
      vertex -5.70966 2.5421 2.5
    endloop
  endfacet
  facet normal -0 0 1
    outer loop
      vertex -24 0 2.5
      vertex -9.25 -2.4 2.5
      vertex -9.25 2.4 2.5
    endloop
  endfacet
  facet normal 0 0 1
    outer loop
      vertex -9.25 -2.4 2.5
      vertex -12 -20.7846 2.5
      vertex -9.76168 -21.9251 2.5
    endloop
  endfacet
  facet normal 0 0 1
    outer loop
      vertex -13.8199 16.47 2.5
      vertex -9.25 2.4 2.5
      vertex -4.49951 5.36231 2.5
    endloop
  endfacet
  facet normal -0 0 1
    outer loop
      vertex -20.7846 12 2.5
      vertex -9.25 2.4 2.5
      vertex -13.8199 16.47 2.5
    endloop
  endfacet
  facet normal -0 0 1
    outer loop
      vertex -16.0591 17.8355 2.5
      vertex -13.8199 16.47 2.5
      vertex -14.1068 19.4164 2.5
    endloop
  endfacet
  facet normal 0 0 1
    outer loop
      vertex -9.25 -2.4 2.5
      vertex -14.1068 -19.4164 2.5
      vertex -12 -20.7846 2.5
    endloop
  endfacet
  facet normal 0 0 1
    outer loop
      vertex -17.8355 16.0591 2.5
      vertex -13.8199 16.47 2.5
      vertex -16.0591 17.8355 2.5
    endloop
  endfacet
  facet normal 0 0 1
    outer loop
      vertex -9.25 -2.4 2.5
      vertex -16.0591 -17.8355 2.5
      vertex -14.1068 -19.4164 2.5
    endloop
  endfacet
  facet normal 0 0 1
    outer loop
      vertex -19.4164 14.1068 2.5
      vertex -13.8199 16.47 2.5
      vertex -17.8355 16.0591 2.5
    endloop
  endfacet
  facet normal 0 0 1
    outer loop
      vertex -9.25 -2.4 2.5
      vertex -17.8355 -16.0591 2.5
      vertex -16.0591 -17.8355 2.5
    endloop
  endfacet
  facet normal 0 0 1
    outer loop
      vertex -20.7846 12 2.5
      vertex -13.8199 16.47 2.5
      vertex -19.4164 14.1068 2.5
    endloop
  endfacet
  facet normal 0 0 1
    outer loop
      vertex -9.25 -2.4 2.5
      vertex -19.4164 -14.1068 2.5
      vertex -17.8355 -16.0591 2.5
    endloop
  endfacet
  facet normal 0 0 1
    outer loop
      vertex -9.25 2.4 2.5
      vertex -20.7846 12 2.5
      vertex -21.9251 9.76168 2.5
    endloop
  endfacet
  facet normal 0 0 1
    outer loop
      vertex -9.25 -2.4 2.5
      vertex -20.7846 -12 2.5
      vertex -19.4164 -14.1068 2.5
    endloop
  endfacet
  facet normal 0 0 1
    outer loop
      vertex -9.25 2.4 2.5
      vertex -21.9251 9.76168 2.5
      vertex -22.8254 7.41641 2.5
    endloop
  endfacet
  facet normal 0 0 1
    outer loop
      vertex -9.25 -2.4 2.5
      vertex -21.9251 -9.76168 2.5
      vertex -20.7846 -12 2.5
    endloop
  endfacet
  facet normal 0 0 1
    outer loop
      vertex -9.25 2.4 2.5
      vertex -22.8254 7.41641 2.5
      vertex -23.4755 4.98988 2.5
    endloop
  endfacet
  facet normal 0 0 1
    outer loop
      vertex -9.25 -2.4 2.5
      vertex -22.8254 -7.41641 2.5
      vertex -21.9251 -9.76168 2.5
    endloop
  endfacet
  facet normal 0 0 1
    outer loop
      vertex -9.25 2.4 2.5
      vertex -23.4755 4.98988 2.5
      vertex -23.8685 2.50868 2.5
    endloop
  endfacet
  facet normal 0 0 1
    outer loop
      vertex -9.25 -2.4 2.5
      vertex -23.4755 -4.98988 2.5
      vertex -22.8254 -7.41641 2.5
    endloop
  endfacet
  facet normal 0 0 1
    outer loop
      vertex -9.25 2.4 2.5
      vertex -23.8685 2.50868 2.5
      vertex -24 0 2.5
    endloop
  endfacet
  facet normal 0 0 1
    outer loop
      vertex -9.25 -2.4 2.5
      vertex -23.8685 -2.50868 2.5
      vertex -23.4755 -4.98988 2.5
    endloop
  endfacet
  facet normal 0 0 1
    outer loop
      vertex -9.25 -2.4 2.5
      vertex -24 0 2.5
      vertex -23.8685 -2.50868 2.5
    endloop
  endfacet
  facet normal -0 0 1
    outer loop
      vertex 3.67366 -5.05636 2.5
      vertex 14.1068 -19.4164 2.5
      vertex 4.18207 -4.64465 2.5
    endloop
  endfacet
  facet normal 0 0 1
    outer loop
      vertex 14.1068 -19.4164 2.5
      vertex 3.67366 -5.05636 2.5
      vertex 12 -20.7846 2.5
    endloop
  endfacet
  facet normal 0 0 1
    outer loop
      vertex 5.70966 -2.5421 2.5
      vertex 9.25 -2.4 2.5
      vertex 5.76421 -2.4 2.5
    endloop
  endfacet
  facet normal 0 0 1
    outer loop
      vertex 5.41266 -3.125 2.5
      vertex 9.25 -2.4 2.5
      vertex 5.70966 -2.5421 2.5
    endloop
  endfacet
  facet normal 0 0 1
    outer loop
      vertex 5.05636 -3.67366 2.5
      vertex 9.25 -2.4 2.5
      vertex 5.41266 -3.125 2.5
    endloop
  endfacet
  facet normal 0 0 1
    outer loop
      vertex 4.64465 -4.18207 2.5
      vertex 9.25 -2.4 2.5
      vertex 5.05636 -3.67366 2.5
    endloop
  endfacet
  facet normal 0 0 1
    outer loop
      vertex 4.18207 -4.64465 2.5
      vertex 9.25 -2.4 2.5
      vertex 4.64465 -4.18207 2.5
    endloop
  endfacet
  facet normal -0 0 1
    outer loop
      vertex 3.125 -5.41266 2.5
      vertex 12 -20.7846 2.5
      vertex 3.67366 -5.05636 2.5
    endloop
  endfacet
  facet normal 0 0 1
    outer loop
      vertex 12 -20.7846 2.5
      vertex 3.125 -5.41266 2.5
      vertex 9.76168 -21.9251 2.5
    endloop
  endfacet
  facet normal -0 0 1
    outer loop
      vertex 2.5421 -5.70966 2.5
      vertex 9.76168 -21.9251 2.5
      vertex 3.125 -5.41266 2.5
    endloop
  endfacet
  facet normal 0 0 1
    outer loop
      vertex 9.76168 -21.9251 2.5
      vertex 2.5421 -5.70966 2.5
      vertex 7.41641 -22.8254 2.5
    endloop
  endfacet
  facet normal -0 0 1
    outer loop
      vertex 1.93136 -5.9441 2.5
      vertex 7.41641 -22.8254 2.5
      vertex 2.5421 -5.70966 2.5
    endloop
  endfacet
  facet normal 0 0 1
    outer loop
      vertex 7.41641 -22.8254 2.5
      vertex 1.93136 -5.9441 2.5
      vertex 4.98988 -23.4755 2.5
    endloop
  endfacet
  facet normal -0 0 1
    outer loop
      vertex 1.29945 -6.11342 2.5
      vertex 4.98988 -23.4755 2.5
      vertex 1.93136 -5.9441 2.5
    endloop
  endfacet
  facet normal 0 0 1
    outer loop
      vertex 4.98988 -23.4755 2.5
      vertex 1.29945 -6.11342 2.5
      vertex 2.50868 -23.8685 2.5
    endloop
  endfacet
  facet normal -0 0 1
    outer loop
      vertex 0.653302 -6.21576 2.5
      vertex 2.50868 -23.8685 2.5
      vertex 1.29945 -6.11342 2.5
    endloop
  endfacet
  facet normal -0 0 1
    outer loop
      vertex 0 -6.25 2.5
      vertex 2.50868 -23.8685 2.5
      vertex 0.653302 -6.21576 2.5
    endloop
  endfacet
  facet normal 0 0 1
    outer loop
      vertex 0 -6.25 2.5
      vertex 0 -24 2.5
      vertex 2.50868 -23.8685 2.5
    endloop
  endfacet
  facet normal 0 0 1
    outer loop
      vertex -0.653302 -6.21576 2.5
      vertex 0 -24 2.5
      vertex 0 -6.25 2.5
    endloop
  endfacet
  facet normal 0 0 1
    outer loop
      vertex -2.50868 -23.8685 2.5
      vertex -0.653302 -6.21576 2.5
      vertex -1.29945 -6.11342 2.5
    endloop
  endfacet
  facet normal 0 0 1
    outer loop
      vertex -4.98988 -23.4755 2.5
      vertex -1.29945 -6.11342 2.5
      vertex -1.93136 -5.9441 2.5
    endloop
  endfacet
  facet normal 0 0 1
    outer loop
      vertex -0.653302 -6.21576 2.5
      vertex -2.50868 -23.8685 2.5
      vertex 0 -24 2.5
    endloop
  endfacet
  facet normal 0 0 1
    outer loop
      vertex -7.41641 -22.8254 2.5
      vertex -1.93136 -5.9441 2.5
      vertex -2.5421 -5.70966 2.5
    endloop
  endfacet
  facet normal 0 0 1
    outer loop
      vertex -9.76168 -21.9251 2.5
      vertex -2.5421 -5.70966 2.5
      vertex -3.125 -5.41266 2.5
    endloop
  endfacet
  facet normal 0 0 1
    outer loop
      vertex -9.76168 -21.9251 2.5
      vertex -3.125 -5.41266 2.5
      vertex -3.67366 -5.05636 2.5
    endloop
  endfacet
  facet normal 0 0 1
    outer loop
      vertex -9.76168 -21.9251 2.5
      vertex -3.67366 -5.05636 2.5
      vertex -4.18207 -4.64465 2.5
    endloop
  endfacet
  facet normal 0 0 1
    outer loop
      vertex -9.25 -2.4 2.5
      vertex -4.18207 -4.64465 2.5
      vertex -4.64465 -4.18207 2.5
    endloop
  endfacet
  facet normal 0 0 1
    outer loop
      vertex -1.29945 -6.11342 2.5
      vertex -4.98988 -23.4755 2.5
      vertex -2.50868 -23.8685 2.5
    endloop
  endfacet
  facet normal 0 0 1
    outer loop
      vertex -9.25 -2.4 2.5
      vertex -4.64465 -4.18207 2.5
      vertex -5.05636 -3.67366 2.5
    endloop
  endfacet
  facet normal 0 0 1
    outer loop
      vertex -9.25 -2.4 2.5
      vertex -5.05636 -3.67366 2.5
      vertex -5.41266 -3.125 2.5
    endloop
  endfacet
  facet normal 0 0 1
    outer loop
      vertex -9.25 -2.4 2.5
      vertex -5.41266 -3.125 2.5
      vertex -5.70966 -2.5421 2.5
    endloop
  endfacet
  facet normal -0 0 1
    outer loop
      vertex -9.25 -2.4 2.5
      vertex -5.70966 -2.5421 2.5
      vertex -5.76421 -2.4 2.5
    endloop
  endfacet
  facet normal 0 0 1
    outer loop
      vertex -1.93136 -5.9441 2.5
      vertex -7.41641 -22.8254 2.5
      vertex -4.98988 -23.4755 2.5
    endloop
  endfacet
  facet normal 0 0 1
    outer loop
      vertex -4.18207 -4.64465 2.5
      vertex -9.25 -2.4 2.5
      vertex -9.76168 -21.9251 2.5
    endloop
  endfacet
  facet normal 0 0 1
    outer loop
      vertex -2.5421 -5.70966 2.5
      vertex -9.76168 -21.9251 2.5
      vertex -7.41641 -22.8254 2.5
    endloop
  endfacet
  facet normal -0.62931 -0.777154 0
    outer loop
      vertex -16.0591 -17.8355 0
      vertex -14.1068 -19.4164 2.5
      vertex -16.0591 -17.8355 2.5
    endloop
  endfacet
  facet normal -0.62931 -0.777154 -0
    outer loop
      vertex -14.1068 -19.4164 2.5
      vertex -16.0591 -17.8355 0
      vertex -14.1068 -19.4164 0
    endloop
  endfacet
  facet normal 0.933576 -0.35838 0
    outer loop
      vertex 21.9251 -9.76168 2.5
      vertex 22.8254 -7.41641 0
      vertex 22.8254 -7.41641 2.5
    endloop
  endfacet
  facet normal 0.933576 -0.35838 0
    outer loop
      vertex 22.8254 -7.41641 0
      vertex 21.9251 -9.76168 2.5
      vertex 21.9251 -9.76168 0
    endloop
  endfacet
  facet normal -0.544647 -0.838665 0
    outer loop
      vertex -14.1068 -19.4164 0
      vertex -12 -20.7846 2.5
      vertex -14.1068 -19.4164 2.5
    endloop
  endfacet
  facet normal -0.544647 -0.838665 -0
    outer loop
      vertex -12 -20.7846 2.5
      vertex -14.1068 -19.4164 0
      vertex -12 -20.7846 0
    endloop
  endfacet
  facet normal -0.0523461 -0.998629 0
    outer loop
      vertex -2.50868 -23.8685 0
      vertex 0 -24 2.5
      vertex -2.50868 -23.8685 2.5
    endloop
  endfacet
  facet normal -0.0523461 -0.998629 -0
    outer loop
      vertex 0 -24 2.5
      vertex -2.50868 -23.8685 0
      vertex 0 -24 0
    endloop
  endfacet
  facet normal -0.544647 0.838665 0
    outer loop
      vertex -12 20.7846 0
      vertex -14.1068 19.4164 2.5
      vertex -12 20.7846 2.5
    endloop
  endfacet
  facet normal -0.544647 0.838665 0
    outer loop
      vertex -14.1068 19.4164 2.5
      vertex -12 20.7846 0
      vertex -14.1068 19.4164 0
    endloop
  endfacet
  facet normal -0.998629 0.0523461 0
    outer loop
      vertex -24 0 0
      vertex -23.8685 2.50868 2.5
      vertex -23.8685 2.50868 0
    endloop
  endfacet
  facet normal -0.998629 0.0523461 0
    outer loop
      vertex -23.8685 2.50868 2.5
      vertex -24 0 0
      vertex -24 0 2.5
    endloop
  endfacet
  facet normal -0.35838 -0.933576 0
    outer loop
      vertex -9.76168 -21.9251 0
      vertex -7.41641 -22.8254 2.5
      vertex -9.76168 -21.9251 2.5
    endloop
  endfacet
  facet normal -0.35838 -0.933576 -0
    outer loop
      vertex -7.41641 -22.8254 2.5
      vertex -9.76168 -21.9251 0
      vertex -7.41641 -22.8254 0
    endloop
  endfacet
  facet normal -0.156441 -0.987687 0
    outer loop
      vertex -4.98988 -23.4755 0
      vertex -2.50868 -23.8685 2.5
      vertex -4.98988 -23.4755 2.5
    endloop
  endfacet
  facet normal -0.156441 -0.987687 -0
    outer loop
      vertex -2.50868 -23.8685 2.5
      vertex -4.98988 -23.4755 0
      vertex -2.50868 -23.8685 0
    endloop
  endfacet
  facet normal 0.707107 -0.707107 0
    outer loop
      vertex 16.0591 -17.8355 2.5
      vertex 17.8355 -16.0591 0
      vertex 17.8355 -16.0591 2.5
    endloop
  endfacet
  facet normal 0.707107 -0.707107 0
    outer loop
      vertex 17.8355 -16.0591 0
      vertex 16.0591 -17.8355 2.5
      vertex 16.0591 -17.8355 0
    endloop
  endfacet
  facet normal 0.62931 -0.777154 0
    outer loop
      vertex 14.1068 -19.4164 0
      vertex 16.0591 -17.8355 2.5
      vertex 14.1068 -19.4164 2.5
    endloop
  endfacet
  facet normal 0.62931 -0.777154 0
    outer loop
      vertex 16.0591 -17.8355 2.5
      vertex 14.1068 -19.4164 0
      vertex 16.0591 -17.8355 0
    endloop
  endfacet
  facet normal 0.987688 0.156435 0
    outer loop
      vertex 6.21576 0.653302 4.7
      vertex 6.11342 1.29945 4
      vertex 6.11342 1.29945 4.7
    endloop
  endfacet
  facet normal 0.987688 0.156435 0
    outer loop
      vertex 6.11342 1.29945 4
      vertex 6.21576 0.653302 4.7
      vertex 6.21576 0.653302 4
    endloop
  endfacet
  facet normal 0.998629 0.0523388 0
    outer loop
      vertex 6.25 0 4.7
      vertex 6.21576 0.653302 4
      vertex 6.21576 0.653302 4.7
    endloop
  endfacet
  facet normal 0.998629 0.0523388 0
    outer loop
      vertex 6.21576 0.653302 4
      vertex 6.25 0 4.7
      vertex 6.25 0 4
    endloop
  endfacet
  facet normal 0.965926 0.258819 0
    outer loop
      vertex 6.11342 1.29945 4.7
      vertex 5.9441 1.93136 4
      vertex 5.9441 1.93136 4.7
    endloop
  endfacet
  facet normal 0.965926 0.258819 0
    outer loop
      vertex 5.9441 1.93136 4
      vertex 6.11342 1.29945 4.7
      vertex 6.11342 1.29945 4
    endloop
  endfacet
  facet normal 0.453988 0.891008 -0
    outer loop
      vertex 3.125 5.41266 2.5
      vertex 2.5421 5.70966 4.7
      vertex 3.125 5.41266 4.7
    endloop
  endfacet
  facet normal 0.453988 0.891008 0
    outer loop
      vertex 2.5421 5.70966 4.7
      vertex 3.125 5.41266 2.5
      vertex 2.5421 5.70966 2.5
    endloop
  endfacet
  facet normal -0.258819 0.965926 0
    outer loop
      vertex -1.29945 6.11342 2.5
      vertex -1.93136 5.9441 4.7
      vertex -1.29945 6.11342 4.7
    endloop
  endfacet
  facet normal -0.258819 0.965926 0
    outer loop
      vertex -1.93136 5.9441 4.7
      vertex -1.29945 6.11342 2.5
      vertex -1.93136 5.9441 2.5
    endloop
  endfacet
  facet normal 0.544635 -0.838673 0
    outer loop
      vertex 3.125 -5.41266 2.5
      vertex 3.67366 -5.05636 4.7
      vertex 3.125 -5.41266 4.7
    endloop
  endfacet
  facet normal 0.544635 -0.838673 0
    outer loop
      vertex 3.67366 -5.05636 4.7
      vertex 3.125 -5.41266 2.5
      vertex 3.67366 -5.05636 2.5
    endloop
  endfacet
  facet normal 0.258819 0.965926 -0
    outer loop
      vertex 1.93136 5.9441 2.5
      vertex 1.29945 6.11342 4.7
      vertex 1.93136 5.9441 4.7
    endloop
  endfacet
  facet normal 0.258819 0.965926 0
    outer loop
      vertex 1.29945 6.11342 4.7
      vertex 1.93136 5.9441 2.5
      vertex 1.29945 6.11342 2.5
    endloop
  endfacet
  facet normal 0.707107 0.707107 0
    outer loop
      vertex 4.64465 4.18207 4.7
      vertex 4.18207 4.64465 2.5
      vertex 4.18207 4.64465 4.7
    endloop
  endfacet
  facet normal 0.707107 0.707107 0
    outer loop
      vertex 4.18207 4.64465 2.5
      vertex 4.64465 4.18207 4.7
      vertex 4.64465 4.18207 2.5
    endloop
  endfacet
  facet normal -0.258819 -0.965926 0
    outer loop
      vertex -1.93136 -5.9441 2.5
      vertex -1.29945 -6.11342 4.7
      vertex -1.93136 -5.9441 4.7
    endloop
  endfacet
  facet normal -0.258819 -0.965926 -0
    outer loop
      vertex -1.29945 -6.11342 4.7
      vertex -1.93136 -5.9441 2.5
      vertex -1.29945 -6.11342 2.5
    endloop
  endfacet
  facet normal 0.156435 0.987688 -0
    outer loop
      vertex 1.29945 6.11342 2.5
      vertex 0.653302 6.21576 4.7
      vertex 1.29945 6.11342 4.7
    endloop
  endfacet
  facet normal 0.156435 0.987688 0
    outer loop
      vertex 0.653302 6.21576 4.7
      vertex 1.29945 6.11342 2.5
      vertex 0.653302 6.21576 2.5
    endloop
  endfacet
  facet normal -0.838673 0.544635 0
    outer loop
      vertex -5.41266 3.125 2.5
      vertex -5.05636 3.67366 4.7
      vertex -5.05636 3.67366 2.5
    endloop
  endfacet
  facet normal -0.838673 0.544635 0
    outer loop
      vertex -5.05636 3.67366 4.7
      vertex -5.41266 3.125 2.5
      vertex -5.41266 3.125 4.7
    endloop
  endfacet
  facet normal -0.933574 -0.358385 0
    outer loop
      vertex -5.76421 -2.4 2.5
      vertex -5.70966 -2.5421 2.5
      vertex -5.76421 -2.4 4
    endloop
  endfacet
  facet normal -0.933583 -0.358361 0
    outer loop
      vertex -5.76421 -2.4 4
      vertex -5.9441 -1.93136 4.7
      vertex -5.9441 -1.93136 4
    endloop
  endfacet
  facet normal -0.933581 -0.358366 4.24297e-06
    outer loop
      vertex -5.76421 -2.4 4
      vertex -5.70966 -2.5421 4.7
      vertex -5.9441 -1.93136 4.7
    endloop
  endfacet
  facet normal -0.933574 -0.358385 -0
    outer loop
      vertex -5.70966 -2.5421 4.7
      vertex -5.76421 -2.4 4
      vertex -5.70966 -2.5421 2.5
    endloop
  endfacet
  facet normal 0.358366 -0.933581 0
    outer loop
      vertex 1.93136 -5.9441 2.5
      vertex 2.5421 -5.70966 4.7
      vertex 1.93136 -5.9441 4.7
    endloop
  endfacet
  facet normal 0.358366 -0.933581 0
    outer loop
      vertex 2.5421 -5.70966 4.7
      vertex 1.93136 -5.9441 2.5
      vertex 2.5421 -5.70966 2.5
    endloop
  endfacet
  facet normal 0.838673 0.544635 0
    outer loop
      vertex 5.41266 3.125 4.7
      vertex 5.05636 3.67366 2.5
      vertex 5.05636 3.67366 4.7
    endloop
  endfacet
  facet normal 0.838673 0.544635 0
    outer loop
      vertex 5.05636 3.67366 2.5
      vertex 5.41266 3.125 4.7
      vertex 5.41266 3.125 2.5
    endloop
  endfacet
  facet normal 0.891008 0.453988 0
    outer loop
      vertex 5.70966 2.5421 4.7
      vertex 5.41266 3.125 2.5
      vertex 5.41266 3.125 4.7
    endloop
  endfacet
  facet normal 0.891008 0.453988 0
    outer loop
      vertex 5.41266 3.125 2.5
      vertex 5.70966 2.5421 4.7
      vertex 5.70966 2.5421 2.5
    endloop
  endfacet
  facet normal -0.965926 0.258819 0
    outer loop
      vertex -6.11342 1.29945 4
      vertex -5.9441 1.93136 4.7
      vertex -5.9441 1.93136 4
    endloop
  endfacet
  facet normal -0.965926 0.258819 0
    outer loop
      vertex -5.9441 1.93136 4.7
      vertex -6.11342 1.29945 4
      vertex -6.11342 1.29945 4.7
    endloop
  endfacet
  facet normal -0.156435 0.987688 0
    outer loop
      vertex -0.653302 6.21576 2.5
      vertex -1.29945 6.11342 4.7
      vertex -0.653302 6.21576 4.7
    endloop
  endfacet
  facet normal -0.156435 0.987688 0
    outer loop
      vertex -1.29945 6.11342 4.7
      vertex -0.653302 6.21576 2.5
      vertex -1.29945 6.11342 2.5
    endloop
  endfacet
  facet normal -0.987688 0.156435 0
    outer loop
      vertex -6.21576 0.653302 4
      vertex -6.11342 1.29945 4.7
      vertex -6.11342 1.29945 4
    endloop
  endfacet
  facet normal -0.987688 0.156435 0
    outer loop
      vertex -6.11342 1.29945 4.7
      vertex -6.21576 0.653302 4
      vertex -6.21576 0.653302 4.7
    endloop
  endfacet
  facet normal -0.77714 0.629327 0
    outer loop
      vertex -5.05636 3.67366 2.5
      vertex -4.64465 4.18207 4.7
      vertex -4.64465 4.18207 2.5
    endloop
  endfacet
  facet normal -0.77714 0.629327 0
    outer loop
      vertex -4.64465 4.18207 4.7
      vertex -5.05636 3.67366 2.5
      vertex -5.05636 3.67366 4.7
    endloop
  endfacet
  facet normal -0.987688 -0.156435 0
    outer loop
      vertex -6.11342 -1.29945 4
      vertex -6.21576 -0.653302 4.7
      vertex -6.21576 -0.653302 4
    endloop
  endfacet
  facet normal -0.987688 -0.156435 0
    outer loop
      vertex -6.21576 -0.653302 4.7
      vertex -6.11342 -1.29945 4
      vertex -6.11342 -1.29945 4.7
    endloop
  endfacet
  facet normal -0.453988 0.891008 0
    outer loop
      vertex -2.5421 5.70966 2.5
      vertex -3.125 5.41266 4.7
      vertex -2.5421 5.70966 4.7
    endloop
  endfacet
  facet normal -0.453988 0.891008 0
    outer loop
      vertex -3.125 5.41266 4.7
      vertex -2.5421 5.70966 2.5
      vertex -3.125 5.41266 2.5
    endloop
  endfacet
  facet normal 0.258819 -0.965926 0
    outer loop
      vertex 1.29945 -6.11342 2.5
      vertex 1.93136 -5.9441 4.7
      vertex 1.29945 -6.11342 4.7
    endloop
  endfacet
  facet normal 0.258819 -0.965926 0
    outer loop
      vertex 1.93136 -5.9441 4.7
      vertex 1.29945 -6.11342 2.5
      vertex 1.93136 -5.9441 2.5
    endloop
  endfacet
  facet normal 0.156435 -0.987688 0
    outer loop
      vertex 0.653302 -6.21576 2.5
      vertex 1.29945 -6.11342 4.7
      vertex 0.653302 -6.21576 4.7
    endloop
  endfacet
  facet normal 0.156435 -0.987688 0
    outer loop
      vertex 1.29945 -6.11342 4.7
      vertex 0.653302 -6.21576 2.5
      vertex 1.29945 -6.11342 2.5
    endloop
  endfacet
  facet normal 0.77714 0.629327 0
    outer loop
      vertex 5.05636 3.67366 4.7
      vertex 4.64465 4.18207 2.5
      vertex 4.64465 4.18207 4.7
    endloop
  endfacet
  facet normal 0.77714 0.629327 0
    outer loop
      vertex 4.64465 4.18207 2.5
      vertex 5.05636 3.67366 4.7
      vertex 5.05636 3.67366 2.5
    endloop
  endfacet
  facet normal -0.358366 0.933581 0
    outer loop
      vertex -1.93136 5.9441 2.5
      vertex -2.5421 5.70966 4.7
      vertex -1.93136 5.9441 4.7
    endloop
  endfacet
  facet normal -0.358366 0.933581 0
    outer loop
      vertex -2.5421 5.70966 4.7
      vertex -1.93136 5.9441 2.5
      vertex -2.5421 5.70966 2.5
    endloop
  endfacet
  facet normal 0.891008 -0.453988 0
    outer loop
      vertex 5.41266 -3.125 4.7
      vertex 5.70966 -2.5421 2.5
      vertex 5.70966 -2.5421 4.7
    endloop
  endfacet
  facet normal 0.891008 -0.453988 0
    outer loop
      vertex 5.70966 -2.5421 2.5
      vertex 5.41266 -3.125 4.7
      vertex 5.41266 -3.125 2.5
    endloop
  endfacet
  facet normal -0.629327 0.77714 0
    outer loop
      vertex -3.67366 5.05636 2.5
      vertex -4.18207 4.64465 4.7
      vertex -3.67366 5.05636 4.7
    endloop
  endfacet
  facet normal -0.629327 0.77714 0
    outer loop
      vertex -4.18207 4.64465 4.7
      vertex -3.67366 5.05636 2.5
      vertex -4.18207 4.64465 2.5
    endloop
  endfacet
  facet normal -0.544635 0.838673 0
    outer loop
      vertex -3.125 5.41266 2.5
      vertex -3.67366 5.05636 4.7
      vertex -3.125 5.41266 4.7
    endloop
  endfacet
  facet normal -0.544635 0.838673 0
    outer loop
      vertex -3.67366 5.05636 4.7
      vertex -3.125 5.41266 2.5
      vertex -3.67366 5.05636 2.5
    endloop
  endfacet
  facet normal 0.933583 -0.358361 0
    outer loop
      vertex 5.9441 -1.93136 4.7
      vertex 5.76421 -2.4 4
      vertex 5.9441 -1.93136 4
    endloop
  endfacet
  facet normal 0.933581 -0.358366 4.24297e-06
    outer loop
      vertex 5.70966 -2.5421 4.7
      vertex 5.76421 -2.4 4
      vertex 5.9441 -1.93136 4.7
    endloop
  endfacet
  facet normal 0.933574 -0.358385 0
    outer loop
      vertex 5.70966 -2.5421 2.5
      vertex 5.76421 -2.4 4
      vertex 5.70966 -2.5421 4.7
    endloop
  endfacet
  facet normal 0.933574 -0.358385 0
    outer loop
      vertex 5.76421 -2.4 4
      vertex 5.70966 -2.5421 2.5
      vertex 5.76421 -2.4 2.5
    endloop
  endfacet
  facet normal 0.933574 0.358385 0
    outer loop
      vertex 5.70966 2.5421 4.7
      vertex 5.76421 2.4 4
      vertex 5.70966 2.5421 2.5
    endloop
  endfacet
  facet normal 0.933581 0.358366 4.24297e-06
    outer loop
      vertex 5.9441 1.93136 4.7
      vertex 5.76421 2.4 4
      vertex 5.70966 2.5421 4.7
    endloop
  endfacet
  facet normal 0.933583 0.358361 0
    outer loop
      vertex 5.76421 2.4 4
      vertex 5.9441 1.93136 4.7
      vertex 5.9441 1.93136 4
    endloop
  endfacet
  facet normal 0.933574 0.358385 0
    outer loop
      vertex 5.70966 2.5421 2.5
      vertex 5.76421 2.4 4
      vertex 5.76421 2.4 2.5
    endloop
  endfacet
  facet normal -0.707107 -0.707107 0
    outer loop
      vertex -4.18207 -4.64465 2.5
      vertex -4.64465 -4.18207 4.7
      vertex -4.64465 -4.18207 2.5
    endloop
  endfacet
  facet normal -0.707107 -0.707107 0
    outer loop
      vertex -4.64465 -4.18207 4.7
      vertex -4.18207 -4.64465 2.5
      vertex -4.18207 -4.64465 4.7
    endloop
  endfacet
  facet normal -0.965926 -0.258819 0
    outer loop
      vertex -5.9441 -1.93136 4
      vertex -6.11342 -1.29945 4.7
      vertex -6.11342 -1.29945 4
    endloop
  endfacet
  facet normal -0.965926 -0.258819 0
    outer loop
      vertex -6.11342 -1.29945 4.7
      vertex -5.9441 -1.93136 4
      vertex -5.9441 -1.93136 4.7
    endloop
  endfacet
  facet normal -0.838673 -0.544635 0
    outer loop
      vertex -5.05636 -3.67366 2.5
      vertex -5.41266 -3.125 4.7
      vertex -5.41266 -3.125 2.5
    endloop
  endfacet
  facet normal -0.838673 -0.544635 0
    outer loop
      vertex -5.41266 -3.125 4.7
      vertex -5.05636 -3.67366 2.5
      vertex -5.05636 -3.67366 4.7
    endloop
  endfacet
  facet normal -0.891008 -0.453988 0
    outer loop
      vertex -5.41266 -3.125 2.5
      vertex -5.70966 -2.5421 4.7
      vertex -5.70966 -2.5421 2.5
    endloop
  endfacet
  facet normal -0.891008 -0.453988 0
    outer loop
      vertex -5.70966 -2.5421 4.7
      vertex -5.41266 -3.125 2.5
      vertex -5.41266 -3.125 4.7
    endloop
  endfacet
  facet normal 0.453988 -0.891008 0
    outer loop
      vertex 2.5421 -5.70966 2.5
      vertex 3.125 -5.41266 4.7
      vertex 2.5421 -5.70966 4.7
    endloop
  endfacet
  facet normal 0.453988 -0.891008 0
    outer loop
      vertex 3.125 -5.41266 4.7
      vertex 2.5421 -5.70966 2.5
      vertex 3.125 -5.41266 2.5
    endloop
  endfacet
  facet normal 0.544635 0.838673 -0
    outer loop
      vertex 3.67366 5.05636 2.5
      vertex 3.125 5.41266 4.7
      vertex 3.67366 5.05636 4.7
    endloop
  endfacet
  facet normal 0.544635 0.838673 0
    outer loop
      vertex 3.125 5.41266 4.7
      vertex 3.67366 5.05636 2.5
      vertex 3.125 5.41266 2.5
    endloop
  endfacet
  facet normal -0.933574 0.358385 0
    outer loop
      vertex -5.76421 2.4 4
      vertex -5.70966 2.5421 2.5
      vertex -5.76421 2.4 2.5
    endloop
  endfacet
  facet normal -0.933574 0.358385 0
    outer loop
      vertex -5.70966 2.5421 2.5
      vertex -5.76421 2.4 4
      vertex -5.70966 2.5421 4.7
    endloop
  endfacet
  facet normal -0.933583 0.358361 0
    outer loop
      vertex -5.9441 1.93136 4.7
      vertex -5.76421 2.4 4
      vertex -5.9441 1.93136 4
    endloop
  endfacet
  facet normal -0.933581 0.358366 4.24297e-06
    outer loop
      vertex -5.76421 2.4 4
      vertex -5.9441 1.93136 4.7
      vertex -5.70966 2.5421 4.7
    endloop
  endfacet
  facet normal 0.965926 -0.258819 0
    outer loop
      vertex 5.9441 -1.93136 4.7
      vertex 6.11342 -1.29945 4
      vertex 6.11342 -1.29945 4.7
    endloop
  endfacet
  facet normal 0.965926 -0.258819 0
    outer loop
      vertex 6.11342 -1.29945 4
      vertex 5.9441 -1.93136 4.7
      vertex 5.9441 -1.93136 4
    endloop
  endfacet
  facet normal 0.629327 0.77714 -0
    outer loop
      vertex 4.18207 4.64465 2.5
      vertex 3.67366 5.05636 4.7
      vertex 4.18207 4.64465 4.7
    endloop
  endfacet
  facet normal 0.629327 0.77714 0
    outer loop
      vertex 3.67366 5.05636 4.7
      vertex 4.18207 4.64465 2.5
      vertex 3.67366 5.05636 2.5
    endloop
  endfacet
  facet normal 0.998629 -0.0523388 0
    outer loop
      vertex 6.21576 -0.653302 4.7
      vertex 6.25 0 4
      vertex 6.25 0 4.7
    endloop
  endfacet
  facet normal 0.998629 -0.0523388 0
    outer loop
      vertex 6.25 0 4
      vertex 6.21576 -0.653302 4.7
      vertex 6.21576 -0.653302 4
    endloop
  endfacet
  facet normal 0.0523388 -0.998629 0
    outer loop
      vertex 0 -6.25 2.5
      vertex 0.653302 -6.21576 4.7
      vertex 0 -6.25 4.7
    endloop
  endfacet
  facet normal 0.0523388 -0.998629 0
    outer loop
      vertex 0.653302 -6.21576 4.7
      vertex 0 -6.25 2.5
      vertex 0.653302 -6.21576 2.5
    endloop
  endfacet
  facet normal 0.358366 0.933581 -0
    outer loop
      vertex 2.5421 5.70966 2.5
      vertex 1.93136 5.9441 4.7
      vertex 2.5421 5.70966 4.7
    endloop
  endfacet
  facet normal 0.358366 0.933581 0
    outer loop
      vertex 1.93136 5.9441 4.7
      vertex 2.5421 5.70966 2.5
      vertex 1.93136 5.9441 2.5
    endloop
  endfacet
  facet normal 0.77714 -0.629327 0
    outer loop
      vertex 4.64465 -4.18207 4.7
      vertex 5.05636 -3.67366 2.5
      vertex 5.05636 -3.67366 4.7
    endloop
  endfacet
  facet normal 0.77714 -0.629327 0
    outer loop
      vertex 5.05636 -3.67366 2.5
      vertex 4.64465 -4.18207 4.7
      vertex 4.64465 -4.18207 2.5
    endloop
  endfacet
  facet normal 0.838673 -0.544635 0
    outer loop
      vertex 5.05636 -3.67366 4.7
      vertex 5.41266 -3.125 2.5
      vertex 5.41266 -3.125 4.7
    endloop
  endfacet
  facet normal 0.838673 -0.544635 0
    outer loop
      vertex 5.41266 -3.125 2.5
      vertex 5.05636 -3.67366 4.7
      vertex 5.05636 -3.67366 2.5
    endloop
  endfacet
  facet normal -0.156435 -0.987688 0
    outer loop
      vertex -1.29945 -6.11342 2.5
      vertex -0.653302 -6.21576 4.7
      vertex -1.29945 -6.11342 4.7
    endloop
  endfacet
  facet normal -0.156435 -0.987688 -0
    outer loop
      vertex -0.653302 -6.21576 4.7
      vertex -1.29945 -6.11342 2.5
      vertex -0.653302 -6.21576 2.5
    endloop
  endfacet
  facet normal 0.629327 -0.77714 0
    outer loop
      vertex 3.67366 -5.05636 2.5
      vertex 4.18207 -4.64465 4.7
      vertex 3.67366 -5.05636 4.7
    endloop
  endfacet
  facet normal 0.629327 -0.77714 0
    outer loop
      vertex 4.18207 -4.64465 4.7
      vertex 3.67366 -5.05636 2.5
      vertex 4.18207 -4.64465 2.5
    endloop
  endfacet
  facet normal -0.707107 0.707107 0
    outer loop
      vertex -4.64465 4.18207 2.5
      vertex -4.18207 4.64465 4.7
      vertex -4.18207 4.64465 2.5
    endloop
  endfacet
  facet normal -0.707107 0.707107 0
    outer loop
      vertex -4.18207 4.64465 4.7
      vertex -4.64465 4.18207 2.5
      vertex -4.64465 4.18207 4.7
    endloop
  endfacet
  facet normal 0.987688 -0.156435 0
    outer loop
      vertex 6.11342 -1.29945 4.7
      vertex 6.21576 -0.653302 4
      vertex 6.21576 -0.653302 4.7
    endloop
  endfacet
  facet normal 0.987688 -0.156435 0
    outer loop
      vertex 6.21576 -0.653302 4
      vertex 6.11342 -1.29945 4.7
      vertex 6.11342 -1.29945 4
    endloop
  endfacet
  facet normal 0.0523388 0.998629 -0
    outer loop
      vertex 0.653302 6.21576 2.5
      vertex 0 6.25 4.7
      vertex 0.653302 6.21576 4.7
    endloop
  endfacet
  facet normal 0.0523388 0.998629 0
    outer loop
      vertex 0 6.25 4.7
      vertex 0.653302 6.21576 2.5
      vertex 0 6.25 2.5
    endloop
  endfacet
  facet normal 0.707107 -0.707107 0
    outer loop
      vertex 4.18207 -4.64465 4.7
      vertex 4.64465 -4.18207 2.5
      vertex 4.64465 -4.18207 4.7
    endloop
  endfacet
  facet normal 0.707107 -0.707107 0
    outer loop
      vertex 4.64465 -4.18207 2.5
      vertex 4.18207 -4.64465 4.7
      vertex 4.18207 -4.64465 2.5
    endloop
  endfacet
  facet normal -0.0523388 0.998629 0
    outer loop
      vertex 0 6.25 2.5
      vertex -0.653302 6.21576 4.7
      vertex 0 6.25 4.7
    endloop
  endfacet
  facet normal -0.0523388 0.998629 0
    outer loop
      vertex -0.653302 6.21576 4.7
      vertex 0 6.25 2.5
      vertex -0.653302 6.21576 2.5
    endloop
  endfacet
  facet normal -0.998629 -0.0523388 0
    outer loop
      vertex -6.21576 -0.653302 4
      vertex -6.25 0 4.7
      vertex -6.25 0 4
    endloop
  endfacet
  facet normal -0.998629 -0.0523388 0
    outer loop
      vertex -6.25 0 4.7
      vertex -6.21576 -0.653302 4
      vertex -6.21576 -0.653302 4.7
    endloop
  endfacet
  facet normal -0.0523388 -0.998629 0
    outer loop
      vertex -0.653302 -6.21576 2.5
      vertex 0 -6.25 4.7
      vertex -0.653302 -6.21576 4.7
    endloop
  endfacet
  facet normal -0.0523388 -0.998629 -0
    outer loop
      vertex 0 -6.25 4.7
      vertex -0.653302 -6.21576 2.5
      vertex 0 -6.25 2.5
    endloop
  endfacet
  facet normal -0.77714 -0.629327 0
    outer loop
      vertex -4.64465 -4.18207 2.5
      vertex -5.05636 -3.67366 4.7
      vertex -5.05636 -3.67366 2.5
    endloop
  endfacet
  facet normal -0.77714 -0.629327 0
    outer loop
      vertex -5.05636 -3.67366 4.7
      vertex -4.64465 -4.18207 2.5
      vertex -4.64465 -4.18207 4.7
    endloop
  endfacet
  facet normal -0.453988 -0.891008 0
    outer loop
      vertex -3.125 -5.41266 2.5
      vertex -2.5421 -5.70966 4.7
      vertex -3.125 -5.41266 4.7
    endloop
  endfacet
  facet normal -0.453988 -0.891008 -0
    outer loop
      vertex -2.5421 -5.70966 4.7
      vertex -3.125 -5.41266 2.5
      vertex -2.5421 -5.70966 2.5
    endloop
  endfacet
  facet normal -0.629327 -0.77714 0
    outer loop
      vertex -4.18207 -4.64465 2.5
      vertex -3.67366 -5.05636 4.7
      vertex -4.18207 -4.64465 4.7
    endloop
  endfacet
  facet normal -0.629327 -0.77714 -0
    outer loop
      vertex -3.67366 -5.05636 4.7
      vertex -4.18207 -4.64465 2.5
      vertex -3.67366 -5.05636 2.5
    endloop
  endfacet
  facet normal -0.544635 -0.838673 0
    outer loop
      vertex -3.67366 -5.05636 2.5
      vertex -3.125 -5.41266 4.7
      vertex -3.67366 -5.05636 4.7
    endloop
  endfacet
  facet normal -0.544635 -0.838673 -0
    outer loop
      vertex -3.125 -5.41266 4.7
      vertex -3.67366 -5.05636 2.5
      vertex -3.125 -5.41266 2.5
    endloop
  endfacet
  facet normal -0.358366 -0.933581 0
    outer loop
      vertex -2.5421 -5.70966 2.5
      vertex -1.93136 -5.9441 4.7
      vertex -2.5421 -5.70966 4.7
    endloop
  endfacet
  facet normal -0.358366 -0.933581 -0
    outer loop
      vertex -1.93136 -5.9441 4.7
      vertex -2.5421 -5.70966 2.5
      vertex -1.93136 -5.9441 2.5
    endloop
  endfacet
  facet normal -0.998629 0.0523388 0
    outer loop
      vertex -6.25 0 4
      vertex -6.21576 0.653302 4.7
      vertex -6.21576 0.653302 4
    endloop
  endfacet
  facet normal -0.998629 0.0523388 0
    outer loop
      vertex -6.21576 0.653302 4.7
      vertex -6.25 0 4
      vertex -6.25 0 4.7
    endloop
  endfacet
  facet normal 0 0 1
    outer loop
      vertex 4.1 0 4.7
      vertex 6.25 0 4.7
      vertex 6.21576 0.653302 4.7
    endloop
  endfacet
  facet normal 0 0 1
    outer loop
      vertex 4.07754 0.428566 4.7
      vertex 6.21576 0.653302 4.7
      vertex 6.11342 1.29945 4.7
    endloop
  endfacet
  facet normal 0 0 1
    outer loop
      vertex 6.25 0 4.7
      vertex 4.1 0 4.7
      vertex 6.21576 -0.653302 4.7
    endloop
  endfacet
  facet normal 0 0 1
    outer loop
      vertex 4.0104 0.852437 4.7
      vertex 6.11342 1.29945 4.7
      vertex 5.9441 1.93136 4.7
    endloop
  endfacet
  facet normal -0 0 1
    outer loop
      vertex 4.07754 -0.428566 4.7
      vertex 6.21576 -0.653302 4.7
      vertex 4.1 0 4.7
    endloop
  endfacet
  facet normal 0 0 1
    outer loop
      vertex 3.89933 1.26697 4.7
      vertex 5.9441 1.93136 4.7
      vertex 5.70966 2.5421 4.7
    endloop
  endfacet
  facet normal 0 0 1
    outer loop
      vertex 6.21576 -0.653302 4.7
      vertex 4.07754 -0.428566 4.7
      vertex 6.11342 -1.29945 4.7
    endloop
  endfacet
  facet normal 0 0 1
    outer loop
      vertex 3.74554 1.66762 4.7
      vertex 5.70966 2.5421 4.7
      vertex 5.41266 3.125 4.7
    endloop
  endfacet
  facet normal -0 0 1
    outer loop
      vertex 4.0104 -0.852437 4.7
      vertex 6.11342 -1.29945 4.7
      vertex 4.07754 -0.428566 4.7
    endloop
  endfacet
  facet normal 0 0 1
    outer loop
      vertex 3.5507 2.05 4.7
      vertex 5.41266 3.125 4.7
      vertex 5.05636 3.67366 4.7
    endloop
  endfacet
  facet normal 0 0 1
    outer loop
      vertex 6.11342 -1.29945 4.7
      vertex 4.0104 -0.852437 4.7
      vertex 5.9441 -1.93136 4.7
    endloop
  endfacet
  facet normal 0 0 1
    outer loop
      vertex 3.31697 2.40992 4.7
      vertex 5.05636 3.67366 4.7
      vertex 4.64465 4.18207 4.7
    endloop
  endfacet
  facet normal -0 0 1
    outer loop
      vertex 3.89933 -1.26697 4.7
      vertex 5.9441 -1.93136 4.7
      vertex 4.0104 -0.852437 4.7
    endloop
  endfacet
  facet normal 0 0 1
    outer loop
      vertex 3.04689 2.74343 4.7
      vertex 4.64465 4.18207 4.7
      vertex 4.18207 4.64465 4.7
    endloop
  endfacet
  facet normal 0 0 1
    outer loop
      vertex 5.9441 -1.93136 4.7
      vertex 3.89933 -1.26697 4.7
      vertex 5.70966 -2.5421 4.7
    endloop
  endfacet
  facet normal -0 0 1
    outer loop
      vertex 3.74554 -1.66762 4.7
      vertex 5.70966 -2.5421 4.7
      vertex 3.89933 -1.26697 4.7
    endloop
  endfacet
  facet normal 0 0 1
    outer loop
      vertex 6.21576 0.653302 4.7
      vertex 4.07754 0.428566 4.7
      vertex 4.1 0 4.7
    endloop
  endfacet
  facet normal 0 0 1
    outer loop
      vertex 6.11342 1.29945 4.7
      vertex 4.0104 0.852437 4.7
      vertex 4.07754 0.428566 4.7
    endloop
  endfacet
  facet normal 0 0 1
    outer loop
      vertex 5.9441 1.93136 4.7
      vertex 3.89933 1.26697 4.7
      vertex 4.0104 0.852437 4.7
    endloop
  endfacet
  facet normal 0 0 1
    outer loop
      vertex 5.70966 2.5421 4.7
      vertex 3.74554 1.66762 4.7
      vertex 3.89933 1.26697 4.7
    endloop
  endfacet
  facet normal 0 0 1
    outer loop
      vertex 2.74343 3.04689 4.7
      vertex 4.18207 4.64465 4.7
      vertex 3.67366 5.05636 4.7
    endloop
  endfacet
  facet normal 0 0 1
    outer loop
      vertex 5.41266 3.125 4.7
      vertex 3.5507 2.05 4.7
      vertex 3.74554 1.66762 4.7
    endloop
  endfacet
  facet normal 0 0 1
    outer loop
      vertex 5.05636 3.67366 4.7
      vertex 3.31697 2.40992 4.7
      vertex 3.5507 2.05 4.7
    endloop
  endfacet
  facet normal 0 0 1
    outer loop
      vertex 2.40992 3.31697 4.7
      vertex 3.67366 5.05636 4.7
      vertex 3.125 5.41266 4.7
    endloop
  endfacet
  facet normal 0 0 1
    outer loop
      vertex 4.64465 4.18207 4.7
      vertex 3.04689 2.74343 4.7
      vertex 3.31697 2.40992 4.7
    endloop
  endfacet
  facet normal 0 0 1
    outer loop
      vertex 4.18207 4.64465 4.7
      vertex 2.74343 3.04689 4.7
      vertex 3.04689 2.74343 4.7
    endloop
  endfacet
  facet normal 0 0 1
    outer loop
      vertex 2.05 3.5507 4.7
      vertex 3.125 5.41266 4.7
      vertex 2.5421 5.70966 4.7
    endloop
  endfacet
  facet normal 0 0 1
    outer loop
      vertex 3.67366 5.05636 4.7
      vertex 2.40992 3.31697 4.7
      vertex 2.74343 3.04689 4.7
    endloop
  endfacet
  facet normal 0 0 1
    outer loop
      vertex 3.125 5.41266 4.7
      vertex 2.05 3.5507 4.7
      vertex 2.40992 3.31697 4.7
    endloop
  endfacet
  facet normal 0 0 1
    outer loop
      vertex 1.66762 3.74554 4.7
      vertex 2.5421 5.70966 4.7
      vertex 1.93136 5.9441 4.7
    endloop
  endfacet
  facet normal 0 0 1
    outer loop
      vertex 2.5421 5.70966 4.7
      vertex 1.66762 3.74554 4.7
      vertex 2.05 3.5507 4.7
    endloop
  endfacet
  facet normal 0 0 1
    outer loop
      vertex 1.26697 3.89933 4.7
      vertex 1.93136 5.9441 4.7
      vertex 1.29945 6.11342 4.7
    endloop
  endfacet
  facet normal 0 0 1
    outer loop
      vertex 1.93136 5.9441 4.7
      vertex 1.26697 3.89933 4.7
      vertex 1.66762 3.74554 4.7
    endloop
  endfacet
  facet normal 0 0 1
    outer loop
      vertex 1.29945 6.11342 4.7
      vertex 0.852437 4.0104 4.7
      vertex 1.26697 3.89933 4.7
    endloop
  endfacet
  facet normal 0 0 1
    outer loop
      vertex 0.653302 6.21576 4.7
      vertex 0.852437 4.0104 4.7
      vertex 1.29945 6.11342 4.7
    endloop
  endfacet
  facet normal 0 0 1
    outer loop
      vertex 0.653302 6.21576 4.7
      vertex 0.428566 4.07754 4.7
      vertex 0.852437 4.0104 4.7
    endloop
  endfacet
  facet normal 0 0 1
    outer loop
      vertex 0 6.25 4.7
      vertex 0.428566 4.07754 4.7
      vertex 0.653302 6.21576 4.7
    endloop
  endfacet
  facet normal 0 0 1
    outer loop
      vertex 0 6.25 4.7
      vertex 0 4.1 4.7
      vertex 0.428566 4.07754 4.7
    endloop
  endfacet
  facet normal 0 0 1
    outer loop
      vertex 0 6.25 4.7
      vertex -0.428566 4.07754 4.7
      vertex 0 4.1 4.7
    endloop
  endfacet
  facet normal -0 0 1
    outer loop
      vertex -0.653302 6.21576 4.7
      vertex -0.428566 4.07754 4.7
      vertex 0 6.25 4.7
    endloop
  endfacet
  facet normal 0 0 1
    outer loop
      vertex -0.653302 6.21576 4.7
      vertex -0.852437 4.0104 4.7
      vertex -0.428566 4.07754 4.7
    endloop
  endfacet
  facet normal -0 0 1
    outer loop
      vertex -1.29945 6.11342 4.7
      vertex -0.852437 4.0104 4.7
      vertex -0.653302 6.21576 4.7
    endloop
  endfacet
  facet normal 0 0 1
    outer loop
      vertex -0.852437 4.0104 4.7
      vertex -1.29945 6.11342 4.7
      vertex -1.26697 3.89933 4.7
    endloop
  endfacet
  facet normal -0 0 1
    outer loop
      vertex -1.93136 5.9441 4.7
      vertex -1.26697 3.89933 4.7
      vertex -1.29945 6.11342 4.7
    endloop
  endfacet
  facet normal 0 0 1
    outer loop
      vertex -1.26697 3.89933 4.7
      vertex -1.93136 5.9441 4.7
      vertex -1.66762 3.74554 4.7
    endloop
  endfacet
  facet normal -0 0 1
    outer loop
      vertex -2.5421 5.70966 4.7
      vertex -1.66762 3.74554 4.7
      vertex -1.93136 5.9441 4.7
    endloop
  endfacet
  facet normal 0 0 1
    outer loop
      vertex -1.66762 3.74554 4.7
      vertex -2.5421 5.70966 4.7
      vertex -2.05 3.5507 4.7
    endloop
  endfacet
  facet normal -0 0 1
    outer loop
      vertex -3.125 5.41266 4.7
      vertex -2.05 3.5507 4.7
      vertex -2.5421 5.70966 4.7
    endloop
  endfacet
  facet normal 0 0 1
    outer loop
      vertex -2.05 3.5507 4.7
      vertex -3.125 5.41266 4.7
      vertex -2.40992 3.31697 4.7
    endloop
  endfacet
  facet normal -0 0 1
    outer loop
      vertex -3.67366 5.05636 4.7
      vertex -2.40992 3.31697 4.7
      vertex -3.125 5.41266 4.7
    endloop
  endfacet
  facet normal 0 0 1
    outer loop
      vertex -2.40992 3.31697 4.7
      vertex -3.67366 5.05636 4.7
      vertex -2.74343 3.04689 4.7
    endloop
  endfacet
  facet normal -0 0 1
    outer loop
      vertex -4.18207 4.64465 4.7
      vertex -2.74343 3.04689 4.7
      vertex -3.67366 5.05636 4.7
    endloop
  endfacet
  facet normal 0 0 1
    outer loop
      vertex -2.74343 3.04689 4.7
      vertex -4.18207 4.64465 4.7
      vertex -3.04689 2.74343 4.7
    endloop
  endfacet
  facet normal -0 0 1
    outer loop
      vertex -4.64465 4.18207 4.7
      vertex -3.04689 2.74343 4.7
      vertex -4.18207 4.64465 4.7
    endloop
  endfacet
  facet normal 0 0 1
    outer loop
      vertex -3.04689 2.74343 4.7
      vertex -4.64465 4.18207 4.7
      vertex -3.31697 2.40992 4.7
    endloop
  endfacet
  facet normal -0 0 1
    outer loop
      vertex -5.05636 3.67366 4.7
      vertex -3.31697 2.40992 4.7
      vertex -4.64465 4.18207 4.7
    endloop
  endfacet
  facet normal 0 0 1
    outer loop
      vertex -3.31697 2.40992 4.7
      vertex -5.05636 3.67366 4.7
      vertex -3.5507 2.05 4.7
    endloop
  endfacet
  facet normal -0 0 1
    outer loop
      vertex -5.41266 3.125 4.7
      vertex -3.5507 2.05 4.7
      vertex -5.05636 3.67366 4.7
    endloop
  endfacet
  facet normal -0 0 1
    outer loop
      vertex -5.70966 2.5421 4.7
      vertex -3.74554 1.66762 4.7
      vertex -5.41266 3.125 4.7
    endloop
  endfacet
  facet normal 0 0 1
    outer loop
      vertex -3.5507 2.05 4.7
      vertex -5.41266 3.125 4.7
      vertex -3.74554 1.66762 4.7
    endloop
  endfacet
  facet normal 0 0 1
    outer loop
      vertex 5.70966 -2.5421 4.7
      vertex 3.74554 -1.66762 4.7
      vertex 5.41266 -3.125 4.7
    endloop
  endfacet
  facet normal -0 0 1
    outer loop
      vertex 3.5507 -2.05 4.7
      vertex 5.41266 -3.125 4.7
      vertex 3.74554 -1.66762 4.7
    endloop
  endfacet
  facet normal 0 0 1
    outer loop
      vertex 5.41266 -3.125 4.7
      vertex 3.5507 -2.05 4.7
      vertex 5.05636 -3.67366 4.7
    endloop
  endfacet
  facet normal -0 0 1
    outer loop
      vertex 3.31697 -2.40992 4.7
      vertex 5.05636 -3.67366 4.7
      vertex 3.5507 -2.05 4.7
    endloop
  endfacet
  facet normal 0 0 1
    outer loop
      vertex 5.05636 -3.67366 4.7
      vertex 3.31697 -2.40992 4.7
      vertex 4.64465 -4.18207 4.7
    endloop
  endfacet
  facet normal -0 0 1
    outer loop
      vertex 3.04689 -2.74343 4.7
      vertex 4.64465 -4.18207 4.7
      vertex 3.31697 -2.40992 4.7
    endloop
  endfacet
  facet normal 0 0 1
    outer loop
      vertex 4.64465 -4.18207 4.7
      vertex 3.04689 -2.74343 4.7
      vertex 4.18207 -4.64465 4.7
    endloop
  endfacet
  facet normal -0 0 1
    outer loop
      vertex 2.74343 -3.04689 4.7
      vertex 4.18207 -4.64465 4.7
      vertex 3.04689 -2.74343 4.7
    endloop
  endfacet
  facet normal 0 0 1
    outer loop
      vertex 4.18207 -4.64465 4.7
      vertex 2.74343 -3.04689 4.7
      vertex 3.67366 -5.05636 4.7
    endloop
  endfacet
  facet normal -0 0 1
    outer loop
      vertex 2.40992 -3.31697 4.7
      vertex 3.67366 -5.05636 4.7
      vertex 2.74343 -3.04689 4.7
    endloop
  endfacet
  facet normal 0 0 1
    outer loop
      vertex 3.67366 -5.05636 4.7
      vertex 2.40992 -3.31697 4.7
      vertex 3.125 -5.41266 4.7
    endloop
  endfacet
  facet normal -0 0 1
    outer loop
      vertex 2.05 -3.5507 4.7
      vertex 3.125 -5.41266 4.7
      vertex 2.40992 -3.31697 4.7
    endloop
  endfacet
  facet normal 0 0 1
    outer loop
      vertex 3.125 -5.41266 4.7
      vertex 2.05 -3.5507 4.7
      vertex 2.5421 -5.70966 4.7
    endloop
  endfacet
  facet normal -0 0 1
    outer loop
      vertex 1.66762 -3.74554 4.7
      vertex 2.5421 -5.70966 4.7
      vertex 2.05 -3.5507 4.7
    endloop
  endfacet
  facet normal 0 0 1
    outer loop
      vertex 2.5421 -5.70966 4.7
      vertex 1.66762 -3.74554 4.7
      vertex 1.93136 -5.9441 4.7
    endloop
  endfacet
  facet normal -0 0 1
    outer loop
      vertex 1.26697 -3.89933 4.7
      vertex 1.93136 -5.9441 4.7
      vertex 1.66762 -3.74554 4.7
    endloop
  endfacet
  facet normal 0 0 1
    outer loop
      vertex 1.93136 -5.9441 4.7
      vertex 1.26697 -3.89933 4.7
      vertex 1.29945 -6.11342 4.7
    endloop
  endfacet
  facet normal -0 0 1
    outer loop
      vertex 0.852437 -4.0104 4.7
      vertex 1.29945 -6.11342 4.7
      vertex 1.26697 -3.89933 4.7
    endloop
  endfacet
  facet normal 0 0 1
    outer loop
      vertex 0.852437 -4.0104 4.7
      vertex 0.653302 -6.21576 4.7
      vertex 1.29945 -6.11342 4.7
    endloop
  endfacet
  facet normal -0 0 1
    outer loop
      vertex 0.428566 -4.07754 4.7
      vertex 0.653302 -6.21576 4.7
      vertex 0.852437 -4.0104 4.7
    endloop
  endfacet
  facet normal -0 0 1
    outer loop
      vertex 0 -4.1 4.7
      vertex 0.653302 -6.21576 4.7
      vertex 0.428566 -4.07754 4.7
    endloop
  endfacet
  facet normal 0 0 1
    outer loop
      vertex 0 -4.1 4.7
      vertex 0 -6.25 4.7
      vertex 0.653302 -6.21576 4.7
    endloop
  endfacet
  facet normal 0 0 1
    outer loop
      vertex -0.428566 -4.07754 4.7
      vertex 0 -6.25 4.7
      vertex 0 -4.1 4.7
    endloop
  endfacet
  facet normal 0 0 1
    outer loop
      vertex -0.428566 -4.07754 4.7
      vertex -0.653302 -6.21576 4.7
      vertex 0 -6.25 4.7
    endloop
  endfacet
  facet normal 0 0 1
    outer loop
      vertex -0.852437 -4.0104 4.7
      vertex -0.653302 -6.21576 4.7
      vertex -0.428566 -4.07754 4.7
    endloop
  endfacet
  facet normal 0 0 1
    outer loop
      vertex -1.29945 -6.11342 4.7
      vertex -0.852437 -4.0104 4.7
      vertex -1.26697 -3.89933 4.7
    endloop
  endfacet
  facet normal 0 0 1
    outer loop
      vertex -0.852437 -4.0104 4.7
      vertex -1.29945 -6.11342 4.7
      vertex -0.653302 -6.21576 4.7
    endloop
  endfacet
  facet normal 0 0 1
    outer loop
      vertex -1.93136 -5.9441 4.7
      vertex -1.26697 -3.89933 4.7
      vertex -1.66762 -3.74554 4.7
    endloop
  endfacet
  facet normal 0 0 1
    outer loop
      vertex -1.26697 -3.89933 4.7
      vertex -1.93136 -5.9441 4.7
      vertex -1.29945 -6.11342 4.7
    endloop
  endfacet
  facet normal 0 0 1
    outer loop
      vertex -2.5421 -5.70966 4.7
      vertex -1.66762 -3.74554 4.7
      vertex -2.05 -3.5507 4.7
    endloop
  endfacet
  facet normal 0 0 1
    outer loop
      vertex -3.125 -5.41266 4.7
      vertex -2.05 -3.5507 4.7
      vertex -2.40992 -3.31697 4.7
    endloop
  endfacet
  facet normal 0 0 1
    outer loop
      vertex -1.66762 -3.74554 4.7
      vertex -2.5421 -5.70966 4.7
      vertex -1.93136 -5.9441 4.7
    endloop
  endfacet
  facet normal 0 0 1
    outer loop
      vertex -3.67366 -5.05636 4.7
      vertex -2.40992 -3.31697 4.7
      vertex -2.74343 -3.04689 4.7
    endloop
  endfacet
  facet normal 0 0 1
    outer loop
      vertex -4.18207 -4.64465 4.7
      vertex -2.74343 -3.04689 4.7
      vertex -3.04689 -2.74343 4.7
    endloop
  endfacet
  facet normal 0 0 1
    outer loop
      vertex -2.05 -3.5507 4.7
      vertex -3.125 -5.41266 4.7
      vertex -2.5421 -5.70966 4.7
    endloop
  endfacet
  facet normal 0 0 1
    outer loop
      vertex -4.64465 -4.18207 4.7
      vertex -3.04689 -2.74343 4.7
      vertex -3.31697 -2.40992 4.7
    endloop
  endfacet
  facet normal 0 0 1
    outer loop
      vertex -5.05636 -3.67366 4.7
      vertex -3.31697 -2.40992 4.7
      vertex -3.5507 -2.05 4.7
    endloop
  endfacet
  facet normal 0 0 1
    outer loop
      vertex -2.40992 -3.31697 4.7
      vertex -3.67366 -5.05636 4.7
      vertex -3.125 -5.41266 4.7
    endloop
  endfacet
  facet normal 0 0 1
    outer loop
      vertex -5.41266 -3.125 4.7
      vertex -3.5507 -2.05 4.7
      vertex -3.74554 -1.66762 4.7
    endloop
  endfacet
  facet normal 0 0 1
    outer loop
      vertex -5.70966 -2.5421 4.7
      vertex -3.74554 -1.66762 4.7
      vertex -3.89933 -1.26697 4.7
    endloop
  endfacet
  facet normal 0 0 1
    outer loop
      vertex -5.9441 -1.93136 4.7
      vertex -3.89933 -1.26697 4.7
      vertex -4.0104 -0.852437 4.7
    endloop
  endfacet
  facet normal 0 0 1
    outer loop
      vertex -6.11342 -1.29945 4.7
      vertex -4.0104 -0.852437 4.7
      vertex -4.07754 -0.428566 4.7
    endloop
  endfacet
  facet normal 0 0 1
    outer loop
      vertex -2.74343 -3.04689 4.7
      vertex -4.18207 -4.64465 4.7
      vertex -3.67366 -5.05636 4.7
    endloop
  endfacet
  facet normal 0 0 1
    outer loop
      vertex -6.21576 -0.653302 4.7
      vertex -4.07754 -0.428566 4.7
      vertex -4.1 0 4.7
    endloop
  endfacet
  facet normal 0 0 1
    outer loop
      vertex -3.74554 1.66762 4.7
      vertex -5.70966 2.5421 4.7
      vertex -3.89933 1.26697 4.7
    endloop
  endfacet
  facet normal -0 0 1
    outer loop
      vertex -5.9441 1.93136 4.7
      vertex -3.89933 1.26697 4.7
      vertex -5.70966 2.5421 4.7
    endloop
  endfacet
  facet normal 0 0 1
    outer loop
      vertex -3.04689 -2.74343 4.7
      vertex -4.64465 -4.18207 4.7
      vertex -4.18207 -4.64465 4.7
    endloop
  endfacet
  facet normal 0 0 1
    outer loop
      vertex -3.89933 1.26697 4.7
      vertex -5.9441 1.93136 4.7
      vertex -4.0104 0.852437 4.7
    endloop
  endfacet
  facet normal 0 0 1
    outer loop
      vertex -3.31697 -2.40992 4.7
      vertex -5.05636 -3.67366 4.7
      vertex -4.64465 -4.18207 4.7
    endloop
  endfacet
  facet normal -0 0 1
    outer loop
      vertex -6.11342 1.29945 4.7
      vertex -4.0104 0.852437 4.7
      vertex -5.9441 1.93136 4.7
    endloop
  endfacet
  facet normal 0 0 1
    outer loop
      vertex -3.5507 -2.05 4.7
      vertex -5.41266 -3.125 4.7
      vertex -5.05636 -3.67366 4.7
    endloop
  endfacet
  facet normal 0 0 1
    outer loop
      vertex -4.0104 0.852437 4.7
      vertex -6.11342 1.29945 4.7
      vertex -4.07754 0.428566 4.7
    endloop
  endfacet
  facet normal 0 0 1
    outer loop
      vertex -3.74554 -1.66762 4.7
      vertex -5.70966 -2.5421 4.7
      vertex -5.41266 -3.125 4.7
    endloop
  endfacet
  facet normal -0 0 1
    outer loop
      vertex -6.21576 0.653302 4.7
      vertex -4.07754 0.428566 4.7
      vertex -6.11342 1.29945 4.7
    endloop
  endfacet
  facet normal 0 0 1
    outer loop
      vertex -3.89933 -1.26697 4.7
      vertex -5.9441 -1.93136 4.7
      vertex -5.70966 -2.5421 4.7
    endloop
  endfacet
  facet normal 0 0 1
    outer loop
      vertex -4.07754 0.428566 4.7
      vertex -6.21576 0.653302 4.7
      vertex -4.1 0 4.7
    endloop
  endfacet
  facet normal 0 0 1
    outer loop
      vertex -4.0104 -0.852437 4.7
      vertex -6.11342 -1.29945 4.7
      vertex -5.9441 -1.93136 4.7
    endloop
  endfacet
  facet normal 0 0 1
    outer loop
      vertex -6.25 0 4.7
      vertex -4.1 0 4.7
      vertex -6.21576 0.653302 4.7
    endloop
  endfacet
  facet normal 0 0 1
    outer loop
      vertex -4.07754 -0.428566 4.7
      vertex -6.21576 -0.653302 4.7
      vertex -6.11342 -1.29945 4.7
    endloop
  endfacet
  facet normal 0 0 1
    outer loop
      vertex -4.1 0 4.7
      vertex -6.25 0 4.7
      vertex -6.21576 -0.653302 4.7
    endloop
  endfacet
  facet normal -0.891008 0.453988 0
    outer loop
      vertex -5.70966 2.5421 2.5
      vertex -5.41266 3.125 4.7
      vertex -5.41266 3.125 2.5
    endloop
  endfacet
  facet normal -0.891008 0.453988 0
    outer loop
      vertex -5.41266 3.125 4.7
      vertex -5.70966 2.5421 2.5
      vertex -5.70966 2.5421 4.7
    endloop
  endfacet
  facet normal 0 1 -0
    outer loop
      vertex 1.5 26.5 0
      vertex -1.5 26.5 2.5
      vertex 1.5 26.5 2.5
    endloop
  endfacet
  facet normal 0 1 0
    outer loop
      vertex -1.5 26.5 2.5
      vertex 1.5 26.5 0
      vertex -1.5 26.5 0
    endloop
  endfacet
  facet normal -1 0 0
    outer loop
      vertex -1.5 23.9214 0
      vertex -1.5 26.5 2.5
      vertex -1.5 26.5 0
    endloop
  endfacet
  facet normal -1 -0 0
    outer loop
      vertex -1.5 26.5 2.5
      vertex -1.5 23.9214 0
      vertex -1.5 23.9214 2.5
    endloop
  endfacet
  facet normal 1 -0 0
    outer loop
      vertex 1.5 23.9214 2.5
      vertex 1.5 26.5 0
      vertex 1.5 26.5 2.5
    endloop
  endfacet
  facet normal 1 0 0
    outer loop
      vertex 1.5 26.5 0
      vertex 1.5 23.9214 2.5
      vertex 1.5 23.9214 0
    endloop
  endfacet
  facet normal -0.766047 0.642785 0
    outer loop
      vertex 4.49951 5.36231 -0.4
      vertex 13.8199 16.47 -3.8147e-07
      vertex 13.8199 16.47 -0.4
    endloop
  endfacet
  facet normal -0.766047 0.642785 0
    outer loop
      vertex 13.8199 16.47 -3.8147e-07
      vertex 4.49951 5.36231 -0.4
      vertex 4.49951 5.36231 -3.8147e-07
    endloop
  endfacet
  facet normal -0.766047 0.642785 0
    outer loop
      vertex 4.49951 5.36231 0
      vertex 13.8199 16.47 2.5
      vertex 13.8199 16.47 0
    endloop
  endfacet
  facet normal -0.766047 0.642785 0
    outer loop
      vertex 13.8199 16.47 2.5
      vertex 4.49951 5.36231 0
      vertex 4.49951 5.36231 2.5
    endloop
  endfacet
  facet normal 0.766047 0.642785 0
    outer loop
      vertex -4.49951 5.36231 -3.8147e-07
      vertex -13.8199 16.47 -0.4
      vertex -13.8199 16.47 -3.8147e-07
    endloop
  endfacet
  facet normal 0.766047 0.642785 0
    outer loop
      vertex -13.8199 16.47 -0.4
      vertex -4.49951 5.36231 -3.8147e-07
      vertex -4.49951 5.36231 -0.4
    endloop
  endfacet
  facet normal 0.766047 0.642785 0
    outer loop
      vertex -4.49951 5.36231 2.5
      vertex -13.8199 16.47 0
      vertex -13.8199 16.47 2.5
    endloop
  endfacet
  facet normal 0.766047 0.642785 0
    outer loop
      vertex -13.8199 16.47 0
      vertex -4.49951 5.36231 2.5
      vertex -4.49951 5.36231 0
    endloop
  endfacet
  facet normal -0.600721 -0.799459 0
    outer loop
      vertex 11.9747 17.8565 -0.4
      vertex 13.8199 16.47 -3.8147e-07
      vertex 11.9747 17.8565 -3.8147e-07
    endloop
  endfacet
  facet normal -0.600721 -0.799459 -0
    outer loop
      vertex 13.8199 16.47 -3.8147e-07
      vertex 11.9747 17.8565 -0.4
      vertex 13.8199 16.47 -0.4
    endloop
  endfacet
  facet normal -0.600721 -0.799459 0
    outer loop
      vertex 11.9747 17.8565 0
      vertex 13.8199 16.47 2.5
      vertex 11.9747 17.8565 2.5
    endloop
  endfacet
  facet normal -0.600721 -0.799459 -0
    outer loop
      vertex 13.8199 16.47 2.5
      vertex 11.9747 17.8565 0
      vertex 13.8199 16.47 0
    endloop
  endfacet
  facet normal 0.600741 0.799444 -0
    outer loop
      vertex 4.49951 5.36231 -0.4
      vertex 3.89875 5.81375 -3.8147e-07
      vertex 4.49951 5.36231 -3.8147e-07
    endloop
  endfacet
  facet normal 0.600741 0.799444 0
    outer loop
      vertex 3.89875 5.81375 -3.8147e-07
      vertex 4.49951 5.36231 -0.4
      vertex 3.89875 5.81375 -0.4
    endloop
  endfacet
  facet normal 0.600741 0.799444 -0
    outer loop
      vertex 4.49951 5.36231 0
      vertex 3.89875 5.81375 2.5
      vertex 4.49951 5.36231 2.5
    endloop
  endfacet
  facet normal 0.600741 0.799444 0
    outer loop
      vertex 3.89875 5.81375 2.5
      vertex 4.49951 5.36231 0
      vertex 3.89875 5.81375 0
    endloop
  endfacet
  facet normal -0.511597 -0.859226 0
    outer loop
      vertex 9.99155 19.0373 -0.4
      vertex 11.9747 17.8565 -3.8147e-07
      vertex 9.99155 19.0373 -3.8147e-07
    endloop
  endfacet
  facet normal -0.511597 -0.859226 -0
    outer loop
      vertex 11.9747 17.8565 -3.8147e-07
      vertex 9.99155 19.0373 -0.4
      vertex 11.9747 17.8565 -0.4
    endloop
  endfacet
  facet normal -0.511597 -0.859226 0
    outer loop
      vertex 9.99155 19.0373 0
      vertex 11.9747 17.8565 2.5
      vertex 9.99155 19.0373 2.5
    endloop
  endfacet
  facet normal -0.511597 -0.859226 -0
    outer loop
      vertex 11.9747 17.8565 2.5
      vertex 9.99155 19.0373 0
      vertex 11.9747 17.8565 0
    endloop
  endfacet
  facet normal 0.511583 0.859234 -0
    outer loop
      vertex 3.89875 5.81375 -0.4
      vertex 3.25306 6.19819 -3.8147e-07
      vertex 3.89875 5.81375 -3.8147e-07
    endloop
  endfacet
  facet normal 0.511583 0.859234 0
    outer loop
      vertex 3.25306 6.19819 -3.8147e-07
      vertex 3.89875 5.81375 -0.4
      vertex 3.25306 6.19819 -0.4
    endloop
  endfacet
  facet normal 0.511583 0.859234 -0
    outer loop
      vertex 3.89875 5.81375 0
      vertex 3.25306 6.19819 2.5
      vertex 3.89875 5.81375 2.5
    endloop
  endfacet
  facet normal 0.511583 0.859234 0
    outer loop
      vertex 3.25306 6.19819 2.5
      vertex 3.89875 5.81375 0
      vertex 3.25306 6.19819 0
    endloop
  endfacet
  facet normal -0.416532 -0.909121 0
    outer loop
      vertex 7.8932 19.9987 -0.4
      vertex 9.99155 19.0373 -3.8147e-07
      vertex 7.8932 19.9987 -3.8147e-07
    endloop
  endfacet
  facet normal -0.416532 -0.909121 -0
    outer loop
      vertex 9.99155 19.0373 -3.8147e-07
      vertex 7.8932 19.9987 -0.4
      vertex 9.99155 19.0373 -0.4
    endloop
  endfacet
  facet normal -0.416532 -0.909121 0
    outer loop
      vertex 7.8932 19.9987 0
      vertex 9.99155 19.0373 2.5
      vertex 7.8932 19.9987 2.5
    endloop
  endfacet
  facet normal -0.416532 -0.909121 -0
    outer loop
      vertex 9.99155 19.0373 2.5
      vertex 7.8932 19.9987 0
      vertex 9.99155 19.0373 0
    endloop
  endfacet
  facet normal 0.416529 0.909122 -0
    outer loop
      vertex 3.25306 6.19819 -0.4
      vertex 2.56988 6.5112 -3.8147e-07
      vertex 3.25306 6.19819 -3.8147e-07
    endloop
  endfacet
  facet normal 0.416529 0.909122 0
    outer loop
      vertex 2.56988 6.5112 -3.8147e-07
      vertex 3.25306 6.19819 -0.4
      vertex 2.56988 6.5112 -0.4
    endloop
  endfacet
  facet normal 0.416529 0.909122 -0
    outer loop
      vertex 3.25306 6.19819 0
      vertex 2.56988 6.5112 2.5
      vertex 3.25306 6.19819 2.5
    endloop
  endfacet
  facet normal 0.416529 0.909122 0
    outer loop
      vertex 2.56988 6.5112 2.5
      vertex 3.25306 6.19819 0
      vertex 2.56988 6.5112 0
    endloop
  endfacet
  facet normal -0.316668 -0.948536 0
    outer loop
      vertex 5.70389 20.7296 -0.4
      vertex 7.8932 19.9987 -3.8147e-07
      vertex 5.70389 20.7296 -3.8147e-07
    endloop
  endfacet
  facet normal -0.316668 -0.948536 -0
    outer loop
      vertex 7.8932 19.9987 -3.8147e-07
      vertex 5.70389 20.7296 -0.4
      vertex 7.8932 19.9987 -0.4
    endloop
  endfacet
  facet normal -0.316668 -0.948536 0
    outer loop
      vertex 5.70389 20.7296 0
      vertex 7.8932 19.9987 2.5
      vertex 5.70389 20.7296 2.5
    endloop
  endfacet
  facet normal -0.316668 -0.948536 -0
    outer loop
      vertex 7.8932 19.9987 2.5
      vertex 5.70389 20.7296 0
      vertex 7.8932 19.9987 0
    endloop
  endfacet
  facet normal 0.316671 0.948535 -0
    outer loop
      vertex 2.56988 6.5112 -0.4
      vertex 1.85708 6.74917 -3.8147e-07
      vertex 2.56988 6.5112 -3.8147e-07
    endloop
  endfacet
  facet normal 0.316671 0.948535 0
    outer loop
      vertex 1.85708 6.74917 -3.8147e-07
      vertex 2.56988 6.5112 -0.4
      vertex 1.85708 6.74917 -0.4
    endloop
  endfacet
  facet normal 0.316671 0.948535 -0
    outer loop
      vertex 2.56988 6.5112 0
      vertex 1.85708 6.74917 2.5
      vertex 2.56988 6.5112 2.5
    endloop
  endfacet
  facet normal 0.316671 0.948535 0
    outer loop
      vertex 1.85708 6.74917 2.5
      vertex 2.56988 6.5112 0
      vertex 1.85708 6.74917 0
    endloop
  endfacet
  facet normal -0.213163 -0.977017 0
    outer loop
      vertex 3.44884 21.2216 -0.4
      vertex 5.70389 20.7296 -3.8147e-07
      vertex 3.44884 21.2216 -3.8147e-07
    endloop
  endfacet
  facet normal -0.213163 -0.977017 -0
    outer loop
      vertex 5.70389 20.7296 -3.8147e-07
      vertex 3.44884 21.2216 -0.4
      vertex 5.70389 20.7296 -0.4
    endloop
  endfacet
  facet normal -0.213163 -0.977017 0
    outer loop
      vertex 3.44884 21.2216 0
      vertex 5.70389 20.7296 2.5
      vertex 3.44884 21.2216 2.5
    endloop
  endfacet
  facet normal -0.213163 -0.977017 -0
    outer loop
      vertex 5.70389 20.7296 2.5
      vertex 3.44884 21.2216 0
      vertex 5.70389 20.7296 0
    endloop
  endfacet
  facet normal 0.213156 0.977018 -0
    outer loop
      vertex 1.85708 6.74917 -0.4
      vertex 1.12288 6.90935 -3.8147e-07
      vertex 1.85708 6.74917 -3.8147e-07
    endloop
  endfacet
  facet normal 0.213156 0.977018 0
    outer loop
      vertex 1.12288 6.90935 -3.8147e-07
      vertex 1.85708 6.74917 -0.4
      vertex 1.12288 6.90935 -0.4
    endloop
  endfacet
  facet normal 0.213156 0.977018 -0
    outer loop
      vertex 1.85708 6.74917 0
      vertex 1.12288 6.90935 2.5
      vertex 1.85708 6.74917 2.5
    endloop
  endfacet
  facet normal 0.213156 0.977018 0
    outer loop
      vertex 1.12288 6.90935 2.5
      vertex 1.85708 6.74917 0
      vertex 1.12288 6.90935 0
    endloop
  endfacet
  facet normal -0.107188 -0.994239 0
    outer loop
      vertex 1.15405 21.469 -0.4
      vertex 3.44884 21.2216 -3.8147e-07
      vertex 1.15405 21.469 -3.8147e-07
    endloop
  endfacet
  facet normal -0.107188 -0.994239 -0
    outer loop
      vertex 3.44884 21.2216 -3.8147e-07
      vertex 1.15405 21.469 -0.4
      vertex 3.44884 21.2216 -0.4
    endloop
  endfacet
  facet normal -0.107188 -0.994239 0
    outer loop
      vertex 1.15405 21.469 0
      vertex 3.44884 21.2216 2.5
      vertex 1.15405 21.469 2.5
    endloop
  endfacet
  facet normal -0.107188 -0.994239 -0
    outer loop
      vertex 3.44884 21.2216 2.5
      vertex 1.15405 21.469 0
      vertex 3.44884 21.2216 0
    endloop
  endfacet
  facet normal 0.107203 0.994237 -0
    outer loop
      vertex 1.12288 6.90935 -0.4
      vertex 0.375736 6.98991 -3.8147e-07
      vertex 1.12288 6.90935 -3.8147e-07
    endloop
  endfacet
  facet normal 0.107203 0.994237 0
    outer loop
      vertex 0.375736 6.98991 -3.8147e-07
      vertex 1.12288 6.90935 -0.4
      vertex 0.375736 6.98991 -0.4
    endloop
  endfacet
  facet normal 0.107203 0.994237 -0
    outer loop
      vertex 1.12288 6.90935 0
      vertex 0.375736 6.98991 2.5
      vertex 1.12288 6.90935 2.5
    endloop
  endfacet
  facet normal 0.107203 0.994237 0
    outer loop
      vertex 0.375736 6.98991 2.5
      vertex 1.12288 6.90935 0
      vertex 0.375736 6.98991 0
    endloop
  endfacet
  facet normal 0 -1 0
    outer loop
      vertex -1.15405 21.469 -0.4
      vertex 1.15405 21.469 -3.8147e-07
      vertex -1.15405 21.469 -3.8147e-07
    endloop
  endfacet
  facet normal 0 -1 -0
    outer loop
      vertex 1.15405 21.469 -3.8147e-07
      vertex -1.15405 21.469 -0.4
      vertex 1.15405 21.469 -0.4
    endloop
  endfacet
  facet normal 0 -1 0
    outer loop
      vertex -1.15405 21.469 0
      vertex 1.15405 21.469 2.5
      vertex -1.15405 21.469 2.5
    endloop
  endfacet
  facet normal 0 -1 -0
    outer loop
      vertex 1.15405 21.469 2.5
      vertex -1.15405 21.469 0
      vertex 1.15405 21.469 0
    endloop
  endfacet
  facet normal 0 1 -0
    outer loop
      vertex 0.375736 6.98991 -0.4
      vertex -0.375736 6.98991 -3.8147e-07
      vertex 0.375736 6.98991 -3.8147e-07
    endloop
  endfacet
  facet normal 0 1 0
    outer loop
      vertex -0.375736 6.98991 -3.8147e-07
      vertex 0.375736 6.98991 -0.4
      vertex -0.375736 6.98991 -0.4
    endloop
  endfacet
  facet normal 0 1 -0
    outer loop
      vertex 0.375736 6.98991 0
      vertex -0.375736 6.98991 2.5
      vertex 0.375736 6.98991 2.5
    endloop
  endfacet
  facet normal 0 1 0
    outer loop
      vertex -0.375736 6.98991 2.5
      vertex 0.375736 6.98991 0
      vertex -0.375736 6.98991 0
    endloop
  endfacet
  facet normal 0.107188 -0.994239 0
    outer loop
      vertex -3.44884 21.2216 -0.4
      vertex -1.15405 21.469 -3.8147e-07
      vertex -3.44884 21.2216 -3.8147e-07
    endloop
  endfacet
  facet normal 0.107188 -0.994239 0
    outer loop
      vertex -1.15405 21.469 -3.8147e-07
      vertex -3.44884 21.2216 -0.4
      vertex -1.15405 21.469 -0.4
    endloop
  endfacet
  facet normal 0.107188 -0.994239 0
    outer loop
      vertex -3.44884 21.2216 0
      vertex -1.15405 21.469 2.5
      vertex -3.44884 21.2216 2.5
    endloop
  endfacet
  facet normal 0.107188 -0.994239 0
    outer loop
      vertex -1.15405 21.469 2.5
      vertex -3.44884 21.2216 0
      vertex -1.15405 21.469 0
    endloop
  endfacet
  facet normal -0.107203 0.994237 0
    outer loop
      vertex -0.375736 6.98991 -0.4
      vertex -1.12288 6.90935 -3.8147e-07
      vertex -0.375736 6.98991 -3.8147e-07
    endloop
  endfacet
  facet normal -0.107203 0.994237 0
    outer loop
      vertex -1.12288 6.90935 -3.8147e-07
      vertex -0.375736 6.98991 -0.4
      vertex -1.12288 6.90935 -0.4
    endloop
  endfacet
  facet normal -0.107203 0.994237 0
    outer loop
      vertex -0.375736 6.98991 0
      vertex -1.12288 6.90935 2.5
      vertex -0.375736 6.98991 2.5
    endloop
  endfacet
  facet normal -0.107203 0.994237 0
    outer loop
      vertex -1.12288 6.90935 2.5
      vertex -0.375736 6.98991 0
      vertex -1.12288 6.90935 0
    endloop
  endfacet
  facet normal 0.213163 -0.977017 0
    outer loop
      vertex -5.70389 20.7296 -0.4
      vertex -3.44884 21.2216 -3.8147e-07
      vertex -5.70389 20.7296 -3.8147e-07
    endloop
  endfacet
  facet normal 0.213163 -0.977017 0
    outer loop
      vertex -3.44884 21.2216 -3.8147e-07
      vertex -5.70389 20.7296 -0.4
      vertex -3.44884 21.2216 -0.4
    endloop
  endfacet
  facet normal 0.213163 -0.977017 0
    outer loop
      vertex -5.70389 20.7296 0
      vertex -3.44884 21.2216 2.5
      vertex -5.70389 20.7296 2.5
    endloop
  endfacet
  facet normal 0.213163 -0.977017 0
    outer loop
      vertex -3.44884 21.2216 2.5
      vertex -5.70389 20.7296 0
      vertex -3.44884 21.2216 0
    endloop
  endfacet
  facet normal -0.213156 0.977018 0
    outer loop
      vertex -1.12288 6.90935 -0.4
      vertex -1.85708 6.74917 -3.8147e-07
      vertex -1.12288 6.90935 -3.8147e-07
    endloop
  endfacet
  facet normal -0.213156 0.977018 0
    outer loop
      vertex -1.85708 6.74917 -3.8147e-07
      vertex -1.12288 6.90935 -0.4
      vertex -1.85708 6.74917 -0.4
    endloop
  endfacet
  facet normal -0.213156 0.977018 0
    outer loop
      vertex -1.12288 6.90935 0
      vertex -1.85708 6.74917 2.5
      vertex -1.12288 6.90935 2.5
    endloop
  endfacet
  facet normal -0.213156 0.977018 0
    outer loop
      vertex -1.85708 6.74917 2.5
      vertex -1.12288 6.90935 0
      vertex -1.85708 6.74917 0
    endloop
  endfacet
  facet normal 0.316668 -0.948536 0
    outer loop
      vertex -7.8932 19.9987 -0.4
      vertex -5.70389 20.7296 -3.8147e-07
      vertex -7.8932 19.9987 -3.8147e-07
    endloop
  endfacet
  facet normal 0.316668 -0.948536 0
    outer loop
      vertex -5.70389 20.7296 -3.8147e-07
      vertex -7.8932 19.9987 -0.4
      vertex -5.70389 20.7296 -0.4
    endloop
  endfacet
  facet normal 0.316668 -0.948536 0
    outer loop
      vertex -7.8932 19.9987 0
      vertex -5.70389 20.7296 2.5
      vertex -7.8932 19.9987 2.5
    endloop
  endfacet
  facet normal 0.316668 -0.948536 0
    outer loop
      vertex -5.70389 20.7296 2.5
      vertex -7.8932 19.9987 0
      vertex -5.70389 20.7296 0
    endloop
  endfacet
  facet normal -0.316671 0.948535 0
    outer loop
      vertex -1.85708 6.74917 -0.4
      vertex -2.56988 6.5112 -3.8147e-07
      vertex -1.85708 6.74917 -3.8147e-07
    endloop
  endfacet
  facet normal -0.316671 0.948535 0
    outer loop
      vertex -2.56988 6.5112 -3.8147e-07
      vertex -1.85708 6.74917 -0.4
      vertex -2.56988 6.5112 -0.4
    endloop
  endfacet
  facet normal -0.316671 0.948535 0
    outer loop
      vertex -1.85708 6.74917 0
      vertex -2.56988 6.5112 2.5
      vertex -1.85708 6.74917 2.5
    endloop
  endfacet
  facet normal -0.316671 0.948535 0
    outer loop
      vertex -2.56988 6.5112 2.5
      vertex -1.85708 6.74917 0
      vertex -2.56988 6.5112 0
    endloop
  endfacet
  facet normal 0.416532 -0.909121 0
    outer loop
      vertex -9.99155 19.0373 -0.4
      vertex -7.8932 19.9987 -3.8147e-07
      vertex -9.99155 19.0373 -3.8147e-07
    endloop
  endfacet
  facet normal 0.416532 -0.909121 0
    outer loop
      vertex -7.8932 19.9987 -3.8147e-07
      vertex -9.99155 19.0373 -0.4
      vertex -7.8932 19.9987 -0.4
    endloop
  endfacet
  facet normal 0.416532 -0.909121 0
    outer loop
      vertex -9.99155 19.0373 0
      vertex -7.8932 19.9987 2.5
      vertex -9.99155 19.0373 2.5
    endloop
  endfacet
  facet normal 0.416532 -0.909121 0
    outer loop
      vertex -7.8932 19.9987 2.5
      vertex -9.99155 19.0373 0
      vertex -7.8932 19.9987 0
    endloop
  endfacet
  facet normal -0.416529 0.909122 0
    outer loop
      vertex -2.56988 6.5112 -0.4
      vertex -3.25306 6.19819 -3.8147e-07
      vertex -2.56988 6.5112 -3.8147e-07
    endloop
  endfacet
  facet normal -0.416529 0.909122 0
    outer loop
      vertex -3.25306 6.19819 -3.8147e-07
      vertex -2.56988 6.5112 -0.4
      vertex -3.25306 6.19819 -0.4
    endloop
  endfacet
  facet normal -0.416529 0.909122 0
    outer loop
      vertex -2.56988 6.5112 0
      vertex -3.25306 6.19819 2.5
      vertex -2.56988 6.5112 2.5
    endloop
  endfacet
  facet normal -0.416529 0.909122 0
    outer loop
      vertex -3.25306 6.19819 2.5
      vertex -2.56988 6.5112 0
      vertex -3.25306 6.19819 0
    endloop
  endfacet
  facet normal 0.511597 -0.859226 0
    outer loop
      vertex -11.9747 17.8565 -0.4
      vertex -9.99155 19.0373 -3.8147e-07
      vertex -11.9747 17.8565 -3.8147e-07
    endloop
  endfacet
  facet normal 0.511597 -0.859226 0
    outer loop
      vertex -9.99155 19.0373 -3.8147e-07
      vertex -11.9747 17.8565 -0.4
      vertex -9.99155 19.0373 -0.4
    endloop
  endfacet
  facet normal 0.511597 -0.859226 0
    outer loop
      vertex -11.9747 17.8565 0
      vertex -9.99155 19.0373 2.5
      vertex -11.9747 17.8565 2.5
    endloop
  endfacet
  facet normal 0.511597 -0.859226 0
    outer loop
      vertex -9.99155 19.0373 2.5
      vertex -11.9747 17.8565 0
      vertex -9.99155 19.0373 0
    endloop
  endfacet
  facet normal -0.511583 0.859234 0
    outer loop
      vertex -3.25306 6.19819 -0.4
      vertex -3.89875 5.81375 -3.8147e-07
      vertex -3.25306 6.19819 -3.8147e-07
    endloop
  endfacet
  facet normal -0.511583 0.859234 0
    outer loop
      vertex -3.89875 5.81375 -3.8147e-07
      vertex -3.25306 6.19819 -0.4
      vertex -3.89875 5.81375 -0.4
    endloop
  endfacet
  facet normal -0.511583 0.859234 0
    outer loop
      vertex -3.25306 6.19819 0
      vertex -3.89875 5.81375 2.5
      vertex -3.25306 6.19819 2.5
    endloop
  endfacet
  facet normal -0.511583 0.859234 0
    outer loop
      vertex -3.89875 5.81375 2.5
      vertex -3.25306 6.19819 0
      vertex -3.89875 5.81375 0
    endloop
  endfacet
  facet normal 0.600721 -0.799459 0
    outer loop
      vertex -13.8199 16.47 -0.4
      vertex -11.9747 17.8565 -3.8147e-07
      vertex -13.8199 16.47 -3.8147e-07
    endloop
  endfacet
  facet normal 0.600721 -0.799459 0
    outer loop
      vertex -11.9747 17.8565 -3.8147e-07
      vertex -13.8199 16.47 -0.4
      vertex -11.9747 17.8565 -0.4
    endloop
  endfacet
  facet normal 0.600721 -0.799459 0
    outer loop
      vertex -13.8199 16.47 0
      vertex -11.9747 17.8565 2.5
      vertex -13.8199 16.47 2.5
    endloop
  endfacet
  facet normal 0.600721 -0.799459 0
    outer loop
      vertex -11.9747 17.8565 2.5
      vertex -13.8199 16.47 0
      vertex -11.9747 17.8565 0
    endloop
  endfacet
  facet normal -0.600741 0.799444 0
    outer loop
      vertex -3.89875 5.81375 -0.4
      vertex -4.49951 5.36231 -3.8147e-07
      vertex -3.89875 5.81375 -3.8147e-07
    endloop
  endfacet
  facet normal -0.600741 0.799444 0
    outer loop
      vertex -4.49951 5.36231 -3.8147e-07
      vertex -3.89875 5.81375 -0.4
      vertex -4.49951 5.36231 -0.4
    endloop
  endfacet
  facet normal -0.600741 0.799444 0
    outer loop
      vertex -3.89875 5.81375 0
      vertex -4.49951 5.36231 2.5
      vertex -3.89875 5.81375 2.5
    endloop
  endfacet
  facet normal -0.600741 0.799444 0
    outer loop
      vertex -4.49951 5.36231 2.5
      vertex -3.89875 5.81375 0
      vertex -4.49951 5.36231 0
    endloop
  endfacet
  facet normal -1 0 0
    outer loop
      vertex 9.25 -2.4 1
      vertex 9.25 2.4 2.5
      vertex 9.25 2.4 1
    endloop
  endfacet
  facet normal -1 -0 0
    outer loop
      vertex 9.25 2.4 2.5
      vertex 9.25 -2.4 1
      vertex 9.25 -2.4 2.5
    endloop
  endfacet
  facet normal 0 0 -1
    outer loop
      vertex -6.11342 -1.29945 4
      vertex -4.0104 -0.852437 4
      vertex -5.9441 -1.93136 4
    endloop
  endfacet
  facet normal -0 0 -1
    outer loop
      vertex -3.89933 -1.26697 4
      vertex -5.9441 -1.93136 4
      vertex -4.0104 -0.852437 4
    endloop
  endfacet
  facet normal 0 0 -1
    outer loop
      vertex -5.9441 -1.93136 4
      vertex -3.89933 -1.26697 4
      vertex -5.76421 -2.4 4
    endloop
  endfacet
  facet normal -0 0 -1
    outer loop
      vertex -3.74554 -1.66762 4
      vertex -5.76421 -2.4 4
      vertex -3.89933 -1.26697 4
    endloop
  endfacet
  facet normal -0 0 -1
    outer loop
      vertex -3.5507 -2.05 4
      vertex -5.76421 -2.4 4
      vertex -3.74554 -1.66762 4
    endloop
  endfacet
  facet normal 0 0 -1
    outer loop
      vertex -5.76421 -2.4 4
      vertex -3.5507 -2.05 4
      vertex -3.32341 -2.4 4
    endloop
  endfacet
  facet normal -0 0 -1
    outer loop
      vertex -4.0104 -0.852437 4
      vertex -6.11342 -1.29945 4
      vertex -4.07754 -0.428566 4
    endloop
  endfacet
  facet normal 0 0 -1
    outer loop
      vertex -6.21576 -0.653302 4
      vertex -4.07754 -0.428566 4
      vertex -6.11342 -1.29945 4
    endloop
  endfacet
  facet normal -0 0 -1
    outer loop
      vertex -4.07754 -0.428566 4
      vertex -6.21576 -0.653302 4
      vertex -4.1 0 4
    endloop
  endfacet
  facet normal 0 0 -1
    outer loop
      vertex -6.25 0 4
      vertex -4.1 0 4
      vertex -6.21576 -0.653302 4
    endloop
  endfacet
  facet normal 0 0 -1
    outer loop
      vertex -3.5507 2.05 4
      vertex -5.76421 2.4 4
      vertex -3.32341 2.4 4
    endloop
  endfacet
  facet normal 0 0 -1
    outer loop
      vertex -3.74554 1.66762 4
      vertex -5.76421 2.4 4
      vertex -3.5507 2.05 4
    endloop
  endfacet
  facet normal 0 0 -1
    outer loop
      vertex -4.1 0 4
      vertex -6.25 0 4
      vertex -4.07754 0.428566 4
    endloop
  endfacet
  facet normal 0 -0 -1
    outer loop
      vertex -6.21576 0.653302 4
      vertex -4.07754 0.428566 4
      vertex -6.25 0 4
    endloop
  endfacet
  facet normal 0 0 -1
    outer loop
      vertex -4.07754 0.428566 4
      vertex -6.21576 0.653302 4
      vertex -4.0104 0.852437 4
    endloop
  endfacet
  facet normal 0 -0 -1
    outer loop
      vertex -5.76421 2.4 4
      vertex -3.89933 1.26697 4
      vertex -5.9441 1.93136 4
    endloop
  endfacet
  facet normal 0 0 -1
    outer loop
      vertex -3.89933 1.26697 4
      vertex -5.76421 2.4 4
      vertex -3.74554 1.66762 4
    endloop
  endfacet
  facet normal 0 -0 -1
    outer loop
      vertex -6.11342 1.29945 4
      vertex -4.0104 0.852437 4
      vertex -6.21576 0.653302 4
    endloop
  endfacet
  facet normal 0 -0 -1
    outer loop
      vertex -5.9441 1.93136 4
      vertex -3.89933 1.26697 4
      vertex -6.11342 1.29945 4
    endloop
  endfacet
  facet normal 0 0 -1
    outer loop
      vertex -4.0104 0.852437 4
      vertex -6.11342 1.29945 4
      vertex -3.89933 1.26697 4
    endloop
  endfacet
  facet normal 0 0 -1
    outer loop
      vertex 4.1 0 4
      vertex 6.25 0 4
      vertex 6.21576 -0.653302 4
    endloop
  endfacet
  facet normal 0 0 -1
    outer loop
      vertex 4.07754 -0.428566 4
      vertex 6.21576 -0.653302 4
      vertex 6.11342 -1.29945 4
    endloop
  endfacet
  facet normal 0 0 -1
    outer loop
      vertex 6.25 0 4
      vertex 4.1 0 4
      vertex 6.21576 0.653302 4
    endloop
  endfacet
  facet normal 0 0 -1
    outer loop
      vertex 4.0104 -0.852437 4
      vertex 6.11342 -1.29945 4
      vertex 5.9441 -1.93136 4
    endloop
  endfacet
  facet normal 0 0 -1
    outer loop
      vertex 4.07754 0.428566 4
      vertex 6.21576 0.653302 4
      vertex 4.1 0 4
    endloop
  endfacet
  facet normal 0 0 -1
    outer loop
      vertex 3.89933 -1.26697 4
      vertex 5.9441 -1.93136 4
      vertex 5.76421 -2.4 4
    endloop
  endfacet
  facet normal -0 0 -1
    outer loop
      vertex 6.21576 0.653302 4
      vertex 4.07754 0.428566 4
      vertex 6.11342 1.29945 4
    endloop
  endfacet
  facet normal 0 0 -1
    outer loop
      vertex 4.0104 0.852437 4
      vertex 6.11342 1.29945 4
      vertex 4.07754 0.428566 4
    endloop
  endfacet
  facet normal 0 0 -1
    outer loop
      vertex 6.21576 -0.653302 4
      vertex 4.07754 -0.428566 4
      vertex 4.1 0 4
    endloop
  endfacet
  facet normal 0 0 -1
    outer loop
      vertex 6.11342 -1.29945 4
      vertex 4.0104 -0.852437 4
      vertex 4.07754 -0.428566 4
    endloop
  endfacet
  facet normal 0 0 -1
    outer loop
      vertex 5.9441 -1.93136 4
      vertex 3.89933 -1.26697 4
      vertex 4.0104 -0.852437 4
    endloop
  endfacet
  facet normal 0 0 -1
    outer loop
      vertex 5.76421 -2.4 4
      vertex 3.74554 -1.66762 4
      vertex 3.89933 -1.26697 4
    endloop
  endfacet
  facet normal 0 0 -1
    outer loop
      vertex 5.76421 -2.4 4
      vertex 3.5507 -2.05 4
      vertex 3.74554 -1.66762 4
    endloop
  endfacet
  facet normal 0 -0 -1
    outer loop
      vertex 3.5507 -2.05 4
      vertex 5.76421 -2.4 4
      vertex 3.32341 -2.4 4
    endloop
  endfacet
  facet normal -0 0 -1
    outer loop
      vertex 6.11342 1.29945 4
      vertex 4.0104 0.852437 4
      vertex 5.9441 1.93136 4
    endloop
  endfacet
  facet normal 0 0 -1
    outer loop
      vertex 3.89933 1.26697 4
      vertex 5.9441 1.93136 4
      vertex 4.0104 0.852437 4
    endloop
  endfacet
  facet normal -0 0 -1
    outer loop
      vertex 5.9441 1.93136 4
      vertex 3.89933 1.26697 4
      vertex 5.76421 2.4 4
    endloop
  endfacet
  facet normal 0 0 -1
    outer loop
      vertex 3.74554 1.66762 4
      vertex 5.76421 2.4 4
      vertex 3.89933 1.26697 4
    endloop
  endfacet
  facet normal 0 0 -1
    outer loop
      vertex 3.5507 2.05 4
      vertex 5.76421 2.4 4
      vertex 3.74554 1.66762 4
    endloop
  endfacet
  facet normal -0 0 -1
    outer loop
      vertex 5.76421 2.4 4
      vertex 3.5507 2.05 4
      vertex 3.32341 2.4 4
    endloop
  endfacet
  facet normal 0 0 1
    outer loop
      vertex 9.25 2.4 1
      vertex 1.3 0 1
      vertex 9.25 -2.4 1
    endloop
  endfacet
  facet normal 0 0 1
    outer loop
      vertex 9.25 2.4 1
      vertex 1.29288 0.135886 1
      vertex 1.3 0 1
    endloop
  endfacet
  facet normal 0 0 1
    outer loop
      vertex 9.25 2.4 1
      vertex 1.27159 0.270285 1
      vertex 1.29288 0.135886 1
    endloop
  endfacet
  facet normal 0 0 1
    outer loop
      vertex 9.25 2.4 1
      vertex 1.23637 0.401722 1
      vertex 1.27159 0.270285 1
    endloop
  endfacet
  facet normal 0 0 1
    outer loop
      vertex 9.25 2.4 1
      vertex 1.18761 0.528757 1
      vertex 1.23637 0.401722 1
    endloop
  endfacet
  facet normal 0 0 1
    outer loop
      vertex 9.25 2.4 1
      vertex 1.12583 0.65 1
      vertex 1.18761 0.528757 1
    endloop
  endfacet
  facet normal 0 0 1
    outer loop
      vertex 9.25 2.4 1
      vertex 1.05172 0.76412 1
      vertex 1.12583 0.65 1
    endloop
  endfacet
  facet normal 0 0 1
    outer loop
      vertex 9.25 2.4 1
      vertex 0.966087 0.869869 1
      vertex 1.05172 0.76412 1
    endloop
  endfacet
  facet normal 0 0 1
    outer loop
      vertex 9.25 2.4 1
      vertex 0.869869 0.966087 1
      vertex 0.966087 0.869869 1
    endloop
  endfacet
  facet normal 0 0 1
    outer loop
      vertex 9.25 2.4 1
      vertex 0.76412 1.05172 1
      vertex 0.869869 0.966087 1
    endloop
  endfacet
  facet normal 0 0 1
    outer loop
      vertex 9.25 2.4 1
      vertex 0.65 1.12583 1
      vertex 0.76412 1.05172 1
    endloop
  endfacet
  facet normal 0 0 1
    outer loop
      vertex 9.25 2.4 1
      vertex 0.528757 1.18761 1
      vertex 0.65 1.12583 1
    endloop
  endfacet
  facet normal 0 0 1
    outer loop
      vertex 9.25 2.4 1
      vertex 0.401722 1.23637 1
      vertex 0.528757 1.18761 1
    endloop
  endfacet
  facet normal 0 0 1
    outer loop
      vertex 9.25 2.4 1
      vertex 0.270285 1.27159 1
      vertex 0.401722 1.23637 1
    endloop
  endfacet
  facet normal 0 0 1
    outer loop
      vertex 9.25 2.4 1
      vertex 0.135886 1.29288 1
      vertex 0.270285 1.27159 1
    endloop
  endfacet
  facet normal 0 0 1
    outer loop
      vertex 9.25 2.4 1
      vertex 0 1.3 1
      vertex 0.135886 1.29288 1
    endloop
  endfacet
  facet normal -0 0 1
    outer loop
      vertex -9.25 2.4 1
      vertex 0 1.3 1
      vertex 9.25 2.4 1
    endloop
  endfacet
  facet normal 0 0 1
    outer loop
      vertex -1.29288 0.135886 1
      vertex -9.25 2.4 1
      vertex -1.3 0 1
    endloop
  endfacet
  facet normal 0 0 1
    outer loop
      vertex -1.27159 0.270285 1
      vertex -9.25 2.4 1
      vertex -1.29288 0.135886 1
    endloop
  endfacet
  facet normal 0 0 1
    outer loop
      vertex -1.23637 0.401722 1
      vertex -9.25 2.4 1
      vertex -1.27159 0.270285 1
    endloop
  endfacet
  facet normal 0 0 1
    outer loop
      vertex -1.18761 0.528757 1
      vertex -9.25 2.4 1
      vertex -1.23637 0.401722 1
    endloop
  endfacet
  facet normal 0 0 1
    outer loop
      vertex -1.12583 0.65 1
      vertex -9.25 2.4 1
      vertex -1.18761 0.528757 1
    endloop
  endfacet
  facet normal 0 0 1
    outer loop
      vertex -1.05172 0.76412 1
      vertex -9.25 2.4 1
      vertex -1.12583 0.65 1
    endloop
  endfacet
  facet normal 0 0 1
    outer loop
      vertex -0.966087 0.869869 1
      vertex -9.25 2.4 1
      vertex -1.05172 0.76412 1
    endloop
  endfacet
  facet normal 0 0 1
    outer loop
      vertex -0.869869 0.966087 1
      vertex -9.25 2.4 1
      vertex -0.966087 0.869869 1
    endloop
  endfacet
  facet normal 0 0 1
    outer loop
      vertex -0.76412 1.05172 1
      vertex -9.25 2.4 1
      vertex -0.869869 0.966087 1
    endloop
  endfacet
  facet normal 0 0 1
    outer loop
      vertex -0.65 1.12583 1
      vertex -9.25 2.4 1
      vertex -0.76412 1.05172 1
    endloop
  endfacet
  facet normal 0 0 1
    outer loop
      vertex -0.528757 1.18761 1
      vertex -9.25 2.4 1
      vertex -0.65 1.12583 1
    endloop
  endfacet
  facet normal 0 0 1
    outer loop
      vertex -0.401722 1.23637 1
      vertex -9.25 2.4 1
      vertex -0.528757 1.18761 1
    endloop
  endfacet
  facet normal 0 0 1
    outer loop
      vertex -0.270285 1.27159 1
      vertex -9.25 2.4 1
      vertex -0.401722 1.23637 1
    endloop
  endfacet
  facet normal 0 0 1
    outer loop
      vertex -0.135886 1.29288 1
      vertex -9.25 2.4 1
      vertex -0.270285 1.27159 1
    endloop
  endfacet
  facet normal 0 0 1
    outer loop
      vertex 0 1.3 1
      vertex -9.25 2.4 1
      vertex -0.135886 1.29288 1
    endloop
  endfacet
  facet normal -0 0 1
    outer loop
      vertex 1.29288 -0.135886 1
      vertex 9.25 -2.4 1
      vertex 1.3 0 1
    endloop
  endfacet
  facet normal -0 0 1
    outer loop
      vertex 1.27159 -0.270285 1
      vertex 9.25 -2.4 1
      vertex 1.29288 -0.135886 1
    endloop
  endfacet
  facet normal -0 0 1
    outer loop
      vertex 1.23637 -0.401722 1
      vertex 9.25 -2.4 1
      vertex 1.27159 -0.270285 1
    endloop
  endfacet
  facet normal -0 0 1
    outer loop
      vertex 1.18761 -0.528757 1
      vertex 9.25 -2.4 1
      vertex 1.23637 -0.401722 1
    endloop
  endfacet
  facet normal -0 0 1
    outer loop
      vertex 1.12583 -0.65 1
      vertex 9.25 -2.4 1
      vertex 1.18761 -0.528757 1
    endloop
  endfacet
  facet normal -0 0 1
    outer loop
      vertex 1.05172 -0.76412 1
      vertex 9.25 -2.4 1
      vertex 1.12583 -0.65 1
    endloop
  endfacet
  facet normal -0 0 1
    outer loop
      vertex 0.966087 -0.869869 1
      vertex 9.25 -2.4 1
      vertex 1.05172 -0.76412 1
    endloop
  endfacet
  facet normal -0 0 1
    outer loop
      vertex 0.869869 -0.966087 1
      vertex 9.25 -2.4 1
      vertex 0.966087 -0.869869 1
    endloop
  endfacet
  facet normal -0 0 1
    outer loop
      vertex 0.76412 -1.05172 1
      vertex 9.25 -2.4 1
      vertex 0.869869 -0.966087 1
    endloop
  endfacet
  facet normal -0 0 1
    outer loop
      vertex 0.65 -1.12583 1
      vertex 9.25 -2.4 1
      vertex 0.76412 -1.05172 1
    endloop
  endfacet
  facet normal -0 0 1
    outer loop
      vertex 0.528757 -1.18761 1
      vertex 9.25 -2.4 1
      vertex 0.65 -1.12583 1
    endloop
  endfacet
  facet normal -0 0 1
    outer loop
      vertex 0.401722 -1.23637 1
      vertex 9.25 -2.4 1
      vertex 0.528757 -1.18761 1
    endloop
  endfacet
  facet normal -0 0 1
    outer loop
      vertex 0.270285 -1.27159 1
      vertex 9.25 -2.4 1
      vertex 0.401722 -1.23637 1
    endloop
  endfacet
  facet normal -0 0 1
    outer loop
      vertex 0.135886 -1.29288 1
      vertex 9.25 -2.4 1
      vertex 0.270285 -1.27159 1
    endloop
  endfacet
  facet normal -0 0 1
    outer loop
      vertex 0 -1.3 1
      vertex 9.25 -2.4 1
      vertex 0.135886 -1.29288 1
    endloop
  endfacet
  facet normal 0 0 1
    outer loop
      vertex -9.25 -2.4 1
      vertex 0 -1.3 1
      vertex -0.135886 -1.29288 1
    endloop
  endfacet
  facet normal 0 0 1
    outer loop
      vertex -9.25 -2.4 1
      vertex -1.3 0 1
      vertex -9.25 2.4 1
    endloop
  endfacet
  facet normal 0 0 1
    outer loop
      vertex -1.3 0 1
      vertex -9.25 -2.4 1
      vertex -1.29288 -0.135886 1
    endloop
  endfacet
  facet normal 0 0 1
    outer loop
      vertex -1.29288 -0.135886 1
      vertex -9.25 -2.4 1
      vertex -1.27159 -0.270285 1
    endloop
  endfacet
  facet normal 0 0 1
    outer loop
      vertex -1.27159 -0.270285 1
      vertex -9.25 -2.4 1
      vertex -1.23637 -0.401722 1
    endloop
  endfacet
  facet normal 0 0 1
    outer loop
      vertex -1.23637 -0.401722 1
      vertex -9.25 -2.4 1
      vertex -1.18761 -0.528757 1
    endloop
  endfacet
  facet normal 0 0 1
    outer loop
      vertex -1.18761 -0.528757 1
      vertex -9.25 -2.4 1
      vertex -1.12583 -0.65 1
    endloop
  endfacet
  facet normal 0 0 1
    outer loop
      vertex -1.12583 -0.65 1
      vertex -9.25 -2.4 1
      vertex -1.05172 -0.76412 1
    endloop
  endfacet
  facet normal 0 0 1
    outer loop
      vertex -1.05172 -0.76412 1
      vertex -9.25 -2.4 1
      vertex -0.966087 -0.869869 1
    endloop
  endfacet
  facet normal 0 0 1
    outer loop
      vertex -0.966087 -0.869869 1
      vertex -9.25 -2.4 1
      vertex -0.869869 -0.966087 1
    endloop
  endfacet
  facet normal 0 0 1
    outer loop
      vertex -0.869869 -0.966087 1
      vertex -9.25 -2.4 1
      vertex -0.76412 -1.05172 1
    endloop
  endfacet
  facet normal 0 0 1
    outer loop
      vertex -0.76412 -1.05172 1
      vertex -9.25 -2.4 1
      vertex -0.65 -1.12583 1
    endloop
  endfacet
  facet normal 0 0 1
    outer loop
      vertex 0 -1.3 1
      vertex -9.25 -2.4 1
      vertex 9.25 -2.4 1
    endloop
  endfacet
  facet normal 0 0 1
    outer loop
      vertex -0.270285 -1.27159 1
      vertex -9.25 -2.4 1
      vertex -0.135886 -1.29288 1
    endloop
  endfacet
  facet normal 0 0 1
    outer loop
      vertex -0.401722 -1.23637 1
      vertex -9.25 -2.4 1
      vertex -0.270285 -1.27159 1
    endloop
  endfacet
  facet normal 0 0 1
    outer loop
      vertex -0.528757 -1.18761 1
      vertex -9.25 -2.4 1
      vertex -0.401722 -1.23637 1
    endloop
  endfacet
  facet normal 0 0 1
    outer loop
      vertex -0.65 -1.12583 1
      vertex -9.25 -2.4 1
      vertex -0.528757 -1.18761 1
    endloop
  endfacet
  facet normal 1 -0 0
    outer loop
      vertex -9.25 -2.4 2.5
      vertex -9.25 2.4 1
      vertex -9.25 2.4 2.5
    endloop
  endfacet
  facet normal 1 0 0
    outer loop
      vertex -9.25 2.4 1
      vertex -9.25 -2.4 2.5
      vertex -9.25 -2.4 1
    endloop
  endfacet
  facet normal 0 -1 0
    outer loop
      vertex -9.25 2.4 1
      vertex -5.76421 2.4 2.5
      vertex -9.25 2.4 2.5
    endloop
  endfacet
  facet normal 0 -1 -0
    outer loop
      vertex -5.76421 2.4 2.5
      vertex -9.25 2.4 1
      vertex -3.32341 2.4 2.5
    endloop
  endfacet
  facet normal 0 -1 -0
    outer loop
      vertex -3.32341 2.4 2.5
      vertex -9.25 2.4 1
      vertex 3.32341 2.4 2.5
    endloop
  endfacet
  facet normal 0 -1 0
    outer loop
      vertex 9.25 2.4 1
      vertex 3.32341 2.4 2.5
      vertex -9.25 2.4 1
    endloop
  endfacet
  facet normal 0 -1 0
    outer loop
      vertex 3.32341 2.4 2.5
      vertex 9.25 2.4 1
      vertex 5.76421 2.4 2.5
    endloop
  endfacet
  facet normal 0 -1 0
    outer loop
      vertex 5.76421 2.4 2.5
      vertex 9.25 2.4 1
      vertex 9.25 2.4 2.5
    endloop
  endfacet
  facet normal 0 -1 0
    outer loop
      vertex -5.76421 2.4 2.5
      vertex -3.32341 2.4 4
      vertex -5.76421 2.4 4
    endloop
  endfacet
  facet normal 0 -1 -0
    outer loop
      vertex -3.32341 2.4 4
      vertex -5.76421 2.4 2.5
      vertex -3.32341 2.4 2.5
    endloop
  endfacet
  facet normal 0 -1 0
    outer loop
      vertex 3.32341 2.4 2.5
      vertex 5.76421 2.4 4
      vertex 3.32341 2.4 4
    endloop
  endfacet
  facet normal 0 -1 -0
    outer loop
      vertex 5.76421 2.4 4
      vertex 3.32341 2.4 2.5
      vertex 5.76421 2.4 2.5
    endloop
  endfacet
  facet normal 0 1 -0
    outer loop
      vertex 9.25 -2.4 1
      vertex 5.76421 -2.4 2.5
      vertex 9.25 -2.4 2.5
    endloop
  endfacet
  facet normal 0 1 0
    outer loop
      vertex 5.76421 -2.4 2.5
      vertex 9.25 -2.4 1
      vertex 3.32341 -2.4 2.5
    endloop
  endfacet
  facet normal 0 1 0
    outer loop
      vertex 3.32341 -2.4 2.5
      vertex 9.25 -2.4 1
      vertex -3.32341 -2.4 2.5
    endloop
  endfacet
  facet normal 0 1 0
    outer loop
      vertex -9.25 -2.4 1
      vertex -3.32341 -2.4 2.5
      vertex 9.25 -2.4 1
    endloop
  endfacet
  facet normal 0 1 0
    outer loop
      vertex -3.32341 -2.4 2.5
      vertex -9.25 -2.4 1
      vertex -5.76421 -2.4 2.5
    endloop
  endfacet
  facet normal 0 1 0
    outer loop
      vertex -5.76421 -2.4 2.5
      vertex -9.25 -2.4 1
      vertex -9.25 -2.4 2.5
    endloop
  endfacet
  facet normal 0 1 -0
    outer loop
      vertex 5.76421 -2.4 2.5
      vertex 3.32341 -2.4 4
      vertex 5.76421 -2.4 4
    endloop
  endfacet
  facet normal 0 1 0
    outer loop
      vertex 3.32341 -2.4 4
      vertex 5.76421 -2.4 2.5
      vertex 3.32341 -2.4 2.5
    endloop
  endfacet
  facet normal 0 1 -0
    outer loop
      vertex -3.32341 -2.4 2.5
      vertex -5.76421 -2.4 4
      vertex -3.32341 -2.4 4
    endloop
  endfacet
  facet normal 0 1 0
    outer loop
      vertex -5.76421 -2.4 4
      vertex -3.32341 -2.4 2.5
      vertex -5.76421 -2.4 2.5
    endloop
  endfacet
  facet normal 0.156447 0.987686 -0
    outer loop
      vertex -0.428566 -4.07754 2.5
      vertex -0.852437 -4.0104 4.7
      vertex -0.428566 -4.07754 4.7
    endloop
  endfacet
  facet normal 0.156447 0.987686 0
    outer loop
      vertex -0.852437 -4.0104 4.7
      vertex -0.428566 -4.07754 2.5
      vertex -0.852437 -4.0104 2.5
    endloop
  endfacet
  facet normal -0.987686 -0.156447 0
    outer loop
      vertex 4.07754 0.428566 4
      vertex 4.0104 0.852437 4.7
      vertex 4.0104 0.852437 4
    endloop
  endfacet
  facet normal -0.987686 -0.156447 0
    outer loop
      vertex 4.0104 0.852437 4.7
      vertex 4.07754 0.428566 4
      vertex 4.07754 0.428566 4.7
    endloop
  endfacet
  facet normal -0.99863 -0.0523355 0
    outer loop
      vertex 4.1 0 4
      vertex 4.07754 0.428566 4.7
      vertex 4.07754 0.428566 4
    endloop
  endfacet
  facet normal -0.99863 -0.0523355 0
    outer loop
      vertex 4.07754 0.428566 4.7
      vertex 4.1 0 4
      vertex 4.1 0 4.7
    endloop
  endfacet
  facet normal -0.965928 -0.258811 0
    outer loop
      vertex 4.0104 0.852437 4
      vertex 3.89933 1.26697 4.7
      vertex 3.89933 1.26697 4
    endloop
  endfacet
  facet normal -0.965928 -0.258811 0
    outer loop
      vertex 3.89933 1.26697 4.7
      vertex 4.0104 0.852437 4
      vertex 4.0104 0.852437 4.7
    endloop
  endfacet
  facet normal -0.358358 0.933584 0
    outer loop
      vertex 1.66762 -3.74554 2.5
      vertex 1.26697 -3.89933 4.7
      vertex 1.66762 -3.74554 4.7
    endloop
  endfacet
  facet normal -0.358358 0.933584 0
    outer loop
      vertex 1.26697 -3.89933 4.7
      vertex 1.66762 -3.74554 2.5
      vertex 1.26697 -3.89933 2.5
    endloop
  endfacet
  facet normal -0.707107 0.707107 0
    outer loop
      vertex 2.74343 -3.04689 2.5
      vertex 3.04689 -2.74343 4.7
      vertex 3.04689 -2.74343 2.5
    endloop
  endfacet
  facet normal -0.707107 0.707107 0
    outer loop
      vertex 3.04689 -2.74343 4.7
      vertex 2.74343 -3.04689 2.5
      vertex 2.74343 -3.04689 4.7
    endloop
  endfacet
  facet normal -0.544631 -0.838676 0
    outer loop
      vertex 2.05 3.5507 2.5
      vertex 2.40992 3.31697 4.7
      vertex 2.05 3.5507 4.7
    endloop
  endfacet
  facet normal -0.544631 -0.838676 -0
    outer loop
      vertex 2.40992 3.31697 4.7
      vertex 2.05 3.5507 2.5
      vertex 2.40992 3.31697 2.5
    endloop
  endfacet
  facet normal -0.454005 -0.890999 0
    outer loop
      vertex 1.66762 3.74554 2.5
      vertex 2.05 3.5507 4.7
      vertex 1.66762 3.74554 4.7
    endloop
  endfacet
  facet normal -0.454005 -0.890999 -0
    outer loop
      vertex 2.05 3.5507 4.7
      vertex 1.66762 3.74554 2.5
      vertex 2.05 3.5507 2.5
    endloop
  endfacet
  facet normal 0.358358 -0.933584 0
    outer loop
      vertex -1.66762 3.74554 2.5
      vertex -1.26697 3.89933 4.7
      vertex -1.66762 3.74554 4.7
    endloop
  endfacet
  facet normal 0.358358 -0.933584 0
    outer loop
      vertex -1.26697 3.89933 4.7
      vertex -1.66762 3.74554 2.5
      vertex -1.26697 3.89933 2.5
    endloop
  endfacet
  facet normal -0.933584 -0.358358 0
    outer loop
      vertex 3.89933 1.26697 4
      vertex 3.74554 1.66762 4.7
      vertex 3.74554 1.66762 4
    endloop
  endfacet
  facet normal -0.933584 -0.358358 0
    outer loop
      vertex 3.74554 1.66762 4.7
      vertex 3.89933 1.26697 4
      vertex 3.89933 1.26697 4.7
    endloop
  endfacet
  facet normal -0.99863 0.0523355 0
    outer loop
      vertex 4.07754 -0.428566 4
      vertex 4.1 0 4.7
      vertex 4.1 0 4
    endloop
  endfacet
  facet normal -0.99863 0.0523355 0
    outer loop
      vertex 4.1 0 4.7
      vertex 4.07754 -0.428566 4
      vertex 4.07754 -0.428566 4.7
    endloop
  endfacet
  facet normal -0.156447 -0.987686 0
    outer loop
      vertex 0.428566 4.07754 2.5
      vertex 0.852437 4.0104 4.7
      vertex 0.428566 4.07754 4.7
    endloop
  endfacet
  facet normal -0.156447 -0.987686 -0
    outer loop
      vertex 0.852437 4.0104 4.7
      vertex 0.428566 4.07754 2.5
      vertex 0.852437 4.0104 2.5
    endloop
  endfacet
  facet normal 0.629333 -0.777136 0
    outer loop
      vertex -2.74343 3.04689 2.5
      vertex -2.40992 3.31697 4.7
      vertex -2.74343 3.04689 4.7
    endloop
  endfacet
  facet normal 0.629333 -0.777136 0
    outer loop
      vertex -2.40992 3.31697 4.7
      vertex -2.74343 3.04689 2.5
      vertex -2.40992 3.31697 2.5
    endloop
  endfacet
  facet normal -0.965928 0.258811 0
    outer loop
      vertex 3.89933 -1.26697 4
      vertex 4.0104 -0.852437 4.7
      vertex 4.0104 -0.852437 4
    endloop
  endfacet
  facet normal -0.965928 0.258811 0
    outer loop
      vertex 4.0104 -0.852437 4.7
      vertex 3.89933 -1.26697 4
      vertex 3.89933 -1.26697 4.7
    endloop
  endfacet
  facet normal 0.965928 -0.258811 0
    outer loop
      vertex -4.0104 0.852437 4.7
      vertex -3.89933 1.26697 4
      vertex -3.89933 1.26697 4.7
    endloop
  endfacet
  facet normal 0.965928 -0.258811 0
    outer loop
      vertex -3.89933 1.26697 4
      vertex -4.0104 0.852437 4.7
      vertex -4.0104 0.852437 4
    endloop
  endfacet
  facet normal 0.707107 -0.707107 0
    outer loop
      vertex -3.04689 2.74343 4.7
      vertex -2.74343 3.04689 2.5
      vertex -2.74343 3.04689 4.7
    endloop
  endfacet
  facet normal 0.707107 -0.707107 0
    outer loop
      vertex -2.74343 3.04689 2.5
      vertex -3.04689 2.74343 4.7
      vertex -3.04689 2.74343 2.5
    endloop
  endfacet
  facet normal 0 0 1
    outer loop
      vertex 3.04689 2.74343 2.5
      vertex 3.32341 2.4 2.5
      vertex 3.31697 2.40992 2.5
    endloop
  endfacet
  facet normal 0 0 1
    outer loop
      vertex 2.74343 3.04689 2.5
      vertex 3.32341 2.4 2.5
      vertex 3.04689 2.74343 2.5
    endloop
  endfacet
  facet normal 0 0 1
    outer loop
      vertex 2.40992 3.31697 2.5
      vertex 3.32341 2.4 2.5
      vertex 2.74343 3.04689 2.5
    endloop
  endfacet
  facet normal 0 0 1
    outer loop
      vertex 2.05 3.5507 2.5
      vertex 3.32341 2.4 2.5
      vertex 2.40992 3.31697 2.5
    endloop
  endfacet
  facet normal 0 0 1
    outer loop
      vertex 1.66762 3.74554 2.5
      vertex 3.32341 2.4 2.5
      vertex 2.05 3.5507 2.5
    endloop
  endfacet
  facet normal 0 0 1
    outer loop
      vertex 1.26697 3.89933 2.5
      vertex 3.32341 2.4 2.5
      vertex 1.66762 3.74554 2.5
    endloop
  endfacet
  facet normal 0 0 1
    outer loop
      vertex 0.852437 4.0104 2.5
      vertex 3.32341 2.4 2.5
      vertex 1.26697 3.89933 2.5
    endloop
  endfacet
  facet normal 0 0 1
    outer loop
      vertex 0.428566 4.07754 2.5
      vertex 3.32341 2.4 2.5
      vertex 0.852437 4.0104 2.5
    endloop
  endfacet
  facet normal 0 0 1
    outer loop
      vertex 0 4.1 2.5
      vertex 3.32341 2.4 2.5
      vertex 0.428566 4.07754 2.5
    endloop
  endfacet
  facet normal -0 0 1
    outer loop
      vertex -0.428566 4.07754 2.5
      vertex 3.32341 2.4 2.5
      vertex 0 4.1 2.5
    endloop
  endfacet
  facet normal -0 0 1
    outer loop
      vertex -0.852437 4.0104 2.5
      vertex 3.32341 2.4 2.5
      vertex -0.428566 4.07754 2.5
    endloop
  endfacet
  facet normal -0 0 1
    outer loop
      vertex -1.26697 3.89933 2.5
      vertex 3.32341 2.4 2.5
      vertex -0.852437 4.0104 2.5
    endloop
  endfacet
  facet normal -0 0 1
    outer loop
      vertex -1.66762 3.74554 2.5
      vertex 3.32341 2.4 2.5
      vertex -1.26697 3.89933 2.5
    endloop
  endfacet
  facet normal -0 0 1
    outer loop
      vertex -2.05 3.5507 2.5
      vertex 3.32341 2.4 2.5
      vertex -1.66762 3.74554 2.5
    endloop
  endfacet
  facet normal -0 0 1
    outer loop
      vertex -2.40992 3.31697 2.5
      vertex 3.32341 2.4 2.5
      vertex -2.05 3.5507 2.5
    endloop
  endfacet
  facet normal -0 0 1
    outer loop
      vertex -2.74343 3.04689 2.5
      vertex 3.32341 2.4 2.5
      vertex -2.40992 3.31697 2.5
    endloop
  endfacet
  facet normal -0 0 1
    outer loop
      vertex -3.04689 2.74343 2.5
      vertex 3.32341 2.4 2.5
      vertex -2.74343 3.04689 2.5
    endloop
  endfacet
  facet normal 0 0 1
    outer loop
      vertex -3.32341 2.4 2.5
      vertex -3.04689 2.74343 2.5
      vertex -3.31697 2.40992 2.5
    endloop
  endfacet
  facet normal 0 0 1
    outer loop
      vertex -3.04689 2.74343 2.5
      vertex -3.32341 2.4 2.5
      vertex 3.32341 2.4 2.5
    endloop
  endfacet
  facet normal 0 0 1
    outer loop
      vertex 3.32341 -2.4 2.5
      vertex 3.04689 -2.74343 2.5
      vertex 3.31697 -2.40992 2.5
    endloop
  endfacet
  facet normal 0 0 1
    outer loop
      vertex 3.32341 -2.4 2.5
      vertex 2.74343 -3.04689 2.5
      vertex 3.04689 -2.74343 2.5
    endloop
  endfacet
  facet normal 0 0 1
    outer loop
      vertex 3.32341 -2.4 2.5
      vertex 2.40992 -3.31697 2.5
      vertex 2.74343 -3.04689 2.5
    endloop
  endfacet
  facet normal 0 0 1
    outer loop
      vertex 3.32341 -2.4 2.5
      vertex 2.05 -3.5507 2.5
      vertex 2.40992 -3.31697 2.5
    endloop
  endfacet
  facet normal 0 0 1
    outer loop
      vertex 3.32341 -2.4 2.5
      vertex 1.66762 -3.74554 2.5
      vertex 2.05 -3.5507 2.5
    endloop
  endfacet
  facet normal 0 0 1
    outer loop
      vertex 3.32341 -2.4 2.5
      vertex 1.26697 -3.89933 2.5
      vertex 1.66762 -3.74554 2.5
    endloop
  endfacet
  facet normal 0 0 1
    outer loop
      vertex 3.32341 -2.4 2.5
      vertex 0.852437 -4.0104 2.5
      vertex 1.26697 -3.89933 2.5
    endloop
  endfacet
  facet normal 0 0 1
    outer loop
      vertex 3.32341 -2.4 2.5
      vertex 0.428566 -4.07754 2.5
      vertex 0.852437 -4.0104 2.5
    endloop
  endfacet
  facet normal 0 0 1
    outer loop
      vertex 3.32341 -2.4 2.5
      vertex 0 -4.1 2.5
      vertex 0.428566 -4.07754 2.5
    endloop
  endfacet
  facet normal 0 0 1
    outer loop
      vertex 3.32341 -2.4 2.5
      vertex -0.428566 -4.07754 2.5
      vertex 0 -4.1 2.5
    endloop
  endfacet
  facet normal 0 0 1
    outer loop
      vertex 3.32341 -2.4 2.5
      vertex -0.852437 -4.0104 2.5
      vertex -0.428566 -4.07754 2.5
    endloop
  endfacet
  facet normal 0 0 1
    outer loop
      vertex 3.32341 -2.4 2.5
      vertex -1.26697 -3.89933 2.5
      vertex -0.852437 -4.0104 2.5
    endloop
  endfacet
  facet normal 0 0 1
    outer loop
      vertex 3.32341 -2.4 2.5
      vertex -1.66762 -3.74554 2.5
      vertex -1.26697 -3.89933 2.5
    endloop
  endfacet
  facet normal 0 0 1
    outer loop
      vertex 3.32341 -2.4 2.5
      vertex -2.05 -3.5507 2.5
      vertex -1.66762 -3.74554 2.5
    endloop
  endfacet
  facet normal 0 0 1
    outer loop
      vertex 3.32341 -2.4 2.5
      vertex -2.40992 -3.31697 2.5
      vertex -2.05 -3.5507 2.5
    endloop
  endfacet
  facet normal 0 0 1
    outer loop
      vertex 3.32341 -2.4 2.5
      vertex -2.74343 -3.04689 2.5
      vertex -2.40992 -3.31697 2.5
    endloop
  endfacet
  facet normal 0 0 1
    outer loop
      vertex 3.32341 -2.4 2.5
      vertex -3.04689 -2.74343 2.5
      vertex -2.74343 -3.04689 2.5
    endloop
  endfacet
  facet normal -0 0 1
    outer loop
      vertex -3.32341 -2.4 2.5
      vertex -3.04689 -2.74343 2.5
      vertex 3.32341 -2.4 2.5
    endloop
  endfacet
  facet normal 0 0 1
    outer loop
      vertex -3.04689 -2.74343 2.5
      vertex -3.32341 -2.4 2.5
      vertex -3.31697 -2.40992 2.5
    endloop
  endfacet
  facet normal -0.987686 0.156447 0
    outer loop
      vertex 4.0104 -0.852437 4
      vertex 4.07754 -0.428566 4.7
      vertex 4.07754 -0.428566 4
    endloop
  endfacet
  facet normal -0.987686 0.156447 0
    outer loop
      vertex 4.07754 -0.428566 4.7
      vertex 4.0104 -0.852437 4
      vertex 4.0104 -0.852437 4.7
    endloop
  endfacet
  facet normal -0.358358 -0.933584 0
    outer loop
      vertex 1.26697 3.89933 2.5
      vertex 1.66762 3.74554 4.7
      vertex 1.26697 3.89933 4.7
    endloop
  endfacet
  facet normal -0.358358 -0.933584 -0
    outer loop
      vertex 1.66762 3.74554 4.7
      vertex 1.26697 3.89933 2.5
      vertex 1.66762 3.74554 2.5
    endloop
  endfacet
  facet normal -0.838753 -0.544513 -0
    outer loop
      vertex 3.32341 2.4 4
      vertex 3.31697 2.40992 2.5
      vertex 3.32341 2.4 2.5
    endloop
  endfacet
  facet normal -0.838753 -0.544513 0
    outer loop
      vertex 3.31697 2.40992 2.5
      vertex 3.32341 2.4 4
      vertex 3.31697 2.40992 4.7
    endloop
  endfacet
  facet normal -0.838673 -0.544635 -0
    outer loop
      vertex 3.5507 2.05 4.7
      vertex 3.32341 2.4 4
      vertex 3.5507 2.05 4
    endloop
  endfacet
  facet normal -0.838676 -0.544631 2.3861e-06
    outer loop
      vertex 3.32341 2.4 4
      vertex 3.5507 2.05 4.7
      vertex 3.31697 2.40992 4.7
    endloop
  endfacet
  facet normal -0.890999 0.454005 0
    outer loop
      vertex 3.5507 -2.05 4
      vertex 3.74554 -1.66762 4.7
      vertex 3.74554 -1.66762 4
    endloop
  endfacet
  facet normal -0.890999 0.454005 0
    outer loop
      vertex 3.74554 -1.66762 4.7
      vertex 3.5507 -2.05 4
      vertex 3.5507 -2.05 4.7
    endloop
  endfacet
  facet normal -0.838753 0.544513 0
    outer loop
      vertex 3.32341 -2.4 2.5
      vertex 3.31697 -2.40992 2.5
      vertex 3.32341 -2.4 4
    endloop
  endfacet
  facet normal -0.838673 0.544635 0
    outer loop
      vertex 3.32341 -2.4 4
      vertex 3.5507 -2.05 4.7
      vertex 3.5507 -2.05 4
    endloop
  endfacet
  facet normal -0.838676 0.544631 2.3861e-06
    outer loop
      vertex 3.32341 -2.4 4
      vertex 3.31697 -2.40992 4.7
      vertex 3.5507 -2.05 4.7
    endloop
  endfacet
  facet normal -0.838753 0.544513 0
    outer loop
      vertex 3.31697 -2.40992 4.7
      vertex 3.32341 -2.4 4
      vertex 3.31697 -2.40992 2.5
    endloop
  endfacet
  facet normal -0.0523355 0.99863 0
    outer loop
      vertex 0.428566 -4.07754 2.5
      vertex 0 -4.1 4.7
      vertex 0.428566 -4.07754 4.7
    endloop
  endfacet
  facet normal -0.0523355 0.99863 0
    outer loop
      vertex 0 -4.1 4.7
      vertex 0.428566 -4.07754 2.5
      vertex 0 -4.1 2.5
    endloop
  endfacet
  facet normal 0.777136 -0.629333 0
    outer loop
      vertex -3.31697 2.40992 4.7
      vertex -3.04689 2.74343 2.5
      vertex -3.04689 2.74343 4.7
    endloop
  endfacet
  facet normal 0.777136 -0.629333 0
    outer loop
      vertex -3.04689 2.74343 2.5
      vertex -3.31697 2.40992 4.7
      vertex -3.31697 2.40992 2.5
    endloop
  endfacet
  facet normal 0.890999 0.454005 0
    outer loop
      vertex -3.5507 -2.05 4.7
      vertex -3.74554 -1.66762 4
      vertex -3.74554 -1.66762 4.7
    endloop
  endfacet
  facet normal 0.890999 0.454005 0
    outer loop
      vertex -3.74554 -1.66762 4
      vertex -3.5507 -2.05 4.7
      vertex -3.5507 -2.05 4
    endloop
  endfacet
  facet normal 0.0523355 0.99863 -0
    outer loop
      vertex 0 -4.1 2.5
      vertex -0.428566 -4.07754 4.7
      vertex 0 -4.1 4.7
    endloop
  endfacet
  facet normal 0.0523355 0.99863 0
    outer loop
      vertex -0.428566 -4.07754 4.7
      vertex 0 -4.1 2.5
      vertex -0.428566 -4.07754 2.5
    endloop
  endfacet
  facet normal 0.156447 -0.987686 0
    outer loop
      vertex -0.852437 4.0104 2.5
      vertex -0.428566 4.07754 4.7
      vertex -0.852437 4.0104 4.7
    endloop
  endfacet
  facet normal 0.156447 -0.987686 0
    outer loop
      vertex -0.428566 4.07754 4.7
      vertex -0.852437 4.0104 2.5
      vertex -0.428566 4.07754 2.5
    endloop
  endfacet
  facet normal -0.707107 -0.707107 0
    outer loop
      vertex 3.04689 2.74343 2.5
      vertex 2.74343 3.04689 4.7
      vertex 2.74343 3.04689 2.5
    endloop
  endfacet
  facet normal -0.707107 -0.707107 0
    outer loop
      vertex 2.74343 3.04689 4.7
      vertex 3.04689 2.74343 2.5
      vertex 3.04689 2.74343 4.7
    endloop
  endfacet
  facet normal 0.258811 0.965928 -0
    outer loop
      vertex -0.852437 -4.0104 2.5
      vertex -1.26697 -3.89933 4.7
      vertex -0.852437 -4.0104 4.7
    endloop
  endfacet
  facet normal 0.258811 0.965928 0
    outer loop
      vertex -1.26697 -3.89933 4.7
      vertex -0.852437 -4.0104 2.5
      vertex -1.26697 -3.89933 2.5
    endloop
  endfacet
  facet normal -0.0523355 -0.99863 0
    outer loop
      vertex 0 4.1 2.5
      vertex 0.428566 4.07754 4.7
      vertex 0 4.1 4.7
    endloop
  endfacet
  facet normal -0.0523355 -0.99863 -0
    outer loop
      vertex 0.428566 4.07754 4.7
      vertex 0 4.1 2.5
      vertex 0.428566 4.07754 2.5
    endloop
  endfacet
  facet normal 0.965928 0.258811 0
    outer loop
      vertex -3.89933 -1.26697 4.7
      vertex -4.0104 -0.852437 4
      vertex -4.0104 -0.852437 4.7
    endloop
  endfacet
  facet normal 0.965928 0.258811 0
    outer loop
      vertex -4.0104 -0.852437 4
      vertex -3.89933 -1.26697 4.7
      vertex -3.89933 -1.26697 4
    endloop
  endfacet
  facet normal 0.838673 0.544635 0
    outer loop
      vertex -3.5507 -2.05 4.7
      vertex -3.32341 -2.4 4
      vertex -3.5507 -2.05 4
    endloop
  endfacet
  facet normal 0.838676 0.544631 2.3861e-06
    outer loop
      vertex -3.31697 -2.40992 4.7
      vertex -3.32341 -2.4 4
      vertex -3.5507 -2.05 4.7
    endloop
  endfacet
  facet normal 0.838753 0.544513 -0
    outer loop
      vertex -3.31697 -2.40992 2.5
      vertex -3.32341 -2.4 4
      vertex -3.31697 -2.40992 4.7
    endloop
  endfacet
  facet normal 0.838753 0.544513 0
    outer loop
      vertex -3.32341 -2.4 4
      vertex -3.31697 -2.40992 2.5
      vertex -3.32341 -2.4 2.5
    endloop
  endfacet
  facet normal -0.890999 -0.454005 0
    outer loop
      vertex 3.74554 1.66762 4
      vertex 3.5507 2.05 4.7
      vertex 3.5507 2.05 4
    endloop
  endfacet
  facet normal -0.890999 -0.454005 0
    outer loop
      vertex 3.5507 2.05 4.7
      vertex 3.74554 1.66762 4
      vertex 3.74554 1.66762 4.7
    endloop
  endfacet
  facet normal -0.258811 0.965928 0
    outer loop
      vertex 1.26697 -3.89933 2.5
      vertex 0.852437 -4.0104 4.7
      vertex 1.26697 -3.89933 4.7
    endloop
  endfacet
  facet normal -0.258811 0.965928 0
    outer loop
      vertex 0.852437 -4.0104 4.7
      vertex 1.26697 -3.89933 2.5
      vertex 0.852437 -4.0104 2.5
    endloop
  endfacet
  facet normal -0.258811 -0.965928 0
    outer loop
      vertex 0.852437 4.0104 2.5
      vertex 1.26697 3.89933 4.7
      vertex 0.852437 4.0104 4.7
    endloop
  endfacet
  facet normal -0.258811 -0.965928 -0
    outer loop
      vertex 1.26697 3.89933 4.7
      vertex 0.852437 4.0104 2.5
      vertex 1.26697 3.89933 2.5
    endloop
  endfacet
  facet normal 0.890999 -0.454005 0
    outer loop
      vertex -3.74554 1.66762 4.7
      vertex -3.5507 2.05 4
      vertex -3.5507 2.05 4.7
    endloop
  endfacet
  facet normal 0.890999 -0.454005 0
    outer loop
      vertex -3.5507 2.05 4
      vertex -3.74554 1.66762 4.7
      vertex -3.74554 1.66762 4
    endloop
  endfacet
  facet normal 0.544631 -0.838676 0
    outer loop
      vertex -2.40992 3.31697 2.5
      vertex -2.05 3.5507 4.7
      vertex -2.40992 3.31697 4.7
    endloop
  endfacet
  facet normal 0.544631 -0.838676 0
    outer loop
      vertex -2.05 3.5507 4.7
      vertex -2.40992 3.31697 2.5
      vertex -2.05 3.5507 2.5
    endloop
  endfacet
  facet normal -0.156447 0.987686 0
    outer loop
      vertex 0.852437 -4.0104 2.5
      vertex 0.428566 -4.07754 4.7
      vertex 0.852437 -4.0104 4.7
    endloop
  endfacet
  facet normal -0.156447 0.987686 0
    outer loop
      vertex 0.428566 -4.07754 4.7
      vertex 0.852437 -4.0104 2.5
      vertex 0.428566 -4.07754 2.5
    endloop
  endfacet
  facet normal 0.544631 0.838676 -0
    outer loop
      vertex -2.05 -3.5507 2.5
      vertex -2.40992 -3.31697 4.7
      vertex -2.05 -3.5507 4.7
    endloop
  endfacet
  facet normal 0.544631 0.838676 0
    outer loop
      vertex -2.40992 -3.31697 4.7
      vertex -2.05 -3.5507 2.5
      vertex -2.40992 -3.31697 2.5
    endloop
  endfacet
  facet normal 0.454005 0.890999 -0
    outer loop
      vertex -1.66762 -3.74554 2.5
      vertex -2.05 -3.5507 4.7
      vertex -1.66762 -3.74554 4.7
    endloop
  endfacet
  facet normal 0.454005 0.890999 0
    outer loop
      vertex -2.05 -3.5507 4.7
      vertex -1.66762 -3.74554 2.5
      vertex -2.05 -3.5507 2.5
    endloop
  endfacet
  facet normal 0.707107 0.707107 0
    outer loop
      vertex -2.74343 -3.04689 4.7
      vertex -3.04689 -2.74343 2.5
      vertex -3.04689 -2.74343 4.7
    endloop
  endfacet
  facet normal 0.707107 0.707107 0
    outer loop
      vertex -3.04689 -2.74343 2.5
      vertex -2.74343 -3.04689 4.7
      vertex -2.74343 -3.04689 2.5
    endloop
  endfacet
  facet normal -0.629333 -0.777136 0
    outer loop
      vertex 2.40992 3.31697 2.5
      vertex 2.74343 3.04689 4.7
      vertex 2.40992 3.31697 4.7
    endloop
  endfacet
  facet normal -0.629333 -0.777136 -0
    outer loop
      vertex 2.74343 3.04689 4.7
      vertex 2.40992 3.31697 2.5
      vertex 2.74343 3.04689 2.5
    endloop
  endfacet
  facet normal -0.454005 0.890999 0
    outer loop
      vertex 2.05 -3.5507 2.5
      vertex 1.66762 -3.74554 4.7
      vertex 2.05 -3.5507 4.7
    endloop
  endfacet
  facet normal -0.454005 0.890999 0
    outer loop
      vertex 1.66762 -3.74554 4.7
      vertex 2.05 -3.5507 2.5
      vertex 1.66762 -3.74554 2.5
    endloop
  endfacet
  facet normal -0.933584 0.358358 0
    outer loop
      vertex 3.74554 -1.66762 4
      vertex 3.89933 -1.26697 4.7
      vertex 3.89933 -1.26697 4
    endloop
  endfacet
  facet normal -0.933584 0.358358 0
    outer loop
      vertex 3.89933 -1.26697 4.7
      vertex 3.74554 -1.66762 4
      vertex 3.74554 -1.66762 4.7
    endloop
  endfacet
  facet normal -0.777136 -0.629333 0
    outer loop
      vertex 3.31697 2.40992 2.5
      vertex 3.04689 2.74343 4.7
      vertex 3.04689 2.74343 2.5
    endloop
  endfacet
  facet normal -0.777136 -0.629333 0
    outer loop
      vertex 3.04689 2.74343 4.7
      vertex 3.31697 2.40992 2.5
      vertex 3.31697 2.40992 4.7
    endloop
  endfacet
  facet normal 0.454005 -0.890999 0
    outer loop
      vertex -2.05 3.5507 2.5
      vertex -1.66762 3.74554 4.7
      vertex -2.05 3.5507 4.7
    endloop
  endfacet
  facet normal 0.454005 -0.890999 0
    outer loop
      vertex -1.66762 3.74554 4.7
      vertex -2.05 3.5507 2.5
      vertex -1.66762 3.74554 2.5
    endloop
  endfacet
  facet normal 0.933584 0.358358 0
    outer loop
      vertex -3.74554 -1.66762 4.7
      vertex -3.89933 -1.26697 4
      vertex -3.89933 -1.26697 4.7
    endloop
  endfacet
  facet normal 0.933584 0.358358 0
    outer loop
      vertex -3.89933 -1.26697 4
      vertex -3.74554 -1.66762 4.7
      vertex -3.74554 -1.66762 4
    endloop
  endfacet
  facet normal -0.629333 0.777136 0
    outer loop
      vertex 2.74343 -3.04689 2.5
      vertex 2.40992 -3.31697 4.7
      vertex 2.74343 -3.04689 4.7
    endloop
  endfacet
  facet normal -0.629333 0.777136 0
    outer loop
      vertex 2.40992 -3.31697 4.7
      vertex 2.74343 -3.04689 2.5
      vertex 2.40992 -3.31697 2.5
    endloop
  endfacet
  facet normal 0.258811 -0.965928 0
    outer loop
      vertex -1.26697 3.89933 2.5
      vertex -0.852437 4.0104 4.7
      vertex -1.26697 3.89933 4.7
    endloop
  endfacet
  facet normal 0.258811 -0.965928 0
    outer loop
      vertex -0.852437 4.0104 4.7
      vertex -1.26697 3.89933 2.5
      vertex -0.852437 4.0104 2.5
    endloop
  endfacet
  facet normal 0.838753 -0.544513 0
    outer loop
      vertex -3.31697 2.40992 4.7
      vertex -3.32341 2.4 4
      vertex -3.31697 2.40992 2.5
    endloop
  endfacet
  facet normal 0.838676 -0.544631 2.3861e-06
    outer loop
      vertex -3.5507 2.05 4.7
      vertex -3.32341 2.4 4
      vertex -3.31697 2.40992 4.7
    endloop
  endfacet
  facet normal 0.838673 -0.544635 0
    outer loop
      vertex -3.32341 2.4 4
      vertex -3.5507 2.05 4.7
      vertex -3.5507 2.05 4
    endloop
  endfacet
  facet normal 0.838753 -0.544513 0
    outer loop
      vertex -3.31697 2.40992 2.5
      vertex -3.32341 2.4 4
      vertex -3.32341 2.4 2.5
    endloop
  endfacet
  facet normal 0.933584 -0.358358 0
    outer loop
      vertex -3.89933 1.26697 4.7
      vertex -3.74554 1.66762 4
      vertex -3.74554 1.66762 4.7
    endloop
  endfacet
  facet normal 0.933584 -0.358358 0
    outer loop
      vertex -3.74554 1.66762 4
      vertex -3.89933 1.26697 4.7
      vertex -3.89933 1.26697 4
    endloop
  endfacet
  facet normal -0.544631 0.838676 0
    outer loop
      vertex 2.40992 -3.31697 2.5
      vertex 2.05 -3.5507 4.7
      vertex 2.40992 -3.31697 4.7
    endloop
  endfacet
  facet normal -0.544631 0.838676 0
    outer loop
      vertex 2.05 -3.5507 4.7
      vertex 2.40992 -3.31697 2.5
      vertex 2.05 -3.5507 2.5
    endloop
  endfacet
  facet normal -0.777136 0.629333 0
    outer loop
      vertex 3.04689 -2.74343 2.5
      vertex 3.31697 -2.40992 4.7
      vertex 3.31697 -2.40992 2.5
    endloop
  endfacet
  facet normal -0.777136 0.629333 0
    outer loop
      vertex 3.31697 -2.40992 4.7
      vertex 3.04689 -2.74343 2.5
      vertex 3.04689 -2.74343 4.7
    endloop
  endfacet
  facet normal 0.987686 -0.156447 0
    outer loop
      vertex -4.07754 0.428566 4.7
      vertex -4.0104 0.852437 4
      vertex -4.0104 0.852437 4.7
    endloop
  endfacet
  facet normal 0.987686 -0.156447 0
    outer loop
      vertex -4.0104 0.852437 4
      vertex -4.07754 0.428566 4.7
      vertex -4.07754 0.428566 4
    endloop
  endfacet
  facet normal 0.0523355 -0.99863 0
    outer loop
      vertex -0.428566 4.07754 2.5
      vertex 0 4.1 4.7
      vertex -0.428566 4.07754 4.7
    endloop
  endfacet
  facet normal 0.0523355 -0.99863 0
    outer loop
      vertex 0 4.1 4.7
      vertex -0.428566 4.07754 2.5
      vertex 0 4.1 2.5
    endloop
  endfacet
  facet normal 0.99863 0.0523355 0
    outer loop
      vertex -4.07754 -0.428566 4.7
      vertex -4.1 0 4
      vertex -4.1 0 4.7
    endloop
  endfacet
  facet normal 0.99863 0.0523355 0
    outer loop
      vertex -4.1 0 4
      vertex -4.07754 -0.428566 4.7
      vertex -4.07754 -0.428566 4
    endloop
  endfacet
  facet normal 0.777136 0.629333 0
    outer loop
      vertex -3.04689 -2.74343 4.7
      vertex -3.31697 -2.40992 2.5
      vertex -3.31697 -2.40992 4.7
    endloop
  endfacet
  facet normal 0.777136 0.629333 0
    outer loop
      vertex -3.31697 -2.40992 2.5
      vertex -3.04689 -2.74343 4.7
      vertex -3.04689 -2.74343 2.5
    endloop
  endfacet
  facet normal 0.987686 0.156447 0
    outer loop
      vertex -4.0104 -0.852437 4.7
      vertex -4.07754 -0.428566 4
      vertex -4.07754 -0.428566 4.7
    endloop
  endfacet
  facet normal 0.987686 0.156447 0
    outer loop
      vertex -4.07754 -0.428566 4
      vertex -4.0104 -0.852437 4.7
      vertex -4.0104 -0.852437 4
    endloop
  endfacet
  facet normal 0.99863 -0.0523355 0
    outer loop
      vertex -4.1 0 4.7
      vertex -4.07754 0.428566 4
      vertex -4.07754 0.428566 4.7
    endloop
  endfacet
  facet normal 0.99863 -0.0523355 0
    outer loop
      vertex -4.07754 0.428566 4
      vertex -4.1 0 4.7
      vertex -4.1 0 4
    endloop
  endfacet
  facet normal 0.358358 0.933584 -0
    outer loop
      vertex -1.26697 -3.89933 2.5
      vertex -1.66762 -3.74554 4.7
      vertex -1.26697 -3.89933 4.7
    endloop
  endfacet
  facet normal 0.358358 0.933584 0
    outer loop
      vertex -1.66762 -3.74554 4.7
      vertex -1.26697 -3.89933 2.5
      vertex -1.66762 -3.74554 2.5
    endloop
  endfacet
  facet normal 0.629333 0.777136 -0
    outer loop
      vertex -2.40992 -3.31697 2.5
      vertex -2.74343 -3.04689 4.7
      vertex -2.40992 -3.31697 4.7
    endloop
  endfacet
  facet normal 0.629333 0.777136 0
    outer loop
      vertex -2.74343 -3.04689 4.7
      vertex -2.40992 -3.31697 2.5
      vertex -2.74343 -3.04689 2.5
    endloop
  endfacet
  facet normal -0.987685 -0.156458 0
    outer loop
      vertex 1.29288 0.135886 0
      vertex 1.27159 0.270285 1
      vertex 1.27159 0.270285 0
    endloop
  endfacet
  facet normal -0.987685 -0.156458 0
    outer loop
      vertex 1.27159 0.270285 1
      vertex 1.29288 0.135886 0
      vertex 1.29288 0.135886 1
    endloop
  endfacet
  facet normal -0.99863 -0.0523251 0
    outer loop
      vertex 1.3 0 0
      vertex 1.29288 0.135886 1
      vertex 1.29288 0.135886 0
    endloop
  endfacet
  facet normal -0.99863 -0.0523251 0
    outer loop
      vertex 1.29288 0.135886 1
      vertex 1.3 0 0
      vertex 1.3 0 1
    endloop
  endfacet
  facet normal -0.965923 -0.25883 0
    outer loop
      vertex 1.27159 0.270285 0
      vertex 1.23637 0.401722 1
      vertex 1.23637 0.401722 0
    endloop
  endfacet
  facet normal -0.965923 -0.25883 0
    outer loop
      vertex 1.23637 0.401722 1
      vertex 1.27159 0.270285 0
      vertex 1.27159 0.270285 1
    endloop
  endfacet
  facet normal -0.629317 0.777149 0
    outer loop
      vertex 0.869869 -0.966087 0
      vertex 0.76412 -1.05172 1
      vertex 0.869869 -0.966087 1
    endloop
  endfacet
  facet normal -0.629317 0.777149 0
    outer loop
      vertex 0.76412 -1.05172 1
      vertex 0.869869 -0.966087 0
      vertex 0.76412 -1.05172 0
    endloop
  endfacet
  facet normal -0.777149 -0.629317 0
    outer loop
      vertex 1.05172 0.76412 0
      vertex 0.966087 0.869869 1
      vertex 0.966087 0.869869 0
    endloop
  endfacet
  facet normal -0.777149 -0.629317 0
    outer loop
      vertex 0.966087 0.869869 1
      vertex 1.05172 0.76412 0
      vertex 1.05172 0.76412 1
    endloop
  endfacet
  facet normal -0.544637 0.838672 0
    outer loop
      vertex 0.76412 -1.05172 0
      vertex 0.65 -1.12583 1
      vertex 0.76412 -1.05172 1
    endloop
  endfacet
  facet normal -0.544637 0.838672 0
    outer loop
      vertex 0.65 -1.12583 1
      vertex 0.76412 -1.05172 0
      vertex 0.65 -1.12583 0
    endloop
  endfacet
  facet normal 0.544637 0.838672 -0
    outer loop
      vertex -0.65 -1.12583 0
      vertex -0.76412 -1.05172 1
      vertex -0.65 -1.12583 1
    endloop
  endfacet
  facet normal 0.544637 0.838672 0
    outer loop
      vertex -0.76412 -1.05172 1
      vertex -0.65 -1.12583 0
      vertex -0.76412 -1.05172 0
    endloop
  endfacet
  facet normal -0.933591 -0.358341 0
    outer loop
      vertex 1.23637 0.401722 0
      vertex 1.18761 0.528757 1
      vertex 1.18761 0.528757 0
    endloop
  endfacet
  facet normal -0.933591 -0.358341 0
    outer loop
      vertex 1.18761 0.528757 1
      vertex 1.23637 0.401722 0
      vertex 1.23637 0.401722 1
    endloop
  endfacet
  facet normal 0.358341 -0.933591 0
    outer loop
      vertex -0.528757 1.18761 0
      vertex -0.401722 1.23637 1
      vertex -0.528757 1.18761 1
    endloop
  endfacet
  facet normal 0.358341 -0.933591 0
    outer loop
      vertex -0.401722 1.23637 1
      vertex -0.528757 1.18761 0
      vertex -0.401722 1.23637 0
    endloop
  endfacet
  facet normal -0.0523251 -0.99863 0
    outer loop
      vertex 0 1.3 0
      vertex 0.135886 1.29288 1
      vertex 0 1.3 1
    endloop
  endfacet
  facet normal -0.0523251 -0.99863 -0
    outer loop
      vertex 0.135886 1.29288 1
      vertex 0 1.3 0
      vertex 0.135886 1.29288 0
    endloop
  endfacet
  facet normal -0.454012 0.890996 0
    outer loop
      vertex 0.65 -1.12583 0
      vertex 0.528757 -1.18761 1
      vertex 0.65 -1.12583 1
    endloop
  endfacet
  facet normal -0.454012 0.890996 0
    outer loop
      vertex 0.528757 -1.18761 1
      vertex 0.65 -1.12583 0
      vertex 0.528757 -1.18761 0
    endloop
  endfacet
  facet normal 0.0523251 0.99863 -0
    outer loop
      vertex 0 -1.3 0
      vertex -0.135886 -1.29288 1
      vertex 0 -1.3 1
    endloop
  endfacet
  facet normal 0.0523251 0.99863 0
    outer loop
      vertex -0.135886 -1.29288 1
      vertex 0 -1.3 0
      vertex -0.135886 -1.29288 0
    endloop
  endfacet
  facet normal 0.933591 0.358341 0
    outer loop
      vertex -1.18761 -0.528757 1
      vertex -1.23637 -0.401722 0
      vertex -1.23637 -0.401722 1
    endloop
  endfacet
  facet normal 0.933591 0.358341 0
    outer loop
      vertex -1.23637 -0.401722 0
      vertex -1.18761 -0.528757 1
      vertex -1.18761 -0.528757 0
    endloop
  endfacet
  facet normal -0.25883 0.965923 0
    outer loop
      vertex 0.401722 -1.23637 0
      vertex 0.270285 -1.27159 1
      vertex 0.401722 -1.23637 1
    endloop
  endfacet
  facet normal -0.25883 0.965923 0
    outer loop
      vertex 0.270285 -1.27159 1
      vertex 0.401722 -1.23637 0
      vertex 0.270285 -1.27159 0
    endloop
  endfacet
  facet normal 0.987685 0.156458 0
    outer loop
      vertex -1.27159 -0.270285 1
      vertex -1.29288 -0.135886 0
      vertex -1.29288 -0.135886 1
    endloop
  endfacet
  facet normal 0.987685 0.156458 0
    outer loop
      vertex -1.29288 -0.135886 0
      vertex -1.27159 -0.270285 1
      vertex -1.27159 -0.270285 0
    endloop
  endfacet
  facet normal 0.965923 0.25883 0
    outer loop
      vertex -1.23637 -0.401722 1
      vertex -1.27159 -0.270285 0
      vertex -1.27159 -0.270285 1
    endloop
  endfacet
  facet normal 0.965923 0.25883 0
    outer loop
      vertex -1.27159 -0.270285 0
      vertex -1.23637 -0.401722 1
      vertex -1.23637 -0.401722 0
    endloop
  endfacet
  facet normal 0.454012 0.890996 -0
    outer loop
      vertex -0.528757 -1.18761 0
      vertex -0.65 -1.12583 1
      vertex -0.528757 -1.18761 1
    endloop
  endfacet
  facet normal 0.454012 0.890996 0
    outer loop
      vertex -0.65 -1.12583 1
      vertex -0.528757 -1.18761 0
      vertex -0.65 -1.12583 0
    endloop
  endfacet
  facet normal 0.629317 -0.777149 0
    outer loop
      vertex -0.869869 0.966087 0
      vertex -0.76412 1.05172 1
      vertex -0.869869 0.966087 1
    endloop
  endfacet
  facet normal 0.629317 -0.777149 0
    outer loop
      vertex -0.76412 1.05172 1
      vertex -0.869869 0.966087 0
      vertex -0.76412 1.05172 0
    endloop
  endfacet
  facet normal 0.156458 0.987685 -0
    outer loop
      vertex -0.135886 -1.29288 0
      vertex -0.270285 -1.27159 1
      vertex -0.135886 -1.29288 1
    endloop
  endfacet
  facet normal 0.156458 0.987685 0
    outer loop
      vertex -0.270285 -1.27159 1
      vertex -0.135886 -1.29288 0
      vertex -0.270285 -1.27159 0
    endloop
  endfacet
  facet normal -0.890996 0.454012 0
    outer loop
      vertex 1.12583 -0.65 0
      vertex 1.18761 -0.528757 1
      vertex 1.18761 -0.528757 0
    endloop
  endfacet
  facet normal -0.890996 0.454012 0
    outer loop
      vertex 1.18761 -0.528757 1
      vertex 1.12583 -0.65 0
      vertex 1.12583 -0.65 1
    endloop
  endfacet
  facet normal -0.544637 -0.838672 0
    outer loop
      vertex 0.65 1.12583 0
      vertex 0.76412 1.05172 1
      vertex 0.65 1.12583 1
    endloop
  endfacet
  facet normal -0.544637 -0.838672 -0
    outer loop
      vertex 0.76412 1.05172 1
      vertex 0.65 1.12583 0
      vertex 0.76412 1.05172 0
    endloop
  endfacet
  facet normal 0.890996 0.454012 0
    outer loop
      vertex -1.12583 -0.65 1
      vertex -1.18761 -0.528757 0
      vertex -1.18761 -0.528757 1
    endloop
  endfacet
  facet normal 0.890996 0.454012 0
    outer loop
      vertex -1.18761 -0.528757 0
      vertex -1.12583 -0.65 1
      vertex -1.12583 -0.65 0
    endloop
  endfacet
  facet normal -0.358341 -0.933591 0
    outer loop
      vertex 0.401722 1.23637 0
      vertex 0.528757 1.18761 1
      vertex 0.401722 1.23637 1
    endloop
  endfacet
  facet normal -0.358341 -0.933591 -0
    outer loop
      vertex 0.528757 1.18761 1
      vertex 0.401722 1.23637 0
      vertex 0.528757 1.18761 0
    endloop
  endfacet
  facet normal -0.965923 0.25883 0
    outer loop
      vertex 1.23637 -0.401722 0
      vertex 1.27159 -0.270285 1
      vertex 1.27159 -0.270285 0
    endloop
  endfacet
  facet normal -0.965923 0.25883 0
    outer loop
      vertex 1.27159 -0.270285 1
      vertex 1.23637 -0.401722 0
      vertex 1.23637 -0.401722 1
    endloop
  endfacet
  facet normal 0.629317 0.777149 -0
    outer loop
      vertex -0.76412 -1.05172 0
      vertex -0.869869 -0.966087 1
      vertex -0.76412 -1.05172 1
    endloop
  endfacet
  facet normal 0.629317 0.777149 0
    outer loop
      vertex -0.869869 -0.966087 1
      vertex -0.76412 -1.05172 0
      vertex -0.869869 -0.966087 0
    endloop
  endfacet
  facet normal 0.838672 0.544637 0
    outer loop
      vertex -1.05172 -0.76412 1
      vertex -1.12583 -0.65 0
      vertex -1.12583 -0.65 1
    endloop
  endfacet
  facet normal 0.838672 0.544637 0
    outer loop
      vertex -1.12583 -0.65 0
      vertex -1.05172 -0.76412 1
      vertex -1.05172 -0.76412 0
    endloop
  endfacet
  facet normal 0.544637 -0.838672 0
    outer loop
      vertex -0.76412 1.05172 0
      vertex -0.65 1.12583 1
      vertex -0.76412 1.05172 1
    endloop
  endfacet
  facet normal 0.544637 -0.838672 0
    outer loop
      vertex -0.65 1.12583 1
      vertex -0.76412 1.05172 0
      vertex -0.65 1.12583 0
    endloop
  endfacet
  facet normal 0.777149 0.629317 0
    outer loop
      vertex -0.966087 -0.869869 1
      vertex -1.05172 -0.76412 0
      vertex -1.05172 -0.76412 1
    endloop
  endfacet
  facet normal 0.777149 0.629317 0
    outer loop
      vertex -1.05172 -0.76412 0
      vertex -0.966087 -0.869869 1
      vertex -0.966087 -0.869869 0
    endloop
  endfacet
  facet normal -0.156458 0.987685 0
    outer loop
      vertex 0.270285 -1.27159 0
      vertex 0.135886 -1.29288 1
      vertex 0.270285 -1.27159 1
    endloop
  endfacet
  facet normal -0.156458 0.987685 0
    outer loop
      vertex 0.135886 -1.29288 1
      vertex 0.270285 -1.27159 0
      vertex 0.135886 -1.29288 0
    endloop
  endfacet
  facet normal -0.890996 -0.454012 0
    outer loop
      vertex 1.18761 0.528757 0
      vertex 1.12583 0.65 1
      vertex 1.12583 0.65 0
    endloop
  endfacet
  facet normal -0.890996 -0.454012 0
    outer loop
      vertex 1.12583 0.65 1
      vertex 1.18761 0.528757 0
      vertex 1.18761 0.528757 1
    endloop
  endfacet
  facet normal 0.838672 -0.544637 0
    outer loop
      vertex -1.12583 0.65 1
      vertex -1.05172 0.76412 0
      vertex -1.05172 0.76412 1
    endloop
  endfacet
  facet normal 0.838672 -0.544637 0
    outer loop
      vertex -1.05172 0.76412 0
      vertex -1.12583 0.65 1
      vertex -1.12583 0.65 0
    endloop
  endfacet
  facet normal 0.25883 0.965923 -0
    outer loop
      vertex -0.270285 -1.27159 0
      vertex -0.401722 -1.23637 1
      vertex -0.270285 -1.27159 1
    endloop
  endfacet
  facet normal 0.25883 0.965923 0
    outer loop
      vertex -0.401722 -1.23637 1
      vertex -0.270285 -1.27159 0
      vertex -0.401722 -1.23637 0
    endloop
  endfacet
  facet normal -0.933591 0.358341 0
    outer loop
      vertex 1.18761 -0.528757 0
      vertex 1.23637 -0.401722 1
      vertex 1.23637 -0.401722 0
    endloop
  endfacet
  facet normal -0.933591 0.358341 0
    outer loop
      vertex 1.23637 -0.401722 1
      vertex 1.18761 -0.528757 0
      vertex 1.18761 -0.528757 1
    endloop
  endfacet
  facet normal 0.454012 -0.890996 0
    outer loop
      vertex -0.65 1.12583 0
      vertex -0.528757 1.18761 1
      vertex -0.65 1.12583 1
    endloop
  endfacet
  facet normal 0.454012 -0.890996 0
    outer loop
      vertex -0.528757 1.18761 1
      vertex -0.65 1.12583 0
      vertex -0.528757 1.18761 0
    endloop
  endfacet
  facet normal -0.358341 0.933591 0
    outer loop
      vertex 0.528757 -1.18761 0
      vertex 0.401722 -1.23637 1
      vertex 0.528757 -1.18761 1
    endloop
  endfacet
  facet normal -0.358341 0.933591 0
    outer loop
      vertex 0.401722 -1.23637 1
      vertex 0.528757 -1.18761 0
      vertex 0.401722 -1.23637 0
    endloop
  endfacet
  facet normal -0.838672 0.544637 0
    outer loop
      vertex 1.05172 -0.76412 0
      vertex 1.12583 -0.65 1
      vertex 1.12583 -0.65 0
    endloop
  endfacet
  facet normal -0.838672 0.544637 0
    outer loop
      vertex 1.12583 -0.65 1
      vertex 1.05172 -0.76412 0
      vertex 1.05172 -0.76412 1
    endloop
  endfacet
  facet normal 0.707107 0.707107 0
    outer loop
      vertex -0.869869 -0.966087 1
      vertex -0.966087 -0.869869 0
      vertex -0.966087 -0.869869 1
    endloop
  endfacet
  facet normal 0.707107 0.707107 0
    outer loop
      vertex -0.966087 -0.869869 0
      vertex -0.869869 -0.966087 1
      vertex -0.869869 -0.966087 0
    endloop
  endfacet
  facet normal -0.987685 0.156458 0
    outer loop
      vertex 1.27159 -0.270285 0
      vertex 1.29288 -0.135886 1
      vertex 1.29288 -0.135886 0
    endloop
  endfacet
  facet normal -0.987685 0.156458 0
    outer loop
      vertex 1.29288 -0.135886 1
      vertex 1.27159 -0.270285 0
      vertex 1.27159 -0.270285 1
    endloop
  endfacet
  facet normal -0.99863 0.0523251 0
    outer loop
      vertex 1.29288 -0.135886 0
      vertex 1.3 0 1
      vertex 1.3 0 0
    endloop
  endfacet
  facet normal -0.99863 0.0523251 0
    outer loop
      vertex 1.3 0 1
      vertex 1.29288 -0.135886 0
      vertex 1.29288 -0.135886 1
    endloop
  endfacet
  facet normal -0.777149 0.629317 0
    outer loop
      vertex 0.966087 -0.869869 0
      vertex 1.05172 -0.76412 1
      vertex 1.05172 -0.76412 0
    endloop
  endfacet
  facet normal -0.777149 0.629317 0
    outer loop
      vertex 1.05172 -0.76412 1
      vertex 0.966087 -0.869869 0
      vertex 0.966087 -0.869869 1
    endloop
  endfacet
  facet normal -0.707107 -0.707107 0
    outer loop
      vertex 0.966087 0.869869 0
      vertex 0.869869 0.966087 1
      vertex 0.869869 0.966087 0
    endloop
  endfacet
  facet normal -0.707107 -0.707107 0
    outer loop
      vertex 0.869869 0.966087 1
      vertex 0.966087 0.869869 0
      vertex 0.966087 0.869869 1
    endloop
  endfacet
  facet normal -0.629317 -0.777149 0
    outer loop
      vertex 0.76412 1.05172 0
      vertex 0.869869 0.966087 1
      vertex 0.76412 1.05172 1
    endloop
  endfacet
  facet normal -0.629317 -0.777149 -0
    outer loop
      vertex 0.869869 0.966087 1
      vertex 0.76412 1.05172 0
      vertex 0.869869 0.966087 0
    endloop
  endfacet
  facet normal -0.454012 -0.890996 0
    outer loop
      vertex 0.528757 1.18761 0
      vertex 0.65 1.12583 1
      vertex 0.528757 1.18761 1
    endloop
  endfacet
  facet normal -0.454012 -0.890996 -0
    outer loop
      vertex 0.65 1.12583 1
      vertex 0.528757 1.18761 0
      vertex 0.65 1.12583 0
    endloop
  endfacet
  facet normal 0.777149 -0.629317 0
    outer loop
      vertex -1.05172 0.76412 1
      vertex -0.966087 0.869869 0
      vertex -0.966087 0.869869 1
    endloop
  endfacet
  facet normal 0.777149 -0.629317 0
    outer loop
      vertex -0.966087 0.869869 0
      vertex -1.05172 0.76412 1
      vertex -1.05172 0.76412 0
    endloop
  endfacet
  facet normal 0.965923 -0.25883 0
    outer loop
      vertex -1.27159 0.270285 1
      vertex -1.23637 0.401722 0
      vertex -1.23637 0.401722 1
    endloop
  endfacet
  facet normal 0.965923 -0.25883 0
    outer loop
      vertex -1.23637 0.401722 0
      vertex -1.27159 0.270285 1
      vertex -1.27159 0.270285 0
    endloop
  endfacet
  facet normal 0.156458 -0.987685 0
    outer loop
      vertex -0.270285 1.27159 0
      vertex -0.135886 1.29288 1
      vertex -0.270285 1.27159 1
    endloop
  endfacet
  facet normal 0.156458 -0.987685 0
    outer loop
      vertex -0.135886 1.29288 1
      vertex -0.270285 1.27159 0
      vertex -0.135886 1.29288 0
    endloop
  endfacet
  facet normal -0.156458 -0.987685 0
    outer loop
      vertex 0.135886 1.29288 0
      vertex 0.270285 1.27159 1
      vertex 0.135886 1.29288 1
    endloop
  endfacet
  facet normal -0.156458 -0.987685 -0
    outer loop
      vertex 0.270285 1.27159 1
      vertex 0.135886 1.29288 0
      vertex 0.270285 1.27159 0
    endloop
  endfacet
  facet normal 0.0523251 -0.99863 0
    outer loop
      vertex -0.135886 1.29288 0
      vertex 0 1.3 1
      vertex -0.135886 1.29288 1
    endloop
  endfacet
  facet normal 0.0523251 -0.99863 0
    outer loop
      vertex 0 1.3 1
      vertex -0.135886 1.29288 0
      vertex 0 1.3 0
    endloop
  endfacet
  facet normal -0.838672 -0.544637 0
    outer loop
      vertex 1.12583 0.65 0
      vertex 1.05172 0.76412 1
      vertex 1.05172 0.76412 0
    endloop
  endfacet
  facet normal -0.838672 -0.544637 0
    outer loop
      vertex 1.05172 0.76412 1
      vertex 1.12583 0.65 0
      vertex 1.12583 0.65 1
    endloop
  endfacet
  facet normal 0.25883 -0.965923 0
    outer loop
      vertex -0.401722 1.23637 0
      vertex -0.270285 1.27159 1
      vertex -0.401722 1.23637 1
    endloop
  endfacet
  facet normal 0.25883 -0.965923 0
    outer loop
      vertex -0.270285 1.27159 1
      vertex -0.401722 1.23637 0
      vertex -0.270285 1.27159 0
    endloop
  endfacet
  facet normal 0.707107 -0.707107 0
    outer loop
      vertex -0.966087 0.869869 1
      vertex -0.869869 0.966087 0
      vertex -0.869869 0.966087 1
    endloop
  endfacet
  facet normal 0.707107 -0.707107 0
    outer loop
      vertex -0.869869 0.966087 0
      vertex -0.966087 0.869869 1
      vertex -0.966087 0.869869 0
    endloop
  endfacet
  facet normal 0.358341 0.933591 -0
    outer loop
      vertex -0.401722 -1.23637 0
      vertex -0.528757 -1.18761 1
      vertex -0.401722 -1.23637 1
    endloop
  endfacet
  facet normal 0.358341 0.933591 0
    outer loop
      vertex -0.528757 -1.18761 1
      vertex -0.401722 -1.23637 0
      vertex -0.528757 -1.18761 0
    endloop
  endfacet
  facet normal 0.890996 -0.454012 0
    outer loop
      vertex -1.18761 0.528757 1
      vertex -1.12583 0.65 0
      vertex -1.12583 0.65 1
    endloop
  endfacet
  facet normal 0.890996 -0.454012 0
    outer loop
      vertex -1.12583 0.65 0
      vertex -1.18761 0.528757 1
      vertex -1.18761 0.528757 0
    endloop
  endfacet
  facet normal -0.0523251 0.99863 0
    outer loop
      vertex 0.135886 -1.29288 0
      vertex 0 -1.3 1
      vertex 0.135886 -1.29288 1
    endloop
  endfacet
  facet normal -0.0523251 0.99863 0
    outer loop
      vertex 0 -1.3 1
      vertex 0.135886 -1.29288 0
      vertex 0 -1.3 0
    endloop
  endfacet
  facet normal 0.987685 -0.156458 0
    outer loop
      vertex -1.29288 0.135886 1
      vertex -1.27159 0.270285 0
      vertex -1.27159 0.270285 1
    endloop
  endfacet
  facet normal 0.987685 -0.156458 0
    outer loop
      vertex -1.27159 0.270285 0
      vertex -1.29288 0.135886 1
      vertex -1.29288 0.135886 0
    endloop
  endfacet
  facet normal 0.933591 -0.358341 0
    outer loop
      vertex -1.23637 0.401722 1
      vertex -1.18761 0.528757 0
      vertex -1.18761 0.528757 1
    endloop
  endfacet
  facet normal 0.933591 -0.358341 0
    outer loop
      vertex -1.18761 0.528757 0
      vertex -1.23637 0.401722 1
      vertex -1.23637 0.401722 0
    endloop
  endfacet
  facet normal 0.99863 0.0523251 0
    outer loop
      vertex -1.29288 -0.135886 1
      vertex -1.3 0 0
      vertex -1.3 0 1
    endloop
  endfacet
  facet normal 0.99863 0.0523251 0
    outer loop
      vertex -1.3 0 0
      vertex -1.29288 -0.135886 1
      vertex -1.29288 -0.135886 0
    endloop
  endfacet
  facet normal -0.707107 0.707107 0
    outer loop
      vertex 0.869869 -0.966087 0
      vertex 0.966087 -0.869869 1
      vertex 0.966087 -0.869869 0
    endloop
  endfacet
  facet normal -0.707107 0.707107 0
    outer loop
      vertex 0.966087 -0.869869 1
      vertex 0.869869 -0.966087 0
      vertex 0.869869 -0.966087 1
    endloop
  endfacet
  facet normal 0.99863 -0.0523251 0
    outer loop
      vertex -1.3 0 1
      vertex -1.29288 0.135886 0
      vertex -1.29288 0.135886 1
    endloop
  endfacet
  facet normal 0.99863 -0.0523251 0
    outer loop
      vertex -1.29288 0.135886 0
      vertex -1.3 0 1
      vertex -1.3 0 0
    endloop
  endfacet
  facet normal -0.25883 -0.965923 0
    outer loop
      vertex 0.270285 1.27159 0
      vertex 0.401722 1.23637 1
      vertex 0.270285 1.27159 1
    endloop
  endfacet
  facet normal -0.25883 -0.965923 -0
    outer loop
      vertex 0.401722 1.23637 1
      vertex 0.270285 1.27159 0
      vertex 0.401722 1.23637 0
    endloop
  endfacet
endsolid OpenSCAD_Model
