solid OpenSCAD_Model
  facet normal 0.965973 0.258642 0
    outer loop
      vertex -21.6168 -69.1253 2.5
      vertex -21.6628 -68.9535 2.2
      vertex -21.6628 -68.9535 2.5
    endloop
  endfacet
  facet normal 0.965973 0.258642 0
    outer loop
      vertex -21.6628 -68.9535 2.2
      vertex -21.6168 -69.1253 2.5
      vertex -21.6168 -69.1253 2.2
    endloop
  endfacet
  facet normal 0.965973 0.258642 0
    outer loop
      vertex -21.6168 -69.1253 0.2
      vertex -21.6628 -68.9535 0
      vertex -21.6628 -68.9535 0.2
    endloop
  endfacet
  facet normal 0.965973 0.258642 0
    outer loop
      vertex -21.6628 -68.9535 0
      vertex -21.6168 -69.1253 0.2
      vertex -21.6168 -69.1253 0
    endloop
  endfacet
  facet normal 0.933577 0.358377 0
    outer loop
      vertex -21.553 -69.2915 2.5
      vertex -21.6168 -69.1253 2.2
      vertex -21.6168 -69.1253 2.5
    endloop
  endfacet
  facet normal 0.933577 0.358377 0
    outer loop
      vertex -21.6168 -69.1253 2.2
      vertex -21.553 -69.2915 2.5
      vertex -21.553 -69.2915 2.2
    endloop
  endfacet
  facet normal 0.933577 0.358377 0
    outer loop
      vertex -21.553 -69.2915 0.2
      vertex -21.6168 -69.1253 0
      vertex -21.6168 -69.1253 0.2
    endloop
  endfacet
  facet normal 0.933577 0.358377 0
    outer loop
      vertex -21.6168 -69.1253 0
      vertex -21.553 -69.2915 0.2
      vertex -21.553 -69.2915 0
    endloop
  endfacet
  facet normal 0.156193 -0.987726 0
    outer loop
      vertex -20.3535 -66.9371 0
      vertex -20.1777 -66.9093 0.2
      vertex -20.3535 -66.9371 0.2
    endloop
  endfacet
  facet normal 0.156193 -0.987726 0
    outer loop
      vertex -20.1777 -66.9093 0.2
      vertex -20.3535 -66.9371 0
      vertex -20.1777 -66.9093 0
    endloop
  endfacet
  facet normal 0.156193 -0.987726 0
    outer loop
      vertex -20.3535 -66.9371 2.2
      vertex -20.1777 -66.9093 2.5
      vertex -20.3535 -66.9371 2.5
    endloop
  endfacet
  facet normal 0.156193 -0.987726 0
    outer loop
      vertex -20.1777 -66.9093 2.5
      vertex -20.3535 -66.9371 2.2
      vertex -20.1777 -66.9093 2.2
    endloop
  endfacet
  facet normal -0.45417 -0.890915 0
    outer loop
      vertex -19.3085 -67.047 2.2
      vertex -19.15 -67.1278 2.5
      vertex -19.3085 -67.047 2.5
    endloop
  endfacet
  facet normal -0.45417 -0.890915 -0
    outer loop
      vertex -19.15 -67.1278 2.5
      vertex -19.3085 -67.047 2.2
      vertex -19.15 -67.1278 2.2
    endloop
  endfacet
  facet normal -0.45417 -0.890915 0
    outer loop
      vertex -19.3085 -67.047 0
      vertex -19.15 -67.1278 0.2
      vertex -19.3085 -67.047 0.2
    endloop
  endfacet
  facet normal -0.45417 -0.890915 -0
    outer loop
      vertex -19.15 -67.1278 0.2
      vertex -19.3085 -67.047 0
      vertex -19.15 -67.1278 0
    endloop
  endfacet
  facet normal -0.777127 -0.629344 0
    outer loop
      vertex -18.6247 -67.6008 0
      vertex -18.7367 -67.4625 0.2
      vertex -18.7367 -67.4625 0
    endloop
  endfacet
  facet normal -0.777127 -0.629344 0
    outer loop
      vertex -18.7367 -67.4625 0.2
      vertex -18.6247 -67.6008 0
      vertex -18.6247 -67.6008 0.2
    endloop
  endfacet
  facet normal -0.777127 -0.629344 0
    outer loop
      vertex -18.6247 -67.6008 2.2
      vertex -18.7367 -67.4625 2.5
      vertex -18.7367 -67.4625 2.2
    endloop
  endfacet
  facet normal -0.777127 -0.629344 0
    outer loop
      vertex -18.7367 -67.4625 2.5
      vertex -18.6247 -67.6008 2.2
      vertex -18.6247 -67.6008 2.5
    endloop
  endfacet
  facet normal -0.544672 -0.838649 0
    outer loop
      vertex -19.15 -67.1278 2.2
      vertex -19.0008 -67.2247 2.5
      vertex -19.15 -67.1278 2.5
    endloop
  endfacet
  facet normal -0.544672 -0.838649 -0
    outer loop
      vertex -19.0008 -67.2247 2.5
      vertex -19.15 -67.1278 2.2
      vertex -19.0008 -67.2247 2.2
    endloop
  endfacet
  facet normal -0.544672 -0.838649 0
    outer loop
      vertex -19.15 -67.1278 0
      vertex -19.0008 -67.2247 0.2
      vertex -19.15 -67.1278 0.2
    endloop
  endfacet
  facet normal -0.544672 -0.838649 -0
    outer loop
      vertex -19.0008 -67.2247 0.2
      vertex -19.15 -67.1278 0
      vertex -19.0008 -67.2247 0
    endloop
  endfacet
  facet normal 0.777127 -0.629344 0
    outer loop
      vertex -21.3753 -67.6008 0.2
      vertex -21.2633 -67.4625 0
      vertex -21.2633 -67.4625 0.2
    endloop
  endfacet
  facet normal 0.777127 -0.629344 0
    outer loop
      vertex -21.2633 -67.4625 0
      vertex -21.3753 -67.6008 0.2
      vertex -21.3753 -67.6008 0
    endloop
  endfacet
  facet normal 0.777127 -0.629344 0
    outer loop
      vertex -21.3753 -67.6008 2.5
      vertex -21.2633 -67.4625 2.2
      vertex -21.2633 -67.4625 2.5
    endloop
  endfacet
  facet normal 0.777127 -0.629344 0
    outer loop
      vertex -21.2633 -67.4625 2.2
      vertex -21.3753 -67.6008 2.5
      vertex -21.3753 -67.6008 2.2
    endloop
  endfacet
  facet normal 0.707107 0.707107 0
    outer loop
      vertex -21.1375 -69.8633 2.5
      vertex -21.2633 -69.7375 2.2
      vertex -21.2633 -69.7375 2.5
    endloop
  endfacet
  facet normal 0.707107 0.707107 0
    outer loop
      vertex -21.2633 -69.7375 2.2
      vertex -21.1375 -69.8633 2.5
      vertex -21.1375 -69.8633 2.2
    endloop
  endfacet
  facet normal 0.707107 0.707107 0
    outer loop
      vertex -21.1375 -69.8633 0.2
      vertex -21.2633 -69.7375 0
      vertex -21.2633 -69.7375 0.2
    endloop
  endfacet
  facet normal 0.707107 0.707107 0
    outer loop
      vertex -21.2633 -69.7375 0
      vertex -21.1375 -69.8633 0.2
      vertex -21.1375 -69.8633 0
    endloop
  endfacet
  facet normal -0.838649 0.544672 0
    outer loop
      vertex -18.6247 -69.5992 0
      vertex -18.5278 -69.45 0.2
      vertex -18.5278 -69.45 0
    endloop
  endfacet
  facet normal -0.838649 0.544672 0
    outer loop
      vertex -18.5278 -69.45 0.2
      vertex -18.6247 -69.5992 0
      vertex -18.6247 -69.5992 0.2
    endloop
  endfacet
  facet normal -0.838649 0.544672 0
    outer loop
      vertex -18.6247 -69.5992 2.2
      vertex -18.5278 -69.45 2.5
      vertex -18.5278 -69.45 2.2
    endloop
  endfacet
  facet normal -0.838649 0.544672 0
    outer loop
      vertex -18.5278 -69.45 2.5
      vertex -18.6247 -69.5992 2.2
      vertex -18.6247 -69.5992 2.5
    endloop
  endfacet
  facet normal -0.987626 -0.156828 0
    outer loop
      vertex -18.3093 -68.4223 0
      vertex -18.3372 -68.2466 0.2
      vertex -18.3372 -68.2466 0
    endloop
  endfacet
  facet normal -0.987626 -0.156828 0
    outer loop
      vertex -18.3372 -68.2466 0.2
      vertex -18.3093 -68.4223 0
      vertex -18.3093 -68.4223 0.2
    endloop
  endfacet
  facet normal -0.987626 -0.156828 0
    outer loop
      vertex -18.3093 -68.4223 2.2
      vertex -18.3372 -68.2466 2.5
      vertex -18.3372 -68.2466 2.2
    endloop
  endfacet
  facet normal -0.987626 -0.156828 0
    outer loop
      vertex -18.3372 -68.2466 2.5
      vertex -18.3093 -68.4223 2.2
      vertex -18.3093 -68.4223 2.5
    endloop
  endfacet
  facet normal -0.0522639 -0.998633 0
    outer loop
      vertex -20 -66.9 0
      vertex -19.8223 -66.9093 0.2
      vertex -20 -66.9 0.2
    endloop
  endfacet
  facet normal -0.0522639 -0.998633 -0
    outer loop
      vertex -19.8223 -66.9093 0.2
      vertex -20 -66.9 0
      vertex -19.8223 -66.9093 0
    endloop
  endfacet
  facet normal -0.0522639 -0.998633 0
    outer loop
      vertex -20 -66.9 2.2
      vertex -19.8223 -66.9093 2.5
      vertex -20 -66.9 2.5
    endloop
  endfacet
  facet normal -0.0522639 -0.998633 -0
    outer loop
      vertex -19.8223 -66.9093 2.5
      vertex -20 -66.9 2.2
      vertex -19.8223 -66.9093 2.2
    endloop
  endfacet
  facet normal -0.998633 -0.0522639 0
    outer loop
      vertex -18.3 -68.6 0
      vertex -18.3093 -68.4223 0.2
      vertex -18.3093 -68.4223 0
    endloop
  endfacet
  facet normal -0.998633 -0.0522639 0
    outer loop
      vertex -18.3093 -68.4223 0.2
      vertex -18.3 -68.6 0
      vertex -18.3 -68.6 0.2
    endloop
  endfacet
  facet normal -0.998633 -0.0522639 0
    outer loop
      vertex -18.3 -68.6 2.2
      vertex -18.3093 -68.4223 2.5
      vertex -18.3093 -68.4223 2.2
    endloop
  endfacet
  facet normal -0.998633 -0.0522639 0
    outer loop
      vertex -18.3093 -68.4223 2.5
      vertex -18.3 -68.6 2.2
      vertex -18.3 -68.6 2.5
    endloop
  endfacet
  facet normal -0.358377 0.933577 0
    outer loop
      vertex -19.3085 -70.153 2.2
      vertex -19.4747 -70.2168 2.5
      vertex -19.3085 -70.153 2.5
    endloop
  endfacet
  facet normal -0.358377 0.933577 0
    outer loop
      vertex -19.4747 -70.2168 2.5
      vertex -19.3085 -70.153 2.2
      vertex -19.4747 -70.2168 2.2
    endloop
  endfacet
  facet normal -0.358377 0.933577 0
    outer loop
      vertex -19.3085 -70.153 0
      vertex -19.4747 -70.2168 0.2
      vertex -19.3085 -70.153 0.2
    endloop
  endfacet
  facet normal -0.358377 0.933577 0
    outer loop
      vertex -19.4747 -70.2168 0.2
      vertex -19.3085 -70.153 0
      vertex -19.4747 -70.2168 0
    endloop
  endfacet
  facet normal 0.966011 -0.258502 0
    outer loop
      vertex -21.6628 -68.2466 2.5
      vertex -21.6168 -68.0747 2.2
      vertex -21.6168 -68.0747 2.5
    endloop
  endfacet
  facet normal 0.966011 -0.258502 0
    outer loop
      vertex -21.6168 -68.0747 2.2
      vertex -21.6628 -68.2466 2.5
      vertex -21.6628 -68.2466 2.2
    endloop
  endfacet
  facet normal 0.966011 -0.258502 0
    outer loop
      vertex -21.6628 -68.2466 0.2
      vertex -21.6168 -68.0747 0
      vertex -21.6168 -68.0747 0.2
    endloop
  endfacet
  facet normal 0.966011 -0.258502 0
    outer loop
      vertex -21.6168 -68.0747 0
      vertex -21.6628 -68.2466 0.2
      vertex -21.6628 -68.2466 0
    endloop
  endfacet
  facet normal 0.259167 -0.965833 0
    outer loop
      vertex -20.5253 -66.9832 2.2
      vertex -20.3535 -66.9371 2.5
      vertex -20.5253 -66.9832 2.5
    endloop
  endfacet
  facet normal 0.259167 -0.965833 0
    outer loop
      vertex -20.3535 -66.9371 2.5
      vertex -20.5253 -66.9832 2.2
      vertex -20.3535 -66.9371 2.2
    endloop
  endfacet
  facet normal 0.259167 -0.965833 0
    outer loop
      vertex -20.5253 -66.9832 0
      vertex -20.3535 -66.9371 0.2
      vertex -20.5253 -66.9832 0.2
    endloop
  endfacet
  facet normal 0.259167 -0.965833 0
    outer loop
      vertex -20.3535 -66.9371 0.2
      vertex -20.5253 -66.9832 0
      vertex -20.3535 -66.9371 0
    endloop
  endfacet
  facet normal -0.998633 0.0522639 0
    outer loop
      vertex -18.3093 -68.7777 2.2
      vertex -18.3 -68.6 2.5
      vertex -18.3 -68.6 2.2
    endloop
  endfacet
  facet normal -0.998633 0.0522639 0
    outer loop
      vertex -18.3 -68.6 2.5
      vertex -18.3093 -68.7777 2.2
      vertex -18.3093 -68.7777 2.5
    endloop
  endfacet
  facet normal -0.998633 0.0522639 0
    outer loop
      vertex -18.3093 -68.7777 0
      vertex -18.3 -68.6 0.2
      vertex -18.3 -68.6 0
    endloop
  endfacet
  facet normal -0.998633 0.0522639 0
    outer loop
      vertex -18.3 -68.6 0.2
      vertex -18.3093 -68.7777 0
      vertex -18.3093 -68.7777 0.2
    endloop
  endfacet
  facet normal 0.629344 -0.777127 0
    outer loop
      vertex -21.1375 -67.3367 2.2
      vertex -20.9992 -67.2247 2.5
      vertex -21.1375 -67.3367 2.5
    endloop
  endfacet
  facet normal 0.629344 -0.777127 0
    outer loop
      vertex -20.9992 -67.2247 2.5
      vertex -21.1375 -67.3367 2.2
      vertex -20.9992 -67.2247 2.2
    endloop
  endfacet
  facet normal 0.629344 -0.777127 0
    outer loop
      vertex -21.1375 -67.3367 0
      vertex -20.9992 -67.2247 0.2
      vertex -21.1375 -67.3367 0.2
    endloop
  endfacet
  facet normal 0.629344 -0.777127 0
    outer loop
      vertex -20.9992 -67.2247 0.2
      vertex -21.1375 -67.3367 0
      vertex -20.9992 -67.2247 0
    endloop
  endfacet
  facet normal -0.629344 -0.777127 0
    outer loop
      vertex -19.0008 -67.2247 0
      vertex -18.8625 -67.3367 0.2
      vertex -19.0008 -67.2247 0.2
    endloop
  endfacet
  facet normal -0.629344 -0.777127 -0
    outer loop
      vertex -18.8625 -67.3367 0.2
      vertex -19.0008 -67.2247 0
      vertex -18.8625 -67.3367 0
    endloop
  endfacet
  facet normal -0.629344 -0.777127 0
    outer loop
      vertex -19.0008 -67.2247 2.2
      vertex -18.8625 -67.3367 2.5
      vertex -19.0008 -67.2247 2.5
    endloop
  endfacet
  facet normal -0.629344 -0.777127 -0
    outer loop
      vertex -18.8625 -67.3367 2.5
      vertex -19.0008 -67.2247 2.2
      vertex -18.8625 -67.3367 2.2
    endloop
  endfacet
  facet normal 0.998633 0.0522639 0
    outer loop
      vertex -21.6907 -68.7777 0.2
      vertex -21.7 -68.6 0
      vertex -21.7 -68.6 0.2
    endloop
  endfacet
  facet normal 0.998633 0.0522639 0
    outer loop
      vertex -21.7 -68.6 0
      vertex -21.6907 -68.7777 0.2
      vertex -21.6907 -68.7777 0
    endloop
  endfacet
  facet normal 0.998633 0.0522639 0
    outer loop
      vertex -21.6907 -68.7777 2.5
      vertex -21.7 -68.6 2.2
      vertex -21.7 -68.6 2.5
    endloop
  endfacet
  facet normal 0.998633 0.0522639 0
    outer loop
      vertex -21.7 -68.6 2.2
      vertex -21.6907 -68.7777 2.5
      vertex -21.6907 -68.7777 2.2
    endloop
  endfacet
  facet normal -0.890915 0.45417 0
    outer loop
      vertex -18.5278 -69.45 0
      vertex -18.447 -69.2915 0.2
      vertex -18.447 -69.2915 0
    endloop
  endfacet
  facet normal -0.890915 0.45417 0
    outer loop
      vertex -18.447 -69.2915 0.2
      vertex -18.5278 -69.45 0
      vertex -18.5278 -69.45 0.2
    endloop
  endfacet
  facet normal -0.890915 0.45417 0
    outer loop
      vertex -18.5278 -69.45 2.2
      vertex -18.447 -69.2915 2.5
      vertex -18.447 -69.2915 2.2
    endloop
  endfacet
  facet normal -0.890915 0.45417 0
    outer loop
      vertex -18.447 -69.2915 2.5
      vertex -18.5278 -69.45 2.2
      vertex -18.5278 -69.45 2.5
    endloop
  endfacet
  facet normal -0.45417 0.890915 0
    outer loop
      vertex -19.15 -70.0722 2.2
      vertex -19.3085 -70.153 2.5
      vertex -19.15 -70.0722 2.5
    endloop
  endfacet
  facet normal -0.45417 0.890915 0
    outer loop
      vertex -19.3085 -70.153 2.5
      vertex -19.15 -70.0722 2.2
      vertex -19.3085 -70.153 2.2
    endloop
  endfacet
  facet normal -0.45417 0.890915 0
    outer loop
      vertex -19.15 -70.0722 0
      vertex -19.3085 -70.153 0.2
      vertex -19.15 -70.0722 0.2
    endloop
  endfacet
  facet normal -0.45417 0.890915 0
    outer loop
      vertex -19.3085 -70.153 0.2
      vertex -19.15 -70.0722 0
      vertex -19.3085 -70.153 0
    endloop
  endfacet
  facet normal -0.358377 -0.933577 0
    outer loop
      vertex -19.4747 -66.9832 2.2
      vertex -19.3085 -67.047 2.5
      vertex -19.4747 -66.9832 2.5
    endloop
  endfacet
  facet normal -0.358377 -0.933577 -0
    outer loop
      vertex -19.3085 -67.047 2.5
      vertex -19.4747 -66.9832 2.2
      vertex -19.3085 -67.047 2.2
    endloop
  endfacet
  facet normal -0.358377 -0.933577 0
    outer loop
      vertex -19.4747 -66.9832 0
      vertex -19.3085 -67.047 0.2
      vertex -19.4747 -66.9832 0.2
    endloop
  endfacet
  facet normal -0.358377 -0.933577 -0
    outer loop
      vertex -19.3085 -67.047 0.2
      vertex -19.4747 -66.9832 0
      vertex -19.3085 -67.047 0
    endloop
  endfacet
  facet normal -0.707107 0.707107 0
    outer loop
      vertex -18.8625 -69.8633 2.2
      vertex -18.7367 -69.7375 2.5
      vertex -18.7367 -69.7375 2.2
    endloop
  endfacet
  facet normal -0.707107 0.707107 0
    outer loop
      vertex -18.7367 -69.7375 2.5
      vertex -18.8625 -69.8633 2.2
      vertex -18.8625 -69.8633 2.5
    endloop
  endfacet
  facet normal -0.707107 0.707107 0
    outer loop
      vertex -18.8625 -69.8633 0
      vertex -18.7367 -69.7375 0.2
      vertex -18.7367 -69.7375 0
    endloop
  endfacet
  facet normal -0.707107 0.707107 0
    outer loop
      vertex -18.7367 -69.7375 0.2
      vertex -18.8625 -69.8633 0
      vertex -18.8625 -69.8633 0.2
    endloop
  endfacet
  facet normal -0.933577 -0.358377 0
    outer loop
      vertex -18.3832 -68.0747 0
      vertex -18.447 -67.9085 0.2
      vertex -18.447 -67.9085 0
    endloop
  endfacet
  facet normal -0.933577 -0.358377 0
    outer loop
      vertex -18.447 -67.9085 0.2
      vertex -18.3832 -68.0747 0
      vertex -18.3832 -68.0747 0.2
    endloop
  endfacet
  facet normal -0.933577 -0.358377 0
    outer loop
      vertex -18.3832 -68.0747 2.2
      vertex -18.447 -67.9085 2.5
      vertex -18.447 -67.9085 2.2
    endloop
  endfacet
  facet normal -0.933577 -0.358377 0
    outer loop
      vertex -18.447 -67.9085 2.5
      vertex -18.3832 -68.0747 2.2
      vertex -18.3832 -68.0747 2.5
    endloop
  endfacet
  facet normal 0.890915 0.45417 0
    outer loop
      vertex -21.4722 -69.45 0.2
      vertex -21.553 -69.2915 0
      vertex -21.553 -69.2915 0.2
    endloop
  endfacet
  facet normal 0.890915 0.45417 0
    outer loop
      vertex -21.553 -69.2915 0
      vertex -21.4722 -69.45 0.2
      vertex -21.4722 -69.45 0
    endloop
  endfacet
  facet normal 0.890915 0.45417 0
    outer loop
      vertex -21.4722 -69.45 2.5
      vertex -21.553 -69.2915 2.2
      vertex -21.553 -69.2915 2.5
    endloop
  endfacet
  facet normal 0.890915 0.45417 0
    outer loop
      vertex -21.553 -69.2915 2.2
      vertex -21.4722 -69.45 2.5
      vertex -21.4722 -69.45 2.2
    endloop
  endfacet
  facet normal 0.933577 -0.358377 0
    outer loop
      vertex -21.6168 -68.0747 0.2
      vertex -21.553 -67.9085 0
      vertex -21.553 -67.9085 0.2
    endloop
  endfacet
  facet normal 0.933577 -0.358377 0
    outer loop
      vertex -21.553 -67.9085 0
      vertex -21.6168 -68.0747 0.2
      vertex -21.6168 -68.0747 0
    endloop
  endfacet
  facet normal 0.933577 -0.358377 0
    outer loop
      vertex -21.6168 -68.0747 2.5
      vertex -21.553 -67.9085 2.2
      vertex -21.553 -67.9085 2.5
    endloop
  endfacet
  facet normal 0.933577 -0.358377 0
    outer loop
      vertex -21.553 -67.9085 2.2
      vertex -21.6168 -68.0747 2.5
      vertex -21.6168 -68.0747 2.2
    endloop
  endfacet
  facet normal -0.0522639 0.998633 0
    outer loop
      vertex -19.8223 -70.2907 2.2
      vertex -20 -70.3 2.5
      vertex -19.8223 -70.2907 2.5
    endloop
  endfacet
  facet normal -0.0522639 0.998633 0
    outer loop
      vertex -20 -70.3 2.5
      vertex -19.8223 -70.2907 2.2
      vertex -20 -70.3 2.2
    endloop
  endfacet
  facet normal -0.0522639 0.998633 0
    outer loop
      vertex -19.8223 -70.2907 0
      vertex -20 -70.3 0.2
      vertex -19.8223 -70.2907 0.2
    endloop
  endfacet
  facet normal -0.0522639 0.998633 0
    outer loop
      vertex -20 -70.3 0.2
      vertex -19.8223 -70.2907 0
      vertex -20 -70.3 0
    endloop
  endfacet
  facet normal -0.258642 0.965973 0
    outer loop
      vertex -19.4747 -70.2168 0
      vertex -19.6465 -70.2628 0.2
      vertex -19.4747 -70.2168 0.2
    endloop
  endfacet
  facet normal -0.258642 0.965973 0
    outer loop
      vertex -19.6465 -70.2628 0.2
      vertex -19.4747 -70.2168 0
      vertex -19.6465 -70.2628 0
    endloop
  endfacet
  facet normal -0.258642 0.965973 0
    outer loop
      vertex -19.4747 -70.2168 2.2
      vertex -19.6465 -70.2628 2.5
      vertex -19.4747 -70.2168 2.5
    endloop
  endfacet
  facet normal -0.258642 0.965973 0
    outer loop
      vertex -19.6465 -70.2628 2.5
      vertex -19.4747 -70.2168 2.2
      vertex -19.6465 -70.2628 2.2
    endloop
  endfacet
  facet normal -0.98764 0.156741 0
    outer loop
      vertex -18.3372 -68.9535 2.2
      vertex -18.3093 -68.7777 2.5
      vertex -18.3093 -68.7777 2.2
    endloop
  endfacet
  facet normal -0.98764 0.156741 0
    outer loop
      vertex -18.3093 -68.7777 2.5
      vertex -18.3372 -68.9535 2.2
      vertex -18.3372 -68.9535 2.5
    endloop
  endfacet
  facet normal -0.98764 0.156741 0
    outer loop
      vertex -18.3372 -68.9535 0
      vertex -18.3093 -68.7777 0.2
      vertex -18.3093 -68.7777 0
    endloop
  endfacet
  facet normal -0.98764 0.156741 0
    outer loop
      vertex -18.3093 -68.7777 0.2
      vertex -18.3372 -68.9535 0
      vertex -18.3372 -68.9535 0.2
    endloop
  endfacet
  facet normal -0.890915 -0.45417 0
    outer loop
      vertex -18.447 -67.9085 0
      vertex -18.5278 -67.75 0.2
      vertex -18.5278 -67.75 0
    endloop
  endfacet
  facet normal -0.890915 -0.45417 0
    outer loop
      vertex -18.5278 -67.75 0.2
      vertex -18.447 -67.9085 0
      vertex -18.447 -67.9085 0.2
    endloop
  endfacet
  facet normal -0.890915 -0.45417 0
    outer loop
      vertex -18.447 -67.9085 2.2
      vertex -18.5278 -67.75 2.5
      vertex -18.5278 -67.75 2.2
    endloop
  endfacet
  facet normal -0.890915 -0.45417 0
    outer loop
      vertex -18.5278 -67.75 2.5
      vertex -18.447 -67.9085 2.2
      vertex -18.447 -67.9085 2.5
    endloop
  endfacet
  facet normal 0.987626 -0.156828 0
    outer loop
      vertex -21.6907 -68.4223 2.5
      vertex -21.6628 -68.2466 2.2
      vertex -21.6628 -68.2466 2.5
    endloop
  endfacet
  facet normal 0.987626 -0.156828 0
    outer loop
      vertex -21.6628 -68.2466 2.2
      vertex -21.6907 -68.4223 2.5
      vertex -21.6907 -68.4223 2.2
    endloop
  endfacet
  facet normal 0.987626 -0.156828 0
    outer loop
      vertex -21.6907 -68.4223 0.2
      vertex -21.6628 -68.2466 0
      vertex -21.6628 -68.2466 0.2
    endloop
  endfacet
  facet normal 0.987626 -0.156828 0
    outer loop
      vertex -21.6628 -68.2466 0
      vertex -21.6907 -68.4223 0.2
      vertex -21.6907 -68.4223 0
    endloop
  endfacet
  facet normal 0.98764 0.156741 0
    outer loop
      vertex -21.6628 -68.9535 2.5
      vertex -21.6907 -68.7777 2.2
      vertex -21.6907 -68.7777 2.5
    endloop
  endfacet
  facet normal 0.98764 0.156741 0
    outer loop
      vertex -21.6907 -68.7777 2.2
      vertex -21.6628 -68.9535 2.5
      vertex -21.6628 -68.9535 2.2
    endloop
  endfacet
  facet normal 0.98764 0.156741 0
    outer loop
      vertex -21.6628 -68.9535 0.2
      vertex -21.6907 -68.7777 0
      vertex -21.6907 -68.7777 0.2
    endloop
  endfacet
  facet normal 0.98764 0.156741 0
    outer loop
      vertex -21.6907 -68.7777 0
      vertex -21.6628 -68.9535 0.2
      vertex -21.6628 -68.9535 0
    endloop
  endfacet
  facet normal 0.358377 0.933577 -0
    outer loop
      vertex -20.5253 -70.2168 2.2
      vertex -20.6915 -70.153 2.5
      vertex -20.5253 -70.2168 2.5
    endloop
  endfacet
  facet normal 0.358377 0.933577 0
    outer loop
      vertex -20.6915 -70.153 2.5
      vertex -20.5253 -70.2168 2.2
      vertex -20.6915 -70.153 2.2
    endloop
  endfacet
  facet normal 0.358377 0.933577 -0
    outer loop
      vertex -20.5253 -70.2168 0
      vertex -20.6915 -70.153 0.2
      vertex -20.5253 -70.2168 0.2
    endloop
  endfacet
  facet normal 0.358377 0.933577 0
    outer loop
      vertex -20.6915 -70.153 0.2
      vertex -20.5253 -70.2168 0
      vertex -20.6915 -70.153 0
    endloop
  endfacet
  facet normal -0.156741 0.98764 0
    outer loop
      vertex -19.6465 -70.2628 2.2
      vertex -19.8223 -70.2907 2.5
      vertex -19.6465 -70.2628 2.5
    endloop
  endfacet
  facet normal -0.156741 0.98764 0
    outer loop
      vertex -19.8223 -70.2907 2.5
      vertex -19.6465 -70.2628 2.2
      vertex -19.8223 -70.2907 2.2
    endloop
  endfacet
  facet normal -0.156741 0.98764 0
    outer loop
      vertex -19.6465 -70.2628 0
      vertex -19.8223 -70.2907 0.2
      vertex -19.6465 -70.2628 0.2
    endloop
  endfacet
  facet normal -0.156741 0.98764 0
    outer loop
      vertex -19.8223 -70.2907 0.2
      vertex -19.6465 -70.2628 0
      vertex -19.8223 -70.2907 0
    endloop
  endfacet
  facet normal -0.966011 -0.258502 0
    outer loop
      vertex -18.3372 -68.2466 0
      vertex -18.3832 -68.0747 0.2
      vertex -18.3832 -68.0747 0
    endloop
  endfacet
  facet normal -0.966011 -0.258502 0
    outer loop
      vertex -18.3832 -68.0747 0.2
      vertex -18.3372 -68.2466 0
      vertex -18.3372 -68.2466 0.2
    endloop
  endfacet
  facet normal -0.966011 -0.258502 0
    outer loop
      vertex -18.3372 -68.2466 2.2
      vertex -18.3832 -68.0747 2.5
      vertex -18.3832 -68.0747 2.2
    endloop
  endfacet
  facet normal -0.966011 -0.258502 0
    outer loop
      vertex -18.3832 -68.0747 2.5
      vertex -18.3372 -68.2466 2.2
      vertex -18.3372 -68.2466 2.5
    endloop
  endfacet
  facet normal 0.777127 0.629344 0
    outer loop
      vertex -21.2633 -69.7375 2.5
      vertex -21.3753 -69.5992 2.2
      vertex -21.3753 -69.5992 2.5
    endloop
  endfacet
  facet normal 0.777127 0.629344 0
    outer loop
      vertex -21.3753 -69.5992 2.2
      vertex -21.2633 -69.7375 2.5
      vertex -21.2633 -69.7375 2.2
    endloop
  endfacet
  facet normal 0.777127 0.629344 0
    outer loop
      vertex -21.2633 -69.7375 0.2
      vertex -21.3753 -69.5992 0
      vertex -21.3753 -69.5992 0.2
    endloop
  endfacet
  facet normal 0.777127 0.629344 0
    outer loop
      vertex -21.3753 -69.5992 0
      vertex -21.2633 -69.7375 0.2
      vertex -21.2633 -69.7375 0
    endloop
  endfacet
  facet normal 0.156741 0.98764 -0
    outer loop
      vertex -20.1777 -70.2907 2.2
      vertex -20.3535 -70.2628 2.5
      vertex -20.1777 -70.2907 2.5
    endloop
  endfacet
  facet normal 0.156741 0.98764 0
    outer loop
      vertex -20.3535 -70.2628 2.5
      vertex -20.1777 -70.2907 2.2
      vertex -20.3535 -70.2628 2.2
    endloop
  endfacet
  facet normal 0.156741 0.98764 -0
    outer loop
      vertex -20.1777 -70.2907 0
      vertex -20.3535 -70.2628 0.2
      vertex -20.1777 -70.2907 0.2
    endloop
  endfacet
  facet normal 0.156741 0.98764 0
    outer loop
      vertex -20.3535 -70.2628 0.2
      vertex -20.1777 -70.2907 0
      vertex -20.3535 -70.2628 0
    endloop
  endfacet
  facet normal -0.838649 -0.544672 0
    outer loop
      vertex -18.5278 -67.75 2.2
      vertex -18.6247 -67.6008 2.5
      vertex -18.6247 -67.6008 2.2
    endloop
  endfacet
  facet normal -0.838649 -0.544672 0
    outer loop
      vertex -18.6247 -67.6008 2.5
      vertex -18.5278 -67.75 2.2
      vertex -18.5278 -67.75 2.5
    endloop
  endfacet
  facet normal -0.838649 -0.544672 0
    outer loop
      vertex -18.5278 -67.75 0
      vertex -18.6247 -67.6008 0.2
      vertex -18.6247 -67.6008 0
    endloop
  endfacet
  facet normal -0.838649 -0.544672 0
    outer loop
      vertex -18.6247 -67.6008 0.2
      vertex -18.5278 -67.75 0
      vertex -18.5278 -67.75 0.2
    endloop
  endfacet
  facet normal 0.707107 -0.707107 0
    outer loop
      vertex -21.2633 -67.4625 0.2
      vertex -21.1375 -67.3367 0
      vertex -21.1375 -67.3367 0.2
    endloop
  endfacet
  facet normal 0.707107 -0.707107 0
    outer loop
      vertex -21.1375 -67.3367 0
      vertex -21.2633 -67.4625 0.2
      vertex -21.2633 -67.4625 0
    endloop
  endfacet
  facet normal 0.707107 -0.707107 0
    outer loop
      vertex -21.2633 -67.4625 2.5
      vertex -21.1375 -67.3367 2.2
      vertex -21.1375 -67.3367 2.5
    endloop
  endfacet
  facet normal 0.707107 -0.707107 0
    outer loop
      vertex -21.1375 -67.3367 2.2
      vertex -21.2633 -67.4625 2.5
      vertex -21.2633 -67.4625 2.2
    endloop
  endfacet
  facet normal -0.259167 -0.965833 0
    outer loop
      vertex -19.6465 -66.9371 2.2
      vertex -19.4747 -66.9832 2.5
      vertex -19.6465 -66.9371 2.5
    endloop
  endfacet
  facet normal -0.259167 -0.965833 -0
    outer loop
      vertex -19.4747 -66.9832 2.5
      vertex -19.6465 -66.9371 2.2
      vertex -19.4747 -66.9832 2.2
    endloop
  endfacet
  facet normal -0.259167 -0.965833 0
    outer loop
      vertex -19.6465 -66.9371 0
      vertex -19.4747 -66.9832 0.2
      vertex -19.6465 -66.9371 0.2
    endloop
  endfacet
  facet normal -0.259167 -0.965833 -0
    outer loop
      vertex -19.4747 -66.9832 0.2
      vertex -19.6465 -66.9371 0
      vertex -19.4747 -66.9832 0
    endloop
  endfacet
  facet normal -0.707107 -0.707107 0
    outer loop
      vertex -18.7367 -67.4625 0
      vertex -18.8625 -67.3367 0.2
      vertex -18.8625 -67.3367 0
    endloop
  endfacet
  facet normal -0.707107 -0.707107 0
    outer loop
      vertex -18.8625 -67.3367 0.2
      vertex -18.7367 -67.4625 0
      vertex -18.7367 -67.4625 0.2
    endloop
  endfacet
  facet normal -0.707107 -0.707107 0
    outer loop
      vertex -18.7367 -67.4625 2.2
      vertex -18.8625 -67.3367 2.5
      vertex -18.8625 -67.3367 2.2
    endloop
  endfacet
  facet normal -0.707107 -0.707107 0
    outer loop
      vertex -18.8625 -67.3367 2.5
      vertex -18.7367 -67.4625 2.2
      vertex -18.7367 -67.4625 2.5
    endloop
  endfacet
  facet normal 0.258642 0.965973 -0
    outer loop
      vertex -20.3535 -70.2628 2.2
      vertex -20.5253 -70.2168 2.5
      vertex -20.3535 -70.2628 2.5
    endloop
  endfacet
  facet normal 0.258642 0.965973 0
    outer loop
      vertex -20.5253 -70.2168 2.5
      vertex -20.3535 -70.2628 2.2
      vertex -20.5253 -70.2168 2.2
    endloop
  endfacet
  facet normal 0.258642 0.965973 -0
    outer loop
      vertex -20.3535 -70.2628 0
      vertex -20.5253 -70.2168 0.2
      vertex -20.3535 -70.2628 0.2
    endloop
  endfacet
  facet normal 0.258642 0.965973 0
    outer loop
      vertex -20.5253 -70.2168 0.2
      vertex -20.3535 -70.2628 0
      vertex -20.5253 -70.2168 0
    endloop
  endfacet
  facet normal -0.156193 -0.987726 0
    outer loop
      vertex -19.8223 -66.9093 2.2
      vertex -19.6465 -66.9371 2.5
      vertex -19.8223 -66.9093 2.5
    endloop
  endfacet
  facet normal -0.156193 -0.987726 -0
    outer loop
      vertex -19.6465 -66.9371 2.5
      vertex -19.8223 -66.9093 2.2
      vertex -19.6465 -66.9371 2.2
    endloop
  endfacet
  facet normal -0.156193 -0.987726 0
    outer loop
      vertex -19.8223 -66.9093 0
      vertex -19.6465 -66.9371 0.2
      vertex -19.8223 -66.9093 0.2
    endloop
  endfacet
  facet normal -0.156193 -0.987726 -0
    outer loop
      vertex -19.6465 -66.9371 0.2
      vertex -19.8223 -66.9093 0
      vertex -19.6465 -66.9371 0
    endloop
  endfacet
  facet normal 0.358377 -0.933577 0
    outer loop
      vertex -20.6915 -67.047 2.2
      vertex -20.5253 -66.9832 2.5
      vertex -20.6915 -67.047 2.5
    endloop
  endfacet
  facet normal 0.358377 -0.933577 0
    outer loop
      vertex -20.5253 -66.9832 2.5
      vertex -20.6915 -67.047 2.2
      vertex -20.5253 -66.9832 2.2
    endloop
  endfacet
  facet normal 0.358377 -0.933577 0
    outer loop
      vertex -20.6915 -67.047 0
      vertex -20.5253 -66.9832 0.2
      vertex -20.6915 -67.047 0.2
    endloop
  endfacet
  facet normal 0.358377 -0.933577 0
    outer loop
      vertex -20.5253 -66.9832 0.2
      vertex -20.6915 -67.047 0
      vertex -20.5253 -66.9832 0
    endloop
  endfacet
  facet normal -0.965973 0.258642 0
    outer loop
      vertex -18.3832 -69.1253 0
      vertex -18.3372 -68.9535 0.2
      vertex -18.3372 -68.9535 0
    endloop
  endfacet
  facet normal -0.965973 0.258642 0
    outer loop
      vertex -18.3372 -68.9535 0.2
      vertex -18.3832 -69.1253 0
      vertex -18.3832 -69.1253 0.2
    endloop
  endfacet
  facet normal -0.965973 0.258642 0
    outer loop
      vertex -18.3832 -69.1253 2.2
      vertex -18.3372 -68.9535 2.5
      vertex -18.3372 -68.9535 2.2
    endloop
  endfacet
  facet normal -0.965973 0.258642 0
    outer loop
      vertex -18.3372 -68.9535 2.5
      vertex -18.3832 -69.1253 2.2
      vertex -18.3832 -69.1253 2.5
    endloop
  endfacet
  facet normal -0.933577 0.358377 0
    outer loop
      vertex -18.447 -69.2915 0
      vertex -18.3832 -69.1253 0.2
      vertex -18.3832 -69.1253 0
    endloop
  endfacet
  facet normal -0.933577 0.358377 0
    outer loop
      vertex -18.3832 -69.1253 0.2
      vertex -18.447 -69.2915 0
      vertex -18.447 -69.2915 0.2
    endloop
  endfacet
  facet normal -0.933577 0.358377 0
    outer loop
      vertex -18.447 -69.2915 2.2
      vertex -18.3832 -69.1253 2.5
      vertex -18.3832 -69.1253 2.2
    endloop
  endfacet
  facet normal -0.933577 0.358377 0
    outer loop
      vertex -18.3832 -69.1253 2.5
      vertex -18.447 -69.2915 2.2
      vertex -18.447 -69.2915 2.5
    endloop
  endfacet
  facet normal 0.544672 -0.838649 0
    outer loop
      vertex -20.9992 -67.2247 2.2
      vertex -20.85 -67.1278 2.5
      vertex -20.9992 -67.2247 2.5
    endloop
  endfacet
  facet normal 0.544672 -0.838649 0
    outer loop
      vertex -20.85 -67.1278 2.5
      vertex -20.9992 -67.2247 2.2
      vertex -20.85 -67.1278 2.2
    endloop
  endfacet
  facet normal 0.544672 -0.838649 0
    outer loop
      vertex -20.9992 -67.2247 0
      vertex -20.85 -67.1278 0.2
      vertex -20.9992 -67.2247 0.2
    endloop
  endfacet
  facet normal 0.544672 -0.838649 0
    outer loop
      vertex -20.85 -67.1278 0.2
      vertex -20.9992 -67.2247 0
      vertex -20.85 -67.1278 0
    endloop
  endfacet
  facet normal -0.777127 0.629344 0
    outer loop
      vertex -18.7367 -69.7375 2.2
      vertex -18.6247 -69.5992 2.5
      vertex -18.6247 -69.5992 2.2
    endloop
  endfacet
  facet normal -0.777127 0.629344 0
    outer loop
      vertex -18.6247 -69.5992 2.5
      vertex -18.7367 -69.7375 2.2
      vertex -18.7367 -69.7375 2.5
    endloop
  endfacet
  facet normal -0.777127 0.629344 0
    outer loop
      vertex -18.7367 -69.7375 0
      vertex -18.6247 -69.5992 0.2
      vertex -18.6247 -69.5992 0
    endloop
  endfacet
  facet normal -0.777127 0.629344 0
    outer loop
      vertex -18.6247 -69.5992 0.2
      vertex -18.7367 -69.7375 0
      vertex -18.7367 -69.7375 0.2
    endloop
  endfacet
  facet normal -0.544672 0.838649 0
    outer loop
      vertex -19.0008 -69.9753 2.2
      vertex -19.15 -70.0722 2.5
      vertex -19.0008 -69.9753 2.5
    endloop
  endfacet
  facet normal -0.544672 0.838649 0
    outer loop
      vertex -19.15 -70.0722 2.5
      vertex -19.0008 -69.9753 2.2
      vertex -19.15 -70.0722 2.2
    endloop
  endfacet
  facet normal -0.544672 0.838649 0
    outer loop
      vertex -19.0008 -69.9753 0
      vertex -19.15 -70.0722 0.2
      vertex -19.0008 -69.9753 0.2
    endloop
  endfacet
  facet normal -0.544672 0.838649 0
    outer loop
      vertex -19.15 -70.0722 0.2
      vertex -19.0008 -69.9753 0
      vertex -19.15 -70.0722 0
    endloop
  endfacet
  facet normal 0.0522639 -0.998633 0
    outer loop
      vertex -20.1777 -66.9093 2.2
      vertex -20 -66.9 2.5
      vertex -20.1777 -66.9093 2.5
    endloop
  endfacet
  facet normal 0.0522639 -0.998633 0
    outer loop
      vertex -20 -66.9 2.5
      vertex -20.1777 -66.9093 2.2
      vertex -20 -66.9 2.2
    endloop
  endfacet
  facet normal 0.0522639 -0.998633 0
    outer loop
      vertex -20.1777 -66.9093 0
      vertex -20 -66.9 0.2
      vertex -20.1777 -66.9093 0.2
    endloop
  endfacet
  facet normal 0.0522639 -0.998633 0
    outer loop
      vertex -20 -66.9 0.2
      vertex -20.1777 -66.9093 0
      vertex -20 -66.9 0
    endloop
  endfacet
  facet normal 0.998633 -0.0522639 0
    outer loop
      vertex -21.7 -68.6 0.2
      vertex -21.6907 -68.4223 0
      vertex -21.6907 -68.4223 0.2
    endloop
  endfacet
  facet normal 0.998633 -0.0522639 0
    outer loop
      vertex -21.6907 -68.4223 0
      vertex -21.7 -68.6 0.2
      vertex -21.7 -68.6 0
    endloop
  endfacet
  facet normal 0.998633 -0.0522639 0
    outer loop
      vertex -21.7 -68.6 2.5
      vertex -21.6907 -68.4223 2.2
      vertex -21.6907 -68.4223 2.5
    endloop
  endfacet
  facet normal 0.998633 -0.0522639 0
    outer loop
      vertex -21.6907 -68.4223 2.2
      vertex -21.7 -68.6 2.5
      vertex -21.7 -68.6 2.2
    endloop
  endfacet
  facet normal -0.629344 0.777127 0
    outer loop
      vertex -18.8625 -69.8633 2.2
      vertex -19.0008 -69.9753 2.5
      vertex -18.8625 -69.8633 2.5
    endloop
  endfacet
  facet normal -0.629344 0.777127 0
    outer loop
      vertex -19.0008 -69.9753 2.5
      vertex -18.8625 -69.8633 2.2
      vertex -19.0008 -69.9753 2.2
    endloop
  endfacet
  facet normal -0.629344 0.777127 0
    outer loop
      vertex -18.8625 -69.8633 0
      vertex -19.0008 -69.9753 0.2
      vertex -18.8625 -69.8633 0.2
    endloop
  endfacet
  facet normal -0.629344 0.777127 0
    outer loop
      vertex -19.0008 -69.9753 0.2
      vertex -18.8625 -69.8633 0
      vertex -19.0008 -69.9753 0
    endloop
  endfacet
  facet normal 0.838649 -0.544672 0
    outer loop
      vertex -21.4722 -67.75 0.2
      vertex -21.3753 -67.6008 0
      vertex -21.3753 -67.6008 0.2
    endloop
  endfacet
  facet normal 0.838649 -0.544672 0
    outer loop
      vertex -21.3753 -67.6008 0
      vertex -21.4722 -67.75 0.2
      vertex -21.4722 -67.75 0
    endloop
  endfacet
  facet normal 0.838649 -0.544672 0
    outer loop
      vertex -21.4722 -67.75 2.5
      vertex -21.3753 -67.6008 2.2
      vertex -21.3753 -67.6008 2.5
    endloop
  endfacet
  facet normal 0.838649 -0.544672 0
    outer loop
      vertex -21.3753 -67.6008 2.2
      vertex -21.4722 -67.75 2.5
      vertex -21.4722 -67.75 2.2
    endloop
  endfacet
  facet normal 0.45417 -0.890915 0
    outer loop
      vertex -20.85 -67.1278 2.2
      vertex -20.6915 -67.047 2.5
      vertex -20.85 -67.1278 2.5
    endloop
  endfacet
  facet normal 0.45417 -0.890915 0
    outer loop
      vertex -20.6915 -67.047 2.5
      vertex -20.85 -67.1278 2.2
      vertex -20.6915 -67.047 2.2
    endloop
  endfacet
  facet normal 0.45417 -0.890915 0
    outer loop
      vertex -20.85 -67.1278 0
      vertex -20.6915 -67.047 0.2
      vertex -20.85 -67.1278 0.2
    endloop
  endfacet
  facet normal 0.45417 -0.890915 0
    outer loop
      vertex -20.6915 -67.047 0.2
      vertex -20.85 -67.1278 0
      vertex -20.6915 -67.047 0
    endloop
  endfacet
  facet normal 0.0522639 0.998633 -0
    outer loop
      vertex -20 -70.3 2.2
      vertex -20.1777 -70.2907 2.5
      vertex -20 -70.3 2.5
    endloop
  endfacet
  facet normal 0.0522639 0.998633 0
    outer loop
      vertex -20.1777 -70.2907 2.5
      vertex -20 -70.3 2.2
      vertex -20.1777 -70.2907 2.2
    endloop
  endfacet
  facet normal 0.0522639 0.998633 -0
    outer loop
      vertex -20 -70.3 0
      vertex -20.1777 -70.2907 0.2
      vertex -20 -70.3 0.2
    endloop
  endfacet
  facet normal 0.0522639 0.998633 0
    outer loop
      vertex -20.1777 -70.2907 0.2
      vertex -20 -70.3 0
      vertex -20.1777 -70.2907 0
    endloop
  endfacet
  facet normal 0.838649 0.544672 0
    outer loop
      vertex -21.3753 -69.5992 0.2
      vertex -21.4722 -69.45 0
      vertex -21.4722 -69.45 0.2
    endloop
  endfacet
  facet normal 0.838649 0.544672 0
    outer loop
      vertex -21.4722 -69.45 0
      vertex -21.3753 -69.5992 0.2
      vertex -21.3753 -69.5992 0
    endloop
  endfacet
  facet normal 0.838649 0.544672 0
    outer loop
      vertex -21.3753 -69.5992 2.5
      vertex -21.4722 -69.45 2.2
      vertex -21.4722 -69.45 2.5
    endloop
  endfacet
  facet normal 0.838649 0.544672 0
    outer loop
      vertex -21.4722 -69.45 2.2
      vertex -21.3753 -69.5992 2.5
      vertex -21.3753 -69.5992 2.2
    endloop
  endfacet
  facet normal 0.890915 -0.45417 0
    outer loop
      vertex -21.553 -67.9085 0.2
      vertex -21.4722 -67.75 0
      vertex -21.4722 -67.75 0.2
    endloop
  endfacet
  facet normal 0.890915 -0.45417 0
    outer loop
      vertex -21.4722 -67.75 0
      vertex -21.553 -67.9085 0.2
      vertex -21.553 -67.9085 0
    endloop
  endfacet
  facet normal 0.890915 -0.45417 0
    outer loop
      vertex -21.553 -67.9085 2.5
      vertex -21.4722 -67.75 2.2
      vertex -21.4722 -67.75 2.5
    endloop
  endfacet
  facet normal 0.890915 -0.45417 0
    outer loop
      vertex -21.4722 -67.75 2.2
      vertex -21.553 -67.9085 2.5
      vertex -21.553 -67.9085 2.2
    endloop
  endfacet
  facet normal 0.45417 0.890915 -0
    outer loop
      vertex -20.6915 -70.153 2.2
      vertex -20.85 -70.0722 2.5
      vertex -20.6915 -70.153 2.5
    endloop
  endfacet
  facet normal 0.45417 0.890915 0
    outer loop
      vertex -20.85 -70.0722 2.5
      vertex -20.6915 -70.153 2.2
      vertex -20.85 -70.0722 2.2
    endloop
  endfacet
  facet normal 0.45417 0.890915 -0
    outer loop
      vertex -20.6915 -70.153 0
      vertex -20.85 -70.0722 0.2
      vertex -20.6915 -70.153 0.2
    endloop
  endfacet
  facet normal 0.45417 0.890915 0
    outer loop
      vertex -20.85 -70.0722 0.2
      vertex -20.6915 -70.153 0
      vertex -20.85 -70.0722 0
    endloop
  endfacet
  facet normal 0.629344 0.777127 -0
    outer loop
      vertex -20.9992 -69.9753 2.2
      vertex -21.1375 -69.8633 2.5
      vertex -20.9992 -69.9753 2.5
    endloop
  endfacet
  facet normal 0.629344 0.777127 0
    outer loop
      vertex -21.1375 -69.8633 2.5
      vertex -20.9992 -69.9753 2.2
      vertex -21.1375 -69.8633 2.2
    endloop
  endfacet
  facet normal 0.629344 0.777127 -0
    outer loop
      vertex -20.9992 -69.9753 0
      vertex -21.1375 -69.8633 0.2
      vertex -20.9992 -69.9753 0.2
    endloop
  endfacet
  facet normal 0.629344 0.777127 0
    outer loop
      vertex -21.1375 -69.8633 0.2
      vertex -20.9992 -69.9753 0
      vertex -21.1375 -69.8633 0
    endloop
  endfacet
  facet normal 0.544672 0.838649 -0
    outer loop
      vertex -20.85 -70.0722 2.2
      vertex -20.9992 -69.9753 2.5
      vertex -20.85 -70.0722 2.5
    endloop
  endfacet
  facet normal 0.544672 0.838649 0
    outer loop
      vertex -20.9992 -69.9753 2.5
      vertex -20.85 -70.0722 2.2
      vertex -20.9992 -69.9753 2.2
    endloop
  endfacet
  facet normal 0.544672 0.838649 -0
    outer loop
      vertex -20.85 -70.0722 0
      vertex -20.9992 -69.9753 0.2
      vertex -20.85 -70.0722 0.2
    endloop
  endfacet
  facet normal 0.544672 0.838649 0
    outer loop
      vertex -20.9992 -69.9753 0.2
      vertex -20.85 -70.0722 0
      vertex -20.9992 -69.9753 0
    endloop
  endfacet
  facet normal -0.78974 -0.0413313 0.612048
    outer loop
      vertex -18.3 -68.6 0.2
      vertex -16.75 -68.6 2.2
      vertex -18.3093 -68.4223 0.2
    endloop
  endfacet
  facet normal 0.559188 0.559188 0.61206
    outer loop
      vertex -21.2633 -69.7375 0.2
      vertex -22.1747 -71.0152 2.2
      vertex -21.1375 -69.8633 0.2
    endloop
  endfacet
  facet normal 0.559188 0.559188 0.61206
    outer loop
      vertex -22.1747 -71.0152 2.2
      vertex -21.2633 -69.7375 0.2
      vertex -22.4152 -70.7747 2.2
    endloop
  endfacet
  facet normal 0.0413313 -0.78974 0.612048
    outer loop
      vertex -20 -66.9 0.2
      vertex -20 -65.35 2.2
      vertex -20.1777 -66.9093 0.2
    endloop
  endfacet
  facet normal -0.359161 0.704543 0.612064
    outer loop
      vertex -18.375 -71.4146 2.2
      vertex -19.15 -70.0722 0.2
      vertex -19.3085 -70.153 0.2
    endloop
  endfacet
  facet normal 0.614584 0.497665 0.612059
    outer loop
      vertex -22.4152 -70.7747 2.2
      vertex -21.2633 -69.7375 0.2
      vertex -22.6293 -70.5103 2.2
    endloop
  endfacet
  facet normal 0.763833 -0.204789 0.612063
    outer loop
      vertex -21.6628 -68.2466 0.2
      vertex -23.0909 -67.5957 2.2
      vertex -23.179 -67.9243 2.2
    endloop
  endfacet
  facet normal -0.283414 0.738298 0.61204
    outer loop
      vertex -18.9957 -71.6909 2.2
      vertex -19.3085 -70.153 0.2
      vertex -19.4747 -70.2168 0.2
    endloop
  endfacet
  facet normal 0.430747 -0.663206 0.612057
    outer loop
      vertex -20.9992 -67.2247 0.2
      vertex -21.625 -65.7854 2.2
      vertex -21.9103 -65.9707 2.2
    endloop
  endfacet
  facet normal 0.73831 -0.283375 0.612043
    outer loop
      vertex -21.553 -67.9085 0.2
      vertex -22.969 -67.2781 2.2
      vertex -23.0909 -67.5957 2.2
    endloop
  endfacet
  facet normal 0.781093 -0.123673 0.612045
    outer loop
      vertex -21.6907 -68.4223 0.2
      vertex -23.179 -67.9243 2.2
      vertex -23.2322 -68.2603 2.2
    endloop
  endfacet
  facet normal 0.663206 0.430747 0.612057
    outer loop
      vertex -22.6293 -70.5103 2.2
      vertex -21.3753 -69.5992 0.2
      vertex -22.8146 -70.225 2.2
    endloop
  endfacet
  facet normal 0.663214 -0.430734 0.612059
    outer loop
      vertex -21.4722 -67.75 0.2
      vertex -21.3753 -67.6008 0.2
      vertex -22.8146 -66.975 2.2
    endloop
  endfacet
  facet normal -0.204795 -0.763855 0.612033
    outer loop
      vertex -18.9957 -65.5091 2.2
      vertex -19.3243 -65.421 2.2
      vertex -19.6465 -66.9371 0.2
    endloop
  endfacet
  facet normal 0.430734 0.663214 0.612059
    outer loop
      vertex -20.85 -70.0722 0.2
      vertex -20.9992 -69.9753 0.2
      vertex -21.625 -71.4146 2.2
    endloop
  endfacet
  facet normal -0.204955 -0.763801 0.612047
    outer loop
      vertex -19.4747 -66.9832 0.2
      vertex -18.9957 -65.5091 2.2
      vertex -19.6465 -66.9371 0.2
    endloop
  endfacet
  facet normal -0.430747 0.663206 0.612057
    outer loop
      vertex -18.375 -71.4146 2.2
      vertex -18.0897 -71.2293 2.2
      vertex -19.0008 -69.9753 0.2
    endloop
  endfacet
  facet normal 0.0413817 0.78974 0.612044
    outer loop
      vertex -20 -71.85 2.2
      vertex -20.1777 -70.2907 0.2
      vertex -20.3397 -71.8322 2.2
    endloop
  endfacet
  facet normal -0.78974 0.0413817 0.612044
    outer loop
      vertex -16.7678 -68.9397 2.2
      vertex -16.75 -68.6 2.2
      vertex -18.3093 -68.7777 0.2
    endloop
  endfacet
  facet normal -0.123523 -0.781126 0.612032
    outer loop
      vertex -19.6465 -66.9371 0.2
      vertex -19.3243 -65.421 2.2
      vertex -19.8223 -66.9093 0.2
    endloop
  endfacet
  facet normal -0.123673 0.781093 0.612045
    outer loop
      vertex -19.6603 -71.8322 2.2
      vertex -19.3243 -71.779 2.2
      vertex -19.8223 -70.2907 0.2
    endloop
  endfacet
  facet normal 0.497665 -0.614584 0.612059
    outer loop
      vertex -21.1375 -67.3367 0.2
      vertex -21.9103 -65.9707 2.2
      vertex -22.1747 -66.1848 2.2
    endloop
  endfacet
  facet normal 0.204795 -0.763855 0.612033
    outer loop
      vertex -20.3535 -66.9371 0.2
      vertex -20.6757 -65.421 2.2
      vertex -21.0043 -65.5091 2.2
    endloop
  endfacet
  facet normal -0.0413817 0.78974 0.612044
    outer loop
      vertex -19.6603 -71.8322 2.2
      vertex -19.8223 -70.2907 0.2
      vertex -20 -71.85 2.2
    endloop
  endfacet
  facet normal -0.78974 -0.0413817 0.612044
    outer loop
      vertex -16.75 -68.6 2.2
      vertex -16.7678 -68.2603 2.2
      vertex -18.3093 -68.4223 0.2
    endloop
  endfacet
  facet normal -0.497665 0.614584 0.612059
    outer loop
      vertex -18.0897 -71.2293 2.2
      vertex -17.8253 -71.0152 2.2
      vertex -18.8625 -69.8633 0.2
    endloop
  endfacet
  facet normal -0.763837 0.20479 0.612057
    outer loop
      vertex -16.9091 -69.6043 2.2
      vertex -16.821 -69.2757 2.2
      vertex -18.3372 -68.9535 0.2
    endloop
  endfacet
  facet normal 0.497694 0.614563 0.612056
    outer loop
      vertex -20.9992 -69.9753 0.2
      vertex -21.1375 -69.8633 0.2
      vertex -21.9103 -71.2293 2.2
    endloop
  endfacet
  facet normal -0.430734 -0.663214 0.612059
    outer loop
      vertex -19.0008 -67.2247 0.2
      vertex -18.375 -65.7854 2.2
      vertex -19.15 -67.1278 0.2
    endloop
  endfacet
  facet normal 0.781015 -0.12402 0.612074
    outer loop
      vertex -21.6907 -68.4223 0.2
      vertex -21.6628 -68.2466 0.2
      vertex -23.179 -67.9243 2.2
    endloop
  endfacet
  facet normal 0.663214 0.430734 0.612059
    outer loop
      vertex -21.3753 -69.5992 0.2
      vertex -21.4722 -69.45 0.2
      vertex -22.8146 -70.225 2.2
    endloop
  endfacet
  facet normal -0.704663 -0.358957 0.612045
    outer loop
      vertex -17.031 -67.2781 2.2
      vertex -17.1854 -66.975 2.2
      vertex -18.447 -67.9085 0.2
    endloop
  endfacet
  facet normal 0.738298 -0.283414 0.61204
    outer loop
      vertex -21.6168 -68.0747 0.2
      vertex -21.553 -67.9085 0.2
      vertex -23.0909 -67.5957 2.2
    endloop
  endfacet
  facet normal -0.123673 -0.781093 0.612045
    outer loop
      vertex -19.3243 -65.421 2.2
      vertex -19.6603 -65.3678 2.2
      vertex -19.8223 -66.9093 0.2
    endloop
  endfacet
  facet normal 0.0413817 -0.78974 0.612044
    outer loop
      vertex -20.1777 -66.9093 0.2
      vertex -20 -65.35 2.2
      vertex -20.3397 -65.3678 2.2
    endloop
  endfacet
  facet normal -0.358957 -0.704663 0.612045
    outer loop
      vertex -18.375 -65.7854 2.2
      vertex -18.6781 -65.631 2.2
      vertex -19.3085 -67.047 0.2
    endloop
  endfacet
  facet normal 0.559188 -0.559188 0.61206
    outer loop
      vertex -22.1747 -66.1848 2.2
      vertex -21.2633 -67.4625 0.2
      vertex -21.1375 -67.3367 0.2
    endloop
  endfacet
  facet normal 0.559188 -0.559188 0.61206
    outer loop
      vertex -21.2633 -67.4625 0.2
      vertex -22.1747 -66.1848 2.2
      vertex -22.4152 -66.4253 2.2
    endloop
  endfacet
  facet normal -0.763953 -0.204432 0.612033
    outer loop
      vertex -18.3372 -68.2466 0.2
      vertex -16.9091 -67.5957 2.2
      vertex -18.3832 -68.0747 0.2
    endloop
  endfacet
  facet normal -0.0413313 0.78974 0.612048
    outer loop
      vertex -19.8223 -70.2907 0.2
      vertex -20 -70.3 0.2
      vertex -20 -71.85 2.2
    endloop
  endfacet
  facet normal 0.123673 0.781093 0.612045
    outer loop
      vertex -20.3397 -71.8322 2.2
      vertex -20.1777 -70.2907 0.2
      vertex -20.6757 -71.779 2.2
    endloop
  endfacet
  facet normal -0.663206 -0.430747 0.612057
    outer loop
      vertex -17.1854 -66.975 2.2
      vertex -17.3707 -66.6897 2.2
      vertex -18.6247 -67.6008 0.2
    endloop
  endfacet
  facet normal -0.704543 -0.359161 0.612064
    outer loop
      vertex -18.447 -67.9085 0.2
      vertex -17.1854 -66.975 2.2
      vertex -18.5278 -67.75 0.2
    endloop
  endfacet
  facet normal 0.614584 -0.497665 0.612059
    outer loop
      vertex -21.2633 -67.4625 0.2
      vertex -22.4152 -66.4253 2.2
      vertex -22.6293 -66.6897 2.2
    endloop
  endfacet
  facet normal -0.763921 0.204542 0.612036
    outer loop
      vertex -16.9091 -69.6043 2.2
      vertex -18.3372 -68.9535 0.2
      vertex -18.3832 -69.1253 0.2
    endloop
  endfacet
  facet normal 0.283414 0.738298 0.61204
    outer loop
      vertex -20.5253 -70.2168 0.2
      vertex -20.6915 -70.153 0.2
      vertex -21.0043 -71.6909 2.2
    endloop
  endfacet
  facet normal -0.73831 0.283375 0.612043
    outer loop
      vertex -17.031 -69.9219 2.2
      vertex -16.9091 -69.6043 2.2
      vertex -18.447 -69.2915 0.2
    endloop
  endfacet
  facet normal -0.781093 -0.123673 0.612045
    outer loop
      vertex -16.7678 -68.2603 2.2
      vertex -16.821 -67.9243 2.2
      vertex -18.3093 -68.4223 0.2
    endloop
  endfacet
  facet normal -0.78974 0.0413313 0.612048
    outer loop
      vertex -16.75 -68.6 2.2
      vertex -18.3 -68.6 0.2
      vertex -18.3093 -68.7777 0.2
    endloop
  endfacet
  facet normal -0.781093 0.123673 0.612045
    outer loop
      vertex -16.821 -69.2757 2.2
      vertex -16.7678 -68.9397 2.2
      vertex -18.3093 -68.7777 0.2
    endloop
  endfacet
  facet normal -0.704543 0.359161 0.612064
    outer loop
      vertex -17.1854 -70.225 2.2
      vertex -18.447 -69.2915 0.2
      vertex -18.5278 -69.45 0.2
    endloop
  endfacet
  facet normal -0.123952 0.781031 0.612068
    outer loop
      vertex -19.3243 -71.779 2.2
      vertex -19.6465 -70.2628 0.2
      vertex -19.8223 -70.2907 0.2
    endloop
  endfacet
  facet normal 0.430734 -0.663214 0.612059
    outer loop
      vertex -20.9992 -67.2247 0.2
      vertex -20.85 -67.1278 0.2
      vertex -21.625 -65.7854 2.2
    endloop
  endfacet
  facet normal -0.663214 0.430734 0.612059
    outer loop
      vertex -17.1854 -70.225 2.2
      vertex -18.5278 -69.45 0.2
      vertex -18.6247 -69.5992 0.2
    endloop
  endfacet
  facet normal -0.614563 0.497694 0.612056
    outer loop
      vertex -17.3707 -70.5103 2.2
      vertex -18.6247 -69.5992 0.2
      vertex -18.7367 -69.7375 0.2
    endloop
  endfacet
  facet normal -0.283375 -0.73831 0.612043
    outer loop
      vertex -18.6781 -65.631 2.2
      vertex -18.9957 -65.5091 2.2
      vertex -19.3085 -67.047 0.2
    endloop
  endfacet
  facet normal 0.283414 -0.738298 0.61204
    outer loop
      vertex -20.6915 -67.047 0.2
      vertex -20.5253 -66.9832 0.2
      vertex -21.0043 -65.5091 2.2
    endloop
  endfacet
  facet normal -0.663206 0.430747 0.612057
    outer loop
      vertex -17.3707 -70.5103 2.2
      vertex -17.1854 -70.225 2.2
      vertex -18.6247 -69.5992 0.2
    endloop
  endfacet
  facet normal -0.663214 -0.430734 0.612059
    outer loop
      vertex -18.5278 -67.75 0.2
      vertex -17.1854 -66.975 2.2
      vertex -18.6247 -67.6008 0.2
    endloop
  endfacet
  facet normal 0.20479 0.763837 0.612057
    outer loop
      vertex -20.6757 -71.779 2.2
      vertex -20.3535 -70.2628 0.2
      vertex -21.0043 -71.6909 2.2
    endloop
  endfacet
  facet normal -0.704663 0.358957 0.612045
    outer loop
      vertex -17.1854 -70.225 2.2
      vertex -17.031 -69.9219 2.2
      vertex -18.447 -69.2915 0.2
    endloop
  endfacet
  facet normal -0.358957 0.704663 0.612045
    outer loop
      vertex -18.6781 -71.569 2.2
      vertex -18.375 -71.4146 2.2
      vertex -19.3085 -70.153 0.2
    endloop
  endfacet
  facet normal 0.204542 0.763921 0.612036
    outer loop
      vertex -20.3535 -70.2628 0.2
      vertex -20.5253 -70.2168 0.2
      vertex -21.0043 -71.6909 2.2
    endloop
  endfacet
  facet normal 0.663206 -0.430747 0.612057
    outer loop
      vertex -21.3753 -67.6008 0.2
      vertex -22.6293 -66.6897 2.2
      vertex -22.8146 -66.975 2.2
    endloop
  endfacet
  facet normal -0.0413817 -0.78974 0.612044
    outer loop
      vertex -19.8223 -66.9093 0.2
      vertex -19.6603 -65.3678 2.2
      vertex -20 -65.35 2.2
    endloop
  endfacet
  facet normal -0.497694 0.614563 0.612056
    outer loop
      vertex -18.0897 -71.2293 2.2
      vertex -18.8625 -69.8633 0.2
      vertex -19.0008 -69.9753 0.2
    endloop
  endfacet
  facet normal 0.704663 0.358957 0.612045
    outer loop
      vertex -22.8146 -70.225 2.2
      vertex -21.553 -69.2915 0.2
      vertex -22.969 -69.9219 2.2
    endloop
  endfacet
  facet normal 0.704543 -0.359161 0.612064
    outer loop
      vertex -21.553 -67.9085 0.2
      vertex -21.4722 -67.75 0.2
      vertex -22.8146 -66.975 2.2
    endloop
  endfacet
  facet normal -0.738298 0.283414 0.61204
    outer loop
      vertex -16.9091 -69.6043 2.2
      vertex -18.3832 -69.1253 0.2
      vertex -18.447 -69.2915 0.2
    endloop
  endfacet
  facet normal -0.283375 0.73831 0.612043
    outer loop
      vertex -18.9957 -71.6909 2.2
      vertex -18.6781 -71.569 2.2
      vertex -19.3085 -70.153 0.2
    endloop
  endfacet
  facet normal -0.738298 -0.283414 0.61204
    outer loop
      vertex -18.3832 -68.0747 0.2
      vertex -16.9091 -67.5957 2.2
      vertex -18.447 -67.9085 0.2
    endloop
  endfacet
  facet normal -0.781031 0.123952 0.612068
    outer loop
      vertex -16.821 -69.2757 2.2
      vertex -18.3093 -68.7777 0.2
      vertex -18.3372 -68.9535 0.2
    endloop
  endfacet
  facet normal -0.763833 -0.204789 0.612063
    outer loop
      vertex -16.821 -67.9243 2.2
      vertex -16.9091 -67.5957 2.2
      vertex -18.3372 -68.2466 0.2
    endloop
  endfacet
  facet normal -0.781015 -0.12402 0.612074
    outer loop
      vertex -18.3093 -68.4223 0.2
      vertex -16.821 -67.9243 2.2
      vertex -18.3372 -68.2466 0.2
    endloop
  endfacet
  facet normal 0.78974 0.0413313 0.612048
    outer loop
      vertex -21.6907 -68.7777 0.2
      vertex -21.7 -68.6 0.2
      vertex -23.25 -68.6 2.2
    endloop
  endfacet
  facet normal 0.78974 0.0413817 0.612044
    outer loop
      vertex -23.2322 -68.9397 2.2
      vertex -21.6907 -68.7777 0.2
      vertex -23.25 -68.6 2.2
    endloop
  endfacet
  facet normal 0.358957 0.704663 0.612045
    outer loop
      vertex -21.3219 -71.569 2.2
      vertex -20.6915 -70.153 0.2
      vertex -21.625 -71.4146 2.2
    endloop
  endfacet
  facet normal 0.358957 -0.704663 0.612045
    outer loop
      vertex -20.6915 -67.047 0.2
      vertex -21.3219 -65.631 2.2
      vertex -21.625 -65.7854 2.2
    endloop
  endfacet
  facet normal 0.614563 0.497694 0.612056
    outer loop
      vertex -21.2633 -69.7375 0.2
      vertex -21.3753 -69.5992 0.2
      vertex -22.6293 -70.5103 2.2
    endloop
  endfacet
  facet normal 0.704663 -0.358957 0.612045
    outer loop
      vertex -21.553 -67.9085 0.2
      vertex -22.8146 -66.975 2.2
      vertex -22.969 -67.2781 2.2
    endloop
  endfacet
  facet normal -0.204542 0.763921 0.612036
    outer loop
      vertex -18.9957 -71.6909 2.2
      vertex -19.4747 -70.2168 0.2
      vertex -19.6465 -70.2628 0.2
    endloop
  endfacet
  facet normal 0.763953 -0.204432 0.612033
    outer loop
      vertex -21.6628 -68.2466 0.2
      vertex -21.6168 -68.0747 0.2
      vertex -23.0909 -67.5957 2.2
    endloop
  endfacet
  facet normal -0.283414 -0.738298 0.61204
    outer loop
      vertex -19.3085 -67.047 0.2
      vertex -18.9957 -65.5091 2.2
      vertex -19.4747 -66.9832 0.2
    endloop
  endfacet
  facet normal 0.78974 -0.0413313 0.612048
    outer loop
      vertex -21.7 -68.6 0.2
      vertex -21.6907 -68.4223 0.2
      vertex -23.25 -68.6 2.2
    endloop
  endfacet
  facet normal 0.78974 -0.0413817 0.612044
    outer loop
      vertex -21.6907 -68.4223 0.2
      vertex -23.2322 -68.2603 2.2
      vertex -23.25 -68.6 2.2
    endloop
  endfacet
  facet normal -0.73831 -0.283375 0.612043
    outer loop
      vertex -16.9091 -67.5957 2.2
      vertex -17.031 -67.2781 2.2
      vertex -18.447 -67.9085 0.2
    endloop
  endfacet
  facet normal 0.497694 -0.614563 0.612056
    outer loop
      vertex -21.1375 -67.3367 0.2
      vertex -20.9992 -67.2247 0.2
      vertex -21.9103 -65.9707 2.2
    endloop
  endfacet
  facet normal 0.123952 0.781031 0.612068
    outer loop
      vertex -20.1777 -70.2907 0.2
      vertex -20.3535 -70.2628 0.2
      vertex -20.6757 -71.779 2.2
    endloop
  endfacet
  facet normal 0.359161 -0.704543 0.612064
    outer loop
      vertex -20.85 -67.1278 0.2
      vertex -20.6915 -67.047 0.2
      vertex -21.625 -65.7854 2.2
    endloop
  endfacet
  facet normal -0.0413313 -0.78974 0.612048
    outer loop
      vertex -19.8223 -66.9093 0.2
      vertex -20 -65.35 2.2
      vertex -20 -66.9 0.2
    endloop
  endfacet
  facet normal -0.20479 0.763837 0.612057
    outer loop
      vertex -19.3243 -71.779 2.2
      vertex -18.9957 -71.6909 2.2
      vertex -19.6465 -70.2628 0.2
    endloop
  endfacet
  facet normal 0.738298 0.283414 0.61204
    outer loop
      vertex -21.553 -69.2915 0.2
      vertex -21.6168 -69.1253 0.2
      vertex -23.0909 -69.6043 2.2
    endloop
  endfacet
  facet normal 0.123523 -0.781126 0.612032
    outer loop
      vertex -20.3535 -66.9371 0.2
      vertex -20.1777 -66.9093 0.2
      vertex -20.6757 -65.421 2.2
    endloop
  endfacet
  facet normal -0.430734 0.663214 0.612059
    outer loop
      vertex -18.375 -71.4146 2.2
      vertex -19.0008 -69.9753 0.2
      vertex -19.15 -70.0722 0.2
    endloop
  endfacet
  facet normal 0.204955 -0.763801 0.612047
    outer loop
      vertex -20.5253 -66.9832 0.2
      vertex -20.3535 -66.9371 0.2
      vertex -21.0043 -65.5091 2.2
    endloop
  endfacet
  facet normal -0.497694 -0.614563 0.612056
    outer loop
      vertex -18.8625 -67.3367 0.2
      vertex -18.0897 -65.9707 2.2
      vertex -19.0008 -67.2247 0.2
    endloop
  endfacet
  facet normal -0.614563 -0.497694 0.612056
    outer loop
      vertex -18.6247 -67.6008 0.2
      vertex -17.3707 -66.6897 2.2
      vertex -18.7367 -67.4625 0.2
    endloop
  endfacet
  facet normal -0.559188 0.559188 0.61206
    outer loop
      vertex -18.7367 -69.7375 0.2
      vertex -17.8253 -71.0152 2.2
      vertex -17.5848 -70.7747 2.2
    endloop
  endfacet
  facet normal -0.559188 0.559188 0.61206
    outer loop
      vertex -17.8253 -71.0152 2.2
      vertex -18.7367 -69.7375 0.2
      vertex -18.8625 -69.8633 0.2
    endloop
  endfacet
  facet normal -0.614584 0.497665 0.612059
    outer loop
      vertex -17.5848 -70.7747 2.2
      vertex -17.3707 -70.5103 2.2
      vertex -18.7367 -69.7375 0.2
    endloop
  endfacet
  facet normal 0.123673 -0.781093 0.612045
    outer loop
      vertex -20.1777 -66.9093 0.2
      vertex -20.3397 -65.3678 2.2
      vertex -20.6757 -65.421 2.2
    endloop
  endfacet
  facet normal -0.359161 -0.704543 0.612064
    outer loop
      vertex -19.15 -67.1278 0.2
      vertex -18.375 -65.7854 2.2
      vertex -19.3085 -67.047 0.2
    endloop
  endfacet
  facet normal -0.497665 -0.614584 0.612059
    outer loop
      vertex -17.8253 -66.1848 2.2
      vertex -18.0897 -65.9707 2.2
      vertex -18.8625 -67.3367 0.2
    endloop
  endfacet
  facet normal 0.283375 0.73831 0.612043
    outer loop
      vertex -21.0043 -71.6909 2.2
      vertex -20.6915 -70.153 0.2
      vertex -21.3219 -71.569 2.2
    endloop
  endfacet
  facet normal 0.430747 0.663206 0.612057
    outer loop
      vertex -21.625 -71.4146 2.2
      vertex -20.9992 -69.9753 0.2
      vertex -21.9103 -71.2293 2.2
    endloop
  endfacet
  facet normal -0.614584 -0.497665 0.612059
    outer loop
      vertex -17.3707 -66.6897 2.2
      vertex -17.5848 -66.4253 2.2
      vertex -18.7367 -67.4625 0.2
    endloop
  endfacet
  facet normal -0.559188 -0.559188 0.61206
    outer loop
      vertex -17.8253 -66.1848 2.2
      vertex -18.7367 -67.4625 0.2
      vertex -17.5848 -66.4253 2.2
    endloop
  endfacet
  facet normal -0.559188 -0.559188 0.61206
    outer loop
      vertex -18.7367 -67.4625 0.2
      vertex -17.8253 -66.1848 2.2
      vertex -18.8625 -67.3367 0.2
    endloop
  endfacet
  facet normal 0.781093 0.123673 0.612045
    outer loop
      vertex -23.179 -69.2757 2.2
      vertex -21.6907 -68.7777 0.2
      vertex -23.2322 -68.9397 2.2
    endloop
  endfacet
  facet normal 0.763921 0.204542 0.612036
    outer loop
      vertex -21.6168 -69.1253 0.2
      vertex -21.6628 -68.9535 0.2
      vertex -23.0909 -69.6043 2.2
    endloop
  endfacet
  facet normal 0 0 -1
    outer loop
      vertex -18.3 -68.6 2.2
      vertex -16.75 -68.6 2.2
      vertex -16.7678 -68.9397 2.2
    endloop
  endfacet
  facet normal 0 0 -1
    outer loop
      vertex -18.3093 -68.7777 2.2
      vertex -16.7678 -68.9397 2.2
      vertex -16.821 -69.2757 2.2
    endloop
  endfacet
  facet normal 0 0 -1
    outer loop
      vertex -16.75 -68.6 2.2
      vertex -18.3 -68.6 2.2
      vertex -16.7678 -68.2603 2.2
    endloop
  endfacet
  facet normal 0 0 -1
    outer loop
      vertex -18.3372 -68.9535 2.2
      vertex -16.821 -69.2757 2.2
      vertex -16.9091 -69.6043 2.2
    endloop
  endfacet
  facet normal 0 0 -1
    outer loop
      vertex -18.3093 -68.4223 2.2
      vertex -16.7678 -68.2603 2.2
      vertex -18.3 -68.6 2.2
    endloop
  endfacet
  facet normal 0 0 -1
    outer loop
      vertex -18.3832 -69.1253 2.2
      vertex -16.9091 -69.6043 2.2
      vertex -17.031 -69.9219 2.2
    endloop
  endfacet
  facet normal -0 0 -1
    outer loop
      vertex -16.7678 -68.2603 2.2
      vertex -18.3093 -68.4223 2.2
      vertex -16.821 -67.9243 2.2
    endloop
  endfacet
  facet normal 0 0 -1
    outer loop
      vertex -18.447 -69.2915 2.2
      vertex -17.031 -69.9219 2.2
      vertex -17.1854 -70.225 2.2
    endloop
  endfacet
  facet normal 0 0 -1
    outer loop
      vertex -18.3372 -68.2466 2.2
      vertex -16.821 -67.9243 2.2
      vertex -18.3093 -68.4223 2.2
    endloop
  endfacet
  facet normal 0 0 -1
    outer loop
      vertex -18.5278 -69.45 2.2
      vertex -17.1854 -70.225 2.2
      vertex -17.3707 -70.5103 2.2
    endloop
  endfacet
  facet normal -0 0 -1
    outer loop
      vertex -16.821 -67.9243 2.2
      vertex -18.3372 -68.2466 2.2
      vertex -16.9091 -67.5957 2.2
    endloop
  endfacet
  facet normal 0 0 -1
    outer loop
      vertex -18.6247 -69.5992 2.2
      vertex -17.3707 -70.5103 2.2
      vertex -17.5848 -70.7747 2.2
    endloop
  endfacet
  facet normal 0 0 -1
    outer loop
      vertex -18.3832 -68.0747 2.2
      vertex -16.9091 -67.5957 2.2
      vertex -18.3372 -68.2466 2.2
    endloop
  endfacet
  facet normal 0 0 -1
    outer loop
      vertex -18.7367 -69.7375 2.2
      vertex -17.5848 -70.7747 2.2
      vertex -17.8253 -71.0152 2.2
    endloop
  endfacet
  facet normal -0 0 -1
    outer loop
      vertex -16.9091 -67.5957 2.2
      vertex -18.3832 -68.0747 2.2
      vertex -17.031 -67.2781 2.2
    endloop
  endfacet
  facet normal 0 0 -1
    outer loop
      vertex -18.8625 -69.8633 2.2
      vertex -17.8253 -71.0152 2.2
      vertex -18.0897 -71.2293 2.2
    endloop
  endfacet
  facet normal 0 0 -1
    outer loop
      vertex -18.447 -67.9085 2.2
      vertex -17.031 -67.2781 2.2
      vertex -18.3832 -68.0747 2.2
    endloop
  endfacet
  facet normal -0 0 -1
    outer loop
      vertex -17.031 -67.2781 2.2
      vertex -18.447 -67.9085 2.2
      vertex -17.1854 -66.975 2.2
    endloop
  endfacet
  facet normal 0 0 -1
    outer loop
      vertex -16.7678 -68.9397 2.2
      vertex -18.3093 -68.7777 2.2
      vertex -18.3 -68.6 2.2
    endloop
  endfacet
  facet normal 0 0 -1
    outer loop
      vertex -16.821 -69.2757 2.2
      vertex -18.3372 -68.9535 2.2
      vertex -18.3093 -68.7777 2.2
    endloop
  endfacet
  facet normal 0 0 -1
    outer loop
      vertex -19.0008 -69.9753 2.2
      vertex -18.0897 -71.2293 2.2
      vertex -18.375 -71.4146 2.2
    endloop
  endfacet
  facet normal 0 0 -1
    outer loop
      vertex -16.9091 -69.6043 2.2
      vertex -18.3832 -69.1253 2.2
      vertex -18.3372 -68.9535 2.2
    endloop
  endfacet
  facet normal 0 0 -1
    outer loop
      vertex -17.031 -69.9219 2.2
      vertex -18.447 -69.2915 2.2
      vertex -18.3832 -69.1253 2.2
    endloop
  endfacet
  facet normal 0 0 -1
    outer loop
      vertex -17.1854 -70.225 2.2
      vertex -18.5278 -69.45 2.2
      vertex -18.447 -69.2915 2.2
    endloop
  endfacet
  facet normal 0 0 -1
    outer loop
      vertex -17.3707 -70.5103 2.2
      vertex -18.6247 -69.5992 2.2
      vertex -18.5278 -69.45 2.2
    endloop
  endfacet
  facet normal 0 0 -1
    outer loop
      vertex -19.15 -70.0722 2.2
      vertex -18.375 -71.4146 2.2
      vertex -18.6781 -71.569 2.2
    endloop
  endfacet
  facet normal 0 0 -1
    outer loop
      vertex -17.5848 -70.7747 2.2
      vertex -18.7367 -69.7375 2.2
      vertex -18.6247 -69.5992 2.2
    endloop
  endfacet
  facet normal 0 0 -1
    outer loop
      vertex -17.8253 -71.0152 2.2
      vertex -18.8625 -69.8633 2.2
      vertex -18.7367 -69.7375 2.2
    endloop
  endfacet
  facet normal 0 0 -1
    outer loop
      vertex -19.3085 -70.153 2.2
      vertex -18.6781 -71.569 2.2
      vertex -18.9957 -71.6909 2.2
    endloop
  endfacet
  facet normal 0 0 -1
    outer loop
      vertex -18.0897 -71.2293 2.2
      vertex -19.0008 -69.9753 2.2
      vertex -18.8625 -69.8633 2.2
    endloop
  endfacet
  facet normal 0 0 -1
    outer loop
      vertex -18.375 -71.4146 2.2
      vertex -19.15 -70.0722 2.2
      vertex -19.0008 -69.9753 2.2
    endloop
  endfacet
  facet normal 0 0 -1
    outer loop
      vertex -18.6781 -71.569 2.2
      vertex -19.3085 -70.153 2.2
      vertex -19.15 -70.0722 2.2
    endloop
  endfacet
  facet normal 0 0 -1
    outer loop
      vertex -19.4747 -70.2168 2.2
      vertex -18.9957 -71.6909 2.2
      vertex -19.3243 -71.779 2.2
    endloop
  endfacet
  facet normal 0 0 -1
    outer loop
      vertex -18.9957 -71.6909 2.2
      vertex -19.4747 -70.2168 2.2
      vertex -19.3085 -70.153 2.2
    endloop
  endfacet
  facet normal 0 0 -1
    outer loop
      vertex -19.3243 -71.779 2.2
      vertex -19.6465 -70.2628 2.2
      vertex -19.4747 -70.2168 2.2
    endloop
  endfacet
  facet normal 0 0 -1
    outer loop
      vertex -19.6603 -71.8322 2.2
      vertex -19.6465 -70.2628 2.2
      vertex -19.3243 -71.779 2.2
    endloop
  endfacet
  facet normal 0 0 -1
    outer loop
      vertex -19.6603 -71.8322 2.2
      vertex -19.8223 -70.2907 2.2
      vertex -19.6465 -70.2628 2.2
    endloop
  endfacet
  facet normal 0 0 -1
    outer loop
      vertex -20 -71.85 2.2
      vertex -19.8223 -70.2907 2.2
      vertex -19.6603 -71.8322 2.2
    endloop
  endfacet
  facet normal 0 0 -1
    outer loop
      vertex -20 -71.85 2.2
      vertex -20 -70.3 2.2
      vertex -19.8223 -70.2907 2.2
    endloop
  endfacet
  facet normal 0 0 -1
    outer loop
      vertex -20 -71.85 2.2
      vertex -20.1777 -70.2907 2.2
      vertex -20 -70.3 2.2
    endloop
  endfacet
  facet normal 0 0 -1
    outer loop
      vertex -20.3397 -71.8322 2.2
      vertex -20.1777 -70.2907 2.2
      vertex -20 -71.85 2.2
    endloop
  endfacet
  facet normal 0 0 -1
    outer loop
      vertex -20.3397 -71.8322 2.2
      vertex -20.3535 -70.2628 2.2
      vertex -20.1777 -70.2907 2.2
    endloop
  endfacet
  facet normal 0 0 -1
    outer loop
      vertex -20.6757 -71.779 2.2
      vertex -20.3535 -70.2628 2.2
      vertex -20.3397 -71.8322 2.2
    endloop
  endfacet
  facet normal -0 0 -1
    outer loop
      vertex -20.3535 -70.2628 2.2
      vertex -20.6757 -71.779 2.2
      vertex -20.5253 -70.2168 2.2
    endloop
  endfacet
  facet normal 0 0 -1
    outer loop
      vertex -21.0043 -71.6909 2.2
      vertex -20.5253 -70.2168 2.2
      vertex -20.6757 -71.779 2.2
    endloop
  endfacet
  facet normal -0 0 -1
    outer loop
      vertex -20.5253 -70.2168 2.2
      vertex -21.0043 -71.6909 2.2
      vertex -20.6915 -70.153 2.2
    endloop
  endfacet
  facet normal 0 0 -1
    outer loop
      vertex -21.3219 -71.569 2.2
      vertex -20.6915 -70.153 2.2
      vertex -21.0043 -71.6909 2.2
    endloop
  endfacet
  facet normal -0 0 -1
    outer loop
      vertex -20.6915 -70.153 2.2
      vertex -21.3219 -71.569 2.2
      vertex -20.85 -70.0722 2.2
    endloop
  endfacet
  facet normal 0 0 -1
    outer loop
      vertex -21.625 -71.4146 2.2
      vertex -20.85 -70.0722 2.2
      vertex -21.3219 -71.569 2.2
    endloop
  endfacet
  facet normal -0 0 -1
    outer loop
      vertex -20.85 -70.0722 2.2
      vertex -21.625 -71.4146 2.2
      vertex -20.9992 -69.9753 2.2
    endloop
  endfacet
  facet normal 0 0 -1
    outer loop
      vertex -21.9103 -71.2293 2.2
      vertex -20.9992 -69.9753 2.2
      vertex -21.625 -71.4146 2.2
    endloop
  endfacet
  facet normal -0 0 -1
    outer loop
      vertex -20.9992 -69.9753 2.2
      vertex -21.9103 -71.2293 2.2
      vertex -21.1375 -69.8633 2.2
    endloop
  endfacet
  facet normal 0 0 -1
    outer loop
      vertex -22.1747 -71.0152 2.2
      vertex -21.1375 -69.8633 2.2
      vertex -21.9103 -71.2293 2.2
    endloop
  endfacet
  facet normal -0 0 -1
    outer loop
      vertex -21.1375 -69.8633 2.2
      vertex -22.1747 -71.0152 2.2
      vertex -21.2633 -69.7375 2.2
    endloop
  endfacet
  facet normal 0 0 -1
    outer loop
      vertex -22.4152 -70.7747 2.2
      vertex -21.2633 -69.7375 2.2
      vertex -22.1747 -71.0152 2.2
    endloop
  endfacet
  facet normal -0 0 -1
    outer loop
      vertex -21.2633 -69.7375 2.2
      vertex -22.4152 -70.7747 2.2
      vertex -21.3753 -69.5992 2.2
    endloop
  endfacet
  facet normal 0 0 -1
    outer loop
      vertex -22.6293 -70.5103 2.2
      vertex -21.3753 -69.5992 2.2
      vertex -22.4152 -70.7747 2.2
    endloop
  endfacet
  facet normal -0 0 -1
    outer loop
      vertex -21.3753 -69.5992 2.2
      vertex -22.6293 -70.5103 2.2
      vertex -21.4722 -69.45 2.2
    endloop
  endfacet
  facet normal 0 0 -1
    outer loop
      vertex -22.8146 -70.225 2.2
      vertex -21.4722 -69.45 2.2
      vertex -22.6293 -70.5103 2.2
    endloop
  endfacet
  facet normal -0 0 -1
    outer loop
      vertex -21.4722 -69.45 2.2
      vertex -22.8146 -70.225 2.2
      vertex -21.553 -69.2915 2.2
    endloop
  endfacet
  facet normal 0 0 -1
    outer loop
      vertex -18.5278 -67.75 2.2
      vertex -17.1854 -66.975 2.2
      vertex -18.447 -67.9085 2.2
    endloop
  endfacet
  facet normal -0 0 -1
    outer loop
      vertex -17.1854 -66.975 2.2
      vertex -18.5278 -67.75 2.2
      vertex -17.3707 -66.6897 2.2
    endloop
  endfacet
  facet normal 0 0 -1
    outer loop
      vertex -18.6247 -67.6008 2.2
      vertex -17.3707 -66.6897 2.2
      vertex -18.5278 -67.75 2.2
    endloop
  endfacet
  facet normal -0 0 -1
    outer loop
      vertex -17.3707 -66.6897 2.2
      vertex -18.6247 -67.6008 2.2
      vertex -17.5848 -66.4253 2.2
    endloop
  endfacet
  facet normal 0 0 -1
    outer loop
      vertex -18.7367 -67.4625 2.2
      vertex -17.5848 -66.4253 2.2
      vertex -18.6247 -67.6008 2.2
    endloop
  endfacet
  facet normal -0 0 -1
    outer loop
      vertex -17.5848 -66.4253 2.2
      vertex -18.7367 -67.4625 2.2
      vertex -17.8253 -66.1848 2.2
    endloop
  endfacet
  facet normal 0 0 -1
    outer loop
      vertex -18.8625 -67.3367 2.2
      vertex -17.8253 -66.1848 2.2
      vertex -18.7367 -67.4625 2.2
    endloop
  endfacet
  facet normal -0 0 -1
    outer loop
      vertex -17.8253 -66.1848 2.2
      vertex -18.8625 -67.3367 2.2
      vertex -18.0897 -65.9707 2.2
    endloop
  endfacet
  facet normal 0 0 -1
    outer loop
      vertex -19.0008 -67.2247 2.2
      vertex -18.0897 -65.9707 2.2
      vertex -18.8625 -67.3367 2.2
    endloop
  endfacet
  facet normal -0 0 -1
    outer loop
      vertex -18.0897 -65.9707 2.2
      vertex -19.0008 -67.2247 2.2
      vertex -18.375 -65.7854 2.2
    endloop
  endfacet
  facet normal 0 0 -1
    outer loop
      vertex -19.15 -67.1278 2.2
      vertex -18.375 -65.7854 2.2
      vertex -19.0008 -67.2247 2.2
    endloop
  endfacet
  facet normal -0 0 -1
    outer loop
      vertex -18.375 -65.7854 2.2
      vertex -19.15 -67.1278 2.2
      vertex -18.6781 -65.631 2.2
    endloop
  endfacet
  facet normal 0 0 -1
    outer loop
      vertex -19.3085 -67.047 2.2
      vertex -18.6781 -65.631 2.2
      vertex -19.15 -67.1278 2.2
    endloop
  endfacet
  facet normal -0 0 -1
    outer loop
      vertex -18.6781 -65.631 2.2
      vertex -19.3085 -67.047 2.2
      vertex -18.9957 -65.5091 2.2
    endloop
  endfacet
  facet normal 0 0 -1
    outer loop
      vertex -19.4747 -66.9832 2.2
      vertex -18.9957 -65.5091 2.2
      vertex -19.3085 -67.047 2.2
    endloop
  endfacet
  facet normal -0 0 -1
    outer loop
      vertex -18.9957 -65.5091 2.2
      vertex -19.4747 -66.9832 2.2
      vertex -19.3243 -65.421 2.2
    endloop
  endfacet
  facet normal 0 0 -1
    outer loop
      vertex -19.6465 -66.9371 2.2
      vertex -19.3243 -65.421 2.2
      vertex -19.4747 -66.9832 2.2
    endloop
  endfacet
  facet normal 0 0 -1
    outer loop
      vertex -19.6465 -66.9371 2.2
      vertex -19.6603 -65.3678 2.2
      vertex -19.3243 -65.421 2.2
    endloop
  endfacet
  facet normal 0 0 -1
    outer loop
      vertex -19.8223 -66.9093 2.2
      vertex -19.6603 -65.3678 2.2
      vertex -19.6465 -66.9371 2.2
    endloop
  endfacet
  facet normal 0 0 -1
    outer loop
      vertex -20 -66.9 2.2
      vertex -19.6603 -65.3678 2.2
      vertex -19.8223 -66.9093 2.2
    endloop
  endfacet
  facet normal 0 0 -1
    outer loop
      vertex -20 -66.9 2.2
      vertex -20 -65.35 2.2
      vertex -19.6603 -65.3678 2.2
    endloop
  endfacet
  facet normal 0 0 -1
    outer loop
      vertex -20.1777 -66.9093 2.2
      vertex -20 -65.35 2.2
      vertex -20 -66.9 2.2
    endloop
  endfacet
  facet normal 0 0 -1
    outer loop
      vertex -20.1777 -66.9093 2.2
      vertex -20.3397 -65.3678 2.2
      vertex -20 -65.35 2.2
    endloop
  endfacet
  facet normal 0 0 -1
    outer loop
      vertex -20.3535 -66.9371 2.2
      vertex -20.3397 -65.3678 2.2
      vertex -20.1777 -66.9093 2.2
    endloop
  endfacet
  facet normal 0 0 -1
    outer loop
      vertex -20.6757 -65.421 2.2
      vertex -20.3535 -66.9371 2.2
      vertex -20.5253 -66.9832 2.2
    endloop
  endfacet
  facet normal 0 0 -1
    outer loop
      vertex -20.3535 -66.9371 2.2
      vertex -20.6757 -65.421 2.2
      vertex -20.3397 -65.3678 2.2
    endloop
  endfacet
  facet normal 0 0 -1
    outer loop
      vertex -21.0043 -65.5091 2.2
      vertex -20.5253 -66.9832 2.2
      vertex -20.6915 -67.047 2.2
    endloop
  endfacet
  facet normal 0 0 -1
    outer loop
      vertex -21.3219 -65.631 2.2
      vertex -20.6915 -67.047 2.2
      vertex -20.85 -67.1278 2.2
    endloop
  endfacet
  facet normal 0 0 -1
    outer loop
      vertex -21.625 -65.7854 2.2
      vertex -20.85 -67.1278 2.2
      vertex -20.9992 -67.2247 2.2
    endloop
  endfacet
  facet normal 0 0 -1
    outer loop
      vertex -20.5253 -66.9832 2.2
      vertex -21.0043 -65.5091 2.2
      vertex -20.6757 -65.421 2.2
    endloop
  endfacet
  facet normal 0 0 -1
    outer loop
      vertex -21.9103 -65.9707 2.2
      vertex -20.9992 -67.2247 2.2
      vertex -21.1375 -67.3367 2.2
    endloop
  endfacet
  facet normal 0 0 -1
    outer loop
      vertex -22.1747 -66.1848 2.2
      vertex -21.1375 -67.3367 2.2
      vertex -21.2633 -67.4625 2.2
    endloop
  endfacet
  facet normal 0 0 -1
    outer loop
      vertex -20.6915 -67.047 2.2
      vertex -21.3219 -65.631 2.2
      vertex -21.0043 -65.5091 2.2
    endloop
  endfacet
  facet normal 0 0 -1
    outer loop
      vertex -22.4152 -66.4253 2.2
      vertex -21.2633 -67.4625 2.2
      vertex -21.3753 -67.6008 2.2
    endloop
  endfacet
  facet normal 0 0 -1
    outer loop
      vertex -22.6293 -66.6897 2.2
      vertex -21.3753 -67.6008 2.2
      vertex -21.4722 -67.75 2.2
    endloop
  endfacet
  facet normal 0 0 -1
    outer loop
      vertex -22.8146 -66.975 2.2
      vertex -21.4722 -67.75 2.2
      vertex -21.553 -67.9085 2.2
    endloop
  endfacet
  facet normal 0 0 -1
    outer loop
      vertex -22.969 -67.2781 2.2
      vertex -21.553 -67.9085 2.2
      vertex -21.6168 -68.0747 2.2
    endloop
  endfacet
  facet normal 0 0 -1
    outer loop
      vertex -20.85 -67.1278 2.2
      vertex -21.625 -65.7854 2.2
      vertex -21.3219 -65.631 2.2
    endloop
  endfacet
  facet normal 0 0 -1
    outer loop
      vertex -23.0909 -67.5957 2.2
      vertex -21.6168 -68.0747 2.2
      vertex -21.6628 -68.2466 2.2
    endloop
  endfacet
  facet normal 0 0 -1
    outer loop
      vertex -23.179 -67.9243 2.2
      vertex -21.6628 -68.2466 2.2
      vertex -21.6907 -68.4223 2.2
    endloop
  endfacet
  facet normal 0 0 -1
    outer loop
      vertex -23.2322 -68.2603 2.2
      vertex -21.6907 -68.4223 2.2
      vertex -21.7 -68.6 2.2
    endloop
  endfacet
  facet normal 0 0 -1
    outer loop
      vertex -22.969 -69.9219 2.2
      vertex -21.553 -69.2915 2.2
      vertex -22.8146 -70.225 2.2
    endloop
  endfacet
  facet normal 0 0 -1
    outer loop
      vertex -20.9992 -67.2247 2.2
      vertex -21.9103 -65.9707 2.2
      vertex -21.625 -65.7854 2.2
    endloop
  endfacet
  facet normal -0 0 -1
    outer loop
      vertex -21.553 -69.2915 2.2
      vertex -22.969 -69.9219 2.2
      vertex -21.6168 -69.1253 2.2
    endloop
  endfacet
  facet normal 0 0 -1
    outer loop
      vertex -21.1375 -67.3367 2.2
      vertex -22.1747 -66.1848 2.2
      vertex -21.9103 -65.9707 2.2
    endloop
  endfacet
  facet normal 0 0 -1
    outer loop
      vertex -23.0909 -69.6043 2.2
      vertex -21.6168 -69.1253 2.2
      vertex -22.969 -69.9219 2.2
    endloop
  endfacet
  facet normal 0 0 -1
    outer loop
      vertex -21.2633 -67.4625 2.2
      vertex -22.4152 -66.4253 2.2
      vertex -22.1747 -66.1848 2.2
    endloop
  endfacet
  facet normal -0 0 -1
    outer loop
      vertex -21.6168 -69.1253 2.2
      vertex -23.0909 -69.6043 2.2
      vertex -21.6628 -68.9535 2.2
    endloop
  endfacet
  facet normal 0 0 -1
    outer loop
      vertex -21.3753 -67.6008 2.2
      vertex -22.6293 -66.6897 2.2
      vertex -22.4152 -66.4253 2.2
    endloop
  endfacet
  facet normal 0 0 -1
    outer loop
      vertex -23.179 -69.2757 2.2
      vertex -21.6628 -68.9535 2.2
      vertex -23.0909 -69.6043 2.2
    endloop
  endfacet
  facet normal 0 0 -1
    outer loop
      vertex -21.4722 -67.75 2.2
      vertex -22.8146 -66.975 2.2
      vertex -22.6293 -66.6897 2.2
    endloop
  endfacet
  facet normal -0 0 -1
    outer loop
      vertex -21.6628 -68.9535 2.2
      vertex -23.179 -69.2757 2.2
      vertex -21.6907 -68.7777 2.2
    endloop
  endfacet
  facet normal 0 0 -1
    outer loop
      vertex -21.553 -67.9085 2.2
      vertex -22.969 -67.2781 2.2
      vertex -22.8146 -66.975 2.2
    endloop
  endfacet
  facet normal 0 0 -1
    outer loop
      vertex -23.2322 -68.9397 2.2
      vertex -21.6907 -68.7777 2.2
      vertex -23.179 -69.2757 2.2
    endloop
  endfacet
  facet normal 0 0 -1
    outer loop
      vertex -21.6168 -68.0747 2.2
      vertex -23.0909 -67.5957 2.2
      vertex -22.969 -67.2781 2.2
    endloop
  endfacet
  facet normal -0 0 -1
    outer loop
      vertex -21.6907 -68.7777 2.2
      vertex -23.2322 -68.9397 2.2
      vertex -21.7 -68.6 2.2
    endloop
  endfacet
  facet normal 0 0 -1
    outer loop
      vertex -21.6628 -68.2466 2.2
      vertex -23.179 -67.9243 2.2
      vertex -23.0909 -67.5957 2.2
    endloop
  endfacet
  facet normal 0 0 -1
    outer loop
      vertex -23.25 -68.6 2.2
      vertex -21.7 -68.6 2.2
      vertex -23.2322 -68.9397 2.2
    endloop
  endfacet
  facet normal 0 0 -1
    outer loop
      vertex -21.6907 -68.4223 2.2
      vertex -23.2322 -68.2603 2.2
      vertex -23.179 -67.9243 2.2
    endloop
  endfacet
  facet normal 0 0 -1
    outer loop
      vertex -21.7 -68.6 2.2
      vertex -23.25 -68.6 2.2
      vertex -23.2322 -68.2603 2.2
    endloop
  endfacet
  facet normal 0.359161 0.704543 0.612064
    outer loop
      vertex -20.6915 -70.153 0.2
      vertex -20.85 -70.0722 0.2
      vertex -21.625 -71.4146 2.2
    endloop
  endfacet
  facet normal 0.283375 -0.73831 0.612043
    outer loop
      vertex -20.6915 -67.047 0.2
      vertex -21.0043 -65.5091 2.2
      vertex -21.3219 -65.631 2.2
    endloop
  endfacet
  facet normal 0.0413313 0.78974 0.612048
    outer loop
      vertex -20 -71.85 2.2
      vertex -20 -70.3 0.2
      vertex -20.1777 -70.2907 0.2
    endloop
  endfacet
  facet normal 0.614563 -0.497694 0.612056
    outer loop
      vertex -21.3753 -67.6008 0.2
      vertex -21.2633 -67.4625 0.2
      vertex -22.6293 -66.6897 2.2
    endloop
  endfacet
  facet normal -0.430747 -0.663206 0.612057
    outer loop
      vertex -18.0897 -65.9707 2.2
      vertex -18.375 -65.7854 2.2
      vertex -19.0008 -67.2247 0.2
    endloop
  endfacet
  facet normal 0.781031 0.123952 0.612068
    outer loop
      vertex -21.6628 -68.9535 0.2
      vertex -21.6907 -68.7777 0.2
      vertex -23.179 -69.2757 2.2
    endloop
  endfacet
  facet normal 0.704543 0.359161 0.612064
    outer loop
      vertex -21.4722 -69.45 0.2
      vertex -21.553 -69.2915 0.2
      vertex -22.8146 -70.225 2.2
    endloop
  endfacet
  facet normal 0.73831 0.283375 0.612043
    outer loop
      vertex -22.969 -69.9219 2.2
      vertex -21.553 -69.2915 0.2
      vertex -23.0909 -69.6043 2.2
    endloop
  endfacet
  facet normal 0.497665 0.614584 0.612059
    outer loop
      vertex -21.9103 -71.2293 2.2
      vertex -21.1375 -69.8633 0.2
      vertex -22.1747 -71.0152 2.2
    endloop
  endfacet
  facet normal 0.763837 0.20479 0.612057
    outer loop
      vertex -23.0909 -69.6043 2.2
      vertex -21.6628 -68.9535 0.2
      vertex -23.179 -69.2757 2.2
    endloop
  endfacet
  facet normal -0.98764 -0.156741 0
    outer loop
      vertex -18.3093 -27.9223 0
      vertex -18.3372 -27.7465 0.2
      vertex -18.3372 -27.7465 0
    endloop
  endfacet
  facet normal -0.98764 -0.156741 0
    outer loop
      vertex -18.3372 -27.7465 0.2
      vertex -18.3093 -27.9223 0
      vertex -18.3093 -27.9223 0.2
    endloop
  endfacet
  facet normal -0.98764 -0.156741 0
    outer loop
      vertex -18.3093 -27.9223 2.2
      vertex -18.3372 -27.7465 2.5
      vertex -18.3372 -27.7465 2.2
    endloop
  endfacet
  facet normal -0.98764 -0.156741 0
    outer loop
      vertex -18.3372 -27.7465 2.5
      vertex -18.3093 -27.9223 2.2
      vertex -18.3093 -27.9223 2.5
    endloop
  endfacet
  facet normal -0.998633 -0.0522639 0
    outer loop
      vertex -18.3 -28.1 2.2
      vertex -18.3093 -27.9223 2.5
      vertex -18.3093 -27.9223 2.2
    endloop
  endfacet
  facet normal -0.998633 -0.0522639 0
    outer loop
      vertex -18.3093 -27.9223 2.5
      vertex -18.3 -28.1 2.2
      vertex -18.3 -28.1 2.5
    endloop
  endfacet
  facet normal -0.998633 -0.0522639 0
    outer loop
      vertex -18.3 -28.1 0
      vertex -18.3093 -27.9223 0.2
      vertex -18.3093 -27.9223 0
    endloop
  endfacet
  facet normal -0.998633 -0.0522639 0
    outer loop
      vertex -18.3093 -27.9223 0.2
      vertex -18.3 -28.1 0
      vertex -18.3 -28.1 0.2
    endloop
  endfacet
  facet normal -0.890915 -0.45417 0
    outer loop
      vertex -18.447 -27.4085 0
      vertex -18.5278 -27.25 0.2
      vertex -18.5278 -27.25 0
    endloop
  endfacet
  facet normal -0.890915 -0.45417 0
    outer loop
      vertex -18.5278 -27.25 0.2
      vertex -18.447 -27.4085 0
      vertex -18.447 -27.4085 0.2
    endloop
  endfacet
  facet normal -0.890915 -0.45417 0
    outer loop
      vertex -18.447 -27.4085 2.2
      vertex -18.5278 -27.25 2.5
      vertex -18.5278 -27.25 2.2
    endloop
  endfacet
  facet normal -0.890915 -0.45417 0
    outer loop
      vertex -18.5278 -27.25 2.5
      vertex -18.447 -27.4085 2.2
      vertex -18.447 -27.4085 2.5
    endloop
  endfacet
  facet normal -0.777127 0.629344 0
    outer loop
      vertex -18.7367 -29.2375 0
      vertex -18.6247 -29.0992 0.2
      vertex -18.6247 -29.0992 0
    endloop
  endfacet
  facet normal -0.777127 0.629344 0
    outer loop
      vertex -18.6247 -29.0992 0.2
      vertex -18.7367 -29.2375 0
      vertex -18.7367 -29.2375 0.2
    endloop
  endfacet
  facet normal -0.777127 0.629344 0
    outer loop
      vertex -18.7367 -29.2375 2.2
      vertex -18.6247 -29.0992 2.5
      vertex -18.6247 -29.0992 2.2
    endloop
  endfacet
  facet normal -0.777127 0.629344 0
    outer loop
      vertex -18.6247 -29.0992 2.5
      vertex -18.7367 -29.2375 2.2
      vertex -18.7367 -29.2375 2.5
    endloop
  endfacet
  facet normal 0.965973 -0.258642 0
    outer loop
      vertex -21.6628 -27.7465 0.2
      vertex -21.6168 -27.5747 0
      vertex -21.6168 -27.5747 0.2
    endloop
  endfacet
  facet normal 0.965973 -0.258642 0
    outer loop
      vertex -21.6168 -27.5747 0
      vertex -21.6628 -27.7465 0.2
      vertex -21.6628 -27.7465 0
    endloop
  endfacet
  facet normal 0.965973 -0.258642 0
    outer loop
      vertex -21.6628 -27.7465 2.5
      vertex -21.6168 -27.5747 2.2
      vertex -21.6168 -27.5747 2.5
    endloop
  endfacet
  facet normal 0.965973 -0.258642 0
    outer loop
      vertex -21.6168 -27.5747 2.2
      vertex -21.6628 -27.7465 2.5
      vertex -21.6628 -27.7465 2.2
    endloop
  endfacet
  facet normal -0.45417 -0.890915 0
    outer loop
      vertex -19.3085 -26.547 0
      vertex -19.15 -26.6278 0.2
      vertex -19.3085 -26.547 0.2
    endloop
  endfacet
  facet normal -0.45417 -0.890915 -0
    outer loop
      vertex -19.15 -26.6278 0.2
      vertex -19.3085 -26.547 0
      vertex -19.15 -26.6278 0
    endloop
  endfacet
  facet normal -0.45417 -0.890915 0
    outer loop
      vertex -19.3085 -26.547 2.2
      vertex -19.15 -26.6278 2.5
      vertex -19.3085 -26.547 2.5
    endloop
  endfacet
  facet normal -0.45417 -0.890915 -0
    outer loop
      vertex -19.15 -26.6278 2.5
      vertex -19.3085 -26.547 2.2
      vertex -19.15 -26.6278 2.2
    endloop
  endfacet
  facet normal 0.259167 -0.965833 0
    outer loop
      vertex -20.5253 -26.4832 2.2
      vertex -20.3535 -26.4371 2.5
      vertex -20.5253 -26.4832 2.5
    endloop
  endfacet
  facet normal 0.259167 -0.965833 0
    outer loop
      vertex -20.3535 -26.4371 2.5
      vertex -20.5253 -26.4832 2.2
      vertex -20.3535 -26.4371 2.2
    endloop
  endfacet
  facet normal 0.259167 -0.965833 0
    outer loop
      vertex -20.5253 -26.4832 0
      vertex -20.3535 -26.4371 0.2
      vertex -20.5253 -26.4832 0.2
    endloop
  endfacet
  facet normal 0.259167 -0.965833 0
    outer loop
      vertex -20.3535 -26.4371 0.2
      vertex -20.5253 -26.4832 0
      vertex -20.3535 -26.4371 0
    endloop
  endfacet
  facet normal -0.998633 0.0522639 0
    outer loop
      vertex -18.3093 -28.2777 2.2
      vertex -18.3 -28.1 2.5
      vertex -18.3 -28.1 2.2
    endloop
  endfacet
  facet normal -0.998633 0.0522639 0
    outer loop
      vertex -18.3 -28.1 2.5
      vertex -18.3093 -28.2777 2.2
      vertex -18.3093 -28.2777 2.5
    endloop
  endfacet
  facet normal -0.998633 0.0522639 0
    outer loop
      vertex -18.3093 -28.2777 0
      vertex -18.3 -28.1 0.2
      vertex -18.3 -28.1 0
    endloop
  endfacet
  facet normal -0.998633 0.0522639 0
    outer loop
      vertex -18.3 -28.1 0.2
      vertex -18.3093 -28.2777 0
      vertex -18.3093 -28.2777 0.2
    endloop
  endfacet
  facet normal 0.98764 -0.156741 0
    outer loop
      vertex -21.6907 -27.9223 0.2
      vertex -21.6628 -27.7465 0
      vertex -21.6628 -27.7465 0.2
    endloop
  endfacet
  facet normal 0.98764 -0.156741 0
    outer loop
      vertex -21.6628 -27.7465 0
      vertex -21.6907 -27.9223 0.2
      vertex -21.6907 -27.9223 0
    endloop
  endfacet
  facet normal 0.98764 -0.156741 0
    outer loop
      vertex -21.6907 -27.9223 2.5
      vertex -21.6628 -27.7465 2.2
      vertex -21.6628 -27.7465 2.5
    endloop
  endfacet
  facet normal 0.98764 -0.156741 0
    outer loop
      vertex -21.6628 -27.7465 2.2
      vertex -21.6907 -27.9223 2.5
      vertex -21.6907 -27.9223 2.2
    endloop
  endfacet
  facet normal -0.156741 0.98764 0
    outer loop
      vertex -19.6465 -29.7628 0
      vertex -19.8223 -29.7907 0.2
      vertex -19.6465 -29.7628 0.2
    endloop
  endfacet
  facet normal -0.156741 0.98764 0
    outer loop
      vertex -19.8223 -29.7907 0.2
      vertex -19.6465 -29.7628 0
      vertex -19.8223 -29.7907 0
    endloop
  endfacet
  facet normal -0.156741 0.98764 0
    outer loop
      vertex -19.6465 -29.7628 2.2
      vertex -19.8223 -29.7907 2.5
      vertex -19.6465 -29.7628 2.5
    endloop
  endfacet
  facet normal -0.156741 0.98764 0
    outer loop
      vertex -19.8223 -29.7907 2.5
      vertex -19.6465 -29.7628 2.2
      vertex -19.8223 -29.7907 2.2
    endloop
  endfacet
  facet normal -0.629344 -0.777127 0
    outer loop
      vertex -19.0008 -26.7247 0
      vertex -18.8625 -26.8367 0.2
      vertex -19.0008 -26.7247 0.2
    endloop
  endfacet
  facet normal -0.629344 -0.777127 -0
    outer loop
      vertex -18.8625 -26.8367 0.2
      vertex -19.0008 -26.7247 0
      vertex -18.8625 -26.8367 0
    endloop
  endfacet
  facet normal -0.629344 -0.777127 0
    outer loop
      vertex -19.0008 -26.7247 2.2
      vertex -18.8625 -26.8367 2.5
      vertex -19.0008 -26.7247 2.5
    endloop
  endfacet
  facet normal -0.629344 -0.777127 -0
    outer loop
      vertex -18.8625 -26.8367 2.5
      vertex -19.0008 -26.7247 2.2
      vertex -18.8625 -26.8367 2.2
    endloop
  endfacet
  facet normal 0.629344 0.777127 -0
    outer loop
      vertex -20.9992 -29.4753 2.2
      vertex -21.1375 -29.3633 2.5
      vertex -20.9992 -29.4753 2.5
    endloop
  endfacet
  facet normal 0.629344 0.777127 0
    outer loop
      vertex -21.1375 -29.3633 2.5
      vertex -20.9992 -29.4753 2.2
      vertex -21.1375 -29.3633 2.2
    endloop
  endfacet
  facet normal 0.629344 0.777127 -0
    outer loop
      vertex -20.9992 -29.4753 0
      vertex -21.1375 -29.3633 0.2
      vertex -20.9992 -29.4753 0.2
    endloop
  endfacet
  facet normal 0.629344 0.777127 0
    outer loop
      vertex -21.1375 -29.3633 0.2
      vertex -20.9992 -29.4753 0
      vertex -21.1375 -29.3633 0
    endloop
  endfacet
  facet normal -0.987626 0.156828 0
    outer loop
      vertex -18.3372 -28.4534 2.2
      vertex -18.3093 -28.2777 2.5
      vertex -18.3093 -28.2777 2.2
    endloop
  endfacet
  facet normal -0.987626 0.156828 0
    outer loop
      vertex -18.3093 -28.2777 2.5
      vertex -18.3372 -28.4534 2.2
      vertex -18.3372 -28.4534 2.5
    endloop
  endfacet
  facet normal -0.987626 0.156828 0
    outer loop
      vertex -18.3372 -28.4534 0
      vertex -18.3093 -28.2777 0.2
      vertex -18.3093 -28.2777 0
    endloop
  endfacet
  facet normal -0.987626 0.156828 0
    outer loop
      vertex -18.3093 -28.2777 0.2
      vertex -18.3372 -28.4534 0
      vertex -18.3372 -28.4534 0.2
    endloop
  endfacet
  facet normal 0.998633 0.0522639 0
    outer loop
      vertex -21.6907 -28.2777 0.2
      vertex -21.7 -28.1 0
      vertex -21.7 -28.1 0.2
    endloop
  endfacet
  facet normal 0.998633 0.0522639 0
    outer loop
      vertex -21.7 -28.1 0
      vertex -21.6907 -28.2777 0.2
      vertex -21.6907 -28.2777 0
    endloop
  endfacet
  facet normal 0.998633 0.0522639 0
    outer loop
      vertex -21.6907 -28.2777 2.5
      vertex -21.7 -28.1 2.2
      vertex -21.7 -28.1 2.5
    endloop
  endfacet
  facet normal 0.998633 0.0522639 0
    outer loop
      vertex -21.7 -28.1 2.2
      vertex -21.6907 -28.2777 2.5
      vertex -21.6907 -28.2777 2.2
    endloop
  endfacet
  facet normal -0.0522639 0.998633 0
    outer loop
      vertex -19.8223 -29.7907 0
      vertex -20 -29.8 0.2
      vertex -19.8223 -29.7907 0.2
    endloop
  endfacet
  facet normal -0.0522639 0.998633 0
    outer loop
      vertex -20 -29.8 0.2
      vertex -19.8223 -29.7907 0
      vertex -20 -29.8 0
    endloop
  endfacet
  facet normal -0.0522639 0.998633 0
    outer loop
      vertex -19.8223 -29.7907 2.2
      vertex -20 -29.8 2.5
      vertex -19.8223 -29.7907 2.5
    endloop
  endfacet
  facet normal -0.0522639 0.998633 0
    outer loop
      vertex -20 -29.8 2.5
      vertex -19.8223 -29.7907 2.2
      vertex -20 -29.8 2.2
    endloop
  endfacet
  facet normal -0.258642 0.965973 0
    outer loop
      vertex -19.4747 -29.7168 0
      vertex -19.6465 -29.7628 0.2
      vertex -19.4747 -29.7168 0.2
    endloop
  endfacet
  facet normal -0.258642 0.965973 0
    outer loop
      vertex -19.6465 -29.7628 0.2
      vertex -19.4747 -29.7168 0
      vertex -19.6465 -29.7628 0
    endloop
  endfacet
  facet normal -0.258642 0.965973 0
    outer loop
      vertex -19.4747 -29.7168 2.2
      vertex -19.6465 -29.7628 2.5
      vertex -19.4747 -29.7168 2.5
    endloop
  endfacet
  facet normal -0.258642 0.965973 0
    outer loop
      vertex -19.6465 -29.7628 2.5
      vertex -19.4747 -29.7168 2.2
      vertex -19.6465 -29.7628 2.2
    endloop
  endfacet
  facet normal 0.777127 0.629344 0
    outer loop
      vertex -21.2633 -29.2375 2.5
      vertex -21.3753 -29.0992 2.2
      vertex -21.3753 -29.0992 2.5
    endloop
  endfacet
  facet normal 0.777127 0.629344 0
    outer loop
      vertex -21.3753 -29.0992 2.2
      vertex -21.2633 -29.2375 2.5
      vertex -21.2633 -29.2375 2.2
    endloop
  endfacet
  facet normal 0.777127 0.629344 0
    outer loop
      vertex -21.2633 -29.2375 0.2
      vertex -21.3753 -29.0992 0
      vertex -21.3753 -29.0992 0.2
    endloop
  endfacet
  facet normal 0.777127 0.629344 0
    outer loop
      vertex -21.3753 -29.0992 0
      vertex -21.2633 -29.2375 0.2
      vertex -21.2633 -29.2375 0
    endloop
  endfacet
  facet normal -0.358377 0.933577 0
    outer loop
      vertex -19.3085 -29.653 2.2
      vertex -19.4747 -29.7168 2.5
      vertex -19.3085 -29.653 2.5
    endloop
  endfacet
  facet normal -0.358377 0.933577 0
    outer loop
      vertex -19.4747 -29.7168 2.5
      vertex -19.3085 -29.653 2.2
      vertex -19.4747 -29.7168 2.2
    endloop
  endfacet
  facet normal -0.358377 0.933577 0
    outer loop
      vertex -19.3085 -29.653 0
      vertex -19.4747 -29.7168 0.2
      vertex -19.3085 -29.653 0.2
    endloop
  endfacet
  facet normal -0.358377 0.933577 0
    outer loop
      vertex -19.4747 -29.7168 0.2
      vertex -19.3085 -29.653 0
      vertex -19.4747 -29.7168 0
    endloop
  endfacet
  facet normal -0.544672 -0.838649 0
    outer loop
      vertex -19.15 -26.6278 0
      vertex -19.0008 -26.7247 0.2
      vertex -19.15 -26.6278 0.2
    endloop
  endfacet
  facet normal -0.544672 -0.838649 -0
    outer loop
      vertex -19.0008 -26.7247 0.2
      vertex -19.15 -26.6278 0
      vertex -19.0008 -26.7247 0
    endloop
  endfacet
  facet normal -0.544672 -0.838649 0
    outer loop
      vertex -19.15 -26.6278 2.2
      vertex -19.0008 -26.7247 2.5
      vertex -19.15 -26.6278 2.5
    endloop
  endfacet
  facet normal -0.544672 -0.838649 -0
    outer loop
      vertex -19.0008 -26.7247 2.5
      vertex -19.15 -26.6278 2.2
      vertex -19.0008 -26.7247 2.2
    endloop
  endfacet
  facet normal 0.933577 0.358377 0
    outer loop
      vertex -21.553 -28.7915 0.2
      vertex -21.6168 -28.6253 0
      vertex -21.6168 -28.6253 0.2
    endloop
  endfacet
  facet normal 0.933577 0.358377 0
    outer loop
      vertex -21.6168 -28.6253 0
      vertex -21.553 -28.7915 0.2
      vertex -21.553 -28.7915 0
    endloop
  endfacet
  facet normal 0.933577 0.358377 0
    outer loop
      vertex -21.553 -28.7915 2.5
      vertex -21.6168 -28.6253 2.2
      vertex -21.6168 -28.6253 2.5
    endloop
  endfacet
  facet normal 0.933577 0.358377 0
    outer loop
      vertex -21.6168 -28.6253 2.2
      vertex -21.553 -28.7915 2.5
      vertex -21.553 -28.7915 2.2
    endloop
  endfacet
  facet normal -0.933577 -0.358377 0
    outer loop
      vertex -18.3832 -27.5747 2.2
      vertex -18.447 -27.4085 2.5
      vertex -18.447 -27.4085 2.2
    endloop
  endfacet
  facet normal -0.933577 -0.358377 0
    outer loop
      vertex -18.447 -27.4085 2.5
      vertex -18.3832 -27.5747 2.2
      vertex -18.3832 -27.5747 2.5
    endloop
  endfacet
  facet normal -0.933577 -0.358377 0
    outer loop
      vertex -18.3832 -27.5747 0
      vertex -18.447 -27.4085 0.2
      vertex -18.447 -27.4085 0
    endloop
  endfacet
  facet normal -0.933577 -0.358377 0
    outer loop
      vertex -18.447 -27.4085 0.2
      vertex -18.3832 -27.5747 0
      vertex -18.3832 -27.5747 0.2
    endloop
  endfacet
  facet normal 0.45417 0.890915 -0
    outer loop
      vertex -20.6915 -29.653 2.2
      vertex -20.85 -29.5722 2.5
      vertex -20.6915 -29.653 2.5
    endloop
  endfacet
  facet normal 0.45417 0.890915 0
    outer loop
      vertex -20.85 -29.5722 2.5
      vertex -20.6915 -29.653 2.2
      vertex -20.85 -29.5722 2.2
    endloop
  endfacet
  facet normal 0.45417 0.890915 -0
    outer loop
      vertex -20.6915 -29.653 0
      vertex -20.85 -29.5722 0.2
      vertex -20.6915 -29.653 0.2
    endloop
  endfacet
  facet normal 0.45417 0.890915 0
    outer loop
      vertex -20.85 -29.5722 0.2
      vertex -20.6915 -29.653 0
      vertex -20.85 -29.5722 0
    endloop
  endfacet
  facet normal 0.156193 -0.987726 0
    outer loop
      vertex -20.3535 -26.4371 2.2
      vertex -20.1777 -26.4093 2.5
      vertex -20.3535 -26.4371 2.5
    endloop
  endfacet
  facet normal 0.156193 -0.987726 0
    outer loop
      vertex -20.1777 -26.4093 2.5
      vertex -20.3535 -26.4371 2.2
      vertex -20.1777 -26.4093 2.2
    endloop
  endfacet
  facet normal 0.156193 -0.987726 0
    outer loop
      vertex -20.3535 -26.4371 0
      vertex -20.1777 -26.4093 0.2
      vertex -20.3535 -26.4371 0.2
    endloop
  endfacet
  facet normal 0.156193 -0.987726 0
    outer loop
      vertex -20.1777 -26.4093 0.2
      vertex -20.3535 -26.4371 0
      vertex -20.1777 -26.4093 0
    endloop
  endfacet
  facet normal -0.777127 -0.629344 0
    outer loop
      vertex -18.6247 -27.1008 2.2
      vertex -18.7367 -26.9625 2.5
      vertex -18.7367 -26.9625 2.2
    endloop
  endfacet
  facet normal -0.777127 -0.629344 0
    outer loop
      vertex -18.7367 -26.9625 2.5
      vertex -18.6247 -27.1008 2.2
      vertex -18.6247 -27.1008 2.5
    endloop
  endfacet
  facet normal -0.777127 -0.629344 0
    outer loop
      vertex -18.6247 -27.1008 0
      vertex -18.7367 -26.9625 0.2
      vertex -18.7367 -26.9625 0
    endloop
  endfacet
  facet normal -0.777127 -0.629344 0
    outer loop
      vertex -18.7367 -26.9625 0.2
      vertex -18.6247 -27.1008 0
      vertex -18.6247 -27.1008 0.2
    endloop
  endfacet
  facet normal 0.890915 -0.45417 0
    outer loop
      vertex -21.553 -27.4085 2.5
      vertex -21.4722 -27.25 2.2
      vertex -21.4722 -27.25 2.5
    endloop
  endfacet
  facet normal 0.890915 -0.45417 0
    outer loop
      vertex -21.4722 -27.25 2.2
      vertex -21.553 -27.4085 2.5
      vertex -21.553 -27.4085 2.2
    endloop
  endfacet
  facet normal 0.890915 -0.45417 0
    outer loop
      vertex -21.553 -27.4085 0.2
      vertex -21.4722 -27.25 0
      vertex -21.4722 -27.25 0.2
    endloop
  endfacet
  facet normal 0.890915 -0.45417 0
    outer loop
      vertex -21.4722 -27.25 0
      vertex -21.553 -27.4085 0.2
      vertex -21.553 -27.4085 0
    endloop
  endfacet
  facet normal -0.707107 -0.707107 0
    outer loop
      vertex -18.7367 -26.9625 0
      vertex -18.8625 -26.8367 0.2
      vertex -18.8625 -26.8367 0
    endloop
  endfacet
  facet normal -0.707107 -0.707107 0
    outer loop
      vertex -18.8625 -26.8367 0.2
      vertex -18.7367 -26.9625 0
      vertex -18.7367 -26.9625 0.2
    endloop
  endfacet
  facet normal -0.707107 -0.707107 0
    outer loop
      vertex -18.7367 -26.9625 2.2
      vertex -18.8625 -26.8367 2.5
      vertex -18.8625 -26.8367 2.2
    endloop
  endfacet
  facet normal -0.707107 -0.707107 0
    outer loop
      vertex -18.8625 -26.8367 2.5
      vertex -18.7367 -26.9625 2.2
      vertex -18.7367 -26.9625 2.5
    endloop
  endfacet
  facet normal -0.629344 0.777127 0
    outer loop
      vertex -18.8625 -29.3633 0
      vertex -19.0008 -29.4753 0.2
      vertex -18.8625 -29.3633 0.2
    endloop
  endfacet
  facet normal -0.629344 0.777127 0
    outer loop
      vertex -19.0008 -29.4753 0.2
      vertex -18.8625 -29.3633 0
      vertex -19.0008 -29.4753 0
    endloop
  endfacet
  facet normal -0.629344 0.777127 0
    outer loop
      vertex -18.8625 -29.3633 2.2
      vertex -19.0008 -29.4753 2.5
      vertex -18.8625 -29.3633 2.5
    endloop
  endfacet
  facet normal -0.629344 0.777127 0
    outer loop
      vertex -19.0008 -29.4753 2.5
      vertex -18.8625 -29.3633 2.2
      vertex -19.0008 -29.4753 2.2
    endloop
  endfacet
  facet normal 0.358377 -0.933577 0
    outer loop
      vertex -20.6915 -26.547 2.2
      vertex -20.5253 -26.4832 2.5
      vertex -20.6915 -26.547 2.5
    endloop
  endfacet
  facet normal 0.358377 -0.933577 0
    outer loop
      vertex -20.5253 -26.4832 2.5
      vertex -20.6915 -26.547 2.2
      vertex -20.5253 -26.4832 2.2
    endloop
  endfacet
  facet normal 0.358377 -0.933577 0
    outer loop
      vertex -20.6915 -26.547 0
      vertex -20.5253 -26.4832 0.2
      vertex -20.6915 -26.547 0.2
    endloop
  endfacet
  facet normal 0.358377 -0.933577 0
    outer loop
      vertex -20.5253 -26.4832 0.2
      vertex -20.6915 -26.547 0
      vertex -20.5253 -26.4832 0
    endloop
  endfacet
  facet normal -0.838649 -0.544672 0
    outer loop
      vertex -18.5278 -27.25 2.2
      vertex -18.6247 -27.1008 2.5
      vertex -18.6247 -27.1008 2.2
    endloop
  endfacet
  facet normal -0.838649 -0.544672 0
    outer loop
      vertex -18.6247 -27.1008 2.5
      vertex -18.5278 -27.25 2.2
      vertex -18.5278 -27.25 2.5
    endloop
  endfacet
  facet normal -0.838649 -0.544672 0
    outer loop
      vertex -18.5278 -27.25 0
      vertex -18.6247 -27.1008 0.2
      vertex -18.6247 -27.1008 0
    endloop
  endfacet
  facet normal -0.838649 -0.544672 0
    outer loop
      vertex -18.6247 -27.1008 0.2
      vertex -18.5278 -27.25 0
      vertex -18.5278 -27.25 0.2
    endloop
  endfacet
  facet normal -0.933577 0.358377 0
    outer loop
      vertex -18.447 -28.7915 2.2
      vertex -18.3832 -28.6253 2.5
      vertex -18.3832 -28.6253 2.2
    endloop
  endfacet
  facet normal -0.933577 0.358377 0
    outer loop
      vertex -18.3832 -28.6253 2.5
      vertex -18.447 -28.7915 2.2
      vertex -18.447 -28.7915 2.5
    endloop
  endfacet
  facet normal -0.933577 0.358377 0
    outer loop
      vertex -18.447 -28.7915 0
      vertex -18.3832 -28.6253 0.2
      vertex -18.3832 -28.6253 0
    endloop
  endfacet
  facet normal -0.933577 0.358377 0
    outer loop
      vertex -18.3832 -28.6253 0.2
      vertex -18.447 -28.7915 0
      vertex -18.447 -28.7915 0.2
    endloop
  endfacet
  facet normal 0.0522639 -0.998633 0
    outer loop
      vertex -20.1777 -26.4093 2.2
      vertex -20 -26.4 2.5
      vertex -20.1777 -26.4093 2.5
    endloop
  endfacet
  facet normal 0.0522639 -0.998633 0
    outer loop
      vertex -20 -26.4 2.5
      vertex -20.1777 -26.4093 2.2
      vertex -20 -26.4 2.2
    endloop
  endfacet
  facet normal 0.0522639 -0.998633 0
    outer loop
      vertex -20.1777 -26.4093 0
      vertex -20 -26.4 0.2
      vertex -20.1777 -26.4093 0.2
    endloop
  endfacet
  facet normal 0.0522639 -0.998633 0
    outer loop
      vertex -20 -26.4 0.2
      vertex -20.1777 -26.4093 0
      vertex -20 -26.4 0
    endloop
  endfacet
  facet normal -0.965973 -0.258642 0
    outer loop
      vertex -18.3372 -27.7465 0
      vertex -18.3832 -27.5747 0.2
      vertex -18.3832 -27.5747 0
    endloop
  endfacet
  facet normal -0.965973 -0.258642 0
    outer loop
      vertex -18.3832 -27.5747 0.2
      vertex -18.3372 -27.7465 0
      vertex -18.3372 -27.7465 0.2
    endloop
  endfacet
  facet normal -0.965973 -0.258642 0
    outer loop
      vertex -18.3372 -27.7465 2.2
      vertex -18.3832 -27.5747 2.5
      vertex -18.3832 -27.5747 2.2
    endloop
  endfacet
  facet normal -0.965973 -0.258642 0
    outer loop
      vertex -18.3832 -27.5747 2.5
      vertex -18.3372 -27.7465 2.2
      vertex -18.3372 -27.7465 2.5
    endloop
  endfacet
  facet normal 0.544672 0.838649 -0
    outer loop
      vertex -20.85 -29.5722 2.2
      vertex -20.9992 -29.4753 2.5
      vertex -20.85 -29.5722 2.5
    endloop
  endfacet
  facet normal 0.544672 0.838649 0
    outer loop
      vertex -20.9992 -29.4753 2.5
      vertex -20.85 -29.5722 2.2
      vertex -20.9992 -29.4753 2.2
    endloop
  endfacet
  facet normal 0.544672 0.838649 -0
    outer loop
      vertex -20.85 -29.5722 0
      vertex -20.9992 -29.4753 0.2
      vertex -20.85 -29.5722 0.2
    endloop
  endfacet
  facet normal 0.544672 0.838649 0
    outer loop
      vertex -20.9992 -29.4753 0.2
      vertex -20.85 -29.5722 0
      vertex -20.9992 -29.4753 0
    endloop
  endfacet
  facet normal 0.933577 -0.358377 0
    outer loop
      vertex -21.6168 -27.5747 2.5
      vertex -21.553 -27.4085 2.2
      vertex -21.553 -27.4085 2.5
    endloop
  endfacet
  facet normal 0.933577 -0.358377 0
    outer loop
      vertex -21.553 -27.4085 2.2
      vertex -21.6168 -27.5747 2.5
      vertex -21.6168 -27.5747 2.2
    endloop
  endfacet
  facet normal 0.933577 -0.358377 0
    outer loop
      vertex -21.6168 -27.5747 0.2
      vertex -21.553 -27.4085 0
      vertex -21.553 -27.4085 0.2
    endloop
  endfacet
  facet normal 0.933577 -0.358377 0
    outer loop
      vertex -21.553 -27.4085 0
      vertex -21.6168 -27.5747 0.2
      vertex -21.6168 -27.5747 0
    endloop
  endfacet
  facet normal 0.966011 0.258502 0
    outer loop
      vertex -21.6168 -28.6253 0.2
      vertex -21.6628 -28.4534 0
      vertex -21.6628 -28.4534 0.2
    endloop
  endfacet
  facet normal 0.966011 0.258502 0
    outer loop
      vertex -21.6628 -28.4534 0
      vertex -21.6168 -28.6253 0.2
      vertex -21.6168 -28.6253 0
    endloop
  endfacet
  facet normal 0.966011 0.258502 0
    outer loop
      vertex -21.6168 -28.6253 2.5
      vertex -21.6628 -28.4534 2.2
      vertex -21.6628 -28.4534 2.5
    endloop
  endfacet
  facet normal 0.966011 0.258502 0
    outer loop
      vertex -21.6628 -28.4534 2.2
      vertex -21.6168 -28.6253 2.5
      vertex -21.6168 -28.6253 2.2
    endloop
  endfacet
  facet normal 0.45417 -0.890915 0
    outer loop
      vertex -20.85 -26.6278 2.2
      vertex -20.6915 -26.547 2.5
      vertex -20.85 -26.6278 2.5
    endloop
  endfacet
  facet normal 0.45417 -0.890915 0
    outer loop
      vertex -20.6915 -26.547 2.5
      vertex -20.85 -26.6278 2.2
      vertex -20.6915 -26.547 2.2
    endloop
  endfacet
  facet normal 0.45417 -0.890915 0
    outer loop
      vertex -20.85 -26.6278 0
      vertex -20.6915 -26.547 0.2
      vertex -20.85 -26.6278 0.2
    endloop
  endfacet
  facet normal 0.45417 -0.890915 0
    outer loop
      vertex -20.6915 -26.547 0.2
      vertex -20.85 -26.6278 0
      vertex -20.6915 -26.547 0
    endloop
  endfacet
  facet normal 0.258642 0.965973 -0
    outer loop
      vertex -20.3535 -29.7628 2.2
      vertex -20.5253 -29.7168 2.5
      vertex -20.3535 -29.7628 2.5
    endloop
  endfacet
  facet normal 0.258642 0.965973 0
    outer loop
      vertex -20.5253 -29.7168 2.5
      vertex -20.3535 -29.7628 2.2
      vertex -20.5253 -29.7168 2.2
    endloop
  endfacet
  facet normal 0.258642 0.965973 -0
    outer loop
      vertex -20.3535 -29.7628 0
      vertex -20.5253 -29.7168 0.2
      vertex -20.3535 -29.7628 0.2
    endloop
  endfacet
  facet normal 0.258642 0.965973 0
    outer loop
      vertex -20.5253 -29.7168 0.2
      vertex -20.3535 -29.7628 0
      vertex -20.5253 -29.7168 0
    endloop
  endfacet
  facet normal 0.707107 -0.707107 0
    outer loop
      vertex -21.2633 -26.9625 2.5
      vertex -21.1375 -26.8367 2.2
      vertex -21.1375 -26.8367 2.5
    endloop
  endfacet
  facet normal 0.707107 -0.707107 0
    outer loop
      vertex -21.1375 -26.8367 2.2
      vertex -21.2633 -26.9625 2.5
      vertex -21.2633 -26.9625 2.2
    endloop
  endfacet
  facet normal 0.707107 -0.707107 0
    outer loop
      vertex -21.2633 -26.9625 0.2
      vertex -21.1375 -26.8367 0
      vertex -21.1375 -26.8367 0.2
    endloop
  endfacet
  facet normal 0.707107 -0.707107 0
    outer loop
      vertex -21.1375 -26.8367 0
      vertex -21.2633 -26.9625 0.2
      vertex -21.2633 -26.9625 0
    endloop
  endfacet
  facet normal -0.358377 -0.933577 0
    outer loop
      vertex -19.4747 -26.4832 0
      vertex -19.3085 -26.547 0.2
      vertex -19.4747 -26.4832 0.2
    endloop
  endfacet
  facet normal -0.358377 -0.933577 -0
    outer loop
      vertex -19.3085 -26.547 0.2
      vertex -19.4747 -26.4832 0
      vertex -19.3085 -26.547 0
    endloop
  endfacet
  facet normal -0.358377 -0.933577 0
    outer loop
      vertex -19.4747 -26.4832 2.2
      vertex -19.3085 -26.547 2.5
      vertex -19.4747 -26.4832 2.5
    endloop
  endfacet
  facet normal -0.358377 -0.933577 -0
    outer loop
      vertex -19.3085 -26.547 2.5
      vertex -19.4747 -26.4832 2.2
      vertex -19.3085 -26.547 2.2
    endloop
  endfacet
  facet normal -0.966011 0.258502 0
    outer loop
      vertex -18.3832 -28.6253 2.2
      vertex -18.3372 -28.4534 2.5
      vertex -18.3372 -28.4534 2.2
    endloop
  endfacet
  facet normal -0.966011 0.258502 0
    outer loop
      vertex -18.3372 -28.4534 2.5
      vertex -18.3832 -28.6253 2.2
      vertex -18.3832 -28.6253 2.5
    endloop
  endfacet
  facet normal -0.966011 0.258502 0
    outer loop
      vertex -18.3832 -28.6253 0
      vertex -18.3372 -28.4534 0.2
      vertex -18.3372 -28.4534 0
    endloop
  endfacet
  facet normal -0.966011 0.258502 0
    outer loop
      vertex -18.3372 -28.4534 0.2
      vertex -18.3832 -28.6253 0
      vertex -18.3832 -28.6253 0.2
    endloop
  endfacet
  facet normal 0.987626 0.156828 0
    outer loop
      vertex -21.6628 -28.4534 0.2
      vertex -21.6907 -28.2777 0
      vertex -21.6907 -28.2777 0.2
    endloop
  endfacet
  facet normal 0.987626 0.156828 0
    outer loop
      vertex -21.6907 -28.2777 0
      vertex -21.6628 -28.4534 0.2
      vertex -21.6628 -28.4534 0
    endloop
  endfacet
  facet normal 0.987626 0.156828 0
    outer loop
      vertex -21.6628 -28.4534 2.5
      vertex -21.6907 -28.2777 2.2
      vertex -21.6907 -28.2777 2.5
    endloop
  endfacet
  facet normal 0.987626 0.156828 0
    outer loop
      vertex -21.6907 -28.2777 2.2
      vertex -21.6628 -28.4534 2.5
      vertex -21.6628 -28.4534 2.2
    endloop
  endfacet
  facet normal -0.156193 -0.987726 0
    outer loop
      vertex -19.8223 -26.4093 2.2
      vertex -19.6465 -26.4371 2.5
      vertex -19.8223 -26.4093 2.5
    endloop
  endfacet
  facet normal -0.156193 -0.987726 -0
    outer loop
      vertex -19.6465 -26.4371 2.5
      vertex -19.8223 -26.4093 2.2
      vertex -19.6465 -26.4371 2.2
    endloop
  endfacet
  facet normal -0.156193 -0.987726 0
    outer loop
      vertex -19.8223 -26.4093 0
      vertex -19.6465 -26.4371 0.2
      vertex -19.8223 -26.4093 0.2
    endloop
  endfacet
  facet normal -0.156193 -0.987726 -0
    outer loop
      vertex -19.6465 -26.4371 0.2
      vertex -19.8223 -26.4093 0
      vertex -19.6465 -26.4371 0
    endloop
  endfacet
  facet normal 0.629344 -0.777127 0
    outer loop
      vertex -21.1375 -26.8367 2.2
      vertex -20.9992 -26.7247 2.5
      vertex -21.1375 -26.8367 2.5
    endloop
  endfacet
  facet normal 0.629344 -0.777127 0
    outer loop
      vertex -20.9992 -26.7247 2.5
      vertex -21.1375 -26.8367 2.2
      vertex -20.9992 -26.7247 2.2
    endloop
  endfacet
  facet normal 0.629344 -0.777127 0
    outer loop
      vertex -21.1375 -26.8367 0
      vertex -20.9992 -26.7247 0.2
      vertex -21.1375 -26.8367 0.2
    endloop
  endfacet
  facet normal 0.629344 -0.777127 0
    outer loop
      vertex -20.9992 -26.7247 0.2
      vertex -21.1375 -26.8367 0
      vertex -20.9992 -26.7247 0
    endloop
  endfacet
  facet normal -0.45417 0.890915 0
    outer loop
      vertex -19.15 -29.5722 2.2
      vertex -19.3085 -29.653 2.5
      vertex -19.15 -29.5722 2.5
    endloop
  endfacet
  facet normal -0.45417 0.890915 0
    outer loop
      vertex -19.3085 -29.653 2.5
      vertex -19.15 -29.5722 2.2
      vertex -19.3085 -29.653 2.2
    endloop
  endfacet
  facet normal -0.45417 0.890915 0
    outer loop
      vertex -19.15 -29.5722 0
      vertex -19.3085 -29.653 0.2
      vertex -19.15 -29.5722 0.2
    endloop
  endfacet
  facet normal -0.45417 0.890915 0
    outer loop
      vertex -19.3085 -29.653 0.2
      vertex -19.15 -29.5722 0
      vertex -19.3085 -29.653 0
    endloop
  endfacet
  facet normal 0.838649 0.544672 0
    outer loop
      vertex -21.3753 -29.0992 2.5
      vertex -21.4722 -28.95 2.2
      vertex -21.4722 -28.95 2.5
    endloop
  endfacet
  facet normal 0.838649 0.544672 0
    outer loop
      vertex -21.4722 -28.95 2.2
      vertex -21.3753 -29.0992 2.5
      vertex -21.3753 -29.0992 2.2
    endloop
  endfacet
  facet normal 0.838649 0.544672 0
    outer loop
      vertex -21.3753 -29.0992 0.2
      vertex -21.4722 -28.95 0
      vertex -21.4722 -28.95 0.2
    endloop
  endfacet
  facet normal 0.838649 0.544672 0
    outer loop
      vertex -21.4722 -28.95 0
      vertex -21.3753 -29.0992 0.2
      vertex -21.3753 -29.0992 0
    endloop
  endfacet
  facet normal -0.838649 0.544672 0
    outer loop
      vertex -18.6247 -29.0992 2.2
      vertex -18.5278 -28.95 2.5
      vertex -18.5278 -28.95 2.2
    endloop
  endfacet
  facet normal -0.838649 0.544672 0
    outer loop
      vertex -18.5278 -28.95 2.5
      vertex -18.6247 -29.0992 2.2
      vertex -18.6247 -29.0992 2.5
    endloop
  endfacet
  facet normal -0.838649 0.544672 0
    outer loop
      vertex -18.6247 -29.0992 0
      vertex -18.5278 -28.95 0.2
      vertex -18.5278 -28.95 0
    endloop
  endfacet
  facet normal -0.838649 0.544672 0
    outer loop
      vertex -18.5278 -28.95 0.2
      vertex -18.6247 -29.0992 0
      vertex -18.6247 -29.0992 0.2
    endloop
  endfacet
  facet normal -0.707107 0.707107 0
    outer loop
      vertex -18.8625 -29.3633 2.2
      vertex -18.7367 -29.2375 2.5
      vertex -18.7367 -29.2375 2.2
    endloop
  endfacet
  facet normal -0.707107 0.707107 0
    outer loop
      vertex -18.7367 -29.2375 2.5
      vertex -18.8625 -29.3633 2.2
      vertex -18.8625 -29.3633 2.5
    endloop
  endfacet
  facet normal -0.707107 0.707107 0
    outer loop
      vertex -18.8625 -29.3633 0
      vertex -18.7367 -29.2375 0.2
      vertex -18.7367 -29.2375 0
    endloop
  endfacet
  facet normal -0.707107 0.707107 0
    outer loop
      vertex -18.7367 -29.2375 0.2
      vertex -18.8625 -29.3633 0
      vertex -18.8625 -29.3633 0.2
    endloop
  endfacet
  facet normal 0.890915 0.45417 0
    outer loop
      vertex -21.4722 -28.95 0.2
      vertex -21.553 -28.7915 0
      vertex -21.553 -28.7915 0.2
    endloop
  endfacet
  facet normal 0.890915 0.45417 0
    outer loop
      vertex -21.553 -28.7915 0
      vertex -21.4722 -28.95 0.2
      vertex -21.4722 -28.95 0
    endloop
  endfacet
  facet normal 0.890915 0.45417 0
    outer loop
      vertex -21.4722 -28.95 2.5
      vertex -21.553 -28.7915 2.2
      vertex -21.553 -28.7915 2.5
    endloop
  endfacet
  facet normal 0.890915 0.45417 0
    outer loop
      vertex -21.553 -28.7915 2.2
      vertex -21.4722 -28.95 2.5
      vertex -21.4722 -28.95 2.2
    endloop
  endfacet
  facet normal 0.998633 -0.0522639 0
    outer loop
      vertex -21.7 -28.1 0.2
      vertex -21.6907 -27.9223 0
      vertex -21.6907 -27.9223 0.2
    endloop
  endfacet
  facet normal 0.998633 -0.0522639 0
    outer loop
      vertex -21.6907 -27.9223 0
      vertex -21.7 -28.1 0.2
      vertex -21.7 -28.1 0
    endloop
  endfacet
  facet normal 0.998633 -0.0522639 0
    outer loop
      vertex -21.7 -28.1 2.5
      vertex -21.6907 -27.9223 2.2
      vertex -21.6907 -27.9223 2.5
    endloop
  endfacet
  facet normal 0.998633 -0.0522639 0
    outer loop
      vertex -21.6907 -27.9223 2.2
      vertex -21.7 -28.1 2.5
      vertex -21.7 -28.1 2.2
    endloop
  endfacet
  facet normal 0.544672 -0.838649 0
    outer loop
      vertex -20.9992 -26.7247 2.2
      vertex -20.85 -26.6278 2.5
      vertex -20.9992 -26.7247 2.5
    endloop
  endfacet
  facet normal 0.544672 -0.838649 0
    outer loop
      vertex -20.85 -26.6278 2.5
      vertex -20.9992 -26.7247 2.2
      vertex -20.85 -26.6278 2.2
    endloop
  endfacet
  facet normal 0.544672 -0.838649 0
    outer loop
      vertex -20.9992 -26.7247 0
      vertex -20.85 -26.6278 0.2
      vertex -20.9992 -26.7247 0.2
    endloop
  endfacet
  facet normal 0.544672 -0.838649 0
    outer loop
      vertex -20.85 -26.6278 0.2
      vertex -20.9992 -26.7247 0
      vertex -20.85 -26.6278 0
    endloop
  endfacet
  facet normal -0.0522639 -0.998633 0
    outer loop
      vertex -20 -26.4 2.2
      vertex -19.8223 -26.4093 2.5
      vertex -20 -26.4 2.5
    endloop
  endfacet
  facet normal -0.0522639 -0.998633 -0
    outer loop
      vertex -19.8223 -26.4093 2.5
      vertex -20 -26.4 2.2
      vertex -19.8223 -26.4093 2.2
    endloop
  endfacet
  facet normal -0.0522639 -0.998633 0
    outer loop
      vertex -20 -26.4 0
      vertex -19.8223 -26.4093 0.2
      vertex -20 -26.4 0.2
    endloop
  endfacet
  facet normal -0.0522639 -0.998633 -0
    outer loop
      vertex -19.8223 -26.4093 0.2
      vertex -20 -26.4 0
      vertex -19.8223 -26.4093 0
    endloop
  endfacet
  facet normal 0.777127 -0.629344 0
    outer loop
      vertex -21.3753 -27.1008 2.5
      vertex -21.2633 -26.9625 2.2
      vertex -21.2633 -26.9625 2.5
    endloop
  endfacet
  facet normal 0.777127 -0.629344 0
    outer loop
      vertex -21.2633 -26.9625 2.2
      vertex -21.3753 -27.1008 2.5
      vertex -21.3753 -27.1008 2.2
    endloop
  endfacet
  facet normal 0.777127 -0.629344 0
    outer loop
      vertex -21.3753 -27.1008 0.2
      vertex -21.2633 -26.9625 0
      vertex -21.2633 -26.9625 0.2
    endloop
  endfacet
  facet normal 0.777127 -0.629344 0
    outer loop
      vertex -21.2633 -26.9625 0
      vertex -21.3753 -27.1008 0.2
      vertex -21.3753 -27.1008 0
    endloop
  endfacet
  facet normal -0.890915 0.45417 0
    outer loop
      vertex -18.5278 -28.95 2.2
      vertex -18.447 -28.7915 2.5
      vertex -18.447 -28.7915 2.2
    endloop
  endfacet
  facet normal -0.890915 0.45417 0
    outer loop
      vertex -18.447 -28.7915 2.5
      vertex -18.5278 -28.95 2.2
      vertex -18.5278 -28.95 2.5
    endloop
  endfacet
  facet normal -0.890915 0.45417 0
    outer loop
      vertex -18.5278 -28.95 0
      vertex -18.447 -28.7915 0.2
      vertex -18.447 -28.7915 0
    endloop
  endfacet
  facet normal -0.890915 0.45417 0
    outer loop
      vertex -18.447 -28.7915 0.2
      vertex -18.5278 -28.95 0
      vertex -18.5278 -28.95 0.2
    endloop
  endfacet
  facet normal 0.707107 0.707107 0
    outer loop
      vertex -21.1375 -29.3633 2.5
      vertex -21.2633 -29.2375 2.2
      vertex -21.2633 -29.2375 2.5
    endloop
  endfacet
  facet normal 0.707107 0.707107 0
    outer loop
      vertex -21.2633 -29.2375 2.2
      vertex -21.1375 -29.3633 2.5
      vertex -21.1375 -29.3633 2.2
    endloop
  endfacet
  facet normal 0.707107 0.707107 0
    outer loop
      vertex -21.1375 -29.3633 0.2
      vertex -21.2633 -29.2375 0
      vertex -21.2633 -29.2375 0.2
    endloop
  endfacet
  facet normal 0.707107 0.707107 0
    outer loop
      vertex -21.2633 -29.2375 0
      vertex -21.1375 -29.3633 0.2
      vertex -21.1375 -29.3633 0
    endloop
  endfacet
  facet normal -0.544672 0.838649 0
    outer loop
      vertex -19.0008 -29.4753 2.2
      vertex -19.15 -29.5722 2.5
      vertex -19.0008 -29.4753 2.5
    endloop
  endfacet
  facet normal -0.544672 0.838649 0
    outer loop
      vertex -19.15 -29.5722 2.5
      vertex -19.0008 -29.4753 2.2
      vertex -19.15 -29.5722 2.2
    endloop
  endfacet
  facet normal -0.544672 0.838649 0
    outer loop
      vertex -19.0008 -29.4753 0
      vertex -19.15 -29.5722 0.2
      vertex -19.0008 -29.4753 0.2
    endloop
  endfacet
  facet normal -0.544672 0.838649 0
    outer loop
      vertex -19.15 -29.5722 0.2
      vertex -19.0008 -29.4753 0
      vertex -19.15 -29.5722 0
    endloop
  endfacet
  facet normal 0.358377 0.933577 -0
    outer loop
      vertex -20.5253 -29.7168 0
      vertex -20.6915 -29.653 0.2
      vertex -20.5253 -29.7168 0.2
    endloop
  endfacet
  facet normal 0.358377 0.933577 0
    outer loop
      vertex -20.6915 -29.653 0.2
      vertex -20.5253 -29.7168 0
      vertex -20.6915 -29.653 0
    endloop
  endfacet
  facet normal 0.358377 0.933577 -0
    outer loop
      vertex -20.5253 -29.7168 2.2
      vertex -20.6915 -29.653 2.5
      vertex -20.5253 -29.7168 2.5
    endloop
  endfacet
  facet normal 0.358377 0.933577 0
    outer loop
      vertex -20.6915 -29.653 2.5
      vertex -20.5253 -29.7168 2.2
      vertex -20.6915 -29.653 2.2
    endloop
  endfacet
  facet normal -0.259167 -0.965833 0
    outer loop
      vertex -19.6465 -26.4371 0
      vertex -19.4747 -26.4832 0.2
      vertex -19.6465 -26.4371 0.2
    endloop
  endfacet
  facet normal -0.259167 -0.965833 -0
    outer loop
      vertex -19.4747 -26.4832 0.2
      vertex -19.6465 -26.4371 0
      vertex -19.4747 -26.4832 0
    endloop
  endfacet
  facet normal -0.259167 -0.965833 0
    outer loop
      vertex -19.6465 -26.4371 2.2
      vertex -19.4747 -26.4832 2.5
      vertex -19.6465 -26.4371 2.5
    endloop
  endfacet
  facet normal -0.259167 -0.965833 -0
    outer loop
      vertex -19.4747 -26.4832 2.5
      vertex -19.6465 -26.4371 2.2
      vertex -19.4747 -26.4832 2.2
    endloop
  endfacet
  facet normal 0.838649 -0.544672 0
    outer loop
      vertex -21.4722 -27.25 2.5
      vertex -21.3753 -27.1008 2.2
      vertex -21.3753 -27.1008 2.5
    endloop
  endfacet
  facet normal 0.838649 -0.544672 0
    outer loop
      vertex -21.3753 -27.1008 2.2
      vertex -21.4722 -27.25 2.5
      vertex -21.4722 -27.25 2.2
    endloop
  endfacet
  facet normal 0.838649 -0.544672 0
    outer loop
      vertex -21.4722 -27.25 0.2
      vertex -21.3753 -27.1008 0
      vertex -21.3753 -27.1008 0.2
    endloop
  endfacet
  facet normal 0.838649 -0.544672 0
    outer loop
      vertex -21.3753 -27.1008 0
      vertex -21.4722 -27.25 0.2
      vertex -21.4722 -27.25 0
    endloop
  endfacet
  facet normal 0.156741 0.98764 -0
    outer loop
      vertex -20.1777 -29.7907 2.2
      vertex -20.3535 -29.7628 2.5
      vertex -20.1777 -29.7907 2.5
    endloop
  endfacet
  facet normal 0.156741 0.98764 0
    outer loop
      vertex -20.3535 -29.7628 2.5
      vertex -20.1777 -29.7907 2.2
      vertex -20.3535 -29.7628 2.2
    endloop
  endfacet
  facet normal 0.156741 0.98764 -0
    outer loop
      vertex -20.1777 -29.7907 0
      vertex -20.3535 -29.7628 0.2
      vertex -20.1777 -29.7907 0.2
    endloop
  endfacet
  facet normal 0.156741 0.98764 0
    outer loop
      vertex -20.3535 -29.7628 0.2
      vertex -20.1777 -29.7907 0
      vertex -20.3535 -29.7628 0
    endloop
  endfacet
  facet normal 0.0522639 0.998633 -0
    outer loop
      vertex -20 -29.8 2.2
      vertex -20.1777 -29.7907 2.5
      vertex -20 -29.8 2.5
    endloop
  endfacet
  facet normal 0.0522639 0.998633 0
    outer loop
      vertex -20.1777 -29.7907 2.5
      vertex -20 -29.8 2.2
      vertex -20.1777 -29.7907 2.2
    endloop
  endfacet
  facet normal 0.0522639 0.998633 -0
    outer loop
      vertex -20 -29.8 0
      vertex -20.1777 -29.7907 0.2
      vertex -20 -29.8 0.2
    endloop
  endfacet
  facet normal 0.0522639 0.998633 0
    outer loop
      vertex -20.1777 -29.7907 0.2
      vertex -20 -29.8 0
      vertex -20.1777 -29.7907 0
    endloop
  endfacet
  facet normal -0.78974 -0.0413313 0.612048
    outer loop
      vertex -18.3 -28.1 0.2
      vertex -16.75 -28.1 2.2
      vertex -18.3093 -27.9223 0.2
    endloop
  endfacet
  facet normal 0.559188 0.559188 0.61206
    outer loop
      vertex -21.2633 -29.2375 0.2
      vertex -22.1747 -30.5152 2.2
      vertex -21.1375 -29.3633 0.2
    endloop
  endfacet
  facet normal 0.559188 0.559188 0.61206
    outer loop
      vertex -22.1747 -30.5152 2.2
      vertex -21.2633 -29.2375 0.2
      vertex -22.4152 -30.2747 2.2
    endloop
  endfacet
  facet normal 0.0413313 -0.78974 0.612048
    outer loop
      vertex -20 -26.4 0.2
      vertex -20 -24.85 2.2
      vertex -20.1777 -26.4093 0.2
    endloop
  endfacet
  facet normal -0.359161 0.704543 0.612064
    outer loop
      vertex -18.375 -30.9146 2.2
      vertex -19.15 -29.5722 0.2
      vertex -19.3085 -29.653 0.2
    endloop
  endfacet
  facet normal 0.614584 0.497665 0.612059
    outer loop
      vertex -22.4152 -30.2747 2.2
      vertex -21.2633 -29.2375 0.2
      vertex -22.6293 -30.0103 2.2
    endloop
  endfacet
  facet normal 0.763837 -0.20479 0.612057
    outer loop
      vertex -21.6628 -27.7465 0.2
      vertex -23.0909 -27.0957 2.2
      vertex -23.179 -27.4243 2.2
    endloop
  endfacet
  facet normal -0.283414 0.738298 0.61204
    outer loop
      vertex -18.9957 -31.1909 2.2
      vertex -19.3085 -29.653 0.2
      vertex -19.4747 -29.7168 0.2
    endloop
  endfacet
  facet normal 0.430747 -0.663206 0.612057
    outer loop
      vertex -20.9992 -26.7247 0.2
      vertex -21.625 -25.2854 2.2
      vertex -21.9103 -25.4707 2.2
    endloop
  endfacet
  facet normal 0.73831 -0.283375 0.612043
    outer loop
      vertex -21.553 -27.4085 0.2
      vertex -22.969 -26.7781 2.2
      vertex -23.0909 -27.0957 2.2
    endloop
  endfacet
  facet normal 0.781093 -0.123673 0.612045
    outer loop
      vertex -21.6907 -27.9223 0.2
      vertex -23.179 -27.4243 2.2
      vertex -23.2322 -27.7603 2.2
    endloop
  endfacet
  facet normal 0.663206 0.430747 0.612057
    outer loop
      vertex -22.6293 -30.0103 2.2
      vertex -21.3753 -29.0992 0.2
      vertex -22.8146 -29.725 2.2
    endloop
  endfacet
  facet normal 0.663214 -0.430734 0.612059
    outer loop
      vertex -21.4722 -27.25 0.2
      vertex -21.3753 -27.1008 0.2
      vertex -22.8146 -26.475 2.2
    endloop
  endfacet
  facet normal -0.204795 -0.763855 0.612033
    outer loop
      vertex -18.9957 -25.0091 2.2
      vertex -19.3243 -24.921 2.2
      vertex -19.6465 -26.4371 0.2
    endloop
  endfacet
  facet normal 0.430734 0.663214 0.612059
    outer loop
      vertex -20.85 -29.5722 0.2
      vertex -20.9992 -29.4753 0.2
      vertex -21.625 -30.9146 2.2
    endloop
  endfacet
  facet normal -0.204955 -0.763801 0.612047
    outer loop
      vertex -19.4747 -26.4832 0.2
      vertex -18.9957 -25.0091 2.2
      vertex -19.6465 -26.4371 0.2
    endloop
  endfacet
  facet normal -0.430747 0.663206 0.612057
    outer loop
      vertex -18.375 -30.9146 2.2
      vertex -18.0897 -30.7293 2.2
      vertex -19.0008 -29.4753 0.2
    endloop
  endfacet
  facet normal 0.0413817 0.78974 0.612044
    outer loop
      vertex -20 -31.35 2.2
      vertex -20.1777 -29.7907 0.2
      vertex -20.3397 -31.3322 2.2
    endloop
  endfacet
  facet normal -0.78974 0.0413817 0.612044
    outer loop
      vertex -16.7678 -28.4397 2.2
      vertex -16.75 -28.1 2.2
      vertex -18.3093 -28.2777 0.2
    endloop
  endfacet
  facet normal -0.123523 -0.781126 0.612032
    outer loop
      vertex -19.6465 -26.4371 0.2
      vertex -19.3243 -24.921 2.2
      vertex -19.8223 -26.4093 0.2
    endloop
  endfacet
  facet normal -0.123673 0.781093 0.612045
    outer loop
      vertex -19.6603 -31.3322 2.2
      vertex -19.3243 -31.279 2.2
      vertex -19.8223 -29.7907 0.2
    endloop
  endfacet
  facet normal 0.497665 -0.614584 0.612059
    outer loop
      vertex -21.1375 -26.8367 0.2
      vertex -21.9103 -25.4707 2.2
      vertex -22.1747 -25.6848 2.2
    endloop
  endfacet
  facet normal 0.204795 -0.763855 0.612033
    outer loop
      vertex -20.3535 -26.4371 0.2
      vertex -20.6757 -24.921 2.2
      vertex -21.0043 -25.0091 2.2
    endloop
  endfacet
  facet normal -0.0413817 0.78974 0.612044
    outer loop
      vertex -19.6603 -31.3322 2.2
      vertex -19.8223 -29.7907 0.2
      vertex -20 -31.35 2.2
    endloop
  endfacet
  facet normal -0.78974 -0.0413817 0.612044
    outer loop
      vertex -16.75 -28.1 2.2
      vertex -16.7678 -27.7603 2.2
      vertex -18.3093 -27.9223 0.2
    endloop
  endfacet
  facet normal -0.497665 0.614584 0.612059
    outer loop
      vertex -18.0897 -30.7293 2.2
      vertex -17.8253 -30.5152 2.2
      vertex -18.8625 -29.3633 0.2
    endloop
  endfacet
  facet normal -0.763833 0.204789 0.612063
    outer loop
      vertex -16.9091 -29.1043 2.2
      vertex -16.821 -28.7757 2.2
      vertex -18.3372 -28.4534 0.2
    endloop
  endfacet
  facet normal 0.497694 0.614563 0.612056
    outer loop
      vertex -20.9992 -29.4753 0.2
      vertex -21.1375 -29.3633 0.2
      vertex -21.9103 -30.7293 2.2
    endloop
  endfacet
  facet normal -0.430734 -0.663214 0.612059
    outer loop
      vertex -19.0008 -26.7247 0.2
      vertex -18.375 -25.2854 2.2
      vertex -19.15 -26.6278 0.2
    endloop
  endfacet
  facet normal 0.781031 -0.123952 0.612068
    outer loop
      vertex -21.6907 -27.9223 0.2
      vertex -21.6628 -27.7465 0.2
      vertex -23.179 -27.4243 2.2
    endloop
  endfacet
  facet normal 0.663214 0.430734 0.612059
    outer loop
      vertex -21.3753 -29.0992 0.2
      vertex -21.4722 -28.95 0.2
      vertex -22.8146 -29.725 2.2
    endloop
  endfacet
  facet normal -0.704663 -0.358957 0.612045
    outer loop
      vertex -17.031 -26.7781 2.2
      vertex -17.1854 -26.475 2.2
      vertex -18.447 -27.4085 0.2
    endloop
  endfacet
  facet normal 0.738298 -0.283414 0.61204
    outer loop
      vertex -21.6168 -27.5747 0.2
      vertex -21.553 -27.4085 0.2
      vertex -23.0909 -27.0957 2.2
    endloop
  endfacet
  facet normal -0.123673 -0.781093 0.612045
    outer loop
      vertex -19.3243 -24.921 2.2
      vertex -19.6603 -24.8678 2.2
      vertex -19.8223 -26.4093 0.2
    endloop
  endfacet
  facet normal 0.0413817 -0.78974 0.612044
    outer loop
      vertex -20.1777 -26.4093 0.2
      vertex -20 -24.85 2.2
      vertex -20.3397 -24.8678 2.2
    endloop
  endfacet
  facet normal -0.358957 -0.704663 0.612045
    outer loop
      vertex -18.375 -25.2854 2.2
      vertex -18.6781 -25.131 2.2
      vertex -19.3085 -26.547 0.2
    endloop
  endfacet
  facet normal 0.559188 -0.559188 0.61206
    outer loop
      vertex -22.1747 -25.6848 2.2
      vertex -21.2633 -26.9625 0.2
      vertex -21.1375 -26.8367 0.2
    endloop
  endfacet
  facet normal 0.559188 -0.559188 0.61206
    outer loop
      vertex -21.2633 -26.9625 0.2
      vertex -22.1747 -25.6848 2.2
      vertex -22.4152 -25.9253 2.2
    endloop
  endfacet
  facet normal -0.763921 -0.204542 0.612036
    outer loop
      vertex -18.3372 -27.7465 0.2
      vertex -16.9091 -27.0957 2.2
      vertex -18.3832 -27.5747 0.2
    endloop
  endfacet
  facet normal -0.0413313 0.78974 0.612048
    outer loop
      vertex -19.8223 -29.7907 0.2
      vertex -20 -29.8 0.2
      vertex -20 -31.35 2.2
    endloop
  endfacet
  facet normal 0.123673 0.781093 0.612045
    outer loop
      vertex -20.3397 -31.3322 2.2
      vertex -20.1777 -29.7907 0.2
      vertex -20.6757 -31.279 2.2
    endloop
  endfacet
  facet normal -0.663206 -0.430747 0.612057
    outer loop
      vertex -17.1854 -26.475 2.2
      vertex -17.3707 -26.1897 2.2
      vertex -18.6247 -27.1008 0.2
    endloop
  endfacet
  facet normal -0.704543 -0.359161 0.612064
    outer loop
      vertex -18.447 -27.4085 0.2
      vertex -17.1854 -26.475 2.2
      vertex -18.5278 -27.25 0.2
    endloop
  endfacet
  facet normal 0.614584 -0.497665 0.612059
    outer loop
      vertex -21.2633 -26.9625 0.2
      vertex -22.4152 -25.9253 2.2
      vertex -22.6293 -26.1897 2.2
    endloop
  endfacet
  facet normal -0.763953 0.204432 0.612033
    outer loop
      vertex -16.9091 -29.1043 2.2
      vertex -18.3372 -28.4534 0.2
      vertex -18.3832 -28.6253 0.2
    endloop
  endfacet
  facet normal 0.283414 0.738298 0.61204
    outer loop
      vertex -20.5253 -29.7168 0.2
      vertex -20.6915 -29.653 0.2
      vertex -21.0043 -31.1909 2.2
    endloop
  endfacet
  facet normal -0.73831 0.283375 0.612043
    outer loop
      vertex -17.031 -29.4219 2.2
      vertex -16.9091 -29.1043 2.2
      vertex -18.447 -28.7915 0.2
    endloop
  endfacet
  facet normal -0.781093 -0.123673 0.612045
    outer loop
      vertex -16.7678 -27.7603 2.2
      vertex -16.821 -27.4243 2.2
      vertex -18.3093 -27.9223 0.2
    endloop
  endfacet
  facet normal -0.78974 0.0413313 0.612048
    outer loop
      vertex -16.75 -28.1 2.2
      vertex -18.3 -28.1 0.2
      vertex -18.3093 -28.2777 0.2
    endloop
  endfacet
  facet normal -0.781093 0.123673 0.612045
    outer loop
      vertex -16.821 -28.7757 2.2
      vertex -16.7678 -28.4397 2.2
      vertex -18.3093 -28.2777 0.2
    endloop
  endfacet
  facet normal -0.704543 0.359161 0.612064
    outer loop
      vertex -17.1854 -29.725 2.2
      vertex -18.447 -28.7915 0.2
      vertex -18.5278 -28.95 0.2
    endloop
  endfacet
  facet normal -0.123952 0.781031 0.612068
    outer loop
      vertex -19.3243 -31.279 2.2
      vertex -19.6465 -29.7628 0.2
      vertex -19.8223 -29.7907 0.2
    endloop
  endfacet
  facet normal 0.430734 -0.663214 0.612059
    outer loop
      vertex -20.9992 -26.7247 0.2
      vertex -20.85 -26.6278 0.2
      vertex -21.625 -25.2854 2.2
    endloop
  endfacet
  facet normal -0.663214 0.430734 0.612059
    outer loop
      vertex -17.1854 -29.725 2.2
      vertex -18.5278 -28.95 0.2
      vertex -18.6247 -29.0992 0.2
    endloop
  endfacet
  facet normal -0.614563 0.497694 0.612056
    outer loop
      vertex -17.3707 -30.0103 2.2
      vertex -18.6247 -29.0992 0.2
      vertex -18.7367 -29.2375 0.2
    endloop
  endfacet
  facet normal -0.283375 -0.73831 0.612043
    outer loop
      vertex -18.6781 -25.131 2.2
      vertex -18.9957 -25.0091 2.2
      vertex -19.3085 -26.547 0.2
    endloop
  endfacet
  facet normal 0.283414 -0.738298 0.61204
    outer loop
      vertex -20.6915 -26.547 0.2
      vertex -20.5253 -26.4832 0.2
      vertex -21.0043 -25.0091 2.2
    endloop
  endfacet
  facet normal -0.663206 0.430747 0.612057
    outer loop
      vertex -17.3707 -30.0103 2.2
      vertex -17.1854 -29.725 2.2
      vertex -18.6247 -29.0992 0.2
    endloop
  endfacet
  facet normal -0.663214 -0.430734 0.612059
    outer loop
      vertex -18.5278 -27.25 0.2
      vertex -17.1854 -26.475 2.2
      vertex -18.6247 -27.1008 0.2
    endloop
  endfacet
  facet normal 0.20479 0.763837 0.612057
    outer loop
      vertex -20.6757 -31.279 2.2
      vertex -20.3535 -29.7628 0.2
      vertex -21.0043 -31.1909 2.2
    endloop
  endfacet
  facet normal -0.704663 0.358957 0.612045
    outer loop
      vertex -17.1854 -29.725 2.2
      vertex -17.031 -29.4219 2.2
      vertex -18.447 -28.7915 0.2
    endloop
  endfacet
  facet normal -0.358957 0.704663 0.612045
    outer loop
      vertex -18.6781 -31.069 2.2
      vertex -18.375 -30.9146 2.2
      vertex -19.3085 -29.653 0.2
    endloop
  endfacet
  facet normal 0.204542 0.763921 0.612036
    outer loop
      vertex -20.3535 -29.7628 0.2
      vertex -20.5253 -29.7168 0.2
      vertex -21.0043 -31.1909 2.2
    endloop
  endfacet
  facet normal 0.663206 -0.430747 0.612057
    outer loop
      vertex -21.3753 -27.1008 0.2
      vertex -22.6293 -26.1897 2.2
      vertex -22.8146 -26.475 2.2
    endloop
  endfacet
  facet normal -0.0413817 -0.78974 0.612044
    outer loop
      vertex -19.8223 -26.4093 0.2
      vertex -19.6603 -24.8678 2.2
      vertex -20 -24.85 2.2
    endloop
  endfacet
  facet normal -0.497694 0.614563 0.612056
    outer loop
      vertex -18.0897 -30.7293 2.2
      vertex -18.8625 -29.3633 0.2
      vertex -19.0008 -29.4753 0.2
    endloop
  endfacet
  facet normal 0.704663 0.358957 0.612045
    outer loop
      vertex -22.8146 -29.725 2.2
      vertex -21.553 -28.7915 0.2
      vertex -22.969 -29.4219 2.2
    endloop
  endfacet
  facet normal 0.704543 -0.359161 0.612064
    outer loop
      vertex -21.553 -27.4085 0.2
      vertex -21.4722 -27.25 0.2
      vertex -22.8146 -26.475 2.2
    endloop
  endfacet
  facet normal -0.738298 0.283414 0.61204
    outer loop
      vertex -16.9091 -29.1043 2.2
      vertex -18.3832 -28.6253 0.2
      vertex -18.447 -28.7915 0.2
    endloop
  endfacet
  facet normal -0.283375 0.73831 0.612043
    outer loop
      vertex -18.9957 -31.1909 2.2
      vertex -18.6781 -31.069 2.2
      vertex -19.3085 -29.653 0.2
    endloop
  endfacet
  facet normal -0.738298 -0.283414 0.61204
    outer loop
      vertex -18.3832 -27.5747 0.2
      vertex -16.9091 -27.0957 2.2
      vertex -18.447 -27.4085 0.2
    endloop
  endfacet
  facet normal -0.781015 0.12402 0.612074
    outer loop
      vertex -16.821 -28.7757 2.2
      vertex -18.3093 -28.2777 0.2
      vertex -18.3372 -28.4534 0.2
    endloop
  endfacet
  facet normal -0.763837 -0.20479 0.612057
    outer loop
      vertex -16.821 -27.4243 2.2
      vertex -16.9091 -27.0957 2.2
      vertex -18.3372 -27.7465 0.2
    endloop
  endfacet
  facet normal -0.781031 -0.123952 0.612068
    outer loop
      vertex -18.3093 -27.9223 0.2
      vertex -16.821 -27.4243 2.2
      vertex -18.3372 -27.7465 0.2
    endloop
  endfacet
  facet normal 0.78974 0.0413313 0.612048
    outer loop
      vertex -21.6907 -28.2777 0.2
      vertex -21.7 -28.1 0.2
      vertex -23.25 -28.1 2.2
    endloop
  endfacet
  facet normal 0.78974 0.0413817 0.612044
    outer loop
      vertex -23.2322 -28.4397 2.2
      vertex -21.6907 -28.2777 0.2
      vertex -23.25 -28.1 2.2
    endloop
  endfacet
  facet normal 0.358957 0.704663 0.612045
    outer loop
      vertex -21.3219 -31.069 2.2
      vertex -20.6915 -29.653 0.2
      vertex -21.625 -30.9146 2.2
    endloop
  endfacet
  facet normal 0.358957 -0.704663 0.612045
    outer loop
      vertex -20.6915 -26.547 0.2
      vertex -21.3219 -25.131 2.2
      vertex -21.625 -25.2854 2.2
    endloop
  endfacet
  facet normal 0.614563 0.497694 0.612056
    outer loop
      vertex -21.2633 -29.2375 0.2
      vertex -21.3753 -29.0992 0.2
      vertex -22.6293 -30.0103 2.2
    endloop
  endfacet
  facet normal 0.704663 -0.358957 0.612045
    outer loop
      vertex -21.553 -27.4085 0.2
      vertex -22.8146 -26.475 2.2
      vertex -22.969 -26.7781 2.2
    endloop
  endfacet
  facet normal -0.204542 0.763921 0.612036
    outer loop
      vertex -18.9957 -31.1909 2.2
      vertex -19.4747 -29.7168 0.2
      vertex -19.6465 -29.7628 0.2
    endloop
  endfacet
  facet normal 0.763921 -0.204542 0.612036
    outer loop
      vertex -21.6628 -27.7465 0.2
      vertex -21.6168 -27.5747 0.2
      vertex -23.0909 -27.0957 2.2
    endloop
  endfacet
  facet normal -0.283414 -0.738298 0.61204
    outer loop
      vertex -19.3085 -26.547 0.2
      vertex -18.9957 -25.0091 2.2
      vertex -19.4747 -26.4832 0.2
    endloop
  endfacet
  facet normal 0.78974 -0.0413313 0.612048
    outer loop
      vertex -21.7 -28.1 0.2
      vertex -21.6907 -27.9223 0.2
      vertex -23.25 -28.1 2.2
    endloop
  endfacet
  facet normal 0.78974 -0.0413817 0.612044
    outer loop
      vertex -21.6907 -27.9223 0.2
      vertex -23.2322 -27.7603 2.2
      vertex -23.25 -28.1 2.2
    endloop
  endfacet
  facet normal -0.73831 -0.283375 0.612043
    outer loop
      vertex -16.9091 -27.0957 2.2
      vertex -17.031 -26.7781 2.2
      vertex -18.447 -27.4085 0.2
    endloop
  endfacet
  facet normal 0.497694 -0.614563 0.612056
    outer loop
      vertex -21.1375 -26.8367 0.2
      vertex -20.9992 -26.7247 0.2
      vertex -21.9103 -25.4707 2.2
    endloop
  endfacet
  facet normal 0.123952 0.781031 0.612068
    outer loop
      vertex -20.1777 -29.7907 0.2
      vertex -20.3535 -29.7628 0.2
      vertex -20.6757 -31.279 2.2
    endloop
  endfacet
  facet normal 0.359161 -0.704543 0.612064
    outer loop
      vertex -20.85 -26.6278 0.2
      vertex -20.6915 -26.547 0.2
      vertex -21.625 -25.2854 2.2
    endloop
  endfacet
  facet normal -0.0413313 -0.78974 0.612048
    outer loop
      vertex -19.8223 -26.4093 0.2
      vertex -20 -24.85 2.2
      vertex -20 -26.4 0.2
    endloop
  endfacet
  facet normal -0.20479 0.763837 0.612057
    outer loop
      vertex -19.3243 -31.279 2.2
      vertex -18.9957 -31.1909 2.2
      vertex -19.6465 -29.7628 0.2
    endloop
  endfacet
  facet normal 0.738298 0.283414 0.61204
    outer loop
      vertex -21.553 -28.7915 0.2
      vertex -21.6168 -28.6253 0.2
      vertex -23.0909 -29.1043 2.2
    endloop
  endfacet
  facet normal 0.123523 -0.781126 0.612032
    outer loop
      vertex -20.3535 -26.4371 0.2
      vertex -20.1777 -26.4093 0.2
      vertex -20.6757 -24.921 2.2
    endloop
  endfacet
  facet normal -0.430734 0.663214 0.612059
    outer loop
      vertex -18.375 -30.9146 2.2
      vertex -19.0008 -29.4753 0.2
      vertex -19.15 -29.5722 0.2
    endloop
  endfacet
  facet normal 0.204955 -0.763801 0.612047
    outer loop
      vertex -20.5253 -26.4832 0.2
      vertex -20.3535 -26.4371 0.2
      vertex -21.0043 -25.0091 2.2
    endloop
  endfacet
  facet normal -0.497694 -0.614563 0.612056
    outer loop
      vertex -18.8625 -26.8367 0.2
      vertex -18.0897 -25.4707 2.2
      vertex -19.0008 -26.7247 0.2
    endloop
  endfacet
  facet normal -0.614563 -0.497694 0.612056
    outer loop
      vertex -18.6247 -27.1008 0.2
      vertex -17.3707 -26.1897 2.2
      vertex -18.7367 -26.9625 0.2
    endloop
  endfacet
  facet normal -0.559188 0.559188 0.61206
    outer loop
      vertex -18.7367 -29.2375 0.2
      vertex -17.8253 -30.5152 2.2
      vertex -17.5848 -30.2747 2.2
    endloop
  endfacet
  facet normal -0.559188 0.559188 0.61206
    outer loop
      vertex -17.8253 -30.5152 2.2
      vertex -18.7367 -29.2375 0.2
      vertex -18.8625 -29.3633 0.2
    endloop
  endfacet
  facet normal -0.614584 0.497665 0.612059
    outer loop
      vertex -17.5848 -30.2747 2.2
      vertex -17.3707 -30.0103 2.2
      vertex -18.7367 -29.2375 0.2
    endloop
  endfacet
  facet normal 0.123673 -0.781093 0.612045
    outer loop
      vertex -20.1777 -26.4093 0.2
      vertex -20.3397 -24.8678 2.2
      vertex -20.6757 -24.921 2.2
    endloop
  endfacet
  facet normal -0.359161 -0.704543 0.612064
    outer loop
      vertex -19.15 -26.6278 0.2
      vertex -18.375 -25.2854 2.2
      vertex -19.3085 -26.547 0.2
    endloop
  endfacet
  facet normal -0.497665 -0.614584 0.612059
    outer loop
      vertex -17.8253 -25.6848 2.2
      vertex -18.0897 -25.4707 2.2
      vertex -18.8625 -26.8367 0.2
    endloop
  endfacet
  facet normal 0.283375 0.73831 0.612043
    outer loop
      vertex -21.0043 -31.1909 2.2
      vertex -20.6915 -29.653 0.2
      vertex -21.3219 -31.069 2.2
    endloop
  endfacet
  facet normal 0.430747 0.663206 0.612057
    outer loop
      vertex -21.625 -30.9146 2.2
      vertex -20.9992 -29.4753 0.2
      vertex -21.9103 -30.7293 2.2
    endloop
  endfacet
  facet normal -0.614584 -0.497665 0.612059
    outer loop
      vertex -17.3707 -26.1897 2.2
      vertex -17.5848 -25.9253 2.2
      vertex -18.7367 -26.9625 0.2
    endloop
  endfacet
  facet normal -0.559188 -0.559188 0.61206
    outer loop
      vertex -17.8253 -25.6848 2.2
      vertex -18.7367 -26.9625 0.2
      vertex -17.5848 -25.9253 2.2
    endloop
  endfacet
  facet normal -0.559188 -0.559188 0.61206
    outer loop
      vertex -18.7367 -26.9625 0.2
      vertex -17.8253 -25.6848 2.2
      vertex -18.8625 -26.8367 0.2
    endloop
  endfacet
  facet normal 0.781093 0.123673 0.612045
    outer loop
      vertex -23.179 -28.7757 2.2
      vertex -21.6907 -28.2777 0.2
      vertex -23.2322 -28.4397 2.2
    endloop
  endfacet
  facet normal 0.763953 0.204432 0.612033
    outer loop
      vertex -21.6168 -28.6253 0.2
      vertex -21.6628 -28.4534 0.2
      vertex -23.0909 -29.1043 2.2
    endloop
  endfacet
  facet normal 0 0 -1
    outer loop
      vertex -18.3 -28.1 2.2
      vertex -16.75 -28.1 2.2
      vertex -16.7678 -28.4397 2.2
    endloop
  endfacet
  facet normal 0 0 -1
    outer loop
      vertex -18.3093 -28.2777 2.2
      vertex -16.7678 -28.4397 2.2
      vertex -16.821 -28.7757 2.2
    endloop
  endfacet
  facet normal 0 0 -1
    outer loop
      vertex -16.75 -28.1 2.2
      vertex -18.3 -28.1 2.2
      vertex -16.7678 -27.7603 2.2
    endloop
  endfacet
  facet normal 0 0 -1
    outer loop
      vertex -18.3372 -28.4534 2.2
      vertex -16.821 -28.7757 2.2
      vertex -16.9091 -29.1043 2.2
    endloop
  endfacet
  facet normal 0 0 -1
    outer loop
      vertex -18.3093 -27.9223 2.2
      vertex -16.7678 -27.7603 2.2
      vertex -18.3 -28.1 2.2
    endloop
  endfacet
  facet normal 0 0 -1
    outer loop
      vertex -18.3832 -28.6253 2.2
      vertex -16.9091 -29.1043 2.2
      vertex -17.031 -29.4219 2.2
    endloop
  endfacet
  facet normal -0 0 -1
    outer loop
      vertex -16.7678 -27.7603 2.2
      vertex -18.3093 -27.9223 2.2
      vertex -16.821 -27.4243 2.2
    endloop
  endfacet
  facet normal 0 0 -1
    outer loop
      vertex -18.447 -28.7915 2.2
      vertex -17.031 -29.4219 2.2
      vertex -17.1854 -29.725 2.2
    endloop
  endfacet
  facet normal 0 0 -1
    outer loop
      vertex -18.3372 -27.7465 2.2
      vertex -16.821 -27.4243 2.2
      vertex -18.3093 -27.9223 2.2
    endloop
  endfacet
  facet normal 0 0 -1
    outer loop
      vertex -18.5278 -28.95 2.2
      vertex -17.1854 -29.725 2.2
      vertex -17.3707 -30.0103 2.2
    endloop
  endfacet
  facet normal -0 0 -1
    outer loop
      vertex -16.821 -27.4243 2.2
      vertex -18.3372 -27.7465 2.2
      vertex -16.9091 -27.0957 2.2
    endloop
  endfacet
  facet normal 0 0 -1
    outer loop
      vertex -18.6247 -29.0992 2.2
      vertex -17.3707 -30.0103 2.2
      vertex -17.5848 -30.2747 2.2
    endloop
  endfacet
  facet normal 0 0 -1
    outer loop
      vertex -18.3832 -27.5747 2.2
      vertex -16.9091 -27.0957 2.2
      vertex -18.3372 -27.7465 2.2
    endloop
  endfacet
  facet normal 0 0 -1
    outer loop
      vertex -18.7367 -29.2375 2.2
      vertex -17.5848 -30.2747 2.2
      vertex -17.8253 -30.5152 2.2
    endloop
  endfacet
  facet normal -0 0 -1
    outer loop
      vertex -16.9091 -27.0957 2.2
      vertex -18.3832 -27.5747 2.2
      vertex -17.031 -26.7781 2.2
    endloop
  endfacet
  facet normal 0 0 -1
    outer loop
      vertex -18.8625 -29.3633 2.2
      vertex -17.8253 -30.5152 2.2
      vertex -18.0897 -30.7293 2.2
    endloop
  endfacet
  facet normal 0 0 -1
    outer loop
      vertex -18.447 -27.4085 2.2
      vertex -17.031 -26.7781 2.2
      vertex -18.3832 -27.5747 2.2
    endloop
  endfacet
  facet normal -0 0 -1
    outer loop
      vertex -17.031 -26.7781 2.2
      vertex -18.447 -27.4085 2.2
      vertex -17.1854 -26.475 2.2
    endloop
  endfacet
  facet normal 0 0 -1
    outer loop
      vertex -16.7678 -28.4397 2.2
      vertex -18.3093 -28.2777 2.2
      vertex -18.3 -28.1 2.2
    endloop
  endfacet
  facet normal 0 0 -1
    outer loop
      vertex -16.821 -28.7757 2.2
      vertex -18.3372 -28.4534 2.2
      vertex -18.3093 -28.2777 2.2
    endloop
  endfacet
  facet normal 0 0 -1
    outer loop
      vertex -19.0008 -29.4753 2.2
      vertex -18.0897 -30.7293 2.2
      vertex -18.375 -30.9146 2.2
    endloop
  endfacet
  facet normal 0 0 -1
    outer loop
      vertex -16.9091 -29.1043 2.2
      vertex -18.3832 -28.6253 2.2
      vertex -18.3372 -28.4534 2.2
    endloop
  endfacet
  facet normal 0 0 -1
    outer loop
      vertex -17.031 -29.4219 2.2
      vertex -18.447 -28.7915 2.2
      vertex -18.3832 -28.6253 2.2
    endloop
  endfacet
  facet normal 0 0 -1
    outer loop
      vertex -17.1854 -29.725 2.2
      vertex -18.5278 -28.95 2.2
      vertex -18.447 -28.7915 2.2
    endloop
  endfacet
  facet normal 0 0 -1
    outer loop
      vertex -17.3707 -30.0103 2.2
      vertex -18.6247 -29.0992 2.2
      vertex -18.5278 -28.95 2.2
    endloop
  endfacet
  facet normal 0 0 -1
    outer loop
      vertex -19.15 -29.5722 2.2
      vertex -18.375 -30.9146 2.2
      vertex -18.6781 -31.069 2.2
    endloop
  endfacet
  facet normal 0 0 -1
    outer loop
      vertex -17.5848 -30.2747 2.2
      vertex -18.7367 -29.2375 2.2
      vertex -18.6247 -29.0992 2.2
    endloop
  endfacet
  facet normal 0 0 -1
    outer loop
      vertex -17.8253 -30.5152 2.2
      vertex -18.8625 -29.3633 2.2
      vertex -18.7367 -29.2375 2.2
    endloop
  endfacet
  facet normal 0 0 -1
    outer loop
      vertex -19.3085 -29.653 2.2
      vertex -18.6781 -31.069 2.2
      vertex -18.9957 -31.1909 2.2
    endloop
  endfacet
  facet normal 0 0 -1
    outer loop
      vertex -18.0897 -30.7293 2.2
      vertex -19.0008 -29.4753 2.2
      vertex -18.8625 -29.3633 2.2
    endloop
  endfacet
  facet normal 0 0 -1
    outer loop
      vertex -18.375 -30.9146 2.2
      vertex -19.15 -29.5722 2.2
      vertex -19.0008 -29.4753 2.2
    endloop
  endfacet
  facet normal 0 0 -1
    outer loop
      vertex -18.6781 -31.069 2.2
      vertex -19.3085 -29.653 2.2
      vertex -19.15 -29.5722 2.2
    endloop
  endfacet
  facet normal 0 0 -1
    outer loop
      vertex -19.4747 -29.7168 2.2
      vertex -18.9957 -31.1909 2.2
      vertex -19.3243 -31.279 2.2
    endloop
  endfacet
  facet normal 0 0 -1
    outer loop
      vertex -18.9957 -31.1909 2.2
      vertex -19.4747 -29.7168 2.2
      vertex -19.3085 -29.653 2.2
    endloop
  endfacet
  facet normal 0 0 -1
    outer loop
      vertex -19.3243 -31.279 2.2
      vertex -19.6465 -29.7628 2.2
      vertex -19.4747 -29.7168 2.2
    endloop
  endfacet
  facet normal 0 0 -1
    outer loop
      vertex -19.6603 -31.3322 2.2
      vertex -19.6465 -29.7628 2.2
      vertex -19.3243 -31.279 2.2
    endloop
  endfacet
  facet normal 0 0 -1
    outer loop
      vertex -19.6603 -31.3322 2.2
      vertex -19.8223 -29.7907 2.2
      vertex -19.6465 -29.7628 2.2
    endloop
  endfacet
  facet normal 0 0 -1
    outer loop
      vertex -20 -31.35 2.2
      vertex -19.8223 -29.7907 2.2
      vertex -19.6603 -31.3322 2.2
    endloop
  endfacet
  facet normal 0 0 -1
    outer loop
      vertex -20 -31.35 2.2
      vertex -20 -29.8 2.2
      vertex -19.8223 -29.7907 2.2
    endloop
  endfacet
  facet normal 0 0 -1
    outer loop
      vertex -20 -31.35 2.2
      vertex -20.1777 -29.7907 2.2
      vertex -20 -29.8 2.2
    endloop
  endfacet
  facet normal 0 0 -1
    outer loop
      vertex -20.3397 -31.3322 2.2
      vertex -20.1777 -29.7907 2.2
      vertex -20 -31.35 2.2
    endloop
  endfacet
  facet normal 0 0 -1
    outer loop
      vertex -20.3397 -31.3322 2.2
      vertex -20.3535 -29.7628 2.2
      vertex -20.1777 -29.7907 2.2
    endloop
  endfacet
  facet normal 0 0 -1
    outer loop
      vertex -20.6757 -31.279 2.2
      vertex -20.3535 -29.7628 2.2
      vertex -20.3397 -31.3322 2.2
    endloop
  endfacet
  facet normal -0 0 -1
    outer loop
      vertex -20.3535 -29.7628 2.2
      vertex -20.6757 -31.279 2.2
      vertex -20.5253 -29.7168 2.2
    endloop
  endfacet
  facet normal 0 0 -1
    outer loop
      vertex -21.0043 -31.1909 2.2
      vertex -20.5253 -29.7168 2.2
      vertex -20.6757 -31.279 2.2
    endloop
  endfacet
  facet normal -0 0 -1
    outer loop
      vertex -20.5253 -29.7168 2.2
      vertex -21.0043 -31.1909 2.2
      vertex -20.6915 -29.653 2.2
    endloop
  endfacet
  facet normal 0 0 -1
    outer loop
      vertex -21.3219 -31.069 2.2
      vertex -20.6915 -29.653 2.2
      vertex -21.0043 -31.1909 2.2
    endloop
  endfacet
  facet normal -0 0 -1
    outer loop
      vertex -20.6915 -29.653 2.2
      vertex -21.3219 -31.069 2.2
      vertex -20.85 -29.5722 2.2
    endloop
  endfacet
  facet normal 0 0 -1
    outer loop
      vertex -21.625 -30.9146 2.2
      vertex -20.85 -29.5722 2.2
      vertex -21.3219 -31.069 2.2
    endloop
  endfacet
  facet normal -0 0 -1
    outer loop
      vertex -20.85 -29.5722 2.2
      vertex -21.625 -30.9146 2.2
      vertex -20.9992 -29.4753 2.2
    endloop
  endfacet
  facet normal 0 0 -1
    outer loop
      vertex -21.9103 -30.7293 2.2
      vertex -20.9992 -29.4753 2.2
      vertex -21.625 -30.9146 2.2
    endloop
  endfacet
  facet normal -0 0 -1
    outer loop
      vertex -20.9992 -29.4753 2.2
      vertex -21.9103 -30.7293 2.2
      vertex -21.1375 -29.3633 2.2
    endloop
  endfacet
  facet normal 0 0 -1
    outer loop
      vertex -22.1747 -30.5152 2.2
      vertex -21.1375 -29.3633 2.2
      vertex -21.9103 -30.7293 2.2
    endloop
  endfacet
  facet normal -0 0 -1
    outer loop
      vertex -21.1375 -29.3633 2.2
      vertex -22.1747 -30.5152 2.2
      vertex -21.2633 -29.2375 2.2
    endloop
  endfacet
  facet normal 0 0 -1
    outer loop
      vertex -22.4152 -30.2747 2.2
      vertex -21.2633 -29.2375 2.2
      vertex -22.1747 -30.5152 2.2
    endloop
  endfacet
  facet normal -0 0 -1
    outer loop
      vertex -21.2633 -29.2375 2.2
      vertex -22.4152 -30.2747 2.2
      vertex -21.3753 -29.0992 2.2
    endloop
  endfacet
  facet normal 0 0 -1
    outer loop
      vertex -22.6293 -30.0103 2.2
      vertex -21.3753 -29.0992 2.2
      vertex -22.4152 -30.2747 2.2
    endloop
  endfacet
  facet normal -0 0 -1
    outer loop
      vertex -21.3753 -29.0992 2.2
      vertex -22.6293 -30.0103 2.2
      vertex -21.4722 -28.95 2.2
    endloop
  endfacet
  facet normal 0 0 -1
    outer loop
      vertex -22.8146 -29.725 2.2
      vertex -21.4722 -28.95 2.2
      vertex -22.6293 -30.0103 2.2
    endloop
  endfacet
  facet normal -0 0 -1
    outer loop
      vertex -21.4722 -28.95 2.2
      vertex -22.8146 -29.725 2.2
      vertex -21.553 -28.7915 2.2
    endloop
  endfacet
  facet normal 0 0 -1
    outer loop
      vertex -18.5278 -27.25 2.2
      vertex -17.1854 -26.475 2.2
      vertex -18.447 -27.4085 2.2
    endloop
  endfacet
  facet normal -0 0 -1
    outer loop
      vertex -17.1854 -26.475 2.2
      vertex -18.5278 -27.25 2.2
      vertex -17.3707 -26.1897 2.2
    endloop
  endfacet
  facet normal 0 0 -1
    outer loop
      vertex -18.6247 -27.1008 2.2
      vertex -17.3707 -26.1897 2.2
      vertex -18.5278 -27.25 2.2
    endloop
  endfacet
  facet normal -0 0 -1
    outer loop
      vertex -17.3707 -26.1897 2.2
      vertex -18.6247 -27.1008 2.2
      vertex -17.5848 -25.9253 2.2
    endloop
  endfacet
  facet normal 0 0 -1
    outer loop
      vertex -18.7367 -26.9625 2.2
      vertex -17.5848 -25.9253 2.2
      vertex -18.6247 -27.1008 2.2
    endloop
  endfacet
  facet normal -0 0 -1
    outer loop
      vertex -17.5848 -25.9253 2.2
      vertex -18.7367 -26.9625 2.2
      vertex -17.8253 -25.6848 2.2
    endloop
  endfacet
  facet normal 0 0 -1
    outer loop
      vertex -18.8625 -26.8367 2.2
      vertex -17.8253 -25.6848 2.2
      vertex -18.7367 -26.9625 2.2
    endloop
  endfacet
  facet normal -0 0 -1
    outer loop
      vertex -17.8253 -25.6848 2.2
      vertex -18.8625 -26.8367 2.2
      vertex -18.0897 -25.4707 2.2
    endloop
  endfacet
  facet normal 0 0 -1
    outer loop
      vertex -19.0008 -26.7247 2.2
      vertex -18.0897 -25.4707 2.2
      vertex -18.8625 -26.8367 2.2
    endloop
  endfacet
  facet normal -0 0 -1
    outer loop
      vertex -18.0897 -25.4707 2.2
      vertex -19.0008 -26.7247 2.2
      vertex -18.375 -25.2854 2.2
    endloop
  endfacet
  facet normal 0 0 -1
    outer loop
      vertex -19.15 -26.6278 2.2
      vertex -18.375 -25.2854 2.2
      vertex -19.0008 -26.7247 2.2
    endloop
  endfacet
  facet normal -0 0 -1
    outer loop
      vertex -18.375 -25.2854 2.2
      vertex -19.15 -26.6278 2.2
      vertex -18.6781 -25.131 2.2
    endloop
  endfacet
  facet normal 0 0 -1
    outer loop
      vertex -19.3085 -26.547 2.2
      vertex -18.6781 -25.131 2.2
      vertex -19.15 -26.6278 2.2
    endloop
  endfacet
  facet normal -0 0 -1
    outer loop
      vertex -18.6781 -25.131 2.2
      vertex -19.3085 -26.547 2.2
      vertex -18.9957 -25.0091 2.2
    endloop
  endfacet
  facet normal 0 0 -1
    outer loop
      vertex -19.4747 -26.4832 2.2
      vertex -18.9957 -25.0091 2.2
      vertex -19.3085 -26.547 2.2
    endloop
  endfacet
  facet normal -0 0 -1
    outer loop
      vertex -18.9957 -25.0091 2.2
      vertex -19.4747 -26.4832 2.2
      vertex -19.3243 -24.921 2.2
    endloop
  endfacet
  facet normal 0 0 -1
    outer loop
      vertex -19.6465 -26.4371 2.2
      vertex -19.3243 -24.921 2.2
      vertex -19.4747 -26.4832 2.2
    endloop
  endfacet
  facet normal 0 0 -1
    outer loop
      vertex -19.6465 -26.4371 2.2
      vertex -19.6603 -24.8678 2.2
      vertex -19.3243 -24.921 2.2
    endloop
  endfacet
  facet normal 0 0 -1
    outer loop
      vertex -19.8223 -26.4093 2.2
      vertex -19.6603 -24.8678 2.2
      vertex -19.6465 -26.4371 2.2
    endloop
  endfacet
  facet normal 0 0 -1
    outer loop
      vertex -20 -26.4 2.2
      vertex -19.6603 -24.8678 2.2
      vertex -19.8223 -26.4093 2.2
    endloop
  endfacet
  facet normal 0 0 -1
    outer loop
      vertex -20 -26.4 2.2
      vertex -20 -24.85 2.2
      vertex -19.6603 -24.8678 2.2
    endloop
  endfacet
  facet normal 0 0 -1
    outer loop
      vertex -20.1777 -26.4093 2.2
      vertex -20 -24.85 2.2
      vertex -20 -26.4 2.2
    endloop
  endfacet
  facet normal 0 0 -1
    outer loop
      vertex -20.1777 -26.4093 2.2
      vertex -20.3397 -24.8678 2.2
      vertex -20 -24.85 2.2
    endloop
  endfacet
  facet normal 0 0 -1
    outer loop
      vertex -20.3535 -26.4371 2.2
      vertex -20.3397 -24.8678 2.2
      vertex -20.1777 -26.4093 2.2
    endloop
  endfacet
  facet normal 0 0 -1
    outer loop
      vertex -20.6757 -24.921 2.2
      vertex -20.3535 -26.4371 2.2
      vertex -20.5253 -26.4832 2.2
    endloop
  endfacet
  facet normal 0 0 -1
    outer loop
      vertex -20.3535 -26.4371 2.2
      vertex -20.6757 -24.921 2.2
      vertex -20.3397 -24.8678 2.2
    endloop
  endfacet
  facet normal 0 0 -1
    outer loop
      vertex -21.0043 -25.0091 2.2
      vertex -20.5253 -26.4832 2.2
      vertex -20.6915 -26.547 2.2
    endloop
  endfacet
  facet normal 0 0 -1
    outer loop
      vertex -21.3219 -25.131 2.2
      vertex -20.6915 -26.547 2.2
      vertex -20.85 -26.6278 2.2
    endloop
  endfacet
  facet normal 0 0 -1
    outer loop
      vertex -21.625 -25.2854 2.2
      vertex -20.85 -26.6278 2.2
      vertex -20.9992 -26.7247 2.2
    endloop
  endfacet
  facet normal 0 0 -1
    outer loop
      vertex -20.5253 -26.4832 2.2
      vertex -21.0043 -25.0091 2.2
      vertex -20.6757 -24.921 2.2
    endloop
  endfacet
  facet normal 0 0 -1
    outer loop
      vertex -21.9103 -25.4707 2.2
      vertex -20.9992 -26.7247 2.2
      vertex -21.1375 -26.8367 2.2
    endloop
  endfacet
  facet normal 0 0 -1
    outer loop
      vertex -22.1747 -25.6848 2.2
      vertex -21.1375 -26.8367 2.2
      vertex -21.2633 -26.9625 2.2
    endloop
  endfacet
  facet normal 0 0 -1
    outer loop
      vertex -20.6915 -26.547 2.2
      vertex -21.3219 -25.131 2.2
      vertex -21.0043 -25.0091 2.2
    endloop
  endfacet
  facet normal 0 0 -1
    outer loop
      vertex -22.4152 -25.9253 2.2
      vertex -21.2633 -26.9625 2.2
      vertex -21.3753 -27.1008 2.2
    endloop
  endfacet
  facet normal 0 0 -1
    outer loop
      vertex -22.6293 -26.1897 2.2
      vertex -21.3753 -27.1008 2.2
      vertex -21.4722 -27.25 2.2
    endloop
  endfacet
  facet normal 0 0 -1
    outer loop
      vertex -22.8146 -26.475 2.2
      vertex -21.4722 -27.25 2.2
      vertex -21.553 -27.4085 2.2
    endloop
  endfacet
  facet normal 0 0 -1
    outer loop
      vertex -22.969 -26.7781 2.2
      vertex -21.553 -27.4085 2.2
      vertex -21.6168 -27.5747 2.2
    endloop
  endfacet
  facet normal 0 0 -1
    outer loop
      vertex -20.85 -26.6278 2.2
      vertex -21.625 -25.2854 2.2
      vertex -21.3219 -25.131 2.2
    endloop
  endfacet
  facet normal 0 0 -1
    outer loop
      vertex -23.0909 -27.0957 2.2
      vertex -21.6168 -27.5747 2.2
      vertex -21.6628 -27.7465 2.2
    endloop
  endfacet
  facet normal 0 0 -1
    outer loop
      vertex -23.179 -27.4243 2.2
      vertex -21.6628 -27.7465 2.2
      vertex -21.6907 -27.9223 2.2
    endloop
  endfacet
  facet normal 0 0 -1
    outer loop
      vertex -23.2322 -27.7603 2.2
      vertex -21.6907 -27.9223 2.2
      vertex -21.7 -28.1 2.2
    endloop
  endfacet
  facet normal 0 0 -1
    outer loop
      vertex -22.969 -29.4219 2.2
      vertex -21.553 -28.7915 2.2
      vertex -22.8146 -29.725 2.2
    endloop
  endfacet
  facet normal 0 0 -1
    outer loop
      vertex -20.9992 -26.7247 2.2
      vertex -21.9103 -25.4707 2.2
      vertex -21.625 -25.2854 2.2
    endloop
  endfacet
  facet normal -0 0 -1
    outer loop
      vertex -21.553 -28.7915 2.2
      vertex -22.969 -29.4219 2.2
      vertex -21.6168 -28.6253 2.2
    endloop
  endfacet
  facet normal 0 0 -1
    outer loop
      vertex -21.1375 -26.8367 2.2
      vertex -22.1747 -25.6848 2.2
      vertex -21.9103 -25.4707 2.2
    endloop
  endfacet
  facet normal 0 0 -1
    outer loop
      vertex -23.0909 -29.1043 2.2
      vertex -21.6168 -28.6253 2.2
      vertex -22.969 -29.4219 2.2
    endloop
  endfacet
  facet normal 0 0 -1
    outer loop
      vertex -21.2633 -26.9625 2.2
      vertex -22.4152 -25.9253 2.2
      vertex -22.1747 -25.6848 2.2
    endloop
  endfacet
  facet normal -0 0 -1
    outer loop
      vertex -21.6168 -28.6253 2.2
      vertex -23.0909 -29.1043 2.2
      vertex -21.6628 -28.4534 2.2
    endloop
  endfacet
  facet normal 0 0 -1
    outer loop
      vertex -21.3753 -27.1008 2.2
      vertex -22.6293 -26.1897 2.2
      vertex -22.4152 -25.9253 2.2
    endloop
  endfacet
  facet normal 0 0 -1
    outer loop
      vertex -23.179 -28.7757 2.2
      vertex -21.6628 -28.4534 2.2
      vertex -23.0909 -29.1043 2.2
    endloop
  endfacet
  facet normal 0 0 -1
    outer loop
      vertex -21.4722 -27.25 2.2
      vertex -22.8146 -26.475 2.2
      vertex -22.6293 -26.1897 2.2
    endloop
  endfacet
  facet normal -0 0 -1
    outer loop
      vertex -21.6628 -28.4534 2.2
      vertex -23.179 -28.7757 2.2
      vertex -21.6907 -28.2777 2.2
    endloop
  endfacet
  facet normal 0 0 -1
    outer loop
      vertex -21.553 -27.4085 2.2
      vertex -22.969 -26.7781 2.2
      vertex -22.8146 -26.475 2.2
    endloop
  endfacet
  facet normal 0 0 -1
    outer loop
      vertex -23.2322 -28.4397 2.2
      vertex -21.6907 -28.2777 2.2
      vertex -23.179 -28.7757 2.2
    endloop
  endfacet
  facet normal 0 0 -1
    outer loop
      vertex -21.6168 -27.5747 2.2
      vertex -23.0909 -27.0957 2.2
      vertex -22.969 -26.7781 2.2
    endloop
  endfacet
  facet normal -0 0 -1
    outer loop
      vertex -21.6907 -28.2777 2.2
      vertex -23.2322 -28.4397 2.2
      vertex -21.7 -28.1 2.2
    endloop
  endfacet
  facet normal 0 0 -1
    outer loop
      vertex -21.6628 -27.7465 2.2
      vertex -23.179 -27.4243 2.2
      vertex -23.0909 -27.0957 2.2
    endloop
  endfacet
  facet normal 0 0 -1
    outer loop
      vertex -23.25 -28.1 2.2
      vertex -21.7 -28.1 2.2
      vertex -23.2322 -28.4397 2.2
    endloop
  endfacet
  facet normal 0 0 -1
    outer loop
      vertex -21.6907 -27.9223 2.2
      vertex -23.2322 -27.7603 2.2
      vertex -23.179 -27.4243 2.2
    endloop
  endfacet
  facet normal 0 0 -1
    outer loop
      vertex -21.7 -28.1 2.2
      vertex -23.25 -28.1 2.2
      vertex -23.2322 -27.7603 2.2
    endloop
  endfacet
  facet normal 0.359161 0.704543 0.612064
    outer loop
      vertex -20.6915 -29.653 0.2
      vertex -20.85 -29.5722 0.2
      vertex -21.625 -30.9146 2.2
    endloop
  endfacet
  facet normal 0.283375 -0.73831 0.612043
    outer loop
      vertex -20.6915 -26.547 0.2
      vertex -21.0043 -25.0091 2.2
      vertex -21.3219 -25.131 2.2
    endloop
  endfacet
  facet normal 0.0413313 0.78974 0.612048
    outer loop
      vertex -20 -31.35 2.2
      vertex -20 -29.8 0.2
      vertex -20.1777 -29.7907 0.2
    endloop
  endfacet
  facet normal 0.614563 -0.497694 0.612056
    outer loop
      vertex -21.3753 -27.1008 0.2
      vertex -21.2633 -26.9625 0.2
      vertex -22.6293 -26.1897 2.2
    endloop
  endfacet
  facet normal -0.430747 -0.663206 0.612057
    outer loop
      vertex -18.0897 -25.4707 2.2
      vertex -18.375 -25.2854 2.2
      vertex -19.0008 -26.7247 0.2
    endloop
  endfacet
  facet normal 0.781015 0.12402 0.612074
    outer loop
      vertex -21.6628 -28.4534 0.2
      vertex -21.6907 -28.2777 0.2
      vertex -23.179 -28.7757 2.2
    endloop
  endfacet
  facet normal 0.704543 0.359161 0.612064
    outer loop
      vertex -21.4722 -28.95 0.2
      vertex -21.553 -28.7915 0.2
      vertex -22.8146 -29.725 2.2
    endloop
  endfacet
  facet normal 0.73831 0.283375 0.612043
    outer loop
      vertex -22.969 -29.4219 2.2
      vertex -21.553 -28.7915 0.2
      vertex -23.0909 -29.1043 2.2
    endloop
  endfacet
  facet normal 0.497665 0.614584 0.612059
    outer loop
      vertex -21.9103 -30.7293 2.2
      vertex -21.1375 -29.3633 0.2
      vertex -22.1747 -30.5152 2.2
    endloop
  endfacet
  facet normal 0.763833 0.204789 0.612063
    outer loop
      vertex -23.0909 -29.1043 2.2
      vertex -21.6628 -28.4534 0.2
      vertex -23.179 -28.7757 2.2
    endloop
  endfacet
  facet normal -0.156741 0.98764 0
    outer loop
      vertex 20.3535 -70.2628 0
      vertex 20.1777 -70.2907 0.2
      vertex 20.3535 -70.2628 0.2
    endloop
  endfacet
  facet normal -0.156741 0.98764 0
    outer loop
      vertex 20.1777 -70.2907 0.2
      vertex 20.3535 -70.2628 0
      vertex 20.1777 -70.2907 0
    endloop
  endfacet
  facet normal -0.156741 0.98764 0
    outer loop
      vertex 20.3535 -70.2628 2.2
      vertex 20.1777 -70.2907 2.5
      vertex 20.3535 -70.2628 2.5
    endloop
  endfacet
  facet normal -0.156741 0.98764 0
    outer loop
      vertex 20.1777 -70.2907 2.5
      vertex 20.3535 -70.2628 2.2
      vertex 20.1777 -70.2907 2.2
    endloop
  endfacet
  facet normal -0.987626 -0.156828 0
    outer loop
      vertex 21.6907 -68.4223 0
      vertex 21.6628 -68.2466 0.2
      vertex 21.6628 -68.2466 0
    endloop
  endfacet
  facet normal -0.987626 -0.156828 0
    outer loop
      vertex 21.6628 -68.2466 0.2
      vertex 21.6907 -68.4223 0
      vertex 21.6907 -68.4223 0.2
    endloop
  endfacet
  facet normal -0.987626 -0.156828 0
    outer loop
      vertex 21.6907 -68.4223 2.2
      vertex 21.6628 -68.2466 2.5
      vertex 21.6628 -68.2466 2.2
    endloop
  endfacet
  facet normal -0.987626 -0.156828 0
    outer loop
      vertex 21.6628 -68.2466 2.5
      vertex 21.6907 -68.4223 2.2
      vertex 21.6907 -68.4223 2.5
    endloop
  endfacet
  facet normal -0.998633 -0.0522639 0
    outer loop
      vertex 21.7 -68.6 0
      vertex 21.6907 -68.4223 0.2
      vertex 21.6907 -68.4223 0
    endloop
  endfacet
  facet normal -0.998633 -0.0522639 0
    outer loop
      vertex 21.6907 -68.4223 0.2
      vertex 21.7 -68.6 0
      vertex 21.7 -68.6 0.2
    endloop
  endfacet
  facet normal -0.998633 -0.0522639 0
    outer loop
      vertex 21.7 -68.6 2.2
      vertex 21.6907 -68.4223 2.5
      vertex 21.6907 -68.4223 2.2
    endloop
  endfacet
  facet normal -0.998633 -0.0522639 0
    outer loop
      vertex 21.6907 -68.4223 2.5
      vertex 21.7 -68.6 2.2
      vertex 21.7 -68.6 2.5
    endloop
  endfacet
  facet normal -0.98764 0.156741 0
    outer loop
      vertex 21.6628 -68.9535 2.2
      vertex 21.6907 -68.7777 2.5
      vertex 21.6907 -68.7777 2.2
    endloop
  endfacet
  facet normal -0.98764 0.156741 0
    outer loop
      vertex 21.6907 -68.7777 2.5
      vertex 21.6628 -68.9535 2.2
      vertex 21.6628 -68.9535 2.5
    endloop
  endfacet
  facet normal -0.98764 0.156741 0
    outer loop
      vertex 21.6628 -68.9535 0
      vertex 21.6907 -68.7777 0.2
      vertex 21.6907 -68.7777 0
    endloop
  endfacet
  facet normal -0.98764 0.156741 0
    outer loop
      vertex 21.6907 -68.7777 0.2
      vertex 21.6628 -68.9535 0
      vertex 21.6628 -68.9535 0.2
    endloop
  endfacet
  facet normal -0.358377 -0.933577 0
    outer loop
      vertex 20.5253 -66.9832 0
      vertex 20.6915 -67.047 0.2
      vertex 20.5253 -66.9832 0.2
    endloop
  endfacet
  facet normal -0.358377 -0.933577 -0
    outer loop
      vertex 20.6915 -67.047 0.2
      vertex 20.5253 -66.9832 0
      vertex 20.6915 -67.047 0
    endloop
  endfacet
  facet normal -0.358377 -0.933577 0
    outer loop
      vertex 20.5253 -66.9832 2.2
      vertex 20.6915 -67.047 2.5
      vertex 20.5253 -66.9832 2.5
    endloop
  endfacet
  facet normal -0.358377 -0.933577 -0
    outer loop
      vertex 20.6915 -67.047 2.5
      vertex 20.5253 -66.9832 2.2
      vertex 20.6915 -67.047 2.2
    endloop
  endfacet
  facet normal -0.45417 0.890915 0
    outer loop
      vertex 20.85 -70.0722 0
      vertex 20.6915 -70.153 0.2
      vertex 20.85 -70.0722 0.2
    endloop
  endfacet
  facet normal -0.45417 0.890915 0
    outer loop
      vertex 20.6915 -70.153 0.2
      vertex 20.85 -70.0722 0
      vertex 20.6915 -70.153 0
    endloop
  endfacet
  facet normal -0.45417 0.890915 0
    outer loop
      vertex 20.85 -70.0722 2.2
      vertex 20.6915 -70.153 2.5
      vertex 20.85 -70.0722 2.5
    endloop
  endfacet
  facet normal -0.45417 0.890915 0
    outer loop
      vertex 20.6915 -70.153 2.5
      vertex 20.85 -70.0722 2.2
      vertex 20.6915 -70.153 2.2
    endloop
  endfacet
  facet normal -0.45417 -0.890915 0
    outer loop
      vertex 20.6915 -67.047 0
      vertex 20.85 -67.1278 0.2
      vertex 20.6915 -67.047 0.2
    endloop
  endfacet
  facet normal -0.45417 -0.890915 -0
    outer loop
      vertex 20.85 -67.1278 0.2
      vertex 20.6915 -67.047 0
      vertex 20.85 -67.1278 0
    endloop
  endfacet
  facet normal -0.45417 -0.890915 0
    outer loop
      vertex 20.6915 -67.047 2.2
      vertex 20.85 -67.1278 2.5
      vertex 20.6915 -67.047 2.5
    endloop
  endfacet
  facet normal -0.45417 -0.890915 -0
    outer loop
      vertex 20.85 -67.1278 2.5
      vertex 20.6915 -67.047 2.2
      vertex 20.85 -67.1278 2.2
    endloop
  endfacet
  facet normal -0.259167 -0.965833 0
    outer loop
      vertex 20.3535 -66.9371 0
      vertex 20.5253 -66.9832 0.2
      vertex 20.3535 -66.9371 0.2
    endloop
  endfacet
  facet normal -0.259167 -0.965833 -0
    outer loop
      vertex 20.5253 -66.9832 0.2
      vertex 20.3535 -66.9371 0
      vertex 20.5253 -66.9832 0
    endloop
  endfacet
  facet normal -0.259167 -0.965833 0
    outer loop
      vertex 20.3535 -66.9371 2.2
      vertex 20.5253 -66.9832 2.5
      vertex 20.3535 -66.9371 2.5
    endloop
  endfacet
  facet normal -0.259167 -0.965833 -0
    outer loop
      vertex 20.5253 -66.9832 2.5
      vertex 20.3535 -66.9371 2.2
      vertex 20.5253 -66.9832 2.2
    endloop
  endfacet
  facet normal 0.358377 -0.933577 0
    outer loop
      vertex 19.3085 -67.047 0
      vertex 19.4747 -66.9832 0.2
      vertex 19.3085 -67.047 0.2
    endloop
  endfacet
  facet normal 0.358377 -0.933577 0
    outer loop
      vertex 19.4747 -66.9832 0.2
      vertex 19.3085 -67.047 0
      vertex 19.4747 -66.9832 0
    endloop
  endfacet
  facet normal 0.358377 -0.933577 0
    outer loop
      vertex 19.3085 -67.047 2.2
      vertex 19.4747 -66.9832 2.5
      vertex 19.3085 -67.047 2.5
    endloop
  endfacet
  facet normal 0.358377 -0.933577 0
    outer loop
      vertex 19.4747 -66.9832 2.5
      vertex 19.3085 -67.047 2.2
      vertex 19.4747 -66.9832 2.2
    endloop
  endfacet
  facet normal -0.777127 0.629344 0
    outer loop
      vertex 21.2633 -69.7375 2.2
      vertex 21.3753 -69.5992 2.5
      vertex 21.3753 -69.5992 2.2
    endloop
  endfacet
  facet normal -0.777127 0.629344 0
    outer loop
      vertex 21.3753 -69.5992 2.5
      vertex 21.2633 -69.7375 2.2
      vertex 21.2633 -69.7375 2.5
    endloop
  endfacet
  facet normal -0.777127 0.629344 0
    outer loop
      vertex 21.2633 -69.7375 0
      vertex 21.3753 -69.5992 0.2
      vertex 21.3753 -69.5992 0
    endloop
  endfacet
  facet normal -0.777127 0.629344 0
    outer loop
      vertex 21.3753 -69.5992 0.2
      vertex 21.2633 -69.7375 0
      vertex 21.2633 -69.7375 0.2
    endloop
  endfacet
  facet normal -0.358377 0.933577 0
    outer loop
      vertex 20.6915 -70.153 0
      vertex 20.5253 -70.2168 0.2
      vertex 20.6915 -70.153 0.2
    endloop
  endfacet
  facet normal -0.358377 0.933577 0
    outer loop
      vertex 20.5253 -70.2168 0.2
      vertex 20.6915 -70.153 0
      vertex 20.5253 -70.2168 0
    endloop
  endfacet
  facet normal -0.358377 0.933577 0
    outer loop
      vertex 20.6915 -70.153 2.2
      vertex 20.5253 -70.2168 2.5
      vertex 20.6915 -70.153 2.5
    endloop
  endfacet
  facet normal -0.358377 0.933577 0
    outer loop
      vertex 20.5253 -70.2168 2.5
      vertex 20.6915 -70.153 2.2
      vertex 20.5253 -70.2168 2.2
    endloop
  endfacet
  facet normal 0.890915 -0.45417 0
    outer loop
      vertex 18.447 -67.9085 0.2
      vertex 18.5278 -67.75 0
      vertex 18.5278 -67.75 0.2
    endloop
  endfacet
  facet normal 0.890915 -0.45417 0
    outer loop
      vertex 18.5278 -67.75 0
      vertex 18.447 -67.9085 0.2
      vertex 18.447 -67.9085 0
    endloop
  endfacet
  facet normal 0.890915 -0.45417 0
    outer loop
      vertex 18.447 -67.9085 2.5
      vertex 18.5278 -67.75 2.2
      vertex 18.5278 -67.75 2.5
    endloop
  endfacet
  facet normal 0.890915 -0.45417 0
    outer loop
      vertex 18.5278 -67.75 2.2
      vertex 18.447 -67.9085 2.5
      vertex 18.447 -67.9085 2.2
    endloop
  endfacet
  facet normal 0.629344 0.777127 -0
    outer loop
      vertex 19.0008 -69.9753 0
      vertex 18.8625 -69.8633 0.2
      vertex 19.0008 -69.9753 0.2
    endloop
  endfacet
  facet normal 0.629344 0.777127 0
    outer loop
      vertex 18.8625 -69.8633 0.2
      vertex 19.0008 -69.9753 0
      vertex 18.8625 -69.8633 0
    endloop
  endfacet
  facet normal 0.629344 0.777127 -0
    outer loop
      vertex 19.0008 -69.9753 2.2
      vertex 18.8625 -69.8633 2.5
      vertex 19.0008 -69.9753 2.5
    endloop
  endfacet
  facet normal 0.629344 0.777127 0
    outer loop
      vertex 18.8625 -69.8633 2.5
      vertex 19.0008 -69.9753 2.2
      vertex 18.8625 -69.8633 2.2
    endloop
  endfacet
  facet normal -0.258642 0.965973 0
    outer loop
      vertex 20.5253 -70.2168 0
      vertex 20.3535 -70.2628 0.2
      vertex 20.5253 -70.2168 0.2
    endloop
  endfacet
  facet normal -0.258642 0.965973 0
    outer loop
      vertex 20.3535 -70.2628 0.2
      vertex 20.5253 -70.2168 0
      vertex 20.3535 -70.2628 0
    endloop
  endfacet
  facet normal -0.258642 0.965973 0
    outer loop
      vertex 20.5253 -70.2168 2.2
      vertex 20.3535 -70.2628 2.5
      vertex 20.5253 -70.2168 2.5
    endloop
  endfacet
  facet normal -0.258642 0.965973 0
    outer loop
      vertex 20.3535 -70.2628 2.5
      vertex 20.5253 -70.2168 2.2
      vertex 20.3535 -70.2628 2.2
    endloop
  endfacet
  facet normal -0.998633 0.0522639 0
    outer loop
      vertex 21.6907 -68.7777 2.2
      vertex 21.7 -68.6 2.5
      vertex 21.7 -68.6 2.2
    endloop
  endfacet
  facet normal -0.998633 0.0522639 0
    outer loop
      vertex 21.7 -68.6 2.5
      vertex 21.6907 -68.7777 2.2
      vertex 21.6907 -68.7777 2.5
    endloop
  endfacet
  facet normal -0.998633 0.0522639 0
    outer loop
      vertex 21.6907 -68.7777 0
      vertex 21.7 -68.6 0.2
      vertex 21.7 -68.6 0
    endloop
  endfacet
  facet normal -0.998633 0.0522639 0
    outer loop
      vertex 21.7 -68.6 0.2
      vertex 21.6907 -68.7777 0
      vertex 21.6907 -68.7777 0.2
    endloop
  endfacet
  facet normal 0.258642 0.965973 -0
    outer loop
      vertex 19.6465 -70.2628 0
      vertex 19.4747 -70.2168 0.2
      vertex 19.6465 -70.2628 0.2
    endloop
  endfacet
  facet normal 0.258642 0.965973 0
    outer loop
      vertex 19.4747 -70.2168 0.2
      vertex 19.6465 -70.2628 0
      vertex 19.4747 -70.2168 0
    endloop
  endfacet
  facet normal 0.258642 0.965973 -0
    outer loop
      vertex 19.6465 -70.2628 2.2
      vertex 19.4747 -70.2168 2.5
      vertex 19.6465 -70.2628 2.5
    endloop
  endfacet
  facet normal 0.258642 0.965973 0
    outer loop
      vertex 19.4747 -70.2168 2.5
      vertex 19.6465 -70.2628 2.2
      vertex 19.4747 -70.2168 2.2
    endloop
  endfacet
  facet normal -0.544672 -0.838649 0
    outer loop
      vertex 20.85 -67.1278 2.2
      vertex 20.9992 -67.2247 2.5
      vertex 20.85 -67.1278 2.5
    endloop
  endfacet
  facet normal -0.544672 -0.838649 -0
    outer loop
      vertex 20.9992 -67.2247 2.5
      vertex 20.85 -67.1278 2.2
      vertex 20.9992 -67.2247 2.2
    endloop
  endfacet
  facet normal -0.544672 -0.838649 0
    outer loop
      vertex 20.85 -67.1278 0
      vertex 20.9992 -67.2247 0.2
      vertex 20.85 -67.1278 0.2
    endloop
  endfacet
  facet normal -0.544672 -0.838649 -0
    outer loop
      vertex 20.9992 -67.2247 0.2
      vertex 20.85 -67.1278 0
      vertex 20.9992 -67.2247 0
    endloop
  endfacet
  facet normal 0.0522639 0.998633 -0
    outer loop
      vertex 20 -70.3 0
      vertex 19.8223 -70.2907 0.2
      vertex 20 -70.3 0.2
    endloop
  endfacet
  facet normal 0.0522639 0.998633 0
    outer loop
      vertex 19.8223 -70.2907 0.2
      vertex 20 -70.3 0
      vertex 19.8223 -70.2907 0
    endloop
  endfacet
  facet normal 0.0522639 0.998633 -0
    outer loop
      vertex 20 -70.3 2.2
      vertex 19.8223 -70.2907 2.5
      vertex 20 -70.3 2.5
    endloop
  endfacet
  facet normal 0.0522639 0.998633 0
    outer loop
      vertex 19.8223 -70.2907 2.5
      vertex 20 -70.3 2.2
      vertex 19.8223 -70.2907 2.2
    endloop
  endfacet
  facet normal -0.838649 -0.544672 0
    outer loop
      vertex 21.4722 -67.75 0
      vertex 21.3753 -67.6008 0.2
      vertex 21.3753 -67.6008 0
    endloop
  endfacet
  facet normal -0.838649 -0.544672 0
    outer loop
      vertex 21.3753 -67.6008 0.2
      vertex 21.4722 -67.75 0
      vertex 21.4722 -67.75 0.2
    endloop
  endfacet
  facet normal -0.838649 -0.544672 0
    outer loop
      vertex 21.4722 -67.75 2.2
      vertex 21.3753 -67.6008 2.5
      vertex 21.3753 -67.6008 2.2
    endloop
  endfacet
  facet normal -0.838649 -0.544672 0
    outer loop
      vertex 21.3753 -67.6008 2.5
      vertex 21.4722 -67.75 2.2
      vertex 21.4722 -67.75 2.5
    endloop
  endfacet
  facet normal -0.0522639 0.998633 0
    outer loop
      vertex 20.1777 -70.2907 0
      vertex 20 -70.3 0.2
      vertex 20.1777 -70.2907 0.2
    endloop
  endfacet
  facet normal -0.0522639 0.998633 0
    outer loop
      vertex 20 -70.3 0.2
      vertex 20.1777 -70.2907 0
      vertex 20 -70.3 0
    endloop
  endfacet
  facet normal -0.0522639 0.998633 0
    outer loop
      vertex 20.1777 -70.2907 2.2
      vertex 20 -70.3 2.5
      vertex 20.1777 -70.2907 2.5
    endloop
  endfacet
  facet normal -0.0522639 0.998633 0
    outer loop
      vertex 20 -70.3 2.5
      vertex 20.1777 -70.2907 2.2
      vertex 20 -70.3 2.2
    endloop
  endfacet
  facet normal 0.45417 -0.890915 0
    outer loop
      vertex 19.15 -67.1278 0
      vertex 19.3085 -67.047 0.2
      vertex 19.15 -67.1278 0.2
    endloop
  endfacet
  facet normal 0.45417 -0.890915 0
    outer loop
      vertex 19.3085 -67.047 0.2
      vertex 19.15 -67.1278 0
      vertex 19.3085 -67.047 0
    endloop
  endfacet
  facet normal 0.45417 -0.890915 0
    outer loop
      vertex 19.15 -67.1278 2.2
      vertex 19.3085 -67.047 2.5
      vertex 19.15 -67.1278 2.5
    endloop
  endfacet
  facet normal 0.45417 -0.890915 0
    outer loop
      vertex 19.3085 -67.047 2.5
      vertex 19.15 -67.1278 2.2
      vertex 19.3085 -67.047 2.2
    endloop
  endfacet
  facet normal -0.890915 -0.45417 0
    outer loop
      vertex 21.553 -67.9085 0
      vertex 21.4722 -67.75 0.2
      vertex 21.4722 -67.75 0
    endloop
  endfacet
  facet normal -0.890915 -0.45417 0
    outer loop
      vertex 21.4722 -67.75 0.2
      vertex 21.553 -67.9085 0
      vertex 21.553 -67.9085 0.2
    endloop
  endfacet
  facet normal -0.890915 -0.45417 0
    outer loop
      vertex 21.553 -67.9085 2.2
      vertex 21.4722 -67.75 2.5
      vertex 21.4722 -67.75 2.2
    endloop
  endfacet
  facet normal -0.890915 -0.45417 0
    outer loop
      vertex 21.4722 -67.75 2.5
      vertex 21.553 -67.9085 2.2
      vertex 21.553 -67.9085 2.5
    endloop
  endfacet
  facet normal 0.987626 -0.156828 0
    outer loop
      vertex 18.3093 -68.4223 0.2
      vertex 18.3372 -68.2466 0
      vertex 18.3372 -68.2466 0.2
    endloop
  endfacet
  facet normal 0.987626 -0.156828 0
    outer loop
      vertex 18.3372 -68.2466 0
      vertex 18.3093 -68.4223 0.2
      vertex 18.3093 -68.4223 0
    endloop
  endfacet
  facet normal 0.987626 -0.156828 0
    outer loop
      vertex 18.3093 -68.4223 2.5
      vertex 18.3372 -68.2466 2.2
      vertex 18.3372 -68.2466 2.5
    endloop
  endfacet
  facet normal 0.987626 -0.156828 0
    outer loop
      vertex 18.3372 -68.2466 2.2
      vertex 18.3093 -68.4223 2.5
      vertex 18.3093 -68.4223 2.2
    endloop
  endfacet
  facet normal 0.933577 0.358377 0
    outer loop
      vertex 18.447 -69.2915 0.2
      vertex 18.3832 -69.1253 0
      vertex 18.3832 -69.1253 0.2
    endloop
  endfacet
  facet normal 0.933577 0.358377 0
    outer loop
      vertex 18.3832 -69.1253 0
      vertex 18.447 -69.2915 0.2
      vertex 18.447 -69.2915 0
    endloop
  endfacet
  facet normal 0.933577 0.358377 0
    outer loop
      vertex 18.447 -69.2915 2.5
      vertex 18.3832 -69.1253 2.2
      vertex 18.3832 -69.1253 2.5
    endloop
  endfacet
  facet normal 0.933577 0.358377 0
    outer loop
      vertex 18.3832 -69.1253 2.2
      vertex 18.447 -69.2915 2.5
      vertex 18.447 -69.2915 2.2
    endloop
  endfacet
  facet normal 0.98764 0.156741 0
    outer loop
      vertex 18.3372 -68.9535 2.5
      vertex 18.3093 -68.7777 2.2
      vertex 18.3093 -68.7777 2.5
    endloop
  endfacet
  facet normal 0.98764 0.156741 0
    outer loop
      vertex 18.3093 -68.7777 2.2
      vertex 18.3372 -68.9535 2.5
      vertex 18.3372 -68.9535 2.2
    endloop
  endfacet
  facet normal 0.98764 0.156741 0
    outer loop
      vertex 18.3372 -68.9535 0.2
      vertex 18.3093 -68.7777 0
      vertex 18.3093 -68.7777 0.2
    endloop
  endfacet
  facet normal 0.98764 0.156741 0
    outer loop
      vertex 18.3093 -68.7777 0
      vertex 18.3372 -68.9535 0.2
      vertex 18.3372 -68.9535 0
    endloop
  endfacet
  facet normal -0.707107 0.707107 0
    outer loop
      vertex 21.1375 -69.8633 2.2
      vertex 21.2633 -69.7375 2.5
      vertex 21.2633 -69.7375 2.2
    endloop
  endfacet
  facet normal -0.707107 0.707107 0
    outer loop
      vertex 21.2633 -69.7375 2.5
      vertex 21.1375 -69.8633 2.2
      vertex 21.1375 -69.8633 2.5
    endloop
  endfacet
  facet normal -0.707107 0.707107 0
    outer loop
      vertex 21.1375 -69.8633 0
      vertex 21.2633 -69.7375 0.2
      vertex 21.2633 -69.7375 0
    endloop
  endfacet
  facet normal -0.707107 0.707107 0
    outer loop
      vertex 21.2633 -69.7375 0.2
      vertex 21.1375 -69.8633 0
      vertex 21.1375 -69.8633 0.2
    endloop
  endfacet
  facet normal -0.933577 -0.358377 0
    outer loop
      vertex 21.6168 -68.0747 2.2
      vertex 21.553 -67.9085 2.5
      vertex 21.553 -67.9085 2.2
    endloop
  endfacet
  facet normal -0.933577 -0.358377 0
    outer loop
      vertex 21.553 -67.9085 2.5
      vertex 21.6168 -68.0747 2.2
      vertex 21.6168 -68.0747 2.5
    endloop
  endfacet
  facet normal -0.933577 -0.358377 0
    outer loop
      vertex 21.6168 -68.0747 0
      vertex 21.553 -67.9085 0.2
      vertex 21.553 -67.9085 0
    endloop
  endfacet
  facet normal -0.933577 -0.358377 0
    outer loop
      vertex 21.553 -67.9085 0.2
      vertex 21.6168 -68.0747 0
      vertex 21.6168 -68.0747 0.2
    endloop
  endfacet
  facet normal 0.777127 0.629344 0
    outer loop
      vertex 18.7367 -69.7375 2.5
      vertex 18.6247 -69.5992 2.2
      vertex 18.6247 -69.5992 2.5
    endloop
  endfacet
  facet normal 0.777127 0.629344 0
    outer loop
      vertex 18.6247 -69.5992 2.2
      vertex 18.7367 -69.7375 2.5
      vertex 18.7367 -69.7375 2.2
    endloop
  endfacet
  facet normal 0.777127 0.629344 0
    outer loop
      vertex 18.7367 -69.7375 0.2
      vertex 18.6247 -69.5992 0
      vertex 18.6247 -69.5992 0.2
    endloop
  endfacet
  facet normal 0.777127 0.629344 0
    outer loop
      vertex 18.6247 -69.5992 0
      vertex 18.7367 -69.7375 0.2
      vertex 18.7367 -69.7375 0
    endloop
  endfacet
  facet normal -0.777127 -0.629344 0
    outer loop
      vertex 21.3753 -67.6008 0
      vertex 21.2633 -67.4625 0.2
      vertex 21.2633 -67.4625 0
    endloop
  endfacet
  facet normal -0.777127 -0.629344 0
    outer loop
      vertex 21.2633 -67.4625 0.2
      vertex 21.3753 -67.6008 0
      vertex 21.3753 -67.6008 0.2
    endloop
  endfacet
  facet normal -0.777127 -0.629344 0
    outer loop
      vertex 21.3753 -67.6008 2.2
      vertex 21.2633 -67.4625 2.5
      vertex 21.2633 -67.4625 2.2
    endloop
  endfacet
  facet normal -0.777127 -0.629344 0
    outer loop
      vertex 21.2633 -67.4625 2.5
      vertex 21.3753 -67.6008 2.2
      vertex 21.3753 -67.6008 2.5
    endloop
  endfacet
  facet normal 0.777127 -0.629344 0
    outer loop
      vertex 18.6247 -67.6008 0.2
      vertex 18.7367 -67.4625 0
      vertex 18.7367 -67.4625 0.2
    endloop
  endfacet
  facet normal 0.777127 -0.629344 0
    outer loop
      vertex 18.7367 -67.4625 0
      vertex 18.6247 -67.6008 0.2
      vertex 18.6247 -67.6008 0
    endloop
  endfacet
  facet normal 0.777127 -0.629344 0
    outer loop
      vertex 18.6247 -67.6008 2.5
      vertex 18.7367 -67.4625 2.2
      vertex 18.7367 -67.4625 2.5
    endloop
  endfacet
  facet normal 0.777127 -0.629344 0
    outer loop
      vertex 18.7367 -67.4625 2.2
      vertex 18.6247 -67.6008 2.5
      vertex 18.6247 -67.6008 2.2
    endloop
  endfacet
  facet normal 0.629344 -0.777127 0
    outer loop
      vertex 18.8625 -67.3367 2.2
      vertex 19.0008 -67.2247 2.5
      vertex 18.8625 -67.3367 2.5
    endloop
  endfacet
  facet normal 0.629344 -0.777127 0
    outer loop
      vertex 19.0008 -67.2247 2.5
      vertex 18.8625 -67.3367 2.2
      vertex 19.0008 -67.2247 2.2
    endloop
  endfacet
  facet normal 0.629344 -0.777127 0
    outer loop
      vertex 18.8625 -67.3367 0
      vertex 19.0008 -67.2247 0.2
      vertex 18.8625 -67.3367 0.2
    endloop
  endfacet
  facet normal 0.629344 -0.777127 0
    outer loop
      vertex 19.0008 -67.2247 0.2
      vertex 18.8625 -67.3367 0
      vertex 19.0008 -67.2247 0
    endloop
  endfacet
  facet normal 0.544672 0.838649 -0
    outer loop
      vertex 19.15 -70.0722 0
      vertex 19.0008 -69.9753 0.2
      vertex 19.15 -70.0722 0.2
    endloop
  endfacet
  facet normal 0.544672 0.838649 0
    outer loop
      vertex 19.0008 -69.9753 0.2
      vertex 19.15 -70.0722 0
      vertex 19.0008 -69.9753 0
    endloop
  endfacet
  facet normal 0.544672 0.838649 -0
    outer loop
      vertex 19.15 -70.0722 2.2
      vertex 19.0008 -69.9753 2.5
      vertex 19.15 -70.0722 2.5
    endloop
  endfacet
  facet normal 0.544672 0.838649 0
    outer loop
      vertex 19.0008 -69.9753 2.5
      vertex 19.15 -70.0722 2.2
      vertex 19.0008 -69.9753 2.2
    endloop
  endfacet
  facet normal -0.707107 -0.707107 0
    outer loop
      vertex 21.2633 -67.4625 2.2
      vertex 21.1375 -67.3367 2.5
      vertex 21.1375 -67.3367 2.2
    endloop
  endfacet
  facet normal -0.707107 -0.707107 0
    outer loop
      vertex 21.1375 -67.3367 2.5
      vertex 21.2633 -67.4625 2.2
      vertex 21.2633 -67.4625 2.5
    endloop
  endfacet
  facet normal -0.707107 -0.707107 0
    outer loop
      vertex 21.2633 -67.4625 0
      vertex 21.1375 -67.3367 0.2
      vertex 21.1375 -67.3367 0
    endloop
  endfacet
  facet normal -0.707107 -0.707107 0
    outer loop
      vertex 21.1375 -67.3367 0.2
      vertex 21.2633 -67.4625 0
      vertex 21.2633 -67.4625 0.2
    endloop
  endfacet
  facet normal -0.965973 0.258642 0
    outer loop
      vertex 21.6168 -69.1253 2.2
      vertex 21.6628 -68.9535 2.5
      vertex 21.6628 -68.9535 2.2
    endloop
  endfacet
  facet normal -0.965973 0.258642 0
    outer loop
      vertex 21.6628 -68.9535 2.5
      vertex 21.6168 -69.1253 2.2
      vertex 21.6168 -69.1253 2.5
    endloop
  endfacet
  facet normal -0.965973 0.258642 0
    outer loop
      vertex 21.6168 -69.1253 0
      vertex 21.6628 -68.9535 0.2
      vertex 21.6628 -68.9535 0
    endloop
  endfacet
  facet normal -0.965973 0.258642 0
    outer loop
      vertex 21.6628 -68.9535 0.2
      vertex 21.6168 -69.1253 0
      vertex 21.6168 -69.1253 0.2
    endloop
  endfacet
  facet normal 0.156741 0.98764 -0
    outer loop
      vertex 19.8223 -70.2907 0
      vertex 19.6465 -70.2628 0.2
      vertex 19.8223 -70.2907 0.2
    endloop
  endfacet
  facet normal 0.156741 0.98764 0
    outer loop
      vertex 19.6465 -70.2628 0.2
      vertex 19.8223 -70.2907 0
      vertex 19.6465 -70.2628 0
    endloop
  endfacet
  facet normal 0.156741 0.98764 -0
    outer loop
      vertex 19.8223 -70.2907 2.2
      vertex 19.6465 -70.2628 2.5
      vertex 19.8223 -70.2907 2.5
    endloop
  endfacet
  facet normal 0.156741 0.98764 0
    outer loop
      vertex 19.6465 -70.2628 2.5
      vertex 19.8223 -70.2907 2.2
      vertex 19.6465 -70.2628 2.2
    endloop
  endfacet
  facet normal 0.838649 -0.544672 0
    outer loop
      vertex 18.5278 -67.75 0.2
      vertex 18.6247 -67.6008 0
      vertex 18.6247 -67.6008 0.2
    endloop
  endfacet
  facet normal 0.838649 -0.544672 0
    outer loop
      vertex 18.6247 -67.6008 0
      vertex 18.5278 -67.75 0.2
      vertex 18.5278 -67.75 0
    endloop
  endfacet
  facet normal 0.838649 -0.544672 0
    outer loop
      vertex 18.5278 -67.75 2.5
      vertex 18.6247 -67.6008 2.2
      vertex 18.6247 -67.6008 2.5
    endloop
  endfacet
  facet normal 0.838649 -0.544672 0
    outer loop
      vertex 18.6247 -67.6008 2.2
      vertex 18.5278 -67.75 2.5
      vertex 18.5278 -67.75 2.2
    endloop
  endfacet
  facet normal 0.156193 -0.987726 0
    outer loop
      vertex 19.6465 -66.9371 2.2
      vertex 19.8223 -66.9093 2.5
      vertex 19.6465 -66.9371 2.5
    endloop
  endfacet
  facet normal 0.156193 -0.987726 0
    outer loop
      vertex 19.8223 -66.9093 2.5
      vertex 19.6465 -66.9371 2.2
      vertex 19.8223 -66.9093 2.2
    endloop
  endfacet
  facet normal 0.156193 -0.987726 0
    outer loop
      vertex 19.6465 -66.9371 0
      vertex 19.8223 -66.9093 0.2
      vertex 19.6465 -66.9371 0.2
    endloop
  endfacet
  facet normal 0.156193 -0.987726 0
    outer loop
      vertex 19.8223 -66.9093 0.2
      vertex 19.6465 -66.9371 0
      vertex 19.8223 -66.9093 0
    endloop
  endfacet
  facet normal 0.259167 -0.965833 0
    outer loop
      vertex 19.4747 -66.9832 0
      vertex 19.6465 -66.9371 0.2
      vertex 19.4747 -66.9832 0.2
    endloop
  endfacet
  facet normal 0.259167 -0.965833 0
    outer loop
      vertex 19.6465 -66.9371 0.2
      vertex 19.4747 -66.9832 0
      vertex 19.6465 -66.9371 0
    endloop
  endfacet
  facet normal 0.259167 -0.965833 0
    outer loop
      vertex 19.4747 -66.9832 2.2
      vertex 19.6465 -66.9371 2.5
      vertex 19.4747 -66.9832 2.5
    endloop
  endfacet
  facet normal 0.259167 -0.965833 0
    outer loop
      vertex 19.6465 -66.9371 2.5
      vertex 19.4747 -66.9832 2.2
      vertex 19.6465 -66.9371 2.2
    endloop
  endfacet
  facet normal 0.544672 -0.838649 0
    outer loop
      vertex 19.0008 -67.2247 0
      vertex 19.15 -67.1278 0.2
      vertex 19.0008 -67.2247 0.2
    endloop
  endfacet
  facet normal 0.544672 -0.838649 0
    outer loop
      vertex 19.15 -67.1278 0.2
      vertex 19.0008 -67.2247 0
      vertex 19.15 -67.1278 0
    endloop
  endfacet
  facet normal 0.544672 -0.838649 0
    outer loop
      vertex 19.0008 -67.2247 2.2
      vertex 19.15 -67.1278 2.5
      vertex 19.0008 -67.2247 2.5
    endloop
  endfacet
  facet normal 0.544672 -0.838649 0
    outer loop
      vertex 19.15 -67.1278 2.5
      vertex 19.0008 -67.2247 2.2
      vertex 19.15 -67.1278 2.2
    endloop
  endfacet
  facet normal -0.629344 -0.777127 0
    outer loop
      vertex 20.9992 -67.2247 2.2
      vertex 21.1375 -67.3367 2.5
      vertex 20.9992 -67.2247 2.5
    endloop
  endfacet
  facet normal -0.629344 -0.777127 -0
    outer loop
      vertex 21.1375 -67.3367 2.5
      vertex 20.9992 -67.2247 2.2
      vertex 21.1375 -67.3367 2.2
    endloop
  endfacet
  facet normal -0.629344 -0.777127 0
    outer loop
      vertex 20.9992 -67.2247 0
      vertex 21.1375 -67.3367 0.2
      vertex 20.9992 -67.2247 0.2
    endloop
  endfacet
  facet normal -0.629344 -0.777127 -0
    outer loop
      vertex 21.1375 -67.3367 0.2
      vertex 20.9992 -67.2247 0
      vertex 21.1375 -67.3367 0
    endloop
  endfacet
  facet normal 0.965973 0.258642 0
    outer loop
      vertex 18.3832 -69.1253 2.5
      vertex 18.3372 -68.9535 2.2
      vertex 18.3372 -68.9535 2.5
    endloop
  endfacet
  facet normal 0.965973 0.258642 0
    outer loop
      vertex 18.3372 -68.9535 2.2
      vertex 18.3832 -69.1253 2.5
      vertex 18.3832 -69.1253 2.2
    endloop
  endfacet
  facet normal 0.965973 0.258642 0
    outer loop
      vertex 18.3832 -69.1253 0.2
      vertex 18.3372 -68.9535 0
      vertex 18.3372 -68.9535 0.2
    endloop
  endfacet
  facet normal 0.965973 0.258642 0
    outer loop
      vertex 18.3372 -68.9535 0
      vertex 18.3832 -69.1253 0.2
      vertex 18.3832 -69.1253 0
    endloop
  endfacet
  facet normal 0.966011 -0.258502 0
    outer loop
      vertex 18.3372 -68.2466 2.5
      vertex 18.3832 -68.0747 2.2
      vertex 18.3832 -68.0747 2.5
    endloop
  endfacet
  facet normal 0.966011 -0.258502 0
    outer loop
      vertex 18.3832 -68.0747 2.2
      vertex 18.3372 -68.2466 2.5
      vertex 18.3372 -68.2466 2.2
    endloop
  endfacet
  facet normal 0.966011 -0.258502 0
    outer loop
      vertex 18.3372 -68.2466 0.2
      vertex 18.3832 -68.0747 0
      vertex 18.3832 -68.0747 0.2
    endloop
  endfacet
  facet normal 0.966011 -0.258502 0
    outer loop
      vertex 18.3832 -68.0747 0
      vertex 18.3372 -68.2466 0.2
      vertex 18.3372 -68.2466 0
    endloop
  endfacet
  facet normal -0.966011 -0.258502 0
    outer loop
      vertex 21.6628 -68.2466 0
      vertex 21.6168 -68.0747 0.2
      vertex 21.6168 -68.0747 0
    endloop
  endfacet
  facet normal -0.966011 -0.258502 0
    outer loop
      vertex 21.6168 -68.0747 0.2
      vertex 21.6628 -68.2466 0
      vertex 21.6628 -68.2466 0.2
    endloop
  endfacet
  facet normal -0.966011 -0.258502 0
    outer loop
      vertex 21.6628 -68.2466 2.2
      vertex 21.6168 -68.0747 2.5
      vertex 21.6168 -68.0747 2.2
    endloop
  endfacet
  facet normal -0.966011 -0.258502 0
    outer loop
      vertex 21.6168 -68.0747 2.5
      vertex 21.6628 -68.2466 2.2
      vertex 21.6628 -68.2466 2.5
    endloop
  endfacet
  facet normal -0.933577 0.358377 0
    outer loop
      vertex 21.553 -69.2915 0
      vertex 21.6168 -69.1253 0.2
      vertex 21.6168 -69.1253 0
    endloop
  endfacet
  facet normal -0.933577 0.358377 0
    outer loop
      vertex 21.6168 -69.1253 0.2
      vertex 21.553 -69.2915 0
      vertex 21.553 -69.2915 0.2
    endloop
  endfacet
  facet normal -0.933577 0.358377 0
    outer loop
      vertex 21.553 -69.2915 2.2
      vertex 21.6168 -69.1253 2.5
      vertex 21.6168 -69.1253 2.2
    endloop
  endfacet
  facet normal -0.933577 0.358377 0
    outer loop
      vertex 21.6168 -69.1253 2.5
      vertex 21.553 -69.2915 2.2
      vertex 21.553 -69.2915 2.5
    endloop
  endfacet
  facet normal 0.998633 0.0522639 0
    outer loop
      vertex 18.3093 -68.7777 0.2
      vertex 18.3 -68.6 0
      vertex 18.3 -68.6 0.2
    endloop
  endfacet
  facet normal 0.998633 0.0522639 0
    outer loop
      vertex 18.3 -68.6 0
      vertex 18.3093 -68.7777 0.2
      vertex 18.3093 -68.7777 0
    endloop
  endfacet
  facet normal 0.998633 0.0522639 0
    outer loop
      vertex 18.3093 -68.7777 2.5
      vertex 18.3 -68.6 2.2
      vertex 18.3 -68.6 2.5
    endloop
  endfacet
  facet normal 0.998633 0.0522639 0
    outer loop
      vertex 18.3 -68.6 2.2
      vertex 18.3093 -68.7777 2.5
      vertex 18.3093 -68.7777 2.2
    endloop
  endfacet
  facet normal 0.707107 -0.707107 0
    outer loop
      vertex 18.7367 -67.4625 2.5
      vertex 18.8625 -67.3367 2.2
      vertex 18.8625 -67.3367 2.5
    endloop
  endfacet
  facet normal 0.707107 -0.707107 0
    outer loop
      vertex 18.8625 -67.3367 2.2
      vertex 18.7367 -67.4625 2.5
      vertex 18.7367 -67.4625 2.2
    endloop
  endfacet
  facet normal 0.707107 -0.707107 0
    outer loop
      vertex 18.7367 -67.4625 0.2
      vertex 18.8625 -67.3367 0
      vertex 18.8625 -67.3367 0.2
    endloop
  endfacet
  facet normal 0.707107 -0.707107 0
    outer loop
      vertex 18.8625 -67.3367 0
      vertex 18.7367 -67.4625 0.2
      vertex 18.7367 -67.4625 0
    endloop
  endfacet
  facet normal -0.544672 0.838649 0
    outer loop
      vertex 20.9992 -69.9753 0
      vertex 20.85 -70.0722 0.2
      vertex 20.9992 -69.9753 0.2
    endloop
  endfacet
  facet normal -0.544672 0.838649 0
    outer loop
      vertex 20.85 -70.0722 0.2
      vertex 20.9992 -69.9753 0
      vertex 20.85 -70.0722 0
    endloop
  endfacet
  facet normal -0.544672 0.838649 0
    outer loop
      vertex 20.9992 -69.9753 2.2
      vertex 20.85 -70.0722 2.5
      vertex 20.9992 -69.9753 2.5
    endloop
  endfacet
  facet normal -0.544672 0.838649 0
    outer loop
      vertex 20.85 -70.0722 2.5
      vertex 20.9992 -69.9753 2.2
      vertex 20.85 -70.0722 2.2
    endloop
  endfacet
  facet normal 0.0522639 -0.998633 0
    outer loop
      vertex 19.8223 -66.9093 2.2
      vertex 20 -66.9 2.5
      vertex 19.8223 -66.9093 2.5
    endloop
  endfacet
  facet normal 0.0522639 -0.998633 0
    outer loop
      vertex 20 -66.9 2.5
      vertex 19.8223 -66.9093 2.2
      vertex 20 -66.9 2.2
    endloop
  endfacet
  facet normal 0.0522639 -0.998633 0
    outer loop
      vertex 19.8223 -66.9093 0
      vertex 20 -66.9 0.2
      vertex 19.8223 -66.9093 0.2
    endloop
  endfacet
  facet normal 0.0522639 -0.998633 0
    outer loop
      vertex 20 -66.9 0.2
      vertex 19.8223 -66.9093 0
      vertex 20 -66.9 0
    endloop
  endfacet
  facet normal 0.890915 0.45417 0
    outer loop
      vertex 18.5278 -69.45 0.2
      vertex 18.447 -69.2915 0
      vertex 18.447 -69.2915 0.2
    endloop
  endfacet
  facet normal 0.890915 0.45417 0
    outer loop
      vertex 18.447 -69.2915 0
      vertex 18.5278 -69.45 0.2
      vertex 18.5278 -69.45 0
    endloop
  endfacet
  facet normal 0.890915 0.45417 0
    outer loop
      vertex 18.5278 -69.45 2.5
      vertex 18.447 -69.2915 2.2
      vertex 18.447 -69.2915 2.5
    endloop
  endfacet
  facet normal 0.890915 0.45417 0
    outer loop
      vertex 18.447 -69.2915 2.2
      vertex 18.5278 -69.45 2.5
      vertex 18.5278 -69.45 2.2
    endloop
  endfacet
  facet normal -0.0522639 -0.998633 0
    outer loop
      vertex 20 -66.9 2.2
      vertex 20.1777 -66.9093 2.5
      vertex 20 -66.9 2.5
    endloop
  endfacet
  facet normal -0.0522639 -0.998633 -0
    outer loop
      vertex 20.1777 -66.9093 2.5
      vertex 20 -66.9 2.2
      vertex 20.1777 -66.9093 2.2
    endloop
  endfacet
  facet normal -0.0522639 -0.998633 0
    outer loop
      vertex 20 -66.9 0
      vertex 20.1777 -66.9093 0.2
      vertex 20 -66.9 0.2
    endloop
  endfacet
  facet normal -0.0522639 -0.998633 -0
    outer loop
      vertex 20.1777 -66.9093 0.2
      vertex 20 -66.9 0
      vertex 20.1777 -66.9093 0
    endloop
  endfacet
  facet normal -0.890915 0.45417 0
    outer loop
      vertex 21.4722 -69.45 0
      vertex 21.553 -69.2915 0.2
      vertex 21.553 -69.2915 0
    endloop
  endfacet
  facet normal -0.890915 0.45417 0
    outer loop
      vertex 21.553 -69.2915 0.2
      vertex 21.4722 -69.45 0
      vertex 21.4722 -69.45 0.2
    endloop
  endfacet
  facet normal -0.890915 0.45417 0
    outer loop
      vertex 21.4722 -69.45 2.2
      vertex 21.553 -69.2915 2.5
      vertex 21.553 -69.2915 2.2
    endloop
  endfacet
  facet normal -0.890915 0.45417 0
    outer loop
      vertex 21.553 -69.2915 2.5
      vertex 21.4722 -69.45 2.2
      vertex 21.4722 -69.45 2.5
    endloop
  endfacet
  facet normal -0.629344 0.777127 0
    outer loop
      vertex 21.1375 -69.8633 2.2
      vertex 20.9992 -69.9753 2.5
      vertex 21.1375 -69.8633 2.5
    endloop
  endfacet
  facet normal -0.629344 0.777127 0
    outer loop
      vertex 20.9992 -69.9753 2.5
      vertex 21.1375 -69.8633 2.2
      vertex 20.9992 -69.9753 2.2
    endloop
  endfacet
  facet normal -0.629344 0.777127 0
    outer loop
      vertex 21.1375 -69.8633 0
      vertex 20.9992 -69.9753 0.2
      vertex 21.1375 -69.8633 0.2
    endloop
  endfacet
  facet normal -0.629344 0.777127 0
    outer loop
      vertex 20.9992 -69.9753 0.2
      vertex 21.1375 -69.8633 0
      vertex 20.9992 -69.9753 0
    endloop
  endfacet
  facet normal -0.838649 0.544672 0
    outer loop
      vertex 21.3753 -69.5992 0
      vertex 21.4722 -69.45 0.2
      vertex 21.4722 -69.45 0
    endloop
  endfacet
  facet normal -0.838649 0.544672 0
    outer loop
      vertex 21.4722 -69.45 0.2
      vertex 21.3753 -69.5992 0
      vertex 21.3753 -69.5992 0.2
    endloop
  endfacet
  facet normal -0.838649 0.544672 0
    outer loop
      vertex 21.3753 -69.5992 2.2
      vertex 21.4722 -69.45 2.5
      vertex 21.4722 -69.45 2.2
    endloop
  endfacet
  facet normal -0.838649 0.544672 0
    outer loop
      vertex 21.4722 -69.45 2.5
      vertex 21.3753 -69.5992 2.2
      vertex 21.3753 -69.5992 2.5
    endloop
  endfacet
  facet normal 0.838649 0.544672 0
    outer loop
      vertex 18.6247 -69.5992 2.5
      vertex 18.5278 -69.45 2.2
      vertex 18.5278 -69.45 2.5
    endloop
  endfacet
  facet normal 0.838649 0.544672 0
    outer loop
      vertex 18.5278 -69.45 2.2
      vertex 18.6247 -69.5992 2.5
      vertex 18.6247 -69.5992 2.2
    endloop
  endfacet
  facet normal 0.838649 0.544672 0
    outer loop
      vertex 18.6247 -69.5992 0.2
      vertex 18.5278 -69.45 0
      vertex 18.5278 -69.45 0.2
    endloop
  endfacet
  facet normal 0.838649 0.544672 0
    outer loop
      vertex 18.5278 -69.45 0
      vertex 18.6247 -69.5992 0.2
      vertex 18.6247 -69.5992 0
    endloop
  endfacet
  facet normal 0.933577 -0.358377 0
    outer loop
      vertex 18.3832 -68.0747 2.5
      vertex 18.447 -67.9085 2.2
      vertex 18.447 -67.9085 2.5
    endloop
  endfacet
  facet normal 0.933577 -0.358377 0
    outer loop
      vertex 18.447 -67.9085 2.2
      vertex 18.3832 -68.0747 2.5
      vertex 18.3832 -68.0747 2.2
    endloop
  endfacet
  facet normal 0.933577 -0.358377 0
    outer loop
      vertex 18.3832 -68.0747 0.2
      vertex 18.447 -67.9085 0
      vertex 18.447 -67.9085 0.2
    endloop
  endfacet
  facet normal 0.933577 -0.358377 0
    outer loop
      vertex 18.447 -67.9085 0
      vertex 18.3832 -68.0747 0.2
      vertex 18.3832 -68.0747 0
    endloop
  endfacet
  facet normal 0.998633 -0.0522639 0
    outer loop
      vertex 18.3 -68.6 0.2
      vertex 18.3093 -68.4223 0
      vertex 18.3093 -68.4223 0.2
    endloop
  endfacet
  facet normal 0.998633 -0.0522639 0
    outer loop
      vertex 18.3093 -68.4223 0
      vertex 18.3 -68.6 0.2
      vertex 18.3 -68.6 0
    endloop
  endfacet
  facet normal 0.998633 -0.0522639 0
    outer loop
      vertex 18.3 -68.6 2.5
      vertex 18.3093 -68.4223 2.2
      vertex 18.3093 -68.4223 2.5
    endloop
  endfacet
  facet normal 0.998633 -0.0522639 0
    outer loop
      vertex 18.3093 -68.4223 2.2
      vertex 18.3 -68.6 2.5
      vertex 18.3 -68.6 2.2
    endloop
  endfacet
  facet normal 0.45417 0.890915 -0
    outer loop
      vertex 19.3085 -70.153 0
      vertex 19.15 -70.0722 0.2
      vertex 19.3085 -70.153 0.2
    endloop
  endfacet
  facet normal 0.45417 0.890915 0
    outer loop
      vertex 19.15 -70.0722 0.2
      vertex 19.3085 -70.153 0
      vertex 19.15 -70.0722 0
    endloop
  endfacet
  facet normal 0.45417 0.890915 -0
    outer loop
      vertex 19.3085 -70.153 2.2
      vertex 19.15 -70.0722 2.5
      vertex 19.3085 -70.153 2.5
    endloop
  endfacet
  facet normal 0.45417 0.890915 0
    outer loop
      vertex 19.15 -70.0722 2.5
      vertex 19.3085 -70.153 2.2
      vertex 19.15 -70.0722 2.2
    endloop
  endfacet
  facet normal 0.707107 0.707107 0
    outer loop
      vertex 18.8625 -69.8633 0.2
      vertex 18.7367 -69.7375 0
      vertex 18.7367 -69.7375 0.2
    endloop
  endfacet
  facet normal 0.707107 0.707107 0
    outer loop
      vertex 18.7367 -69.7375 0
      vertex 18.8625 -69.8633 0.2
      vertex 18.8625 -69.8633 0
    endloop
  endfacet
  facet normal 0.707107 0.707107 0
    outer loop
      vertex 18.8625 -69.8633 2.5
      vertex 18.7367 -69.7375 2.2
      vertex 18.7367 -69.7375 2.5
    endloop
  endfacet
  facet normal 0.707107 0.707107 0
    outer loop
      vertex 18.7367 -69.7375 2.2
      vertex 18.8625 -69.8633 2.5
      vertex 18.8625 -69.8633 2.2
    endloop
  endfacet
  facet normal -0.156193 -0.987726 0
    outer loop
      vertex 20.1777 -66.9093 0
      vertex 20.3535 -66.9371 0.2
      vertex 20.1777 -66.9093 0.2
    endloop
  endfacet
  facet normal -0.156193 -0.987726 -0
    outer loop
      vertex 20.3535 -66.9371 0.2
      vertex 20.1777 -66.9093 0
      vertex 20.3535 -66.9371 0
    endloop
  endfacet
  facet normal -0.156193 -0.987726 0
    outer loop
      vertex 20.1777 -66.9093 2.2
      vertex 20.3535 -66.9371 2.5
      vertex 20.1777 -66.9093 2.5
    endloop
  endfacet
  facet normal -0.156193 -0.987726 -0
    outer loop
      vertex 20.3535 -66.9371 2.5
      vertex 20.1777 -66.9093 2.2
      vertex 20.3535 -66.9371 2.2
    endloop
  endfacet
  facet normal 0.358377 0.933577 -0
    outer loop
      vertex 19.4747 -70.2168 0
      vertex 19.3085 -70.153 0.2
      vertex 19.4747 -70.2168 0.2
    endloop
  endfacet
  facet normal 0.358377 0.933577 0
    outer loop
      vertex 19.3085 -70.153 0.2
      vertex 19.4747 -70.2168 0
      vertex 19.3085 -70.153 0
    endloop
  endfacet
  facet normal 0.358377 0.933577 -0
    outer loop
      vertex 19.4747 -70.2168 2.2
      vertex 19.3085 -70.153 2.5
      vertex 19.4747 -70.2168 2.5
    endloop
  endfacet
  facet normal 0.358377 0.933577 0
    outer loop
      vertex 19.3085 -70.153 2.5
      vertex 19.4747 -70.2168 2.2
      vertex 19.3085 -70.153 2.2
    endloop
  endfacet
  facet normal -0.78974 -0.0413313 0.612048
    outer loop
      vertex 21.7 -68.6 0.2
      vertex 23.25 -68.6 2.2
      vertex 21.6907 -68.4223 0.2
    endloop
  endfacet
  facet normal 0.559188 0.559188 0.61206
    outer loop
      vertex 18.7367 -69.7375 0.2
      vertex 17.8253 -71.0152 2.2
      vertex 18.8625 -69.8633 0.2
    endloop
  endfacet
  facet normal 0.559188 0.559188 0.61206
    outer loop
      vertex 17.8253 -71.0152 2.2
      vertex 18.7367 -69.7375 0.2
      vertex 17.5848 -70.7747 2.2
    endloop
  endfacet
  facet normal 0.0413313 -0.78974 0.612048
    outer loop
      vertex 20 -66.9 0.2
      vertex 20 -65.35 2.2
      vertex 19.8223 -66.9093 0.2
    endloop
  endfacet
  facet normal -0.359161 0.704543 0.612064
    outer loop
      vertex 21.625 -71.4146 2.2
      vertex 20.85 -70.0722 0.2
      vertex 20.6915 -70.153 0.2
    endloop
  endfacet
  facet normal 0.614584 0.497665 0.612059
    outer loop
      vertex 17.5848 -70.7747 2.2
      vertex 18.7367 -69.7375 0.2
      vertex 17.3707 -70.5103 2.2
    endloop
  endfacet
  facet normal 0.763833 -0.204789 0.612063
    outer loop
      vertex 18.3372 -68.2466 0.2
      vertex 16.9091 -67.5957 2.2
      vertex 16.821 -67.9243 2.2
    endloop
  endfacet
  facet normal -0.283414 0.738298 0.61204
    outer loop
      vertex 21.0043 -71.6909 2.2
      vertex 20.6915 -70.153 0.2
      vertex 20.5253 -70.2168 0.2
    endloop
  endfacet
  facet normal 0.430747 -0.663206 0.612057
    outer loop
      vertex 19.0008 -67.2247 0.2
      vertex 18.375 -65.7854 2.2
      vertex 18.0897 -65.9707 2.2
    endloop
  endfacet
  facet normal 0.73831 -0.283375 0.612043
    outer loop
      vertex 18.447 -67.9085 0.2
      vertex 17.031 -67.2781 2.2
      vertex 16.9091 -67.5957 2.2
    endloop
  endfacet
  facet normal 0.781093 -0.123673 0.612045
    outer loop
      vertex 18.3093 -68.4223 0.2
      vertex 16.821 -67.9243 2.2
      vertex 16.7678 -68.2603 2.2
    endloop
  endfacet
  facet normal 0.663206 0.430747 0.612057
    outer loop
      vertex 17.3707 -70.5103 2.2
      vertex 18.6247 -69.5992 0.2
      vertex 17.1854 -70.225 2.2
    endloop
  endfacet
  facet normal 0.663214 -0.430734 0.612059
    outer loop
      vertex 18.5278 -67.75 0.2
      vertex 18.6247 -67.6008 0.2
      vertex 17.1854 -66.975 2.2
    endloop
  endfacet
  facet normal -0.204795 -0.763855 0.612033
    outer loop
      vertex 21.0043 -65.5091 2.2
      vertex 20.6757 -65.421 2.2
      vertex 20.3535 -66.9371 0.2
    endloop
  endfacet
  facet normal 0.430734 0.663214 0.612059
    outer loop
      vertex 19.15 -70.0722 0.2
      vertex 19.0008 -69.9753 0.2
      vertex 18.375 -71.4146 2.2
    endloop
  endfacet
  facet normal -0.204955 -0.763801 0.612047
    outer loop
      vertex 20.5253 -66.9832 0.2
      vertex 21.0043 -65.5091 2.2
      vertex 20.3535 -66.9371 0.2
    endloop
  endfacet
  facet normal -0.430747 0.663206 0.612057
    outer loop
      vertex 21.625 -71.4146 2.2
      vertex 21.9103 -71.2293 2.2
      vertex 20.9992 -69.9753 0.2
    endloop
  endfacet
  facet normal 0.0413817 0.78974 0.612044
    outer loop
      vertex 20 -71.85 2.2
      vertex 19.8223 -70.2907 0.2
      vertex 19.6603 -71.8322 2.2
    endloop
  endfacet
  facet normal -0.78974 0.0413817 0.612044
    outer loop
      vertex 23.2322 -68.9397 2.2
      vertex 23.25 -68.6 2.2
      vertex 21.6907 -68.7777 0.2
    endloop
  endfacet
  facet normal -0.123523 -0.781126 0.612032
    outer loop
      vertex 20.3535 -66.9371 0.2
      vertex 20.6757 -65.421 2.2
      vertex 20.1777 -66.9093 0.2
    endloop
  endfacet
  facet normal -0.123673 0.781093 0.612045
    outer loop
      vertex 20.3397 -71.8322 2.2
      vertex 20.6757 -71.779 2.2
      vertex 20.1777 -70.2907 0.2
    endloop
  endfacet
  facet normal 0.497665 -0.614584 0.612059
    outer loop
      vertex 18.8625 -67.3367 0.2
      vertex 18.0897 -65.9707 2.2
      vertex 17.8253 -66.1848 2.2
    endloop
  endfacet
  facet normal 0.204795 -0.763855 0.612033
    outer loop
      vertex 19.6465 -66.9371 0.2
      vertex 19.3243 -65.421 2.2
      vertex 18.9957 -65.5091 2.2
    endloop
  endfacet
  facet normal -0.0413817 0.78974 0.612044
    outer loop
      vertex 20.3397 -71.8322 2.2
      vertex 20.1777 -70.2907 0.2
      vertex 20 -71.85 2.2
    endloop
  endfacet
  facet normal -0.78974 -0.0413817 0.612044
    outer loop
      vertex 23.25 -68.6 2.2
      vertex 23.2322 -68.2603 2.2
      vertex 21.6907 -68.4223 0.2
    endloop
  endfacet
  facet normal -0.497665 0.614584 0.612059
    outer loop
      vertex 21.9103 -71.2293 2.2
      vertex 22.1747 -71.0152 2.2
      vertex 21.1375 -69.8633 0.2
    endloop
  endfacet
  facet normal -0.763837 0.20479 0.612057
    outer loop
      vertex 23.0909 -69.6043 2.2
      vertex 23.179 -69.2757 2.2
      vertex 21.6628 -68.9535 0.2
    endloop
  endfacet
  facet normal 0.497694 0.614563 0.612056
    outer loop
      vertex 19.0008 -69.9753 0.2
      vertex 18.8625 -69.8633 0.2
      vertex 18.0897 -71.2293 2.2
    endloop
  endfacet
  facet normal -0.430734 -0.663214 0.612059
    outer loop
      vertex 20.9992 -67.2247 0.2
      vertex 21.625 -65.7854 2.2
      vertex 20.85 -67.1278 0.2
    endloop
  endfacet
  facet normal 0.781015 -0.12402 0.612074
    outer loop
      vertex 18.3093 -68.4223 0.2
      vertex 18.3372 -68.2466 0.2
      vertex 16.821 -67.9243 2.2
    endloop
  endfacet
  facet normal 0.663214 0.430734 0.612059
    outer loop
      vertex 18.6247 -69.5992 0.2
      vertex 18.5278 -69.45 0.2
      vertex 17.1854 -70.225 2.2
    endloop
  endfacet
  facet normal -0.704663 -0.358957 0.612045
    outer loop
      vertex 22.969 -67.2781 2.2
      vertex 22.8146 -66.975 2.2
      vertex 21.553 -67.9085 0.2
    endloop
  endfacet
  facet normal 0.738298 -0.283414 0.61204
    outer loop
      vertex 18.3832 -68.0747 0.2
      vertex 18.447 -67.9085 0.2
      vertex 16.9091 -67.5957 2.2
    endloop
  endfacet
  facet normal -0.123673 -0.781093 0.612045
    outer loop
      vertex 20.6757 -65.421 2.2
      vertex 20.3397 -65.3678 2.2
      vertex 20.1777 -66.9093 0.2
    endloop
  endfacet
  facet normal 0.0413817 -0.78974 0.612044
    outer loop
      vertex 19.8223 -66.9093 0.2
      vertex 20 -65.35 2.2
      vertex 19.6603 -65.3678 2.2
    endloop
  endfacet
  facet normal -0.358957 -0.704663 0.612045
    outer loop
      vertex 21.625 -65.7854 2.2
      vertex 21.3219 -65.631 2.2
      vertex 20.6915 -67.047 0.2
    endloop
  endfacet
  facet normal 0.559188 -0.559188 0.61206
    outer loop
      vertex 17.8253 -66.1848 2.2
      vertex 18.7367 -67.4625 0.2
      vertex 18.8625 -67.3367 0.2
    endloop
  endfacet
  facet normal 0.559188 -0.559188 0.61206
    outer loop
      vertex 18.7367 -67.4625 0.2
      vertex 17.8253 -66.1848 2.2
      vertex 17.5848 -66.4253 2.2
    endloop
  endfacet
  facet normal -0.763953 -0.204432 0.612033
    outer loop
      vertex 21.6628 -68.2466 0.2
      vertex 23.0909 -67.5957 2.2
      vertex 21.6168 -68.0747 0.2
    endloop
  endfacet
  facet normal -0.0413313 0.78974 0.612048
    outer loop
      vertex 20.1777 -70.2907 0.2
      vertex 20 -70.3 0.2
      vertex 20 -71.85 2.2
    endloop
  endfacet
  facet normal 0.123673 0.781093 0.612045
    outer loop
      vertex 19.6603 -71.8322 2.2
      vertex 19.8223 -70.2907 0.2
      vertex 19.3243 -71.779 2.2
    endloop
  endfacet
  facet normal -0.663206 -0.430747 0.612057
    outer loop
      vertex 22.8146 -66.975 2.2
      vertex 22.6293 -66.6897 2.2
      vertex 21.3753 -67.6008 0.2
    endloop
  endfacet
  facet normal -0.704543 -0.359161 0.612064
    outer loop
      vertex 21.553 -67.9085 0.2
      vertex 22.8146 -66.975 2.2
      vertex 21.4722 -67.75 0.2
    endloop
  endfacet
  facet normal 0.614584 -0.497665 0.612059
    outer loop
      vertex 18.7367 -67.4625 0.2
      vertex 17.5848 -66.4253 2.2
      vertex 17.3707 -66.6897 2.2
    endloop
  endfacet
  facet normal -0.763921 0.204542 0.612036
    outer loop
      vertex 23.0909 -69.6043 2.2
      vertex 21.6628 -68.9535 0.2
      vertex 21.6168 -69.1253 0.2
    endloop
  endfacet
  facet normal 0.283414 0.738298 0.61204
    outer loop
      vertex 19.4747 -70.2168 0.2
      vertex 19.3085 -70.153 0.2
      vertex 18.9957 -71.6909 2.2
    endloop
  endfacet
  facet normal -0.73831 0.283375 0.612043
    outer loop
      vertex 22.969 -69.9219 2.2
      vertex 23.0909 -69.6043 2.2
      vertex 21.553 -69.2915 0.2
    endloop
  endfacet
  facet normal -0.781093 -0.123673 0.612045
    outer loop
      vertex 23.2322 -68.2603 2.2
      vertex 23.179 -67.9243 2.2
      vertex 21.6907 -68.4223 0.2
    endloop
  endfacet
  facet normal -0.78974 0.0413313 0.612048
    outer loop
      vertex 23.25 -68.6 2.2
      vertex 21.7 -68.6 0.2
      vertex 21.6907 -68.7777 0.2
    endloop
  endfacet
  facet normal -0.781093 0.123673 0.612045
    outer loop
      vertex 23.179 -69.2757 2.2
      vertex 23.2322 -68.9397 2.2
      vertex 21.6907 -68.7777 0.2
    endloop
  endfacet
  facet normal -0.704543 0.359161 0.612064
    outer loop
      vertex 22.8146 -70.225 2.2
      vertex 21.553 -69.2915 0.2
      vertex 21.4722 -69.45 0.2
    endloop
  endfacet
  facet normal -0.123952 0.781031 0.612068
    outer loop
      vertex 20.6757 -71.779 2.2
      vertex 20.3535 -70.2628 0.2
      vertex 20.1777 -70.2907 0.2
    endloop
  endfacet
  facet normal 0.430734 -0.663214 0.612059
    outer loop
      vertex 19.0008 -67.2247 0.2
      vertex 19.15 -67.1278 0.2
      vertex 18.375 -65.7854 2.2
    endloop
  endfacet
  facet normal -0.663214 0.430734 0.612059
    outer loop
      vertex 22.8146 -70.225 2.2
      vertex 21.4722 -69.45 0.2
      vertex 21.3753 -69.5992 0.2
    endloop
  endfacet
  facet normal -0.614563 0.497694 0.612056
    outer loop
      vertex 22.6293 -70.5103 2.2
      vertex 21.3753 -69.5992 0.2
      vertex 21.2633 -69.7375 0.2
    endloop
  endfacet
  facet normal -0.283375 -0.73831 0.612043
    outer loop
      vertex 21.3219 -65.631 2.2
      vertex 21.0043 -65.5091 2.2
      vertex 20.6915 -67.047 0.2
    endloop
  endfacet
  facet normal 0.283414 -0.738298 0.61204
    outer loop
      vertex 19.3085 -67.047 0.2
      vertex 19.4747 -66.9832 0.2
      vertex 18.9957 -65.5091 2.2
    endloop
  endfacet
  facet normal -0.663206 0.430747 0.612057
    outer loop
      vertex 22.6293 -70.5103 2.2
      vertex 22.8146 -70.225 2.2
      vertex 21.3753 -69.5992 0.2
    endloop
  endfacet
  facet normal -0.663214 -0.430734 0.612059
    outer loop
      vertex 21.4722 -67.75 0.2
      vertex 22.8146 -66.975 2.2
      vertex 21.3753 -67.6008 0.2
    endloop
  endfacet
  facet normal 0.20479 0.763837 0.612057
    outer loop
      vertex 19.3243 -71.779 2.2
      vertex 19.6465 -70.2628 0.2
      vertex 18.9957 -71.6909 2.2
    endloop
  endfacet
  facet normal -0.704663 0.358957 0.612045
    outer loop
      vertex 22.8146 -70.225 2.2
      vertex 22.969 -69.9219 2.2
      vertex 21.553 -69.2915 0.2
    endloop
  endfacet
  facet normal -0.358957 0.704663 0.612045
    outer loop
      vertex 21.3219 -71.569 2.2
      vertex 21.625 -71.4146 2.2
      vertex 20.6915 -70.153 0.2
    endloop
  endfacet
  facet normal 0.204542 0.763921 0.612036
    outer loop
      vertex 19.6465 -70.2628 0.2
      vertex 19.4747 -70.2168 0.2
      vertex 18.9957 -71.6909 2.2
    endloop
  endfacet
  facet normal 0.663206 -0.430747 0.612057
    outer loop
      vertex 18.6247 -67.6008 0.2
      vertex 17.3707 -66.6897 2.2
      vertex 17.1854 -66.975 2.2
    endloop
  endfacet
  facet normal -0.0413817 -0.78974 0.612044
    outer loop
      vertex 20.1777 -66.9093 0.2
      vertex 20.3397 -65.3678 2.2
      vertex 20 -65.35 2.2
    endloop
  endfacet
  facet normal -0.497694 0.614563 0.612056
    outer loop
      vertex 21.9103 -71.2293 2.2
      vertex 21.1375 -69.8633 0.2
      vertex 20.9992 -69.9753 0.2
    endloop
  endfacet
  facet normal 0.704663 0.358957 0.612045
    outer loop
      vertex 17.1854 -70.225 2.2
      vertex 18.447 -69.2915 0.2
      vertex 17.031 -69.9219 2.2
    endloop
  endfacet
  facet normal 0.704543 -0.359161 0.612064
    outer loop
      vertex 18.447 -67.9085 0.2
      vertex 18.5278 -67.75 0.2
      vertex 17.1854 -66.975 2.2
    endloop
  endfacet
  facet normal -0.738298 0.283414 0.61204
    outer loop
      vertex 23.0909 -69.6043 2.2
      vertex 21.6168 -69.1253 0.2
      vertex 21.553 -69.2915 0.2
    endloop
  endfacet
  facet normal -0.283375 0.73831 0.612043
    outer loop
      vertex 21.0043 -71.6909 2.2
      vertex 21.3219 -71.569 2.2
      vertex 20.6915 -70.153 0.2
    endloop
  endfacet
  facet normal -0.738298 -0.283414 0.61204
    outer loop
      vertex 21.6168 -68.0747 0.2
      vertex 23.0909 -67.5957 2.2
      vertex 21.553 -67.9085 0.2
    endloop
  endfacet
  facet normal -0.781031 0.123952 0.612068
    outer loop
      vertex 23.179 -69.2757 2.2
      vertex 21.6907 -68.7777 0.2
      vertex 21.6628 -68.9535 0.2
    endloop
  endfacet
  facet normal -0.763833 -0.204789 0.612063
    outer loop
      vertex 23.179 -67.9243 2.2
      vertex 23.0909 -67.5957 2.2
      vertex 21.6628 -68.2466 0.2
    endloop
  endfacet
  facet normal -0.781015 -0.12402 0.612074
    outer loop
      vertex 21.6907 -68.4223 0.2
      vertex 23.179 -67.9243 2.2
      vertex 21.6628 -68.2466 0.2
    endloop
  endfacet
  facet normal 0.78974 0.0413313 0.612048
    outer loop
      vertex 18.3093 -68.7777 0.2
      vertex 18.3 -68.6 0.2
      vertex 16.75 -68.6 2.2
    endloop
  endfacet
  facet normal 0.78974 0.0413817 0.612044
    outer loop
      vertex 16.7678 -68.9397 2.2
      vertex 18.3093 -68.7777 0.2
      vertex 16.75 -68.6 2.2
    endloop
  endfacet
  facet normal 0.358957 0.704663 0.612045
    outer loop
      vertex 18.6781 -71.569 2.2
      vertex 19.3085 -70.153 0.2
      vertex 18.375 -71.4146 2.2
    endloop
  endfacet
  facet normal 0.358957 -0.704663 0.612045
    outer loop
      vertex 19.3085 -67.047 0.2
      vertex 18.6781 -65.631 2.2
      vertex 18.375 -65.7854 2.2
    endloop
  endfacet
  facet normal 0.614563 0.497694 0.612056
    outer loop
      vertex 18.7367 -69.7375 0.2
      vertex 18.6247 -69.5992 0.2
      vertex 17.3707 -70.5103 2.2
    endloop
  endfacet
  facet normal 0.704663 -0.358957 0.612045
    outer loop
      vertex 18.447 -67.9085 0.2
      vertex 17.1854 -66.975 2.2
      vertex 17.031 -67.2781 2.2
    endloop
  endfacet
  facet normal -0.204542 0.763921 0.612036
    outer loop
      vertex 21.0043 -71.6909 2.2
      vertex 20.5253 -70.2168 0.2
      vertex 20.3535 -70.2628 0.2
    endloop
  endfacet
  facet normal 0.763953 -0.204432 0.612033
    outer loop
      vertex 18.3372 -68.2466 0.2
      vertex 18.3832 -68.0747 0.2
      vertex 16.9091 -67.5957 2.2
    endloop
  endfacet
  facet normal -0.283414 -0.738298 0.61204
    outer loop
      vertex 20.6915 -67.047 0.2
      vertex 21.0043 -65.5091 2.2
      vertex 20.5253 -66.9832 0.2
    endloop
  endfacet
  facet normal 0.78974 -0.0413313 0.612048
    outer loop
      vertex 18.3 -68.6 0.2
      vertex 18.3093 -68.4223 0.2
      vertex 16.75 -68.6 2.2
    endloop
  endfacet
  facet normal 0.78974 -0.0413817 0.612044
    outer loop
      vertex 18.3093 -68.4223 0.2
      vertex 16.7678 -68.2603 2.2
      vertex 16.75 -68.6 2.2
    endloop
  endfacet
  facet normal -0.73831 -0.283375 0.612043
    outer loop
      vertex 23.0909 -67.5957 2.2
      vertex 22.969 -67.2781 2.2
      vertex 21.553 -67.9085 0.2
    endloop
  endfacet
  facet normal 0.497694 -0.614563 0.612056
    outer loop
      vertex 18.8625 -67.3367 0.2
      vertex 19.0008 -67.2247 0.2
      vertex 18.0897 -65.9707 2.2
    endloop
  endfacet
  facet normal 0.123952 0.781031 0.612068
    outer loop
      vertex 19.8223 -70.2907 0.2
      vertex 19.6465 -70.2628 0.2
      vertex 19.3243 -71.779 2.2
    endloop
  endfacet
  facet normal 0.359161 -0.704543 0.612064
    outer loop
      vertex 19.15 -67.1278 0.2
      vertex 19.3085 -67.047 0.2
      vertex 18.375 -65.7854 2.2
    endloop
  endfacet
  facet normal -0.0413313 -0.78974 0.612048
    outer loop
      vertex 20.1777 -66.9093 0.2
      vertex 20 -65.35 2.2
      vertex 20 -66.9 0.2
    endloop
  endfacet
  facet normal -0.20479 0.763837 0.612057
    outer loop
      vertex 20.6757 -71.779 2.2
      vertex 21.0043 -71.6909 2.2
      vertex 20.3535 -70.2628 0.2
    endloop
  endfacet
  facet normal 0.738298 0.283414 0.61204
    outer loop
      vertex 18.447 -69.2915 0.2
      vertex 18.3832 -69.1253 0.2
      vertex 16.9091 -69.6043 2.2
    endloop
  endfacet
  facet normal 0.123523 -0.781126 0.612032
    outer loop
      vertex 19.6465 -66.9371 0.2
      vertex 19.8223 -66.9093 0.2
      vertex 19.3243 -65.421 2.2
    endloop
  endfacet
  facet normal -0.430734 0.663214 0.612059
    outer loop
      vertex 21.625 -71.4146 2.2
      vertex 20.9992 -69.9753 0.2
      vertex 20.85 -70.0722 0.2
    endloop
  endfacet
  facet normal 0.204955 -0.763801 0.612047
    outer loop
      vertex 19.4747 -66.9832 0.2
      vertex 19.6465 -66.9371 0.2
      vertex 18.9957 -65.5091 2.2
    endloop
  endfacet
  facet normal -0.497694 -0.614563 0.612056
    outer loop
      vertex 21.1375 -67.3367 0.2
      vertex 21.9103 -65.9707 2.2
      vertex 20.9992 -67.2247 0.2
    endloop
  endfacet
  facet normal -0.614563 -0.497694 0.612056
    outer loop
      vertex 21.3753 -67.6008 0.2
      vertex 22.6293 -66.6897 2.2
      vertex 21.2633 -67.4625 0.2
    endloop
  endfacet
  facet normal -0.559188 0.559188 0.61206
    outer loop
      vertex 21.2633 -69.7375 0.2
      vertex 22.1747 -71.0152 2.2
      vertex 22.4152 -70.7747 2.2
    endloop
  endfacet
  facet normal -0.559188 0.559188 0.61206
    outer loop
      vertex 22.1747 -71.0152 2.2
      vertex 21.2633 -69.7375 0.2
      vertex 21.1375 -69.8633 0.2
    endloop
  endfacet
  facet normal -0.614584 0.497665 0.612059
    outer loop
      vertex 22.4152 -70.7747 2.2
      vertex 22.6293 -70.5103 2.2
      vertex 21.2633 -69.7375 0.2
    endloop
  endfacet
  facet normal 0.123673 -0.781093 0.612045
    outer loop
      vertex 19.8223 -66.9093 0.2
      vertex 19.6603 -65.3678 2.2
      vertex 19.3243 -65.421 2.2
    endloop
  endfacet
  facet normal -0.359161 -0.704543 0.612064
    outer loop
      vertex 20.85 -67.1278 0.2
      vertex 21.625 -65.7854 2.2
      vertex 20.6915 -67.047 0.2
    endloop
  endfacet
  facet normal -0.497665 -0.614584 0.612059
    outer loop
      vertex 22.1747 -66.1848 2.2
      vertex 21.9103 -65.9707 2.2
      vertex 21.1375 -67.3367 0.2
    endloop
  endfacet
  facet normal 0.283375 0.73831 0.612043
    outer loop
      vertex 18.9957 -71.6909 2.2
      vertex 19.3085 -70.153 0.2
      vertex 18.6781 -71.569 2.2
    endloop
  endfacet
  facet normal 0.430747 0.663206 0.612057
    outer loop
      vertex 18.375 -71.4146 2.2
      vertex 19.0008 -69.9753 0.2
      vertex 18.0897 -71.2293 2.2
    endloop
  endfacet
  facet normal -0.614584 -0.497665 0.612059
    outer loop
      vertex 22.6293 -66.6897 2.2
      vertex 22.4152 -66.4253 2.2
      vertex 21.2633 -67.4625 0.2
    endloop
  endfacet
  facet normal -0.559188 -0.559188 0.61206
    outer loop
      vertex 22.1747 -66.1848 2.2
      vertex 21.2633 -67.4625 0.2
      vertex 22.4152 -66.4253 2.2
    endloop
  endfacet
  facet normal -0.559188 -0.559188 0.61206
    outer loop
      vertex 21.2633 -67.4625 0.2
      vertex 22.1747 -66.1848 2.2
      vertex 21.1375 -67.3367 0.2
    endloop
  endfacet
  facet normal 0.781093 0.123673 0.612045
    outer loop
      vertex 16.821 -69.2757 2.2
      vertex 18.3093 -68.7777 0.2
      vertex 16.7678 -68.9397 2.2
    endloop
  endfacet
  facet normal 0.763921 0.204542 0.612036
    outer loop
      vertex 18.3832 -69.1253 0.2
      vertex 18.3372 -68.9535 0.2
      vertex 16.9091 -69.6043 2.2
    endloop
  endfacet
  facet normal 0 0 -1
    outer loop
      vertex 21.7 -68.6 2.2
      vertex 23.25 -68.6 2.2
      vertex 23.2322 -68.9397 2.2
    endloop
  endfacet
  facet normal 0 0 -1
    outer loop
      vertex 21.6907 -68.7777 2.2
      vertex 23.2322 -68.9397 2.2
      vertex 23.179 -69.2757 2.2
    endloop
  endfacet
  facet normal 0 0 -1
    outer loop
      vertex 23.25 -68.6 2.2
      vertex 21.7 -68.6 2.2
      vertex 23.2322 -68.2603 2.2
    endloop
  endfacet
  facet normal 0 0 -1
    outer loop
      vertex 21.6628 -68.9535 2.2
      vertex 23.179 -69.2757 2.2
      vertex 23.0909 -69.6043 2.2
    endloop
  endfacet
  facet normal 0 0 -1
    outer loop
      vertex 21.6907 -68.4223 2.2
      vertex 23.2322 -68.2603 2.2
      vertex 21.7 -68.6 2.2
    endloop
  endfacet
  facet normal 0 0 -1
    outer loop
      vertex 21.6168 -69.1253 2.2
      vertex 23.0909 -69.6043 2.2
      vertex 22.969 -69.9219 2.2
    endloop
  endfacet
  facet normal -0 0 -1
    outer loop
      vertex 23.2322 -68.2603 2.2
      vertex 21.6907 -68.4223 2.2
      vertex 23.179 -67.9243 2.2
    endloop
  endfacet
  facet normal 0 0 -1
    outer loop
      vertex 21.553 -69.2915 2.2
      vertex 22.969 -69.9219 2.2
      vertex 22.8146 -70.225 2.2
    endloop
  endfacet
  facet normal 0 0 -1
    outer loop
      vertex 21.6628 -68.2466 2.2
      vertex 23.179 -67.9243 2.2
      vertex 21.6907 -68.4223 2.2
    endloop
  endfacet
  facet normal 0 0 -1
    outer loop
      vertex 21.4722 -69.45 2.2
      vertex 22.8146 -70.225 2.2
      vertex 22.6293 -70.5103 2.2
    endloop
  endfacet
  facet normal -0 0 -1
    outer loop
      vertex 23.179 -67.9243 2.2
      vertex 21.6628 -68.2466 2.2
      vertex 23.0909 -67.5957 2.2
    endloop
  endfacet
  facet normal 0 0 -1
    outer loop
      vertex 21.3753 -69.5992 2.2
      vertex 22.6293 -70.5103 2.2
      vertex 22.4152 -70.7747 2.2
    endloop
  endfacet
  facet normal 0 0 -1
    outer loop
      vertex 21.6168 -68.0747 2.2
      vertex 23.0909 -67.5957 2.2
      vertex 21.6628 -68.2466 2.2
    endloop
  endfacet
  facet normal 0 0 -1
    outer loop
      vertex 21.2633 -69.7375 2.2
      vertex 22.4152 -70.7747 2.2
      vertex 22.1747 -71.0152 2.2
    endloop
  endfacet
  facet normal -0 0 -1
    outer loop
      vertex 23.0909 -67.5957 2.2
      vertex 21.6168 -68.0747 2.2
      vertex 22.969 -67.2781 2.2
    endloop
  endfacet
  facet normal 0 0 -1
    outer loop
      vertex 21.1375 -69.8633 2.2
      vertex 22.1747 -71.0152 2.2
      vertex 21.9103 -71.2293 2.2
    endloop
  endfacet
  facet normal 0 0 -1
    outer loop
      vertex 21.553 -67.9085 2.2
      vertex 22.969 -67.2781 2.2
      vertex 21.6168 -68.0747 2.2
    endloop
  endfacet
  facet normal -0 0 -1
    outer loop
      vertex 22.969 -67.2781 2.2
      vertex 21.553 -67.9085 2.2
      vertex 22.8146 -66.975 2.2
    endloop
  endfacet
  facet normal 0 0 -1
    outer loop
      vertex 23.2322 -68.9397 2.2
      vertex 21.6907 -68.7777 2.2
      vertex 21.7 -68.6 2.2
    endloop
  endfacet
  facet normal 0 0 -1
    outer loop
      vertex 23.179 -69.2757 2.2
      vertex 21.6628 -68.9535 2.2
      vertex 21.6907 -68.7777 2.2
    endloop
  endfacet
  facet normal 0 0 -1
    outer loop
      vertex 20.9992 -69.9753 2.2
      vertex 21.9103 -71.2293 2.2
      vertex 21.625 -71.4146 2.2
    endloop
  endfacet
  facet normal 0 0 -1
    outer loop
      vertex 23.0909 -69.6043 2.2
      vertex 21.6168 -69.1253 2.2
      vertex 21.6628 -68.9535 2.2
    endloop
  endfacet
  facet normal 0 0 -1
    outer loop
      vertex 22.969 -69.9219 2.2
      vertex 21.553 -69.2915 2.2
      vertex 21.6168 -69.1253 2.2
    endloop
  endfacet
  facet normal 0 0 -1
    outer loop
      vertex 22.8146 -70.225 2.2
      vertex 21.4722 -69.45 2.2
      vertex 21.553 -69.2915 2.2
    endloop
  endfacet
  facet normal 0 0 -1
    outer loop
      vertex 22.6293 -70.5103 2.2
      vertex 21.3753 -69.5992 2.2
      vertex 21.4722 -69.45 2.2
    endloop
  endfacet
  facet normal 0 0 -1
    outer loop
      vertex 20.85 -70.0722 2.2
      vertex 21.625 -71.4146 2.2
      vertex 21.3219 -71.569 2.2
    endloop
  endfacet
  facet normal 0 0 -1
    outer loop
      vertex 22.4152 -70.7747 2.2
      vertex 21.2633 -69.7375 2.2
      vertex 21.3753 -69.5992 2.2
    endloop
  endfacet
  facet normal 0 0 -1
    outer loop
      vertex 22.1747 -71.0152 2.2
      vertex 21.1375 -69.8633 2.2
      vertex 21.2633 -69.7375 2.2
    endloop
  endfacet
  facet normal 0 0 -1
    outer loop
      vertex 20.6915 -70.153 2.2
      vertex 21.3219 -71.569 2.2
      vertex 21.0043 -71.6909 2.2
    endloop
  endfacet
  facet normal 0 0 -1
    outer loop
      vertex 21.9103 -71.2293 2.2
      vertex 20.9992 -69.9753 2.2
      vertex 21.1375 -69.8633 2.2
    endloop
  endfacet
  facet normal 0 0 -1
    outer loop
      vertex 21.625 -71.4146 2.2
      vertex 20.85 -70.0722 2.2
      vertex 20.9992 -69.9753 2.2
    endloop
  endfacet
  facet normal 0 0 -1
    outer loop
      vertex 21.3219 -71.569 2.2
      vertex 20.6915 -70.153 2.2
      vertex 20.85 -70.0722 2.2
    endloop
  endfacet
  facet normal 0 0 -1
    outer loop
      vertex 20.5253 -70.2168 2.2
      vertex 21.0043 -71.6909 2.2
      vertex 20.6757 -71.779 2.2
    endloop
  endfacet
  facet normal 0 0 -1
    outer loop
      vertex 21.0043 -71.6909 2.2
      vertex 20.5253 -70.2168 2.2
      vertex 20.6915 -70.153 2.2
    endloop
  endfacet
  facet normal 0 0 -1
    outer loop
      vertex 20.6757 -71.779 2.2
      vertex 20.3535 -70.2628 2.2
      vertex 20.5253 -70.2168 2.2
    endloop
  endfacet
  facet normal 0 0 -1
    outer loop
      vertex 20.3397 -71.8322 2.2
      vertex 20.3535 -70.2628 2.2
      vertex 20.6757 -71.779 2.2
    endloop
  endfacet
  facet normal 0 0 -1
    outer loop
      vertex 20.3397 -71.8322 2.2
      vertex 20.1777 -70.2907 2.2
      vertex 20.3535 -70.2628 2.2
    endloop
  endfacet
  facet normal 0 0 -1
    outer loop
      vertex 20 -71.85 2.2
      vertex 20.1777 -70.2907 2.2
      vertex 20.3397 -71.8322 2.2
    endloop
  endfacet
  facet normal 0 0 -1
    outer loop
      vertex 20 -71.85 2.2
      vertex 20 -70.3 2.2
      vertex 20.1777 -70.2907 2.2
    endloop
  endfacet
  facet normal 0 0 -1
    outer loop
      vertex 20 -71.85 2.2
      vertex 19.8223 -70.2907 2.2
      vertex 20 -70.3 2.2
    endloop
  endfacet
  facet normal 0 0 -1
    outer loop
      vertex 19.6603 -71.8322 2.2
      vertex 19.8223 -70.2907 2.2
      vertex 20 -71.85 2.2
    endloop
  endfacet
  facet normal 0 0 -1
    outer loop
      vertex 19.6603 -71.8322 2.2
      vertex 19.6465 -70.2628 2.2
      vertex 19.8223 -70.2907 2.2
    endloop
  endfacet
  facet normal 0 0 -1
    outer loop
      vertex 19.3243 -71.779 2.2
      vertex 19.6465 -70.2628 2.2
      vertex 19.6603 -71.8322 2.2
    endloop
  endfacet
  facet normal -0 0 -1
    outer loop
      vertex 19.6465 -70.2628 2.2
      vertex 19.3243 -71.779 2.2
      vertex 19.4747 -70.2168 2.2
    endloop
  endfacet
  facet normal 0 0 -1
    outer loop
      vertex 18.9957 -71.6909 2.2
      vertex 19.4747 -70.2168 2.2
      vertex 19.3243 -71.779 2.2
    endloop
  endfacet
  facet normal -0 0 -1
    outer loop
      vertex 19.4747 -70.2168 2.2
      vertex 18.9957 -71.6909 2.2
      vertex 19.3085 -70.153 2.2
    endloop
  endfacet
  facet normal 0 0 -1
    outer loop
      vertex 18.6781 -71.569 2.2
      vertex 19.3085 -70.153 2.2
      vertex 18.9957 -71.6909 2.2
    endloop
  endfacet
  facet normal -0 0 -1
    outer loop
      vertex 19.3085 -70.153 2.2
      vertex 18.6781 -71.569 2.2
      vertex 19.15 -70.0722 2.2
    endloop
  endfacet
  facet normal 0 0 -1
    outer loop
      vertex 18.375 -71.4146 2.2
      vertex 19.15 -70.0722 2.2
      vertex 18.6781 -71.569 2.2
    endloop
  endfacet
  facet normal -0 0 -1
    outer loop
      vertex 19.15 -70.0722 2.2
      vertex 18.375 -71.4146 2.2
      vertex 19.0008 -69.9753 2.2
    endloop
  endfacet
  facet normal 0 0 -1
    outer loop
      vertex 18.0897 -71.2293 2.2
      vertex 19.0008 -69.9753 2.2
      vertex 18.375 -71.4146 2.2
    endloop
  endfacet
  facet normal -0 0 -1
    outer loop
      vertex 19.0008 -69.9753 2.2
      vertex 18.0897 -71.2293 2.2
      vertex 18.8625 -69.8633 2.2
    endloop
  endfacet
  facet normal 0 0 -1
    outer loop
      vertex 17.8253 -71.0152 2.2
      vertex 18.8625 -69.8633 2.2
      vertex 18.0897 -71.2293 2.2
    endloop
  endfacet
  facet normal -0 0 -1
    outer loop
      vertex 18.8625 -69.8633 2.2
      vertex 17.8253 -71.0152 2.2
      vertex 18.7367 -69.7375 2.2
    endloop
  endfacet
  facet normal 0 0 -1
    outer loop
      vertex 17.5848 -70.7747 2.2
      vertex 18.7367 -69.7375 2.2
      vertex 17.8253 -71.0152 2.2
    endloop
  endfacet
  facet normal -0 0 -1
    outer loop
      vertex 18.7367 -69.7375 2.2
      vertex 17.5848 -70.7747 2.2
      vertex 18.6247 -69.5992 2.2
    endloop
  endfacet
  facet normal 0 0 -1
    outer loop
      vertex 17.3707 -70.5103 2.2
      vertex 18.6247 -69.5992 2.2
      vertex 17.5848 -70.7747 2.2
    endloop
  endfacet
  facet normal -0 0 -1
    outer loop
      vertex 18.6247 -69.5992 2.2
      vertex 17.3707 -70.5103 2.2
      vertex 18.5278 -69.45 2.2
    endloop
  endfacet
  facet normal 0 0 -1
    outer loop
      vertex 17.1854 -70.225 2.2
      vertex 18.5278 -69.45 2.2
      vertex 17.3707 -70.5103 2.2
    endloop
  endfacet
  facet normal -0 0 -1
    outer loop
      vertex 18.5278 -69.45 2.2
      vertex 17.1854 -70.225 2.2
      vertex 18.447 -69.2915 2.2
    endloop
  endfacet
  facet normal 0 0 -1
    outer loop
      vertex 21.4722 -67.75 2.2
      vertex 22.8146 -66.975 2.2
      vertex 21.553 -67.9085 2.2
    endloop
  endfacet
  facet normal -0 0 -1
    outer loop
      vertex 22.8146 -66.975 2.2
      vertex 21.4722 -67.75 2.2
      vertex 22.6293 -66.6897 2.2
    endloop
  endfacet
  facet normal 0 0 -1
    outer loop
      vertex 21.3753 -67.6008 2.2
      vertex 22.6293 -66.6897 2.2
      vertex 21.4722 -67.75 2.2
    endloop
  endfacet
  facet normal -0 0 -1
    outer loop
      vertex 22.6293 -66.6897 2.2
      vertex 21.3753 -67.6008 2.2
      vertex 22.4152 -66.4253 2.2
    endloop
  endfacet
  facet normal 0 0 -1
    outer loop
      vertex 21.2633 -67.4625 2.2
      vertex 22.4152 -66.4253 2.2
      vertex 21.3753 -67.6008 2.2
    endloop
  endfacet
  facet normal -0 0 -1
    outer loop
      vertex 22.4152 -66.4253 2.2
      vertex 21.2633 -67.4625 2.2
      vertex 22.1747 -66.1848 2.2
    endloop
  endfacet
  facet normal 0 0 -1
    outer loop
      vertex 21.1375 -67.3367 2.2
      vertex 22.1747 -66.1848 2.2
      vertex 21.2633 -67.4625 2.2
    endloop
  endfacet
  facet normal -0 0 -1
    outer loop
      vertex 22.1747 -66.1848 2.2
      vertex 21.1375 -67.3367 2.2
      vertex 21.9103 -65.9707 2.2
    endloop
  endfacet
  facet normal 0 0 -1
    outer loop
      vertex 20.9992 -67.2247 2.2
      vertex 21.9103 -65.9707 2.2
      vertex 21.1375 -67.3367 2.2
    endloop
  endfacet
  facet normal -0 0 -1
    outer loop
      vertex 21.9103 -65.9707 2.2
      vertex 20.9992 -67.2247 2.2
      vertex 21.625 -65.7854 2.2
    endloop
  endfacet
  facet normal 0 0 -1
    outer loop
      vertex 20.85 -67.1278 2.2
      vertex 21.625 -65.7854 2.2
      vertex 20.9992 -67.2247 2.2
    endloop
  endfacet
  facet normal -0 0 -1
    outer loop
      vertex 21.625 -65.7854 2.2
      vertex 20.85 -67.1278 2.2
      vertex 21.3219 -65.631 2.2
    endloop
  endfacet
  facet normal 0 0 -1
    outer loop
      vertex 20.6915 -67.047 2.2
      vertex 21.3219 -65.631 2.2
      vertex 20.85 -67.1278 2.2
    endloop
  endfacet
  facet normal -0 0 -1
    outer loop
      vertex 21.3219 -65.631 2.2
      vertex 20.6915 -67.047 2.2
      vertex 21.0043 -65.5091 2.2
    endloop
  endfacet
  facet normal 0 0 -1
    outer loop
      vertex 20.5253 -66.9832 2.2
      vertex 21.0043 -65.5091 2.2
      vertex 20.6915 -67.047 2.2
    endloop
  endfacet
  facet normal -0 0 -1
    outer loop
      vertex 21.0043 -65.5091 2.2
      vertex 20.5253 -66.9832 2.2
      vertex 20.6757 -65.421 2.2
    endloop
  endfacet
  facet normal 0 0 -1
    outer loop
      vertex 20.3535 -66.9371 2.2
      vertex 20.6757 -65.421 2.2
      vertex 20.5253 -66.9832 2.2
    endloop
  endfacet
  facet normal 0 0 -1
    outer loop
      vertex 20.3535 -66.9371 2.2
      vertex 20.3397 -65.3678 2.2
      vertex 20.6757 -65.421 2.2
    endloop
  endfacet
  facet normal 0 0 -1
    outer loop
      vertex 20.1777 -66.9093 2.2
      vertex 20.3397 -65.3678 2.2
      vertex 20.3535 -66.9371 2.2
    endloop
  endfacet
  facet normal 0 0 -1
    outer loop
      vertex 20 -66.9 2.2
      vertex 20.3397 -65.3678 2.2
      vertex 20.1777 -66.9093 2.2
    endloop
  endfacet
  facet normal 0 0 -1
    outer loop
      vertex 20 -66.9 2.2
      vertex 20 -65.35 2.2
      vertex 20.3397 -65.3678 2.2
    endloop
  endfacet
  facet normal 0 0 -1
    outer loop
      vertex 19.8223 -66.9093 2.2
      vertex 20 -65.35 2.2
      vertex 20 -66.9 2.2
    endloop
  endfacet
  facet normal 0 0 -1
    outer loop
      vertex 19.8223 -66.9093 2.2
      vertex 19.6603 -65.3678 2.2
      vertex 20 -65.35 2.2
    endloop
  endfacet
  facet normal 0 0 -1
    outer loop
      vertex 19.6465 -66.9371 2.2
      vertex 19.6603 -65.3678 2.2
      vertex 19.8223 -66.9093 2.2
    endloop
  endfacet
  facet normal 0 0 -1
    outer loop
      vertex 19.3243 -65.421 2.2
      vertex 19.6465 -66.9371 2.2
      vertex 19.4747 -66.9832 2.2
    endloop
  endfacet
  facet normal 0 0 -1
    outer loop
      vertex 19.6465 -66.9371 2.2
      vertex 19.3243 -65.421 2.2
      vertex 19.6603 -65.3678 2.2
    endloop
  endfacet
  facet normal 0 0 -1
    outer loop
      vertex 18.9957 -65.5091 2.2
      vertex 19.4747 -66.9832 2.2
      vertex 19.3085 -67.047 2.2
    endloop
  endfacet
  facet normal 0 0 -1
    outer loop
      vertex 18.6781 -65.631 2.2
      vertex 19.3085 -67.047 2.2
      vertex 19.15 -67.1278 2.2
    endloop
  endfacet
  facet normal 0 0 -1
    outer loop
      vertex 18.375 -65.7854 2.2
      vertex 19.15 -67.1278 2.2
      vertex 19.0008 -67.2247 2.2
    endloop
  endfacet
  facet normal 0 0 -1
    outer loop
      vertex 19.4747 -66.9832 2.2
      vertex 18.9957 -65.5091 2.2
      vertex 19.3243 -65.421 2.2
    endloop
  endfacet
  facet normal 0 0 -1
    outer loop
      vertex 18.0897 -65.9707 2.2
      vertex 19.0008 -67.2247 2.2
      vertex 18.8625 -67.3367 2.2
    endloop
  endfacet
  facet normal 0 0 -1
    outer loop
      vertex 17.8253 -66.1848 2.2
      vertex 18.8625 -67.3367 2.2
      vertex 18.7367 -67.4625 2.2
    endloop
  endfacet
  facet normal 0 0 -1
    outer loop
      vertex 19.3085 -67.047 2.2
      vertex 18.6781 -65.631 2.2
      vertex 18.9957 -65.5091 2.2
    endloop
  endfacet
  facet normal 0 0 -1
    outer loop
      vertex 17.5848 -66.4253 2.2
      vertex 18.7367 -67.4625 2.2
      vertex 18.6247 -67.6008 2.2
    endloop
  endfacet
  facet normal 0 0 -1
    outer loop
      vertex 17.3707 -66.6897 2.2
      vertex 18.6247 -67.6008 2.2
      vertex 18.5278 -67.75 2.2
    endloop
  endfacet
  facet normal 0 0 -1
    outer loop
      vertex 17.1854 -66.975 2.2
      vertex 18.5278 -67.75 2.2
      vertex 18.447 -67.9085 2.2
    endloop
  endfacet
  facet normal 0 0 -1
    outer loop
      vertex 17.031 -67.2781 2.2
      vertex 18.447 -67.9085 2.2
      vertex 18.3832 -68.0747 2.2
    endloop
  endfacet
  facet normal 0 0 -1
    outer loop
      vertex 19.15 -67.1278 2.2
      vertex 18.375 -65.7854 2.2
      vertex 18.6781 -65.631 2.2
    endloop
  endfacet
  facet normal 0 0 -1
    outer loop
      vertex 16.9091 -67.5957 2.2
      vertex 18.3832 -68.0747 2.2
      vertex 18.3372 -68.2466 2.2
    endloop
  endfacet
  facet normal 0 0 -1
    outer loop
      vertex 16.821 -67.9243 2.2
      vertex 18.3372 -68.2466 2.2
      vertex 18.3093 -68.4223 2.2
    endloop
  endfacet
  facet normal 0 0 -1
    outer loop
      vertex 16.7678 -68.2603 2.2
      vertex 18.3093 -68.4223 2.2
      vertex 18.3 -68.6 2.2
    endloop
  endfacet
  facet normal 0 0 -1
    outer loop
      vertex 17.031 -69.9219 2.2
      vertex 18.447 -69.2915 2.2
      vertex 17.1854 -70.225 2.2
    endloop
  endfacet
  facet normal 0 0 -1
    outer loop
      vertex 19.0008 -67.2247 2.2
      vertex 18.0897 -65.9707 2.2
      vertex 18.375 -65.7854 2.2
    endloop
  endfacet
  facet normal -0 0 -1
    outer loop
      vertex 18.447 -69.2915 2.2
      vertex 17.031 -69.9219 2.2
      vertex 18.3832 -69.1253 2.2
    endloop
  endfacet
  facet normal 0 0 -1
    outer loop
      vertex 18.8625 -67.3367 2.2
      vertex 17.8253 -66.1848 2.2
      vertex 18.0897 -65.9707 2.2
    endloop
  endfacet
  facet normal 0 0 -1
    outer loop
      vertex 16.9091 -69.6043 2.2
      vertex 18.3832 -69.1253 2.2
      vertex 17.031 -69.9219 2.2
    endloop
  endfacet
  facet normal 0 0 -1
    outer loop
      vertex 18.7367 -67.4625 2.2
      vertex 17.5848 -66.4253 2.2
      vertex 17.8253 -66.1848 2.2
    endloop
  endfacet
  facet normal -0 0 -1
    outer loop
      vertex 18.3832 -69.1253 2.2
      vertex 16.9091 -69.6043 2.2
      vertex 18.3372 -68.9535 2.2
    endloop
  endfacet
  facet normal 0 0 -1
    outer loop
      vertex 18.6247 -67.6008 2.2
      vertex 17.3707 -66.6897 2.2
      vertex 17.5848 -66.4253 2.2
    endloop
  endfacet
  facet normal 0 0 -1
    outer loop
      vertex 16.821 -69.2757 2.2
      vertex 18.3372 -68.9535 2.2
      vertex 16.9091 -69.6043 2.2
    endloop
  endfacet
  facet normal 0 0 -1
    outer loop
      vertex 18.5278 -67.75 2.2
      vertex 17.1854 -66.975 2.2
      vertex 17.3707 -66.6897 2.2
    endloop
  endfacet
  facet normal -0 0 -1
    outer loop
      vertex 18.3372 -68.9535 2.2
      vertex 16.821 -69.2757 2.2
      vertex 18.3093 -68.7777 2.2
    endloop
  endfacet
  facet normal 0 0 -1
    outer loop
      vertex 18.447 -67.9085 2.2
      vertex 17.031 -67.2781 2.2
      vertex 17.1854 -66.975 2.2
    endloop
  endfacet
  facet normal 0 0 -1
    outer loop
      vertex 16.7678 -68.9397 2.2
      vertex 18.3093 -68.7777 2.2
      vertex 16.821 -69.2757 2.2
    endloop
  endfacet
  facet normal 0 0 -1
    outer loop
      vertex 18.3832 -68.0747 2.2
      vertex 16.9091 -67.5957 2.2
      vertex 17.031 -67.2781 2.2
    endloop
  endfacet
  facet normal -0 0 -1
    outer loop
      vertex 18.3093 -68.7777 2.2
      vertex 16.7678 -68.9397 2.2
      vertex 18.3 -68.6 2.2
    endloop
  endfacet
  facet normal 0 0 -1
    outer loop
      vertex 18.3372 -68.2466 2.2
      vertex 16.821 -67.9243 2.2
      vertex 16.9091 -67.5957 2.2
    endloop
  endfacet
  facet normal 0 0 -1
    outer loop
      vertex 16.75 -68.6 2.2
      vertex 18.3 -68.6 2.2
      vertex 16.7678 -68.9397 2.2
    endloop
  endfacet
  facet normal 0 0 -1
    outer loop
      vertex 18.3093 -68.4223 2.2
      vertex 16.7678 -68.2603 2.2
      vertex 16.821 -67.9243 2.2
    endloop
  endfacet
  facet normal 0 0 -1
    outer loop
      vertex 18.3 -68.6 2.2
      vertex 16.75 -68.6 2.2
      vertex 16.7678 -68.2603 2.2
    endloop
  endfacet
  facet normal 0.359161 0.704543 0.612064
    outer loop
      vertex 19.3085 -70.153 0.2
      vertex 19.15 -70.0722 0.2
      vertex 18.375 -71.4146 2.2
    endloop
  endfacet
  facet normal 0.283375 -0.73831 0.612043
    outer loop
      vertex 19.3085 -67.047 0.2
      vertex 18.9957 -65.5091 2.2
      vertex 18.6781 -65.631 2.2
    endloop
  endfacet
  facet normal 0.0413313 0.78974 0.612048
    outer loop
      vertex 20 -71.85 2.2
      vertex 20 -70.3 0.2
      vertex 19.8223 -70.2907 0.2
    endloop
  endfacet
  facet normal 0.614563 -0.497694 0.612056
    outer loop
      vertex 18.6247 -67.6008 0.2
      vertex 18.7367 -67.4625 0.2
      vertex 17.3707 -66.6897 2.2
    endloop
  endfacet
  facet normal -0.430747 -0.663206 0.612057
    outer loop
      vertex 21.9103 -65.9707 2.2
      vertex 21.625 -65.7854 2.2
      vertex 20.9992 -67.2247 0.2
    endloop
  endfacet
  facet normal 0.781031 0.123952 0.612068
    outer loop
      vertex 18.3372 -68.9535 0.2
      vertex 18.3093 -68.7777 0.2
      vertex 16.821 -69.2757 2.2
    endloop
  endfacet
  facet normal 0.704543 0.359161 0.612064
    outer loop
      vertex 18.5278 -69.45 0.2
      vertex 18.447 -69.2915 0.2
      vertex 17.1854 -70.225 2.2
    endloop
  endfacet
  facet normal 0.73831 0.283375 0.612043
    outer loop
      vertex 17.031 -69.9219 2.2
      vertex 18.447 -69.2915 0.2
      vertex 16.9091 -69.6043 2.2
    endloop
  endfacet
  facet normal 0.497665 0.614584 0.612059
    outer loop
      vertex 18.0897 -71.2293 2.2
      vertex 18.8625 -69.8633 0.2
      vertex 17.8253 -71.0152 2.2
    endloop
  endfacet
  facet normal 0.763837 0.20479 0.612057
    outer loop
      vertex 16.9091 -69.6043 2.2
      vertex 18.3372 -68.9535 0.2
      vertex 16.821 -69.2757 2.2
    endloop
  endfacet
  facet normal -0.156741 0.98764 0
    outer loop
      vertex 20.3535 -29.7628 0
      vertex 20.1777 -29.7907 0.2
      vertex 20.3535 -29.7628 0.2
    endloop
  endfacet
  facet normal -0.156741 0.98764 0
    outer loop
      vertex 20.1777 -29.7907 0.2
      vertex 20.3535 -29.7628 0
      vertex 20.1777 -29.7907 0
    endloop
  endfacet
  facet normal -0.156741 0.98764 0
    outer loop
      vertex 20.3535 -29.7628 2.2
      vertex 20.1777 -29.7907 2.5
      vertex 20.3535 -29.7628 2.5
    endloop
  endfacet
  facet normal -0.156741 0.98764 0
    outer loop
      vertex 20.1777 -29.7907 2.5
      vertex 20.3535 -29.7628 2.2
      vertex 20.1777 -29.7907 2.2
    endloop
  endfacet
  facet normal -0.98764 -0.156741 0
    outer loop
      vertex 21.6907 -27.9223 0
      vertex 21.6628 -27.7465 0.2
      vertex 21.6628 -27.7465 0
    endloop
  endfacet
  facet normal -0.98764 -0.156741 0
    outer loop
      vertex 21.6628 -27.7465 0.2
      vertex 21.6907 -27.9223 0
      vertex 21.6907 -27.9223 0.2
    endloop
  endfacet
  facet normal -0.98764 -0.156741 0
    outer loop
      vertex 21.6907 -27.9223 2.2
      vertex 21.6628 -27.7465 2.5
      vertex 21.6628 -27.7465 2.2
    endloop
  endfacet
  facet normal -0.98764 -0.156741 0
    outer loop
      vertex 21.6628 -27.7465 2.5
      vertex 21.6907 -27.9223 2.2
      vertex 21.6907 -27.9223 2.5
    endloop
  endfacet
  facet normal -0.998633 -0.0522639 0
    outer loop
      vertex 21.7 -28.1 0
      vertex 21.6907 -27.9223 0.2
      vertex 21.6907 -27.9223 0
    endloop
  endfacet
  facet normal -0.998633 -0.0522639 0
    outer loop
      vertex 21.6907 -27.9223 0.2
      vertex 21.7 -28.1 0
      vertex 21.7 -28.1 0.2
    endloop
  endfacet
  facet normal -0.998633 -0.0522639 0
    outer loop
      vertex 21.7 -28.1 2.2
      vertex 21.6907 -27.9223 2.5
      vertex 21.6907 -27.9223 2.2
    endloop
  endfacet
  facet normal -0.998633 -0.0522639 0
    outer loop
      vertex 21.6907 -27.9223 2.5
      vertex 21.7 -28.1 2.2
      vertex 21.7 -28.1 2.5
    endloop
  endfacet
  facet normal 0.998633 -0.0522639 0
    outer loop
      vertex 18.3 -28.1 0.2
      vertex 18.3093 -27.9223 0
      vertex 18.3093 -27.9223 0.2
    endloop
  endfacet
  facet normal 0.998633 -0.0522639 0
    outer loop
      vertex 18.3093 -27.9223 0
      vertex 18.3 -28.1 0.2
      vertex 18.3 -28.1 0
    endloop
  endfacet
  facet normal 0.998633 -0.0522639 0
    outer loop
      vertex 18.3 -28.1 2.5
      vertex 18.3093 -27.9223 2.2
      vertex 18.3093 -27.9223 2.5
    endloop
  endfacet
  facet normal 0.998633 -0.0522639 0
    outer loop
      vertex 18.3093 -27.9223 2.2
      vertex 18.3 -28.1 2.5
      vertex 18.3 -28.1 2.2
    endloop
  endfacet
  facet normal -0.987626 0.156828 0
    outer loop
      vertex 21.6628 -28.4534 2.2
      vertex 21.6907 -28.2777 2.5
      vertex 21.6907 -28.2777 2.2
    endloop
  endfacet
  facet normal -0.987626 0.156828 0
    outer loop
      vertex 21.6907 -28.2777 2.5
      vertex 21.6628 -28.4534 2.2
      vertex 21.6628 -28.4534 2.5
    endloop
  endfacet
  facet normal -0.987626 0.156828 0
    outer loop
      vertex 21.6628 -28.4534 0
      vertex 21.6907 -28.2777 0.2
      vertex 21.6907 -28.2777 0
    endloop
  endfacet
  facet normal -0.987626 0.156828 0
    outer loop
      vertex 21.6907 -28.2777 0.2
      vertex 21.6628 -28.4534 0
      vertex 21.6628 -28.4534 0.2
    endloop
  endfacet
  facet normal -0.358377 -0.933577 0
    outer loop
      vertex 20.5253 -26.4832 0
      vertex 20.6915 -26.547 0.2
      vertex 20.5253 -26.4832 0.2
    endloop
  endfacet
  facet normal -0.358377 -0.933577 -0
    outer loop
      vertex 20.6915 -26.547 0.2
      vertex 20.5253 -26.4832 0
      vertex 20.6915 -26.547 0
    endloop
  endfacet
  facet normal -0.358377 -0.933577 0
    outer loop
      vertex 20.5253 -26.4832 2.2
      vertex 20.6915 -26.547 2.5
      vertex 20.5253 -26.4832 2.5
    endloop
  endfacet
  facet normal -0.358377 -0.933577 -0
    outer loop
      vertex 20.6915 -26.547 2.5
      vertex 20.5253 -26.4832 2.2
      vertex 20.6915 -26.547 2.2
    endloop
  endfacet
  facet normal -0.45417 0.890915 0
    outer loop
      vertex 20.85 -29.5722 0
      vertex 20.6915 -29.653 0.2
      vertex 20.85 -29.5722 0.2
    endloop
  endfacet
  facet normal -0.45417 0.890915 0
    outer loop
      vertex 20.6915 -29.653 0.2
      vertex 20.85 -29.5722 0
      vertex 20.6915 -29.653 0
    endloop
  endfacet
  facet normal -0.45417 0.890915 0
    outer loop
      vertex 20.85 -29.5722 2.2
      vertex 20.6915 -29.653 2.5
      vertex 20.85 -29.5722 2.5
    endloop
  endfacet
  facet normal -0.45417 0.890915 0
    outer loop
      vertex 20.6915 -29.653 2.5
      vertex 20.85 -29.5722 2.2
      vertex 20.6915 -29.653 2.2
    endloop
  endfacet
  facet normal -0.45417 -0.890915 0
    outer loop
      vertex 20.6915 -26.547 0
      vertex 20.85 -26.6278 0.2
      vertex 20.6915 -26.547 0.2
    endloop
  endfacet
  facet normal -0.45417 -0.890915 -0
    outer loop
      vertex 20.85 -26.6278 0.2
      vertex 20.6915 -26.547 0
      vertex 20.85 -26.6278 0
    endloop
  endfacet
  facet normal -0.45417 -0.890915 0
    outer loop
      vertex 20.6915 -26.547 2.2
      vertex 20.85 -26.6278 2.5
      vertex 20.6915 -26.547 2.5
    endloop
  endfacet
  facet normal -0.45417 -0.890915 -0
    outer loop
      vertex 20.85 -26.6278 2.5
      vertex 20.6915 -26.547 2.2
      vertex 20.85 -26.6278 2.2
    endloop
  endfacet
  facet normal -0.259167 -0.965833 0
    outer loop
      vertex 20.3535 -26.4371 0
      vertex 20.5253 -26.4832 0.2
      vertex 20.3535 -26.4371 0.2
    endloop
  endfacet
  facet normal -0.259167 -0.965833 -0
    outer loop
      vertex 20.5253 -26.4832 0.2
      vertex 20.3535 -26.4371 0
      vertex 20.5253 -26.4832 0
    endloop
  endfacet
  facet normal -0.259167 -0.965833 0
    outer loop
      vertex 20.3535 -26.4371 2.2
      vertex 20.5253 -26.4832 2.5
      vertex 20.3535 -26.4371 2.5
    endloop
  endfacet
  facet normal -0.259167 -0.965833 -0
    outer loop
      vertex 20.5253 -26.4832 2.5
      vertex 20.3535 -26.4371 2.2
      vertex 20.5253 -26.4832 2.2
    endloop
  endfacet
  facet normal 0.358377 -0.933577 0
    outer loop
      vertex 19.3085 -26.547 0
      vertex 19.4747 -26.4832 0.2
      vertex 19.3085 -26.547 0.2
    endloop
  endfacet
  facet normal 0.358377 -0.933577 0
    outer loop
      vertex 19.4747 -26.4832 0.2
      vertex 19.3085 -26.547 0
      vertex 19.4747 -26.4832 0
    endloop
  endfacet
  facet normal 0.358377 -0.933577 0
    outer loop
      vertex 19.3085 -26.547 2.2
      vertex 19.4747 -26.4832 2.5
      vertex 19.3085 -26.547 2.5
    endloop
  endfacet
  facet normal 0.358377 -0.933577 0
    outer loop
      vertex 19.4747 -26.4832 2.5
      vertex 19.3085 -26.547 2.2
      vertex 19.4747 -26.4832 2.2
    endloop
  endfacet
  facet normal -0.777127 0.629344 0
    outer loop
      vertex 21.2633 -29.2375 2.2
      vertex 21.3753 -29.0992 2.5
      vertex 21.3753 -29.0992 2.2
    endloop
  endfacet
  facet normal -0.777127 0.629344 0
    outer loop
      vertex 21.3753 -29.0992 2.5
      vertex 21.2633 -29.2375 2.2
      vertex 21.2633 -29.2375 2.5
    endloop
  endfacet
  facet normal -0.777127 0.629344 0
    outer loop
      vertex 21.2633 -29.2375 0
      vertex 21.3753 -29.0992 0.2
      vertex 21.3753 -29.0992 0
    endloop
  endfacet
  facet normal -0.777127 0.629344 0
    outer loop
      vertex 21.3753 -29.0992 0.2
      vertex 21.2633 -29.2375 0
      vertex 21.2633 -29.2375 0.2
    endloop
  endfacet
  facet normal -0.358377 0.933577 0
    outer loop
      vertex 20.6915 -29.653 0
      vertex 20.5253 -29.7168 0.2
      vertex 20.6915 -29.653 0.2
    endloop
  endfacet
  facet normal -0.358377 0.933577 0
    outer loop
      vertex 20.5253 -29.7168 0.2
      vertex 20.6915 -29.653 0
      vertex 20.5253 -29.7168 0
    endloop
  endfacet
  facet normal -0.358377 0.933577 0
    outer loop
      vertex 20.6915 -29.653 2.2
      vertex 20.5253 -29.7168 2.5
      vertex 20.6915 -29.653 2.5
    endloop
  endfacet
  facet normal -0.358377 0.933577 0
    outer loop
      vertex 20.5253 -29.7168 2.5
      vertex 20.6915 -29.653 2.2
      vertex 20.5253 -29.7168 2.2
    endloop
  endfacet
  facet normal 0.890915 -0.45417 0
    outer loop
      vertex 18.447 -27.4085 0.2
      vertex 18.5278 -27.25 0
      vertex 18.5278 -27.25 0.2
    endloop
  endfacet
  facet normal 0.890915 -0.45417 0
    outer loop
      vertex 18.5278 -27.25 0
      vertex 18.447 -27.4085 0.2
      vertex 18.447 -27.4085 0
    endloop
  endfacet
  facet normal 0.890915 -0.45417 0
    outer loop
      vertex 18.447 -27.4085 2.5
      vertex 18.5278 -27.25 2.2
      vertex 18.5278 -27.25 2.5
    endloop
  endfacet
  facet normal 0.890915 -0.45417 0
    outer loop
      vertex 18.5278 -27.25 2.2
      vertex 18.447 -27.4085 2.5
      vertex 18.447 -27.4085 2.2
    endloop
  endfacet
  facet normal 0.629344 0.777127 -0
    outer loop
      vertex 19.0008 -29.4753 0
      vertex 18.8625 -29.3633 0.2
      vertex 19.0008 -29.4753 0.2
    endloop
  endfacet
  facet normal 0.629344 0.777127 0
    outer loop
      vertex 18.8625 -29.3633 0.2
      vertex 19.0008 -29.4753 0
      vertex 18.8625 -29.3633 0
    endloop
  endfacet
  facet normal 0.629344 0.777127 -0
    outer loop
      vertex 19.0008 -29.4753 2.2
      vertex 18.8625 -29.3633 2.5
      vertex 19.0008 -29.4753 2.5
    endloop
  endfacet
  facet normal 0.629344 0.777127 0
    outer loop
      vertex 18.8625 -29.3633 2.5
      vertex 19.0008 -29.4753 2.2
      vertex 18.8625 -29.3633 2.2
    endloop
  endfacet
  facet normal -0.258642 0.965973 0
    outer loop
      vertex 20.5253 -29.7168 0
      vertex 20.3535 -29.7628 0.2
      vertex 20.5253 -29.7168 0.2
    endloop
  endfacet
  facet normal -0.258642 0.965973 0
    outer loop
      vertex 20.3535 -29.7628 0.2
      vertex 20.5253 -29.7168 0
      vertex 20.3535 -29.7628 0
    endloop
  endfacet
  facet normal -0.258642 0.965973 0
    outer loop
      vertex 20.5253 -29.7168 2.2
      vertex 20.3535 -29.7628 2.5
      vertex 20.5253 -29.7168 2.5
    endloop
  endfacet
  facet normal -0.258642 0.965973 0
    outer loop
      vertex 20.3535 -29.7628 2.5
      vertex 20.5253 -29.7168 2.2
      vertex 20.3535 -29.7628 2.2
    endloop
  endfacet
  facet normal -0.998633 0.0522639 0
    outer loop
      vertex 21.6907 -28.2777 2.2
      vertex 21.7 -28.1 2.5
      vertex 21.7 -28.1 2.2
    endloop
  endfacet
  facet normal -0.998633 0.0522639 0
    outer loop
      vertex 21.7 -28.1 2.5
      vertex 21.6907 -28.2777 2.2
      vertex 21.6907 -28.2777 2.5
    endloop
  endfacet
  facet normal -0.998633 0.0522639 0
    outer loop
      vertex 21.6907 -28.2777 0
      vertex 21.7 -28.1 0.2
      vertex 21.7 -28.1 0
    endloop
  endfacet
  facet normal -0.998633 0.0522639 0
    outer loop
      vertex 21.7 -28.1 0.2
      vertex 21.6907 -28.2777 0
      vertex 21.6907 -28.2777 0.2
    endloop
  endfacet
  facet normal 0.258642 0.965973 -0
    outer loop
      vertex 19.6465 -29.7628 0
      vertex 19.4747 -29.7168 0.2
      vertex 19.6465 -29.7628 0.2
    endloop
  endfacet
  facet normal 0.258642 0.965973 0
    outer loop
      vertex 19.4747 -29.7168 0.2
      vertex 19.6465 -29.7628 0
      vertex 19.4747 -29.7168 0
    endloop
  endfacet
  facet normal 0.258642 0.965973 -0
    outer loop
      vertex 19.6465 -29.7628 2.2
      vertex 19.4747 -29.7168 2.5
      vertex 19.6465 -29.7628 2.5
    endloop
  endfacet
  facet normal 0.258642 0.965973 0
    outer loop
      vertex 19.4747 -29.7168 2.5
      vertex 19.6465 -29.7628 2.2
      vertex 19.4747 -29.7168 2.2
    endloop
  endfacet
  facet normal -0.544672 -0.838649 0
    outer loop
      vertex 20.85 -26.6278 2.2
      vertex 20.9992 -26.7247 2.5
      vertex 20.85 -26.6278 2.5
    endloop
  endfacet
  facet normal -0.544672 -0.838649 -0
    outer loop
      vertex 20.9992 -26.7247 2.5
      vertex 20.85 -26.6278 2.2
      vertex 20.9992 -26.7247 2.2
    endloop
  endfacet
  facet normal -0.544672 -0.838649 0
    outer loop
      vertex 20.85 -26.6278 0
      vertex 20.9992 -26.7247 0.2
      vertex 20.85 -26.6278 0.2
    endloop
  endfacet
  facet normal -0.544672 -0.838649 -0
    outer loop
      vertex 20.9992 -26.7247 0.2
      vertex 20.85 -26.6278 0
      vertex 20.9992 -26.7247 0
    endloop
  endfacet
  facet normal 0.0522639 0.998633 -0
    outer loop
      vertex 20 -29.8 0
      vertex 19.8223 -29.7907 0.2
      vertex 20 -29.8 0.2
    endloop
  endfacet
  facet normal 0.0522639 0.998633 0
    outer loop
      vertex 19.8223 -29.7907 0.2
      vertex 20 -29.8 0
      vertex 19.8223 -29.7907 0
    endloop
  endfacet
  facet normal 0.0522639 0.998633 -0
    outer loop
      vertex 20 -29.8 2.2
      vertex 19.8223 -29.7907 2.5
      vertex 20 -29.8 2.5
    endloop
  endfacet
  facet normal 0.0522639 0.998633 0
    outer loop
      vertex 19.8223 -29.7907 2.5
      vertex 20 -29.8 2.2
      vertex 19.8223 -29.7907 2.2
    endloop
  endfacet
  facet normal -0.838649 -0.544672 0
    outer loop
      vertex 21.4722 -27.25 0
      vertex 21.3753 -27.1008 0.2
      vertex 21.3753 -27.1008 0
    endloop
  endfacet
  facet normal -0.838649 -0.544672 0
    outer loop
      vertex 21.3753 -27.1008 0.2
      vertex 21.4722 -27.25 0
      vertex 21.4722 -27.25 0.2
    endloop
  endfacet
  facet normal -0.838649 -0.544672 0
    outer loop
      vertex 21.4722 -27.25 2.2
      vertex 21.3753 -27.1008 2.5
      vertex 21.3753 -27.1008 2.2
    endloop
  endfacet
  facet normal -0.838649 -0.544672 0
    outer loop
      vertex 21.3753 -27.1008 2.5
      vertex 21.4722 -27.25 2.2
      vertex 21.4722 -27.25 2.5
    endloop
  endfacet
  facet normal -0.0522639 0.998633 0
    outer loop
      vertex 20.1777 -29.7907 0
      vertex 20 -29.8 0.2
      vertex 20.1777 -29.7907 0.2
    endloop
  endfacet
  facet normal -0.0522639 0.998633 0
    outer loop
      vertex 20 -29.8 0.2
      vertex 20.1777 -29.7907 0
      vertex 20 -29.8 0
    endloop
  endfacet
  facet normal -0.0522639 0.998633 0
    outer loop
      vertex 20.1777 -29.7907 2.2
      vertex 20 -29.8 2.5
      vertex 20.1777 -29.7907 2.5
    endloop
  endfacet
  facet normal -0.0522639 0.998633 0
    outer loop
      vertex 20 -29.8 2.5
      vertex 20.1777 -29.7907 2.2
      vertex 20 -29.8 2.2
    endloop
  endfacet
  facet normal 0.45417 -0.890915 0
    outer loop
      vertex 19.15 -26.6278 0
      vertex 19.3085 -26.547 0.2
      vertex 19.15 -26.6278 0.2
    endloop
  endfacet
  facet normal 0.45417 -0.890915 0
    outer loop
      vertex 19.3085 -26.547 0.2
      vertex 19.15 -26.6278 0
      vertex 19.3085 -26.547 0
    endloop
  endfacet
  facet normal 0.45417 -0.890915 0
    outer loop
      vertex 19.15 -26.6278 2.2
      vertex 19.3085 -26.547 2.5
      vertex 19.15 -26.6278 2.5
    endloop
  endfacet
  facet normal 0.45417 -0.890915 0
    outer loop
      vertex 19.3085 -26.547 2.5
      vertex 19.15 -26.6278 2.2
      vertex 19.3085 -26.547 2.2
    endloop
  endfacet
  facet normal -0.890915 -0.45417 0
    outer loop
      vertex 21.553 -27.4085 0
      vertex 21.4722 -27.25 0.2
      vertex 21.4722 -27.25 0
    endloop
  endfacet
  facet normal -0.890915 -0.45417 0
    outer loop
      vertex 21.4722 -27.25 0.2
      vertex 21.553 -27.4085 0
      vertex 21.553 -27.4085 0.2
    endloop
  endfacet
  facet normal -0.890915 -0.45417 0
    outer loop
      vertex 21.553 -27.4085 2.2
      vertex 21.4722 -27.25 2.5
      vertex 21.4722 -27.25 2.2
    endloop
  endfacet
  facet normal -0.890915 -0.45417 0
    outer loop
      vertex 21.4722 -27.25 2.5
      vertex 21.553 -27.4085 2.2
      vertex 21.553 -27.4085 2.5
    endloop
  endfacet
  facet normal 0.98764 -0.156741 0
    outer loop
      vertex 18.3093 -27.9223 0.2
      vertex 18.3372 -27.7465 0
      vertex 18.3372 -27.7465 0.2
    endloop
  endfacet
  facet normal 0.98764 -0.156741 0
    outer loop
      vertex 18.3372 -27.7465 0
      vertex 18.3093 -27.9223 0.2
      vertex 18.3093 -27.9223 0
    endloop
  endfacet
  facet normal 0.98764 -0.156741 0
    outer loop
      vertex 18.3093 -27.9223 2.5
      vertex 18.3372 -27.7465 2.2
      vertex 18.3372 -27.7465 2.5
    endloop
  endfacet
  facet normal 0.98764 -0.156741 0
    outer loop
      vertex 18.3372 -27.7465 2.2
      vertex 18.3093 -27.9223 2.5
      vertex 18.3093 -27.9223 2.2
    endloop
  endfacet
  facet normal 0.933577 0.358377 0
    outer loop
      vertex 18.447 -28.7915 0.2
      vertex 18.3832 -28.6253 0
      vertex 18.3832 -28.6253 0.2
    endloop
  endfacet
  facet normal 0.933577 0.358377 0
    outer loop
      vertex 18.3832 -28.6253 0
      vertex 18.447 -28.7915 0.2
      vertex 18.447 -28.7915 0
    endloop
  endfacet
  facet normal 0.933577 0.358377 0
    outer loop
      vertex 18.447 -28.7915 2.5
      vertex 18.3832 -28.6253 2.2
      vertex 18.3832 -28.6253 2.5
    endloop
  endfacet
  facet normal 0.933577 0.358377 0
    outer loop
      vertex 18.3832 -28.6253 2.2
      vertex 18.447 -28.7915 2.5
      vertex 18.447 -28.7915 2.2
    endloop
  endfacet
  facet normal 0.987626 0.156828 0
    outer loop
      vertex 18.3372 -28.4534 2.5
      vertex 18.3093 -28.2777 2.2
      vertex 18.3093 -28.2777 2.5
    endloop
  endfacet
  facet normal 0.987626 0.156828 0
    outer loop
      vertex 18.3093 -28.2777 2.2
      vertex 18.3372 -28.4534 2.5
      vertex 18.3372 -28.4534 2.2
    endloop
  endfacet
  facet normal 0.987626 0.156828 0
    outer loop
      vertex 18.3372 -28.4534 0.2
      vertex 18.3093 -28.2777 0
      vertex 18.3093 -28.2777 0.2
    endloop
  endfacet
  facet normal 0.987626 0.156828 0
    outer loop
      vertex 18.3093 -28.2777 0
      vertex 18.3372 -28.4534 0.2
      vertex 18.3372 -28.4534 0
    endloop
  endfacet
  facet normal -0.707107 0.707107 0
    outer loop
      vertex 21.1375 -29.3633 2.2
      vertex 21.2633 -29.2375 2.5
      vertex 21.2633 -29.2375 2.2
    endloop
  endfacet
  facet normal -0.707107 0.707107 0
    outer loop
      vertex 21.2633 -29.2375 2.5
      vertex 21.1375 -29.3633 2.2
      vertex 21.1375 -29.3633 2.5
    endloop
  endfacet
  facet normal -0.707107 0.707107 0
    outer loop
      vertex 21.1375 -29.3633 0
      vertex 21.2633 -29.2375 0.2
      vertex 21.2633 -29.2375 0
    endloop
  endfacet
  facet normal -0.707107 0.707107 0
    outer loop
      vertex 21.2633 -29.2375 0.2
      vertex 21.1375 -29.3633 0
      vertex 21.1375 -29.3633 0.2
    endloop
  endfacet
  facet normal -0.933577 -0.358377 0
    outer loop
      vertex 21.6168 -27.5747 2.2
      vertex 21.553 -27.4085 2.5
      vertex 21.553 -27.4085 2.2
    endloop
  endfacet
  facet normal -0.933577 -0.358377 0
    outer loop
      vertex 21.553 -27.4085 2.5
      vertex 21.6168 -27.5747 2.2
      vertex 21.6168 -27.5747 2.5
    endloop
  endfacet
  facet normal -0.933577 -0.358377 0
    outer loop
      vertex 21.6168 -27.5747 0
      vertex 21.553 -27.4085 0.2
      vertex 21.553 -27.4085 0
    endloop
  endfacet
  facet normal -0.933577 -0.358377 0
    outer loop
      vertex 21.553 -27.4085 0.2
      vertex 21.6168 -27.5747 0
      vertex 21.6168 -27.5747 0.2
    endloop
  endfacet
  facet normal 0.777127 0.629344 0
    outer loop
      vertex 18.7367 -29.2375 2.5
      vertex 18.6247 -29.0992 2.2
      vertex 18.6247 -29.0992 2.5
    endloop
  endfacet
  facet normal 0.777127 0.629344 0
    outer loop
      vertex 18.6247 -29.0992 2.2
      vertex 18.7367 -29.2375 2.5
      vertex 18.7367 -29.2375 2.2
    endloop
  endfacet
  facet normal 0.777127 0.629344 0
    outer loop
      vertex 18.7367 -29.2375 0.2
      vertex 18.6247 -29.0992 0
      vertex 18.6247 -29.0992 0.2
    endloop
  endfacet
  facet normal 0.777127 0.629344 0
    outer loop
      vertex 18.6247 -29.0992 0
      vertex 18.7367 -29.2375 0.2
      vertex 18.7367 -29.2375 0
    endloop
  endfacet
  facet normal -0.777127 -0.629344 0
    outer loop
      vertex 21.3753 -27.1008 0
      vertex 21.2633 -26.9625 0.2
      vertex 21.2633 -26.9625 0
    endloop
  endfacet
  facet normal -0.777127 -0.629344 0
    outer loop
      vertex 21.2633 -26.9625 0.2
      vertex 21.3753 -27.1008 0
      vertex 21.3753 -27.1008 0.2
    endloop
  endfacet
  facet normal -0.777127 -0.629344 0
    outer loop
      vertex 21.3753 -27.1008 2.2
      vertex 21.2633 -26.9625 2.5
      vertex 21.2633 -26.9625 2.2
    endloop
  endfacet
  facet normal -0.777127 -0.629344 0
    outer loop
      vertex 21.2633 -26.9625 2.5
      vertex 21.3753 -27.1008 2.2
      vertex 21.3753 -27.1008 2.5
    endloop
  endfacet
  facet normal 0.358377 0.933577 -0
    outer loop
      vertex 19.4747 -29.7168 0
      vertex 19.3085 -29.653 0.2
      vertex 19.4747 -29.7168 0.2
    endloop
  endfacet
  facet normal 0.358377 0.933577 0
    outer loop
      vertex 19.3085 -29.653 0.2
      vertex 19.4747 -29.7168 0
      vertex 19.3085 -29.653 0
    endloop
  endfacet
  facet normal 0.358377 0.933577 -0
    outer loop
      vertex 19.4747 -29.7168 2.2
      vertex 19.3085 -29.653 2.5
      vertex 19.4747 -29.7168 2.5
    endloop
  endfacet
  facet normal 0.358377 0.933577 0
    outer loop
      vertex 19.3085 -29.653 2.5
      vertex 19.4747 -29.7168 2.2
      vertex 19.3085 -29.653 2.2
    endloop
  endfacet
  facet normal 0.777127 -0.629344 0
    outer loop
      vertex 18.6247 -27.1008 0.2
      vertex 18.7367 -26.9625 0
      vertex 18.7367 -26.9625 0.2
    endloop
  endfacet
  facet normal 0.777127 -0.629344 0
    outer loop
      vertex 18.7367 -26.9625 0
      vertex 18.6247 -27.1008 0.2
      vertex 18.6247 -27.1008 0
    endloop
  endfacet
  facet normal 0.777127 -0.629344 0
    outer loop
      vertex 18.6247 -27.1008 2.5
      vertex 18.7367 -26.9625 2.2
      vertex 18.7367 -26.9625 2.5
    endloop
  endfacet
  facet normal 0.777127 -0.629344 0
    outer loop
      vertex 18.7367 -26.9625 2.2
      vertex 18.6247 -27.1008 2.5
      vertex 18.6247 -27.1008 2.2
    endloop
  endfacet
  facet normal 0.629344 -0.777127 0
    outer loop
      vertex 18.8625 -26.8367 2.2
      vertex 19.0008 -26.7247 2.5
      vertex 18.8625 -26.8367 2.5
    endloop
  endfacet
  facet normal 0.629344 -0.777127 0
    outer loop
      vertex 19.0008 -26.7247 2.5
      vertex 18.8625 -26.8367 2.2
      vertex 19.0008 -26.7247 2.2
    endloop
  endfacet
  facet normal 0.629344 -0.777127 0
    outer loop
      vertex 18.8625 -26.8367 0
      vertex 19.0008 -26.7247 0.2
      vertex 18.8625 -26.8367 0.2
    endloop
  endfacet
  facet normal 0.629344 -0.777127 0
    outer loop
      vertex 19.0008 -26.7247 0.2
      vertex 18.8625 -26.8367 0
      vertex 19.0008 -26.7247 0
    endloop
  endfacet
  facet normal 0.544672 0.838649 -0
    outer loop
      vertex 19.15 -29.5722 0
      vertex 19.0008 -29.4753 0.2
      vertex 19.15 -29.5722 0.2
    endloop
  endfacet
  facet normal 0.544672 0.838649 0
    outer loop
      vertex 19.0008 -29.4753 0.2
      vertex 19.15 -29.5722 0
      vertex 19.0008 -29.4753 0
    endloop
  endfacet
  facet normal 0.544672 0.838649 -0
    outer loop
      vertex 19.15 -29.5722 2.2
      vertex 19.0008 -29.4753 2.5
      vertex 19.15 -29.5722 2.5
    endloop
  endfacet
  facet normal 0.544672 0.838649 0
    outer loop
      vertex 19.0008 -29.4753 2.5
      vertex 19.15 -29.5722 2.2
      vertex 19.0008 -29.4753 2.2
    endloop
  endfacet
  facet normal -0.707107 -0.707107 0
    outer loop
      vertex 21.2633 -26.9625 2.2
      vertex 21.1375 -26.8367 2.5
      vertex 21.1375 -26.8367 2.2
    endloop
  endfacet
  facet normal -0.707107 -0.707107 0
    outer loop
      vertex 21.1375 -26.8367 2.5
      vertex 21.2633 -26.9625 2.2
      vertex 21.2633 -26.9625 2.5
    endloop
  endfacet
  facet normal -0.707107 -0.707107 0
    outer loop
      vertex 21.2633 -26.9625 0
      vertex 21.1375 -26.8367 0.2
      vertex 21.1375 -26.8367 0
    endloop
  endfacet
  facet normal -0.707107 -0.707107 0
    outer loop
      vertex 21.1375 -26.8367 0.2
      vertex 21.2633 -26.9625 0
      vertex 21.2633 -26.9625 0.2
    endloop
  endfacet
  facet normal -0.966011 0.258502 0
    outer loop
      vertex 21.6168 -28.6253 2.2
      vertex 21.6628 -28.4534 2.5
      vertex 21.6628 -28.4534 2.2
    endloop
  endfacet
  facet normal -0.966011 0.258502 0
    outer loop
      vertex 21.6628 -28.4534 2.5
      vertex 21.6168 -28.6253 2.2
      vertex 21.6168 -28.6253 2.5
    endloop
  endfacet
  facet normal -0.966011 0.258502 0
    outer loop
      vertex 21.6168 -28.6253 0
      vertex 21.6628 -28.4534 0.2
      vertex 21.6628 -28.4534 0
    endloop
  endfacet
  facet normal -0.966011 0.258502 0
    outer loop
      vertex 21.6628 -28.4534 0.2
      vertex 21.6168 -28.6253 0
      vertex 21.6168 -28.6253 0.2
    endloop
  endfacet
  facet normal 0.156741 0.98764 -0
    outer loop
      vertex 19.8223 -29.7907 0
      vertex 19.6465 -29.7628 0.2
      vertex 19.8223 -29.7907 0.2
    endloop
  endfacet
  facet normal 0.156741 0.98764 0
    outer loop
      vertex 19.6465 -29.7628 0.2
      vertex 19.8223 -29.7907 0
      vertex 19.6465 -29.7628 0
    endloop
  endfacet
  facet normal 0.156741 0.98764 -0
    outer loop
      vertex 19.8223 -29.7907 2.2
      vertex 19.6465 -29.7628 2.5
      vertex 19.8223 -29.7907 2.5
    endloop
  endfacet
  facet normal 0.156741 0.98764 0
    outer loop
      vertex 19.6465 -29.7628 2.5
      vertex 19.8223 -29.7907 2.2
      vertex 19.6465 -29.7628 2.2
    endloop
  endfacet
  facet normal 0.838649 -0.544672 0
    outer loop
      vertex 18.5278 -27.25 0.2
      vertex 18.6247 -27.1008 0
      vertex 18.6247 -27.1008 0.2
    endloop
  endfacet
  facet normal 0.838649 -0.544672 0
    outer loop
      vertex 18.6247 -27.1008 0
      vertex 18.5278 -27.25 0.2
      vertex 18.5278 -27.25 0
    endloop
  endfacet
  facet normal 0.838649 -0.544672 0
    outer loop
      vertex 18.5278 -27.25 2.5
      vertex 18.6247 -27.1008 2.2
      vertex 18.6247 -27.1008 2.5
    endloop
  endfacet
  facet normal 0.838649 -0.544672 0
    outer loop
      vertex 18.6247 -27.1008 2.2
      vertex 18.5278 -27.25 2.5
      vertex 18.5278 -27.25 2.2
    endloop
  endfacet
  facet normal 0.156193 -0.987726 0
    outer loop
      vertex 19.6465 -26.4371 2.2
      vertex 19.8223 -26.4093 2.5
      vertex 19.6465 -26.4371 2.5
    endloop
  endfacet
  facet normal 0.156193 -0.987726 0
    outer loop
      vertex 19.8223 -26.4093 2.5
      vertex 19.6465 -26.4371 2.2
      vertex 19.8223 -26.4093 2.2
    endloop
  endfacet
  facet normal 0.156193 -0.987726 0
    outer loop
      vertex 19.6465 -26.4371 0
      vertex 19.8223 -26.4093 0.2
      vertex 19.6465 -26.4371 0.2
    endloop
  endfacet
  facet normal 0.156193 -0.987726 0
    outer loop
      vertex 19.8223 -26.4093 0.2
      vertex 19.6465 -26.4371 0
      vertex 19.8223 -26.4093 0
    endloop
  endfacet
  facet normal 0.259167 -0.965833 0
    outer loop
      vertex 19.4747 -26.4832 0
      vertex 19.6465 -26.4371 0.2
      vertex 19.4747 -26.4832 0.2
    endloop
  endfacet
  facet normal 0.259167 -0.965833 0
    outer loop
      vertex 19.6465 -26.4371 0.2
      vertex 19.4747 -26.4832 0
      vertex 19.6465 -26.4371 0
    endloop
  endfacet
  facet normal 0.259167 -0.965833 0
    outer loop
      vertex 19.4747 -26.4832 2.2
      vertex 19.6465 -26.4371 2.5
      vertex 19.4747 -26.4832 2.5
    endloop
  endfacet
  facet normal 0.259167 -0.965833 0
    outer loop
      vertex 19.6465 -26.4371 2.5
      vertex 19.4747 -26.4832 2.2
      vertex 19.6465 -26.4371 2.2
    endloop
  endfacet
  facet normal -0.629344 -0.777127 0
    outer loop
      vertex 20.9992 -26.7247 2.2
      vertex 21.1375 -26.8367 2.5
      vertex 20.9992 -26.7247 2.5
    endloop
  endfacet
  facet normal -0.629344 -0.777127 -0
    outer loop
      vertex 21.1375 -26.8367 2.5
      vertex 20.9992 -26.7247 2.2
      vertex 21.1375 -26.8367 2.2
    endloop
  endfacet
  facet normal -0.629344 -0.777127 0
    outer loop
      vertex 20.9992 -26.7247 0
      vertex 21.1375 -26.8367 0.2
      vertex 20.9992 -26.7247 0.2
    endloop
  endfacet
  facet normal -0.629344 -0.777127 -0
    outer loop
      vertex 21.1375 -26.8367 0.2
      vertex 20.9992 -26.7247 0
      vertex 21.1375 -26.8367 0
    endloop
  endfacet
  facet normal 0.966011 0.258502 0
    outer loop
      vertex 18.3832 -28.6253 2.5
      vertex 18.3372 -28.4534 2.2
      vertex 18.3372 -28.4534 2.5
    endloop
  endfacet
  facet normal 0.966011 0.258502 0
    outer loop
      vertex 18.3372 -28.4534 2.2
      vertex 18.3832 -28.6253 2.5
      vertex 18.3832 -28.6253 2.2
    endloop
  endfacet
  facet normal 0.966011 0.258502 0
    outer loop
      vertex 18.3832 -28.6253 0.2
      vertex 18.3372 -28.4534 0
      vertex 18.3372 -28.4534 0.2
    endloop
  endfacet
  facet normal 0.966011 0.258502 0
    outer loop
      vertex 18.3372 -28.4534 0
      vertex 18.3832 -28.6253 0.2
      vertex 18.3832 -28.6253 0
    endloop
  endfacet
  facet normal 0.965973 -0.258642 0
    outer loop
      vertex 18.3372 -27.7465 2.5
      vertex 18.3832 -27.5747 2.2
      vertex 18.3832 -27.5747 2.5
    endloop
  endfacet
  facet normal 0.965973 -0.258642 0
    outer loop
      vertex 18.3832 -27.5747 2.2
      vertex 18.3372 -27.7465 2.5
      vertex 18.3372 -27.7465 2.2
    endloop
  endfacet
  facet normal 0.965973 -0.258642 0
    outer loop
      vertex 18.3372 -27.7465 0.2
      vertex 18.3832 -27.5747 0
      vertex 18.3832 -27.5747 0.2
    endloop
  endfacet
  facet normal 0.965973 -0.258642 0
    outer loop
      vertex 18.3832 -27.5747 0
      vertex 18.3372 -27.7465 0.2
      vertex 18.3372 -27.7465 0
    endloop
  endfacet
  facet normal -0.965973 -0.258642 0
    outer loop
      vertex 21.6628 -27.7465 0
      vertex 21.6168 -27.5747 0.2
      vertex 21.6168 -27.5747 0
    endloop
  endfacet
  facet normal -0.965973 -0.258642 0
    outer loop
      vertex 21.6168 -27.5747 0.2
      vertex 21.6628 -27.7465 0
      vertex 21.6628 -27.7465 0.2
    endloop
  endfacet
  facet normal -0.965973 -0.258642 0
    outer loop
      vertex 21.6628 -27.7465 2.2
      vertex 21.6168 -27.5747 2.5
      vertex 21.6168 -27.5747 2.2
    endloop
  endfacet
  facet normal -0.965973 -0.258642 0
    outer loop
      vertex 21.6168 -27.5747 2.5
      vertex 21.6628 -27.7465 2.2
      vertex 21.6628 -27.7465 2.5
    endloop
  endfacet
  facet normal -0.933577 0.358377 0
    outer loop
      vertex 21.553 -28.7915 0
      vertex 21.6168 -28.6253 0.2
      vertex 21.6168 -28.6253 0
    endloop
  endfacet
  facet normal -0.933577 0.358377 0
    outer loop
      vertex 21.6168 -28.6253 0.2
      vertex 21.553 -28.7915 0
      vertex 21.553 -28.7915 0.2
    endloop
  endfacet
  facet normal -0.933577 0.358377 0
    outer loop
      vertex 21.553 -28.7915 2.2
      vertex 21.6168 -28.6253 2.5
      vertex 21.6168 -28.6253 2.2
    endloop
  endfacet
  facet normal -0.933577 0.358377 0
    outer loop
      vertex 21.6168 -28.6253 2.5
      vertex 21.553 -28.7915 2.2
      vertex 21.553 -28.7915 2.5
    endloop
  endfacet
  facet normal 0.998633 0.0522639 0
    outer loop
      vertex 18.3093 -28.2777 0.2
      vertex 18.3 -28.1 0
      vertex 18.3 -28.1 0.2
    endloop
  endfacet
  facet normal 0.998633 0.0522639 0
    outer loop
      vertex 18.3 -28.1 0
      vertex 18.3093 -28.2777 0.2
      vertex 18.3093 -28.2777 0
    endloop
  endfacet
  facet normal 0.998633 0.0522639 0
    outer loop
      vertex 18.3093 -28.2777 2.5
      vertex 18.3 -28.1 2.2
      vertex 18.3 -28.1 2.5
    endloop
  endfacet
  facet normal 0.998633 0.0522639 0
    outer loop
      vertex 18.3 -28.1 2.2
      vertex 18.3093 -28.2777 2.5
      vertex 18.3093 -28.2777 2.2
    endloop
  endfacet
  facet normal 0.707107 -0.707107 0
    outer loop
      vertex 18.7367 -26.9625 2.5
      vertex 18.8625 -26.8367 2.2
      vertex 18.8625 -26.8367 2.5
    endloop
  endfacet
  facet normal 0.707107 -0.707107 0
    outer loop
      vertex 18.8625 -26.8367 2.2
      vertex 18.7367 -26.9625 2.5
      vertex 18.7367 -26.9625 2.2
    endloop
  endfacet
  facet normal 0.707107 -0.707107 0
    outer loop
      vertex 18.7367 -26.9625 0.2
      vertex 18.8625 -26.8367 0
      vertex 18.8625 -26.8367 0.2
    endloop
  endfacet
  facet normal 0.707107 -0.707107 0
    outer loop
      vertex 18.8625 -26.8367 0
      vertex 18.7367 -26.9625 0.2
      vertex 18.7367 -26.9625 0
    endloop
  endfacet
  facet normal -0.544672 0.838649 0
    outer loop
      vertex 20.9992 -29.4753 0
      vertex 20.85 -29.5722 0.2
      vertex 20.9992 -29.4753 0.2
    endloop
  endfacet
  facet normal -0.544672 0.838649 0
    outer loop
      vertex 20.85 -29.5722 0.2
      vertex 20.9992 -29.4753 0
      vertex 20.85 -29.5722 0
    endloop
  endfacet
  facet normal -0.544672 0.838649 0
    outer loop
      vertex 20.9992 -29.4753 2.2
      vertex 20.85 -29.5722 2.5
      vertex 20.9992 -29.4753 2.5
    endloop
  endfacet
  facet normal -0.544672 0.838649 0
    outer loop
      vertex 20.85 -29.5722 2.5
      vertex 20.9992 -29.4753 2.2
      vertex 20.85 -29.5722 2.2
    endloop
  endfacet
  facet normal 0.0522639 -0.998633 0
    outer loop
      vertex 19.8223 -26.4093 2.2
      vertex 20 -26.4 2.5
      vertex 19.8223 -26.4093 2.5
    endloop
  endfacet
  facet normal 0.0522639 -0.998633 0
    outer loop
      vertex 20 -26.4 2.5
      vertex 19.8223 -26.4093 2.2
      vertex 20 -26.4 2.2
    endloop
  endfacet
  facet normal 0.0522639 -0.998633 0
    outer loop
      vertex 19.8223 -26.4093 0
      vertex 20 -26.4 0.2
      vertex 19.8223 -26.4093 0.2
    endloop
  endfacet
  facet normal 0.0522639 -0.998633 0
    outer loop
      vertex 20 -26.4 0.2
      vertex 19.8223 -26.4093 0
      vertex 20 -26.4 0
    endloop
  endfacet
  facet normal 0.890915 0.45417 0
    outer loop
      vertex 18.5278 -28.95 0.2
      vertex 18.447 -28.7915 0
      vertex 18.447 -28.7915 0.2
    endloop
  endfacet
  facet normal 0.890915 0.45417 0
    outer loop
      vertex 18.447 -28.7915 0
      vertex 18.5278 -28.95 0.2
      vertex 18.5278 -28.95 0
    endloop
  endfacet
  facet normal 0.890915 0.45417 0
    outer loop
      vertex 18.5278 -28.95 2.5
      vertex 18.447 -28.7915 2.2
      vertex 18.447 -28.7915 2.5
    endloop
  endfacet
  facet normal 0.890915 0.45417 0
    outer loop
      vertex 18.447 -28.7915 2.2
      vertex 18.5278 -28.95 2.5
      vertex 18.5278 -28.95 2.2
    endloop
  endfacet
  facet normal -0.0522639 -0.998633 0
    outer loop
      vertex 20 -26.4 2.2
      vertex 20.1777 -26.4093 2.5
      vertex 20 -26.4 2.5
    endloop
  endfacet
  facet normal -0.0522639 -0.998633 -0
    outer loop
      vertex 20.1777 -26.4093 2.5
      vertex 20 -26.4 2.2
      vertex 20.1777 -26.4093 2.2
    endloop
  endfacet
  facet normal -0.0522639 -0.998633 0
    outer loop
      vertex 20 -26.4 0
      vertex 20.1777 -26.4093 0.2
      vertex 20 -26.4 0.2
    endloop
  endfacet
  facet normal -0.0522639 -0.998633 -0
    outer loop
      vertex 20.1777 -26.4093 0.2
      vertex 20 -26.4 0
      vertex 20.1777 -26.4093 0
    endloop
  endfacet
  facet normal -0.890915 0.45417 0
    outer loop
      vertex 21.4722 -28.95 0
      vertex 21.553 -28.7915 0.2
      vertex 21.553 -28.7915 0
    endloop
  endfacet
  facet normal -0.890915 0.45417 0
    outer loop
      vertex 21.553 -28.7915 0.2
      vertex 21.4722 -28.95 0
      vertex 21.4722 -28.95 0.2
    endloop
  endfacet
  facet normal -0.890915 0.45417 0
    outer loop
      vertex 21.4722 -28.95 2.2
      vertex 21.553 -28.7915 2.5
      vertex 21.553 -28.7915 2.2
    endloop
  endfacet
  facet normal -0.890915 0.45417 0
    outer loop
      vertex 21.553 -28.7915 2.5
      vertex 21.4722 -28.95 2.2
      vertex 21.4722 -28.95 2.5
    endloop
  endfacet
  facet normal -0.629344 0.777127 0
    outer loop
      vertex 21.1375 -29.3633 2.2
      vertex 20.9992 -29.4753 2.5
      vertex 21.1375 -29.3633 2.5
    endloop
  endfacet
  facet normal -0.629344 0.777127 0
    outer loop
      vertex 20.9992 -29.4753 2.5
      vertex 21.1375 -29.3633 2.2
      vertex 20.9992 -29.4753 2.2
    endloop
  endfacet
  facet normal -0.629344 0.777127 0
    outer loop
      vertex 21.1375 -29.3633 0
      vertex 20.9992 -29.4753 0.2
      vertex 21.1375 -29.3633 0.2
    endloop
  endfacet
  facet normal -0.629344 0.777127 0
    outer loop
      vertex 20.9992 -29.4753 0.2
      vertex 21.1375 -29.3633 0
      vertex 20.9992 -29.4753 0
    endloop
  endfacet
  facet normal -0.838649 0.544672 0
    outer loop
      vertex 21.3753 -29.0992 0
      vertex 21.4722 -28.95 0.2
      vertex 21.4722 -28.95 0
    endloop
  endfacet
  facet normal -0.838649 0.544672 0
    outer loop
      vertex 21.4722 -28.95 0.2
      vertex 21.3753 -29.0992 0
      vertex 21.3753 -29.0992 0.2
    endloop
  endfacet
  facet normal -0.838649 0.544672 0
    outer loop
      vertex 21.3753 -29.0992 2.2
      vertex 21.4722 -28.95 2.5
      vertex 21.4722 -28.95 2.2
    endloop
  endfacet
  facet normal -0.838649 0.544672 0
    outer loop
      vertex 21.4722 -28.95 2.5
      vertex 21.3753 -29.0992 2.2
      vertex 21.3753 -29.0992 2.5
    endloop
  endfacet
  facet normal 0.544672 -0.838649 0
    outer loop
      vertex 19.0008 -26.7247 0
      vertex 19.15 -26.6278 0.2
      vertex 19.0008 -26.7247 0.2
    endloop
  endfacet
  facet normal 0.544672 -0.838649 0
    outer loop
      vertex 19.15 -26.6278 0.2
      vertex 19.0008 -26.7247 0
      vertex 19.15 -26.6278 0
    endloop
  endfacet
  facet normal 0.544672 -0.838649 0
    outer loop
      vertex 19.0008 -26.7247 2.2
      vertex 19.15 -26.6278 2.5
      vertex 19.0008 -26.7247 2.5
    endloop
  endfacet
  facet normal 0.544672 -0.838649 0
    outer loop
      vertex 19.15 -26.6278 2.5
      vertex 19.0008 -26.7247 2.2
      vertex 19.15 -26.6278 2.2
    endloop
  endfacet
  facet normal 0.838649 0.544672 0
    outer loop
      vertex 18.6247 -29.0992 2.5
      vertex 18.5278 -28.95 2.2
      vertex 18.5278 -28.95 2.5
    endloop
  endfacet
  facet normal 0.838649 0.544672 0
    outer loop
      vertex 18.5278 -28.95 2.2
      vertex 18.6247 -29.0992 2.5
      vertex 18.6247 -29.0992 2.2
    endloop
  endfacet
  facet normal 0.838649 0.544672 0
    outer loop
      vertex 18.6247 -29.0992 0.2
      vertex 18.5278 -28.95 0
      vertex 18.5278 -28.95 0.2
    endloop
  endfacet
  facet normal 0.838649 0.544672 0
    outer loop
      vertex 18.5278 -28.95 0
      vertex 18.6247 -29.0992 0.2
      vertex 18.6247 -29.0992 0
    endloop
  endfacet
  facet normal 0.933577 -0.358377 0
    outer loop
      vertex 18.3832 -27.5747 2.5
      vertex 18.447 -27.4085 2.2
      vertex 18.447 -27.4085 2.5
    endloop
  endfacet
  facet normal 0.933577 -0.358377 0
    outer loop
      vertex 18.447 -27.4085 2.2
      vertex 18.3832 -27.5747 2.5
      vertex 18.3832 -27.5747 2.2
    endloop
  endfacet
  facet normal 0.933577 -0.358377 0
    outer loop
      vertex 18.3832 -27.5747 0.2
      vertex 18.447 -27.4085 0
      vertex 18.447 -27.4085 0.2
    endloop
  endfacet
  facet normal 0.933577 -0.358377 0
    outer loop
      vertex 18.447 -27.4085 0
      vertex 18.3832 -27.5747 0.2
      vertex 18.3832 -27.5747 0
    endloop
  endfacet
  facet normal 0.45417 0.890915 -0
    outer loop
      vertex 19.3085 -29.653 0
      vertex 19.15 -29.5722 0.2
      vertex 19.3085 -29.653 0.2
    endloop
  endfacet
  facet normal 0.45417 0.890915 0
    outer loop
      vertex 19.15 -29.5722 0.2
      vertex 19.3085 -29.653 0
      vertex 19.15 -29.5722 0
    endloop
  endfacet
  facet normal 0.45417 0.890915 -0
    outer loop
      vertex 19.3085 -29.653 2.2
      vertex 19.15 -29.5722 2.5
      vertex 19.3085 -29.653 2.5
    endloop
  endfacet
  facet normal 0.45417 0.890915 0
    outer loop
      vertex 19.15 -29.5722 2.5
      vertex 19.3085 -29.653 2.2
      vertex 19.15 -29.5722 2.2
    endloop
  endfacet
  facet normal 0.707107 0.707107 0
    outer loop
      vertex 18.8625 -29.3633 0.2
      vertex 18.7367 -29.2375 0
      vertex 18.7367 -29.2375 0.2
    endloop
  endfacet
  facet normal 0.707107 0.707107 0
    outer loop
      vertex 18.7367 -29.2375 0
      vertex 18.8625 -29.3633 0.2
      vertex 18.8625 -29.3633 0
    endloop
  endfacet
  facet normal 0.707107 0.707107 0
    outer loop
      vertex 18.8625 -29.3633 2.5
      vertex 18.7367 -29.2375 2.2
      vertex 18.7367 -29.2375 2.5
    endloop
  endfacet
  facet normal 0.707107 0.707107 0
    outer loop
      vertex 18.7367 -29.2375 2.2
      vertex 18.8625 -29.3633 2.5
      vertex 18.8625 -29.3633 2.2
    endloop
  endfacet
  facet normal -0.156193 -0.987726 0
    outer loop
      vertex 20.1777 -26.4093 0
      vertex 20.3535 -26.4371 0.2
      vertex 20.1777 -26.4093 0.2
    endloop
  endfacet
  facet normal -0.156193 -0.987726 -0
    outer loop
      vertex 20.3535 -26.4371 0.2
      vertex 20.1777 -26.4093 0
      vertex 20.3535 -26.4371 0
    endloop
  endfacet
  facet normal -0.156193 -0.987726 0
    outer loop
      vertex 20.1777 -26.4093 2.2
      vertex 20.3535 -26.4371 2.5
      vertex 20.1777 -26.4093 2.5
    endloop
  endfacet
  facet normal -0.156193 -0.987726 -0
    outer loop
      vertex 20.3535 -26.4371 2.5
      vertex 20.1777 -26.4093 2.2
      vertex 20.3535 -26.4371 2.2
    endloop
  endfacet
  facet normal -0.78974 -0.0413313 0.612048
    outer loop
      vertex 21.7 -28.1 0.2
      vertex 23.25 -28.1 2.2
      vertex 21.6907 -27.9223 0.2
    endloop
  endfacet
  facet normal 0.559188 0.559188 0.61206
    outer loop
      vertex 18.7367 -29.2375 0.2
      vertex 17.8253 -30.5152 2.2
      vertex 18.8625 -29.3633 0.2
    endloop
  endfacet
  facet normal 0.559188 0.559188 0.61206
    outer loop
      vertex 17.8253 -30.5152 2.2
      vertex 18.7367 -29.2375 0.2
      vertex 17.5848 -30.2747 2.2
    endloop
  endfacet
  facet normal 0.0413313 -0.78974 0.612048
    outer loop
      vertex 20 -26.4 0.2
      vertex 20 -24.85 2.2
      vertex 19.8223 -26.4093 0.2
    endloop
  endfacet
  facet normal -0.359161 0.704543 0.612064
    outer loop
      vertex 21.625 -30.9146 2.2
      vertex 20.85 -29.5722 0.2
      vertex 20.6915 -29.653 0.2
    endloop
  endfacet
  facet normal 0.614584 0.497665 0.612059
    outer loop
      vertex 17.5848 -30.2747 2.2
      vertex 18.7367 -29.2375 0.2
      vertex 17.3707 -30.0103 2.2
    endloop
  endfacet
  facet normal 0.763837 -0.20479 0.612057
    outer loop
      vertex 18.3372 -27.7465 0.2
      vertex 16.9091 -27.0957 2.2
      vertex 16.821 -27.4243 2.2
    endloop
  endfacet
  facet normal -0.283414 0.738298 0.61204
    outer loop
      vertex 21.0043 -31.1909 2.2
      vertex 20.6915 -29.653 0.2
      vertex 20.5253 -29.7168 0.2
    endloop
  endfacet
  facet normal 0.430747 -0.663206 0.612057
    outer loop
      vertex 19.0008 -26.7247 0.2
      vertex 18.375 -25.2854 2.2
      vertex 18.0897 -25.4707 2.2
    endloop
  endfacet
  facet normal 0.73831 -0.283375 0.612043
    outer loop
      vertex 18.447 -27.4085 0.2
      vertex 17.031 -26.7781 2.2
      vertex 16.9091 -27.0957 2.2
    endloop
  endfacet
  facet normal 0.781093 -0.123673 0.612045
    outer loop
      vertex 18.3093 -27.9223 0.2
      vertex 16.821 -27.4243 2.2
      vertex 16.7678 -27.7603 2.2
    endloop
  endfacet
  facet normal 0.663206 0.430747 0.612057
    outer loop
      vertex 17.3707 -30.0103 2.2
      vertex 18.6247 -29.0992 0.2
      vertex 17.1854 -29.725 2.2
    endloop
  endfacet
  facet normal 0.663214 -0.430734 0.612059
    outer loop
      vertex 18.5278 -27.25 0.2
      vertex 18.6247 -27.1008 0.2
      vertex 17.1854 -26.475 2.2
    endloop
  endfacet
  facet normal -0.204795 -0.763855 0.612033
    outer loop
      vertex 21.0043 -25.0091 2.2
      vertex 20.6757 -24.921 2.2
      vertex 20.3535 -26.4371 0.2
    endloop
  endfacet
  facet normal 0.430734 0.663214 0.612059
    outer loop
      vertex 19.15 -29.5722 0.2
      vertex 19.0008 -29.4753 0.2
      vertex 18.375 -30.9146 2.2
    endloop
  endfacet
  facet normal -0.204955 -0.763801 0.612047
    outer loop
      vertex 20.5253 -26.4832 0.2
      vertex 21.0043 -25.0091 2.2
      vertex 20.3535 -26.4371 0.2
    endloop
  endfacet
  facet normal -0.430747 0.663206 0.612057
    outer loop
      vertex 21.625 -30.9146 2.2
      vertex 21.9103 -30.7293 2.2
      vertex 20.9992 -29.4753 0.2
    endloop
  endfacet
  facet normal 0.0413817 0.78974 0.612044
    outer loop
      vertex 20 -31.35 2.2
      vertex 19.8223 -29.7907 0.2
      vertex 19.6603 -31.3322 2.2
    endloop
  endfacet
  facet normal -0.78974 0.0413817 0.612044
    outer loop
      vertex 23.2322 -28.4397 2.2
      vertex 23.25 -28.1 2.2
      vertex 21.6907 -28.2777 0.2
    endloop
  endfacet
  facet normal -0.123523 -0.781126 0.612032
    outer loop
      vertex 20.3535 -26.4371 0.2
      vertex 20.6757 -24.921 2.2
      vertex 20.1777 -26.4093 0.2
    endloop
  endfacet
  facet normal -0.123673 0.781093 0.612045
    outer loop
      vertex 20.3397 -31.3322 2.2
      vertex 20.6757 -31.279 2.2
      vertex 20.1777 -29.7907 0.2
    endloop
  endfacet
  facet normal 0.497665 -0.614584 0.612059
    outer loop
      vertex 18.8625 -26.8367 0.2
      vertex 18.0897 -25.4707 2.2
      vertex 17.8253 -25.6848 2.2
    endloop
  endfacet
  facet normal 0.204795 -0.763855 0.612033
    outer loop
      vertex 19.6465 -26.4371 0.2
      vertex 19.3243 -24.921 2.2
      vertex 18.9957 -25.0091 2.2
    endloop
  endfacet
  facet normal -0.0413817 0.78974 0.612044
    outer loop
      vertex 20.3397 -31.3322 2.2
      vertex 20.1777 -29.7907 0.2
      vertex 20 -31.35 2.2
    endloop
  endfacet
  facet normal -0.78974 -0.0413817 0.612044
    outer loop
      vertex 23.25 -28.1 2.2
      vertex 23.2322 -27.7603 2.2
      vertex 21.6907 -27.9223 0.2
    endloop
  endfacet
  facet normal -0.497665 0.614584 0.612059
    outer loop
      vertex 21.9103 -30.7293 2.2
      vertex 22.1747 -30.5152 2.2
      vertex 21.1375 -29.3633 0.2
    endloop
  endfacet
  facet normal -0.763833 0.204789 0.612063
    outer loop
      vertex 23.0909 -29.1043 2.2
      vertex 23.179 -28.7757 2.2
      vertex 21.6628 -28.4534 0.2
    endloop
  endfacet
  facet normal 0.497694 0.614563 0.612056
    outer loop
      vertex 19.0008 -29.4753 0.2
      vertex 18.8625 -29.3633 0.2
      vertex 18.0897 -30.7293 2.2
    endloop
  endfacet
  facet normal -0.430734 -0.663214 0.612059
    outer loop
      vertex 20.9992 -26.7247 0.2
      vertex 21.625 -25.2854 2.2
      vertex 20.85 -26.6278 0.2
    endloop
  endfacet
  facet normal 0.781031 -0.123952 0.612068
    outer loop
      vertex 18.3093 -27.9223 0.2
      vertex 18.3372 -27.7465 0.2
      vertex 16.821 -27.4243 2.2
    endloop
  endfacet
  facet normal 0.663214 0.430734 0.612059
    outer loop
      vertex 18.6247 -29.0992 0.2
      vertex 18.5278 -28.95 0.2
      vertex 17.1854 -29.725 2.2
    endloop
  endfacet
  facet normal -0.704663 -0.358957 0.612045
    outer loop
      vertex 22.969 -26.7781 2.2
      vertex 22.8146 -26.475 2.2
      vertex 21.553 -27.4085 0.2
    endloop
  endfacet
  facet normal 0.738298 -0.283414 0.61204
    outer loop
      vertex 18.3832 -27.5747 0.2
      vertex 18.447 -27.4085 0.2
      vertex 16.9091 -27.0957 2.2
    endloop
  endfacet
  facet normal -0.123673 -0.781093 0.612045
    outer loop
      vertex 20.6757 -24.921 2.2
      vertex 20.3397 -24.8678 2.2
      vertex 20.1777 -26.4093 0.2
    endloop
  endfacet
  facet normal 0.0413817 -0.78974 0.612044
    outer loop
      vertex 19.8223 -26.4093 0.2
      vertex 20 -24.85 2.2
      vertex 19.6603 -24.8678 2.2
    endloop
  endfacet
  facet normal -0.358957 -0.704663 0.612045
    outer loop
      vertex 21.625 -25.2854 2.2
      vertex 21.3219 -25.131 2.2
      vertex 20.6915 -26.547 0.2
    endloop
  endfacet
  facet normal 0.559188 -0.559188 0.61206
    outer loop
      vertex 17.8253 -25.6848 2.2
      vertex 18.7367 -26.9625 0.2
      vertex 18.8625 -26.8367 0.2
    endloop
  endfacet
  facet normal 0.559188 -0.559188 0.61206
    outer loop
      vertex 18.7367 -26.9625 0.2
      vertex 17.8253 -25.6848 2.2
      vertex 17.5848 -25.9253 2.2
    endloop
  endfacet
  facet normal -0.763921 -0.204542 0.612036
    outer loop
      vertex 21.6628 -27.7465 0.2
      vertex 23.0909 -27.0957 2.2
      vertex 21.6168 -27.5747 0.2
    endloop
  endfacet
  facet normal -0.0413313 0.78974 0.612048
    outer loop
      vertex 20.1777 -29.7907 0.2
      vertex 20 -29.8 0.2
      vertex 20 -31.35 2.2
    endloop
  endfacet
  facet normal 0.123673 0.781093 0.612045
    outer loop
      vertex 19.6603 -31.3322 2.2
      vertex 19.8223 -29.7907 0.2
      vertex 19.3243 -31.279 2.2
    endloop
  endfacet
  facet normal -0.663206 -0.430747 0.612057
    outer loop
      vertex 22.8146 -26.475 2.2
      vertex 22.6293 -26.1897 2.2
      vertex 21.3753 -27.1008 0.2
    endloop
  endfacet
  facet normal -0.704543 -0.359161 0.612064
    outer loop
      vertex 21.553 -27.4085 0.2
      vertex 22.8146 -26.475 2.2
      vertex 21.4722 -27.25 0.2
    endloop
  endfacet
  facet normal 0.614584 -0.497665 0.612059
    outer loop
      vertex 18.7367 -26.9625 0.2
      vertex 17.5848 -25.9253 2.2
      vertex 17.3707 -26.1897 2.2
    endloop
  endfacet
  facet normal -0.763953 0.204432 0.612033
    outer loop
      vertex 23.0909 -29.1043 2.2
      vertex 21.6628 -28.4534 0.2
      vertex 21.6168 -28.6253 0.2
    endloop
  endfacet
  facet normal 0.283414 0.738298 0.61204
    outer loop
      vertex 19.4747 -29.7168 0.2
      vertex 19.3085 -29.653 0.2
      vertex 18.9957 -31.1909 2.2
    endloop
  endfacet
  facet normal -0.73831 0.283375 0.612043
    outer loop
      vertex 22.969 -29.4219 2.2
      vertex 23.0909 -29.1043 2.2
      vertex 21.553 -28.7915 0.2
    endloop
  endfacet
  facet normal -0.781093 -0.123673 0.612045
    outer loop
      vertex 23.2322 -27.7603 2.2
      vertex 23.179 -27.4243 2.2
      vertex 21.6907 -27.9223 0.2
    endloop
  endfacet
  facet normal -0.78974 0.0413313 0.612048
    outer loop
      vertex 23.25 -28.1 2.2
      vertex 21.7 -28.1 0.2
      vertex 21.6907 -28.2777 0.2
    endloop
  endfacet
  facet normal -0.781093 0.123673 0.612045
    outer loop
      vertex 23.179 -28.7757 2.2
      vertex 23.2322 -28.4397 2.2
      vertex 21.6907 -28.2777 0.2
    endloop
  endfacet
  facet normal -0.704543 0.359161 0.612064
    outer loop
      vertex 22.8146 -29.725 2.2
      vertex 21.553 -28.7915 0.2
      vertex 21.4722 -28.95 0.2
    endloop
  endfacet
  facet normal -0.123952 0.781031 0.612068
    outer loop
      vertex 20.6757 -31.279 2.2
      vertex 20.3535 -29.7628 0.2
      vertex 20.1777 -29.7907 0.2
    endloop
  endfacet
  facet normal 0.430734 -0.663214 0.612059
    outer loop
      vertex 19.0008 -26.7247 0.2
      vertex 19.15 -26.6278 0.2
      vertex 18.375 -25.2854 2.2
    endloop
  endfacet
  facet normal -0.663214 0.430734 0.612059
    outer loop
      vertex 22.8146 -29.725 2.2
      vertex 21.4722 -28.95 0.2
      vertex 21.3753 -29.0992 0.2
    endloop
  endfacet
  facet normal -0.614563 0.497694 0.612056
    outer loop
      vertex 22.6293 -30.0103 2.2
      vertex 21.3753 -29.0992 0.2
      vertex 21.2633 -29.2375 0.2
    endloop
  endfacet
  facet normal -0.283375 -0.73831 0.612043
    outer loop
      vertex 21.3219 -25.131 2.2
      vertex 21.0043 -25.0091 2.2
      vertex 20.6915 -26.547 0.2
    endloop
  endfacet
  facet normal 0.283414 -0.738298 0.61204
    outer loop
      vertex 19.3085 -26.547 0.2
      vertex 19.4747 -26.4832 0.2
      vertex 18.9957 -25.0091 2.2
    endloop
  endfacet
  facet normal -0.663206 0.430747 0.612057
    outer loop
      vertex 22.6293 -30.0103 2.2
      vertex 22.8146 -29.725 2.2
      vertex 21.3753 -29.0992 0.2
    endloop
  endfacet
  facet normal -0.663214 -0.430734 0.612059
    outer loop
      vertex 21.4722 -27.25 0.2
      vertex 22.8146 -26.475 2.2
      vertex 21.3753 -27.1008 0.2
    endloop
  endfacet
  facet normal 0.20479 0.763837 0.612057
    outer loop
      vertex 19.3243 -31.279 2.2
      vertex 19.6465 -29.7628 0.2
      vertex 18.9957 -31.1909 2.2
    endloop
  endfacet
  facet normal -0.704663 0.358957 0.612045
    outer loop
      vertex 22.8146 -29.725 2.2
      vertex 22.969 -29.4219 2.2
      vertex 21.553 -28.7915 0.2
    endloop
  endfacet
  facet normal -0.358957 0.704663 0.612045
    outer loop
      vertex 21.3219 -31.069 2.2
      vertex 21.625 -30.9146 2.2
      vertex 20.6915 -29.653 0.2
    endloop
  endfacet
  facet normal 0.204542 0.763921 0.612036
    outer loop
      vertex 19.6465 -29.7628 0.2
      vertex 19.4747 -29.7168 0.2
      vertex 18.9957 -31.1909 2.2
    endloop
  endfacet
  facet normal 0.663206 -0.430747 0.612057
    outer loop
      vertex 18.6247 -27.1008 0.2
      vertex 17.3707 -26.1897 2.2
      vertex 17.1854 -26.475 2.2
    endloop
  endfacet
  facet normal -0.0413817 -0.78974 0.612044
    outer loop
      vertex 20.1777 -26.4093 0.2
      vertex 20.3397 -24.8678 2.2
      vertex 20 -24.85 2.2
    endloop
  endfacet
  facet normal -0.497694 0.614563 0.612056
    outer loop
      vertex 21.9103 -30.7293 2.2
      vertex 21.1375 -29.3633 0.2
      vertex 20.9992 -29.4753 0.2
    endloop
  endfacet
  facet normal 0.704663 0.358957 0.612045
    outer loop
      vertex 17.1854 -29.725 2.2
      vertex 18.447 -28.7915 0.2
      vertex 17.031 -29.4219 2.2
    endloop
  endfacet
  facet normal 0.704543 -0.359161 0.612064
    outer loop
      vertex 18.447 -27.4085 0.2
      vertex 18.5278 -27.25 0.2
      vertex 17.1854 -26.475 2.2
    endloop
  endfacet
  facet normal -0.738298 0.283414 0.61204
    outer loop
      vertex 23.0909 -29.1043 2.2
      vertex 21.6168 -28.6253 0.2
      vertex 21.553 -28.7915 0.2
    endloop
  endfacet
  facet normal -0.283375 0.73831 0.612043
    outer loop
      vertex 21.0043 -31.1909 2.2
      vertex 21.3219 -31.069 2.2
      vertex 20.6915 -29.653 0.2
    endloop
  endfacet
  facet normal -0.738298 -0.283414 0.61204
    outer loop
      vertex 21.6168 -27.5747 0.2
      vertex 23.0909 -27.0957 2.2
      vertex 21.553 -27.4085 0.2
    endloop
  endfacet
  facet normal -0.781015 0.12402 0.612074
    outer loop
      vertex 23.179 -28.7757 2.2
      vertex 21.6907 -28.2777 0.2
      vertex 21.6628 -28.4534 0.2
    endloop
  endfacet
  facet normal -0.763837 -0.20479 0.612057
    outer loop
      vertex 23.179 -27.4243 2.2
      vertex 23.0909 -27.0957 2.2
      vertex 21.6628 -27.7465 0.2
    endloop
  endfacet
  facet normal -0.781031 -0.123952 0.612068
    outer loop
      vertex 21.6907 -27.9223 0.2
      vertex 23.179 -27.4243 2.2
      vertex 21.6628 -27.7465 0.2
    endloop
  endfacet
  facet normal 0.78974 0.0413313 0.612048
    outer loop
      vertex 18.3093 -28.2777 0.2
      vertex 18.3 -28.1 0.2
      vertex 16.75 -28.1 2.2
    endloop
  endfacet
  facet normal 0.78974 0.0413817 0.612044
    outer loop
      vertex 16.7678 -28.4397 2.2
      vertex 18.3093 -28.2777 0.2
      vertex 16.75 -28.1 2.2
    endloop
  endfacet
  facet normal 0.358957 0.704663 0.612045
    outer loop
      vertex 18.6781 -31.069 2.2
      vertex 19.3085 -29.653 0.2
      vertex 18.375 -30.9146 2.2
    endloop
  endfacet
  facet normal 0.358957 -0.704663 0.612045
    outer loop
      vertex 19.3085 -26.547 0.2
      vertex 18.6781 -25.131 2.2
      vertex 18.375 -25.2854 2.2
    endloop
  endfacet
  facet normal 0.614563 0.497694 0.612056
    outer loop
      vertex 18.7367 -29.2375 0.2
      vertex 18.6247 -29.0992 0.2
      vertex 17.3707 -30.0103 2.2
    endloop
  endfacet
  facet normal 0.704663 -0.358957 0.612045
    outer loop
      vertex 18.447 -27.4085 0.2
      vertex 17.1854 -26.475 2.2
      vertex 17.031 -26.7781 2.2
    endloop
  endfacet
  facet normal -0.204542 0.763921 0.612036
    outer loop
      vertex 21.0043 -31.1909 2.2
      vertex 20.5253 -29.7168 0.2
      vertex 20.3535 -29.7628 0.2
    endloop
  endfacet
  facet normal 0.763921 -0.204542 0.612036
    outer loop
      vertex 18.3372 -27.7465 0.2
      vertex 18.3832 -27.5747 0.2
      vertex 16.9091 -27.0957 2.2
    endloop
  endfacet
  facet normal -0.283414 -0.738298 0.61204
    outer loop
      vertex 20.6915 -26.547 0.2
      vertex 21.0043 -25.0091 2.2
      vertex 20.5253 -26.4832 0.2
    endloop
  endfacet
  facet normal 0.78974 -0.0413313 0.612048
    outer loop
      vertex 18.3 -28.1 0.2
      vertex 18.3093 -27.9223 0.2
      vertex 16.75 -28.1 2.2
    endloop
  endfacet
  facet normal 0.78974 -0.0413817 0.612044
    outer loop
      vertex 18.3093 -27.9223 0.2
      vertex 16.7678 -27.7603 2.2
      vertex 16.75 -28.1 2.2
    endloop
  endfacet
  facet normal -0.73831 -0.283375 0.612043
    outer loop
      vertex 23.0909 -27.0957 2.2
      vertex 22.969 -26.7781 2.2
      vertex 21.553 -27.4085 0.2
    endloop
  endfacet
  facet normal 0.497694 -0.614563 0.612056
    outer loop
      vertex 18.8625 -26.8367 0.2
      vertex 19.0008 -26.7247 0.2
      vertex 18.0897 -25.4707 2.2
    endloop
  endfacet
  facet normal 0.123952 0.781031 0.612068
    outer loop
      vertex 19.8223 -29.7907 0.2
      vertex 19.6465 -29.7628 0.2
      vertex 19.3243 -31.279 2.2
    endloop
  endfacet
  facet normal 0.359161 -0.704543 0.612064
    outer loop
      vertex 19.15 -26.6278 0.2
      vertex 19.3085 -26.547 0.2
      vertex 18.375 -25.2854 2.2
    endloop
  endfacet
  facet normal -0.0413313 -0.78974 0.612048
    outer loop
      vertex 20.1777 -26.4093 0.2
      vertex 20 -24.85 2.2
      vertex 20 -26.4 0.2
    endloop
  endfacet
  facet normal -0.20479 0.763837 0.612057
    outer loop
      vertex 20.6757 -31.279 2.2
      vertex 21.0043 -31.1909 2.2
      vertex 20.3535 -29.7628 0.2
    endloop
  endfacet
  facet normal 0.738298 0.283414 0.61204
    outer loop
      vertex 18.447 -28.7915 0.2
      vertex 18.3832 -28.6253 0.2
      vertex 16.9091 -29.1043 2.2
    endloop
  endfacet
  facet normal 0.123523 -0.781126 0.612032
    outer loop
      vertex 19.6465 -26.4371 0.2
      vertex 19.8223 -26.4093 0.2
      vertex 19.3243 -24.921 2.2
    endloop
  endfacet
  facet normal -0.430734 0.663214 0.612059
    outer loop
      vertex 21.625 -30.9146 2.2
      vertex 20.9992 -29.4753 0.2
      vertex 20.85 -29.5722 0.2
    endloop
  endfacet
  facet normal 0.204955 -0.763801 0.612047
    outer loop
      vertex 19.4747 -26.4832 0.2
      vertex 19.6465 -26.4371 0.2
      vertex 18.9957 -25.0091 2.2
    endloop
  endfacet
  facet normal -0.497694 -0.614563 0.612056
    outer loop
      vertex 21.1375 -26.8367 0.2
      vertex 21.9103 -25.4707 2.2
      vertex 20.9992 -26.7247 0.2
    endloop
  endfacet
  facet normal -0.614563 -0.497694 0.612056
    outer loop
      vertex 21.3753 -27.1008 0.2
      vertex 22.6293 -26.1897 2.2
      vertex 21.2633 -26.9625 0.2
    endloop
  endfacet
  facet normal -0.559188 0.559188 0.61206
    outer loop
      vertex 21.2633 -29.2375 0.2
      vertex 22.1747 -30.5152 2.2
      vertex 22.4152 -30.2747 2.2
    endloop
  endfacet
  facet normal -0.559188 0.559188 0.61206
    outer loop
      vertex 22.1747 -30.5152 2.2
      vertex 21.2633 -29.2375 0.2
      vertex 21.1375 -29.3633 0.2
    endloop
  endfacet
  facet normal -0.614584 0.497665 0.612059
    outer loop
      vertex 22.4152 -30.2747 2.2
      vertex 22.6293 -30.0103 2.2
      vertex 21.2633 -29.2375 0.2
    endloop
  endfacet
  facet normal 0.123673 -0.781093 0.612045
    outer loop
      vertex 19.8223 -26.4093 0.2
      vertex 19.6603 -24.8678 2.2
      vertex 19.3243 -24.921 2.2
    endloop
  endfacet
  facet normal -0.359161 -0.704543 0.612064
    outer loop
      vertex 20.85 -26.6278 0.2
      vertex 21.625 -25.2854 2.2
      vertex 20.6915 -26.547 0.2
    endloop
  endfacet
  facet normal -0.497665 -0.614584 0.612059
    outer loop
      vertex 22.1747 -25.6848 2.2
      vertex 21.9103 -25.4707 2.2
      vertex 21.1375 -26.8367 0.2
    endloop
  endfacet
  facet normal 0.283375 0.73831 0.612043
    outer loop
      vertex 18.9957 -31.1909 2.2
      vertex 19.3085 -29.653 0.2
      vertex 18.6781 -31.069 2.2
    endloop
  endfacet
  facet normal 0.430747 0.663206 0.612057
    outer loop
      vertex 18.375 -30.9146 2.2
      vertex 19.0008 -29.4753 0.2
      vertex 18.0897 -30.7293 2.2
    endloop
  endfacet
  facet normal -0.614584 -0.497665 0.612059
    outer loop
      vertex 22.6293 -26.1897 2.2
      vertex 22.4152 -25.9253 2.2
      vertex 21.2633 -26.9625 0.2
    endloop
  endfacet
  facet normal -0.559188 -0.559188 0.61206
    outer loop
      vertex 22.1747 -25.6848 2.2
      vertex 21.2633 -26.9625 0.2
      vertex 22.4152 -25.9253 2.2
    endloop
  endfacet
  facet normal -0.559188 -0.559188 0.61206
    outer loop
      vertex 21.2633 -26.9625 0.2
      vertex 22.1747 -25.6848 2.2
      vertex 21.1375 -26.8367 0.2
    endloop
  endfacet
  facet normal 0.781093 0.123673 0.612045
    outer loop
      vertex 16.821 -28.7757 2.2
      vertex 18.3093 -28.2777 0.2
      vertex 16.7678 -28.4397 2.2
    endloop
  endfacet
  facet normal 0.763953 0.204432 0.612033
    outer loop
      vertex 18.3832 -28.6253 0.2
      vertex 18.3372 -28.4534 0.2
      vertex 16.9091 -29.1043 2.2
    endloop
  endfacet
  facet normal 0 0 -1
    outer loop
      vertex 21.7 -28.1 2.2
      vertex 23.25 -28.1 2.2
      vertex 23.2322 -28.4397 2.2
    endloop
  endfacet
  facet normal 0 0 -1
    outer loop
      vertex 21.6907 -28.2777 2.2
      vertex 23.2322 -28.4397 2.2
      vertex 23.179 -28.7757 2.2
    endloop
  endfacet
  facet normal 0 0 -1
    outer loop
      vertex 23.25 -28.1 2.2
      vertex 21.7 -28.1 2.2
      vertex 23.2322 -27.7603 2.2
    endloop
  endfacet
  facet normal 0 0 -1
    outer loop
      vertex 21.6628 -28.4534 2.2
      vertex 23.179 -28.7757 2.2
      vertex 23.0909 -29.1043 2.2
    endloop
  endfacet
  facet normal 0 0 -1
    outer loop
      vertex 21.6907 -27.9223 2.2
      vertex 23.2322 -27.7603 2.2
      vertex 21.7 -28.1 2.2
    endloop
  endfacet
  facet normal 0 0 -1
    outer loop
      vertex 21.6168 -28.6253 2.2
      vertex 23.0909 -29.1043 2.2
      vertex 22.969 -29.4219 2.2
    endloop
  endfacet
  facet normal -0 0 -1
    outer loop
      vertex 23.2322 -27.7603 2.2
      vertex 21.6907 -27.9223 2.2
      vertex 23.179 -27.4243 2.2
    endloop
  endfacet
  facet normal 0 0 -1
    outer loop
      vertex 21.553 -28.7915 2.2
      vertex 22.969 -29.4219 2.2
      vertex 22.8146 -29.725 2.2
    endloop
  endfacet
  facet normal 0 0 -1
    outer loop
      vertex 21.6628 -27.7465 2.2
      vertex 23.179 -27.4243 2.2
      vertex 21.6907 -27.9223 2.2
    endloop
  endfacet
  facet normal 0 0 -1
    outer loop
      vertex 21.4722 -28.95 2.2
      vertex 22.8146 -29.725 2.2
      vertex 22.6293 -30.0103 2.2
    endloop
  endfacet
  facet normal -0 0 -1
    outer loop
      vertex 23.179 -27.4243 2.2
      vertex 21.6628 -27.7465 2.2
      vertex 23.0909 -27.0957 2.2
    endloop
  endfacet
  facet normal 0 0 -1
    outer loop
      vertex 21.3753 -29.0992 2.2
      vertex 22.6293 -30.0103 2.2
      vertex 22.4152 -30.2747 2.2
    endloop
  endfacet
  facet normal 0 0 -1
    outer loop
      vertex 21.6168 -27.5747 2.2
      vertex 23.0909 -27.0957 2.2
      vertex 21.6628 -27.7465 2.2
    endloop
  endfacet
  facet normal 0 0 -1
    outer loop
      vertex 21.2633 -29.2375 2.2
      vertex 22.4152 -30.2747 2.2
      vertex 22.1747 -30.5152 2.2
    endloop
  endfacet
  facet normal -0 0 -1
    outer loop
      vertex 23.0909 -27.0957 2.2
      vertex 21.6168 -27.5747 2.2
      vertex 22.969 -26.7781 2.2
    endloop
  endfacet
  facet normal 0 0 -1
    outer loop
      vertex 21.1375 -29.3633 2.2
      vertex 22.1747 -30.5152 2.2
      vertex 21.9103 -30.7293 2.2
    endloop
  endfacet
  facet normal 0 0 -1
    outer loop
      vertex 21.553 -27.4085 2.2
      vertex 22.969 -26.7781 2.2
      vertex 21.6168 -27.5747 2.2
    endloop
  endfacet
  facet normal -0 0 -1
    outer loop
      vertex 22.969 -26.7781 2.2
      vertex 21.553 -27.4085 2.2
      vertex 22.8146 -26.475 2.2
    endloop
  endfacet
  facet normal 0 0 -1
    outer loop
      vertex 23.2322 -28.4397 2.2
      vertex 21.6907 -28.2777 2.2
      vertex 21.7 -28.1 2.2
    endloop
  endfacet
  facet normal 0 0 -1
    outer loop
      vertex 23.179 -28.7757 2.2
      vertex 21.6628 -28.4534 2.2
      vertex 21.6907 -28.2777 2.2
    endloop
  endfacet
  facet normal 0 0 -1
    outer loop
      vertex 20.9992 -29.4753 2.2
      vertex 21.9103 -30.7293 2.2
      vertex 21.625 -30.9146 2.2
    endloop
  endfacet
  facet normal 0 0 -1
    outer loop
      vertex 23.0909 -29.1043 2.2
      vertex 21.6168 -28.6253 2.2
      vertex 21.6628 -28.4534 2.2
    endloop
  endfacet
  facet normal 0 0 -1
    outer loop
      vertex 22.969 -29.4219 2.2
      vertex 21.553 -28.7915 2.2
      vertex 21.6168 -28.6253 2.2
    endloop
  endfacet
  facet normal 0 0 -1
    outer loop
      vertex 22.8146 -29.725 2.2
      vertex 21.4722 -28.95 2.2
      vertex 21.553 -28.7915 2.2
    endloop
  endfacet
  facet normal 0 0 -1
    outer loop
      vertex 22.6293 -30.0103 2.2
      vertex 21.3753 -29.0992 2.2
      vertex 21.4722 -28.95 2.2
    endloop
  endfacet
  facet normal 0 0 -1
    outer loop
      vertex 20.85 -29.5722 2.2
      vertex 21.625 -30.9146 2.2
      vertex 21.3219 -31.069 2.2
    endloop
  endfacet
  facet normal 0 0 -1
    outer loop
      vertex 22.4152 -30.2747 2.2
      vertex 21.2633 -29.2375 2.2
      vertex 21.3753 -29.0992 2.2
    endloop
  endfacet
  facet normal 0 0 -1
    outer loop
      vertex 22.1747 -30.5152 2.2
      vertex 21.1375 -29.3633 2.2
      vertex 21.2633 -29.2375 2.2
    endloop
  endfacet
  facet normal 0 0 -1
    outer loop
      vertex 20.6915 -29.653 2.2
      vertex 21.3219 -31.069 2.2
      vertex 21.0043 -31.1909 2.2
    endloop
  endfacet
  facet normal 0 0 -1
    outer loop
      vertex 21.9103 -30.7293 2.2
      vertex 20.9992 -29.4753 2.2
      vertex 21.1375 -29.3633 2.2
    endloop
  endfacet
  facet normal 0 0 -1
    outer loop
      vertex 21.625 -30.9146 2.2
      vertex 20.85 -29.5722 2.2
      vertex 20.9992 -29.4753 2.2
    endloop
  endfacet
  facet normal 0 0 -1
    outer loop
      vertex 21.3219 -31.069 2.2
      vertex 20.6915 -29.653 2.2
      vertex 20.85 -29.5722 2.2
    endloop
  endfacet
  facet normal 0 0 -1
    outer loop
      vertex 20.5253 -29.7168 2.2
      vertex 21.0043 -31.1909 2.2
      vertex 20.6757 -31.279 2.2
    endloop
  endfacet
  facet normal 0 0 -1
    outer loop
      vertex 21.0043 -31.1909 2.2
      vertex 20.5253 -29.7168 2.2
      vertex 20.6915 -29.653 2.2
    endloop
  endfacet
  facet normal 0 0 -1
    outer loop
      vertex 20.6757 -31.279 2.2
      vertex 20.3535 -29.7628 2.2
      vertex 20.5253 -29.7168 2.2
    endloop
  endfacet
  facet normal 0 0 -1
    outer loop
      vertex 20.3397 -31.3322 2.2
      vertex 20.3535 -29.7628 2.2
      vertex 20.6757 -31.279 2.2
    endloop
  endfacet
  facet normal 0 0 -1
    outer loop
      vertex 20.3397 -31.3322 2.2
      vertex 20.1777 -29.7907 2.2
      vertex 20.3535 -29.7628 2.2
    endloop
  endfacet
  facet normal 0 0 -1
    outer loop
      vertex 20 -31.35 2.2
      vertex 20.1777 -29.7907 2.2
      vertex 20.3397 -31.3322 2.2
    endloop
  endfacet
  facet normal 0 0 -1
    outer loop
      vertex 20 -31.35 2.2
      vertex 20 -29.8 2.2
      vertex 20.1777 -29.7907 2.2
    endloop
  endfacet
  facet normal 0 0 -1
    outer loop
      vertex 20 -31.35 2.2
      vertex 19.8223 -29.7907 2.2
      vertex 20 -29.8 2.2
    endloop
  endfacet
  facet normal 0 0 -1
    outer loop
      vertex 19.6603 -31.3322 2.2
      vertex 19.8223 -29.7907 2.2
      vertex 20 -31.35 2.2
    endloop
  endfacet
  facet normal 0 0 -1
    outer loop
      vertex 19.6603 -31.3322 2.2
      vertex 19.6465 -29.7628 2.2
      vertex 19.8223 -29.7907 2.2
    endloop
  endfacet
  facet normal 0 0 -1
    outer loop
      vertex 19.3243 -31.279 2.2
      vertex 19.6465 -29.7628 2.2
      vertex 19.6603 -31.3322 2.2
    endloop
  endfacet
  facet normal -0 0 -1
    outer loop
      vertex 19.6465 -29.7628 2.2
      vertex 19.3243 -31.279 2.2
      vertex 19.4747 -29.7168 2.2
    endloop
  endfacet
  facet normal 0 0 -1
    outer loop
      vertex 18.9957 -31.1909 2.2
      vertex 19.4747 -29.7168 2.2
      vertex 19.3243 -31.279 2.2
    endloop
  endfacet
  facet normal -0 0 -1
    outer loop
      vertex 19.4747 -29.7168 2.2
      vertex 18.9957 -31.1909 2.2
      vertex 19.3085 -29.653 2.2
    endloop
  endfacet
  facet normal 0 0 -1
    outer loop
      vertex 18.6781 -31.069 2.2
      vertex 19.3085 -29.653 2.2
      vertex 18.9957 -31.1909 2.2
    endloop
  endfacet
  facet normal -0 0 -1
    outer loop
      vertex 19.3085 -29.653 2.2
      vertex 18.6781 -31.069 2.2
      vertex 19.15 -29.5722 2.2
    endloop
  endfacet
  facet normal 0 0 -1
    outer loop
      vertex 18.375 -30.9146 2.2
      vertex 19.15 -29.5722 2.2
      vertex 18.6781 -31.069 2.2
    endloop
  endfacet
  facet normal -0 0 -1
    outer loop
      vertex 19.15 -29.5722 2.2
      vertex 18.375 -30.9146 2.2
      vertex 19.0008 -29.4753 2.2
    endloop
  endfacet
  facet normal 0 0 -1
    outer loop
      vertex 18.0897 -30.7293 2.2
      vertex 19.0008 -29.4753 2.2
      vertex 18.375 -30.9146 2.2
    endloop
  endfacet
  facet normal -0 0 -1
    outer loop
      vertex 19.0008 -29.4753 2.2
      vertex 18.0897 -30.7293 2.2
      vertex 18.8625 -29.3633 2.2
    endloop
  endfacet
  facet normal 0 0 -1
    outer loop
      vertex 17.8253 -30.5152 2.2
      vertex 18.8625 -29.3633 2.2
      vertex 18.0897 -30.7293 2.2
    endloop
  endfacet
  facet normal -0 0 -1
    outer loop
      vertex 18.8625 -29.3633 2.2
      vertex 17.8253 -30.5152 2.2
      vertex 18.7367 -29.2375 2.2
    endloop
  endfacet
  facet normal 0 0 -1
    outer loop
      vertex 17.5848 -30.2747 2.2
      vertex 18.7367 -29.2375 2.2
      vertex 17.8253 -30.5152 2.2
    endloop
  endfacet
  facet normal -0 0 -1
    outer loop
      vertex 18.7367 -29.2375 2.2
      vertex 17.5848 -30.2747 2.2
      vertex 18.6247 -29.0992 2.2
    endloop
  endfacet
  facet normal 0 0 -1
    outer loop
      vertex 17.3707 -30.0103 2.2
      vertex 18.6247 -29.0992 2.2
      vertex 17.5848 -30.2747 2.2
    endloop
  endfacet
  facet normal -0 0 -1
    outer loop
      vertex 18.6247 -29.0992 2.2
      vertex 17.3707 -30.0103 2.2
      vertex 18.5278 -28.95 2.2
    endloop
  endfacet
  facet normal 0 0 -1
    outer loop
      vertex 17.1854 -29.725 2.2
      vertex 18.5278 -28.95 2.2
      vertex 17.3707 -30.0103 2.2
    endloop
  endfacet
  facet normal -0 0 -1
    outer loop
      vertex 18.5278 -28.95 2.2
      vertex 17.1854 -29.725 2.2
      vertex 18.447 -28.7915 2.2
    endloop
  endfacet
  facet normal 0 0 -1
    outer loop
      vertex 21.4722 -27.25 2.2
      vertex 22.8146 -26.475 2.2
      vertex 21.553 -27.4085 2.2
    endloop
  endfacet
  facet normal -0 0 -1
    outer loop
      vertex 22.8146 -26.475 2.2
      vertex 21.4722 -27.25 2.2
      vertex 22.6293 -26.1897 2.2
    endloop
  endfacet
  facet normal 0 0 -1
    outer loop
      vertex 21.3753 -27.1008 2.2
      vertex 22.6293 -26.1897 2.2
      vertex 21.4722 -27.25 2.2
    endloop
  endfacet
  facet normal -0 0 -1
    outer loop
      vertex 22.6293 -26.1897 2.2
      vertex 21.3753 -27.1008 2.2
      vertex 22.4152 -25.9253 2.2
    endloop
  endfacet
  facet normal 0 0 -1
    outer loop
      vertex 21.2633 -26.9625 2.2
      vertex 22.4152 -25.9253 2.2
      vertex 21.3753 -27.1008 2.2
    endloop
  endfacet
  facet normal -0 0 -1
    outer loop
      vertex 22.4152 -25.9253 2.2
      vertex 21.2633 -26.9625 2.2
      vertex 22.1747 -25.6848 2.2
    endloop
  endfacet
  facet normal 0 0 -1
    outer loop
      vertex 21.1375 -26.8367 2.2
      vertex 22.1747 -25.6848 2.2
      vertex 21.2633 -26.9625 2.2
    endloop
  endfacet
  facet normal -0 0 -1
    outer loop
      vertex 22.1747 -25.6848 2.2
      vertex 21.1375 -26.8367 2.2
      vertex 21.9103 -25.4707 2.2
    endloop
  endfacet
  facet normal 0 0 -1
    outer loop
      vertex 20.9992 -26.7247 2.2
      vertex 21.9103 -25.4707 2.2
      vertex 21.1375 -26.8367 2.2
    endloop
  endfacet
  facet normal -0 0 -1
    outer loop
      vertex 21.9103 -25.4707 2.2
      vertex 20.9992 -26.7247 2.2
      vertex 21.625 -25.2854 2.2
    endloop
  endfacet
  facet normal 0 0 -1
    outer loop
      vertex 20.85 -26.6278 2.2
      vertex 21.625 -25.2854 2.2
      vertex 20.9992 -26.7247 2.2
    endloop
  endfacet
  facet normal -0 0 -1
    outer loop
      vertex 21.625 -25.2854 2.2
      vertex 20.85 -26.6278 2.2
      vertex 21.3219 -25.131 2.2
    endloop
  endfacet
  facet normal 0 0 -1
    outer loop
      vertex 20.6915 -26.547 2.2
      vertex 21.3219 -25.131 2.2
      vertex 20.85 -26.6278 2.2
    endloop
  endfacet
  facet normal -0 0 -1
    outer loop
      vertex 21.3219 -25.131 2.2
      vertex 20.6915 -26.547 2.2
      vertex 21.0043 -25.0091 2.2
    endloop
  endfacet
  facet normal 0 0 -1
    outer loop
      vertex 20.5253 -26.4832 2.2
      vertex 21.0043 -25.0091 2.2
      vertex 20.6915 -26.547 2.2
    endloop
  endfacet
  facet normal -0 0 -1
    outer loop
      vertex 21.0043 -25.0091 2.2
      vertex 20.5253 -26.4832 2.2
      vertex 20.6757 -24.921 2.2
    endloop
  endfacet
  facet normal 0 0 -1
    outer loop
      vertex 20.3535 -26.4371 2.2
      vertex 20.6757 -24.921 2.2
      vertex 20.5253 -26.4832 2.2
    endloop
  endfacet
  facet normal 0 0 -1
    outer loop
      vertex 20.3535 -26.4371 2.2
      vertex 20.3397 -24.8678 2.2
      vertex 20.6757 -24.921 2.2
    endloop
  endfacet
  facet normal 0 0 -1
    outer loop
      vertex 20.1777 -26.4093 2.2
      vertex 20.3397 -24.8678 2.2
      vertex 20.3535 -26.4371 2.2
    endloop
  endfacet
  facet normal 0 0 -1
    outer loop
      vertex 20 -26.4 2.2
      vertex 20.3397 -24.8678 2.2
      vertex 20.1777 -26.4093 2.2
    endloop
  endfacet
  facet normal 0 0 -1
    outer loop
      vertex 20 -26.4 2.2
      vertex 20 -24.85 2.2
      vertex 20.3397 -24.8678 2.2
    endloop
  endfacet
  facet normal 0 0 -1
    outer loop
      vertex 19.8223 -26.4093 2.2
      vertex 20 -24.85 2.2
      vertex 20 -26.4 2.2
    endloop
  endfacet
  facet normal 0 0 -1
    outer loop
      vertex 19.8223 -26.4093 2.2
      vertex 19.6603 -24.8678 2.2
      vertex 20 -24.85 2.2
    endloop
  endfacet
  facet normal 0 0 -1
    outer loop
      vertex 19.6465 -26.4371 2.2
      vertex 19.6603 -24.8678 2.2
      vertex 19.8223 -26.4093 2.2
    endloop
  endfacet
  facet normal 0 0 -1
    outer loop
      vertex 19.3243 -24.921 2.2
      vertex 19.6465 -26.4371 2.2
      vertex 19.4747 -26.4832 2.2
    endloop
  endfacet
  facet normal 0 0 -1
    outer loop
      vertex 19.6465 -26.4371 2.2
      vertex 19.3243 -24.921 2.2
      vertex 19.6603 -24.8678 2.2
    endloop
  endfacet
  facet normal 0 0 -1
    outer loop
      vertex 18.9957 -25.0091 2.2
      vertex 19.4747 -26.4832 2.2
      vertex 19.3085 -26.547 2.2
    endloop
  endfacet
  facet normal 0 0 -1
    outer loop
      vertex 18.6781 -25.131 2.2
      vertex 19.3085 -26.547 2.2
      vertex 19.15 -26.6278 2.2
    endloop
  endfacet
  facet normal 0 0 -1
    outer loop
      vertex 18.375 -25.2854 2.2
      vertex 19.15 -26.6278 2.2
      vertex 19.0008 -26.7247 2.2
    endloop
  endfacet
  facet normal 0 0 -1
    outer loop
      vertex 19.4747 -26.4832 2.2
      vertex 18.9957 -25.0091 2.2
      vertex 19.3243 -24.921 2.2
    endloop
  endfacet
  facet normal 0 0 -1
    outer loop
      vertex 18.0897 -25.4707 2.2
      vertex 19.0008 -26.7247 2.2
      vertex 18.8625 -26.8367 2.2
    endloop
  endfacet
  facet normal 0 0 -1
    outer loop
      vertex 17.8253 -25.6848 2.2
      vertex 18.8625 -26.8367 2.2
      vertex 18.7367 -26.9625 2.2
    endloop
  endfacet
  facet normal 0 0 -1
    outer loop
      vertex 19.3085 -26.547 2.2
      vertex 18.6781 -25.131 2.2
      vertex 18.9957 -25.0091 2.2
    endloop
  endfacet
  facet normal 0 0 -1
    outer loop
      vertex 17.5848 -25.9253 2.2
      vertex 18.7367 -26.9625 2.2
      vertex 18.6247 -27.1008 2.2
    endloop
  endfacet
  facet normal 0 0 -1
    outer loop
      vertex 17.3707 -26.1897 2.2
      vertex 18.6247 -27.1008 2.2
      vertex 18.5278 -27.25 2.2
    endloop
  endfacet
  facet normal 0 0 -1
    outer loop
      vertex 17.1854 -26.475 2.2
      vertex 18.5278 -27.25 2.2
      vertex 18.447 -27.4085 2.2
    endloop
  endfacet
  facet normal 0 0 -1
    outer loop
      vertex 17.031 -26.7781 2.2
      vertex 18.447 -27.4085 2.2
      vertex 18.3832 -27.5747 2.2
    endloop
  endfacet
  facet normal 0 0 -1
    outer loop
      vertex 19.15 -26.6278 2.2
      vertex 18.375 -25.2854 2.2
      vertex 18.6781 -25.131 2.2
    endloop
  endfacet
  facet normal 0 0 -1
    outer loop
      vertex 16.9091 -27.0957 2.2
      vertex 18.3832 -27.5747 2.2
      vertex 18.3372 -27.7465 2.2
    endloop
  endfacet
  facet normal 0 0 -1
    outer loop
      vertex 16.821 -27.4243 2.2
      vertex 18.3372 -27.7465 2.2
      vertex 18.3093 -27.9223 2.2
    endloop
  endfacet
  facet normal 0 0 -1
    outer loop
      vertex 16.7678 -27.7603 2.2
      vertex 18.3093 -27.9223 2.2
      vertex 18.3 -28.1 2.2
    endloop
  endfacet
  facet normal 0 0 -1
    outer loop
      vertex 17.031 -29.4219 2.2
      vertex 18.447 -28.7915 2.2
      vertex 17.1854 -29.725 2.2
    endloop
  endfacet
  facet normal 0 0 -1
    outer loop
      vertex 19.0008 -26.7247 2.2
      vertex 18.0897 -25.4707 2.2
      vertex 18.375 -25.2854 2.2
    endloop
  endfacet
  facet normal -0 0 -1
    outer loop
      vertex 18.447 -28.7915 2.2
      vertex 17.031 -29.4219 2.2
      vertex 18.3832 -28.6253 2.2
    endloop
  endfacet
  facet normal 0 0 -1
    outer loop
      vertex 18.8625 -26.8367 2.2
      vertex 17.8253 -25.6848 2.2
      vertex 18.0897 -25.4707 2.2
    endloop
  endfacet
  facet normal 0 0 -1
    outer loop
      vertex 16.9091 -29.1043 2.2
      vertex 18.3832 -28.6253 2.2
      vertex 17.031 -29.4219 2.2
    endloop
  endfacet
  facet normal 0 0 -1
    outer loop
      vertex 18.7367 -26.9625 2.2
      vertex 17.5848 -25.9253 2.2
      vertex 17.8253 -25.6848 2.2
    endloop
  endfacet
  facet normal -0 0 -1
    outer loop
      vertex 18.3832 -28.6253 2.2
      vertex 16.9091 -29.1043 2.2
      vertex 18.3372 -28.4534 2.2
    endloop
  endfacet
  facet normal 0 0 -1
    outer loop
      vertex 18.6247 -27.1008 2.2
      vertex 17.3707 -26.1897 2.2
      vertex 17.5848 -25.9253 2.2
    endloop
  endfacet
  facet normal 0 0 -1
    outer loop
      vertex 16.821 -28.7757 2.2
      vertex 18.3372 -28.4534 2.2
      vertex 16.9091 -29.1043 2.2
    endloop
  endfacet
  facet normal 0 0 -1
    outer loop
      vertex 18.5278 -27.25 2.2
      vertex 17.1854 -26.475 2.2
      vertex 17.3707 -26.1897 2.2
    endloop
  endfacet
  facet normal -0 0 -1
    outer loop
      vertex 18.3372 -28.4534 2.2
      vertex 16.821 -28.7757 2.2
      vertex 18.3093 -28.2777 2.2
    endloop
  endfacet
  facet normal 0 0 -1
    outer loop
      vertex 18.447 -27.4085 2.2
      vertex 17.031 -26.7781 2.2
      vertex 17.1854 -26.475 2.2
    endloop
  endfacet
  facet normal 0 0 -1
    outer loop
      vertex 16.7678 -28.4397 2.2
      vertex 18.3093 -28.2777 2.2
      vertex 16.821 -28.7757 2.2
    endloop
  endfacet
  facet normal 0 0 -1
    outer loop
      vertex 18.3832 -27.5747 2.2
      vertex 16.9091 -27.0957 2.2
      vertex 17.031 -26.7781 2.2
    endloop
  endfacet
  facet normal -0 0 -1
    outer loop
      vertex 18.3093 -28.2777 2.2
      vertex 16.7678 -28.4397 2.2
      vertex 18.3 -28.1 2.2
    endloop
  endfacet
  facet normal 0 0 -1
    outer loop
      vertex 18.3372 -27.7465 2.2
      vertex 16.821 -27.4243 2.2
      vertex 16.9091 -27.0957 2.2
    endloop
  endfacet
  facet normal 0 0 -1
    outer loop
      vertex 16.75 -28.1 2.2
      vertex 18.3 -28.1 2.2
      vertex 16.7678 -28.4397 2.2
    endloop
  endfacet
  facet normal 0 0 -1
    outer loop
      vertex 18.3093 -27.9223 2.2
      vertex 16.7678 -27.7603 2.2
      vertex 16.821 -27.4243 2.2
    endloop
  endfacet
  facet normal 0 0 -1
    outer loop
      vertex 18.3 -28.1 2.2
      vertex 16.75 -28.1 2.2
      vertex 16.7678 -27.7603 2.2
    endloop
  endfacet
  facet normal 0.359161 0.704543 0.612064
    outer loop
      vertex 19.3085 -29.653 0.2
      vertex 19.15 -29.5722 0.2
      vertex 18.375 -30.9146 2.2
    endloop
  endfacet
  facet normal 0.283375 -0.73831 0.612043
    outer loop
      vertex 19.3085 -26.547 0.2
      vertex 18.9957 -25.0091 2.2
      vertex 18.6781 -25.131 2.2
    endloop
  endfacet
  facet normal 0.0413313 0.78974 0.612048
    outer loop
      vertex 20 -31.35 2.2
      vertex 20 -29.8 0.2
      vertex 19.8223 -29.7907 0.2
    endloop
  endfacet
  facet normal 0.614563 -0.497694 0.612056
    outer loop
      vertex 18.6247 -27.1008 0.2
      vertex 18.7367 -26.9625 0.2
      vertex 17.3707 -26.1897 2.2
    endloop
  endfacet
  facet normal -0.430747 -0.663206 0.612057
    outer loop
      vertex 21.9103 -25.4707 2.2
      vertex 21.625 -25.2854 2.2
      vertex 20.9992 -26.7247 0.2
    endloop
  endfacet
  facet normal 0.781015 0.12402 0.612074
    outer loop
      vertex 18.3372 -28.4534 0.2
      vertex 18.3093 -28.2777 0.2
      vertex 16.821 -28.7757 2.2
    endloop
  endfacet
  facet normal 0.704543 0.359161 0.612064
    outer loop
      vertex 18.5278 -28.95 0.2
      vertex 18.447 -28.7915 0.2
      vertex 17.1854 -29.725 2.2
    endloop
  endfacet
  facet normal 0.73831 0.283375 0.612043
    outer loop
      vertex 17.031 -29.4219 2.2
      vertex 18.447 -28.7915 0.2
      vertex 16.9091 -29.1043 2.2
    endloop
  endfacet
  facet normal 0.497665 0.614584 0.612059
    outer loop
      vertex 18.0897 -30.7293 2.2
      vertex 18.8625 -29.3633 0.2
      vertex 17.8253 -30.5152 2.2
    endloop
  endfacet
  facet normal 0.763833 0.204789 0.612063
    outer loop
      vertex 16.9091 -29.1043 2.2
      vertex 18.3372 -28.4534 0.2
      vertex 16.821 -28.7757 2.2
    endloop
  endfacet
  facet normal -1 0 0
    outer loop
      vertex -11 -61.35 0
      vertex -11 -35.35 2
      vertex -11 -35.35 0
    endloop
  endfacet
  facet normal -1 -0 0
    outer loop
      vertex -11 -35.35 2
      vertex -11 -61.35 0
      vertex -11 -61.35 2
    endloop
  endfacet
  facet normal 0 0 -1
    outer loop
      vertex -13 -61.35 2
      vertex -11 -35.35 2
      vertex -11 -61.35 2
    endloop
  endfacet
  facet normal -0 0 -1
    outer loop
      vertex -11 -35.35 2
      vertex -13 -61.35 2
      vertex -13 -35.35 2
    endloop
  endfacet
  facet normal 1 -0 0
    outer loop
      vertex -13 -61.35 2
      vertex -13 -35.35 0
      vertex -13 -35.35 2
    endloop
  endfacet
  facet normal 1 0 0
    outer loop
      vertex -13 -35.35 0
      vertex -13 -61.35 2
      vertex -13 -61.35 0
    endloop
  endfacet
  facet normal 0 -1 0
    outer loop
      vertex -13 -35.35 0
      vertex -11 -35.35 2
      vertex -13 -35.35 2
    endloop
  endfacet
  facet normal 0 -1 -0
    outer loop
      vertex -11 -35.35 2
      vertex -13 -35.35 0
      vertex -11 -35.35 0
    endloop
  endfacet
  facet normal 0 1 -0
    outer loop
      vertex -11 -61.35 0
      vertex -13 -61.35 2
      vertex -11 -61.35 2
    endloop
  endfacet
  facet normal 0 1 0
    outer loop
      vertex -13 -61.35 2
      vertex -11 -61.35 0
      vertex -13 -61.35 0
    endloop
  endfacet
  facet normal -1 0 0
    outer loop
      vertex -7 -61.35 0
      vertex -7 -35.35 2
      vertex -7 -35.35 0
    endloop
  endfacet
  facet normal -1 -0 0
    outer loop
      vertex -7 -35.35 2
      vertex -7 -61.35 0
      vertex -7 -61.35 2
    endloop
  endfacet
  facet normal 0 0 -1
    outer loop
      vertex -9 -61.35 2
      vertex -7 -35.35 2
      vertex -7 -61.35 2
    endloop
  endfacet
  facet normal -0 0 -1
    outer loop
      vertex -7 -35.35 2
      vertex -9 -61.35 2
      vertex -9 -35.35 2
    endloop
  endfacet
  facet normal 1 -0 0
    outer loop
      vertex -9 -61.35 2
      vertex -9 -35.35 0
      vertex -9 -35.35 2
    endloop
  endfacet
  facet normal 1 0 0
    outer loop
      vertex -9 -35.35 0
      vertex -9 -61.35 2
      vertex -9 -61.35 0
    endloop
  endfacet
  facet normal 0 -1 0
    outer loop
      vertex -9 -35.35 0
      vertex -7 -35.35 2
      vertex -9 -35.35 2
    endloop
  endfacet
  facet normal 0 -1 -0
    outer loop
      vertex -7 -35.35 2
      vertex -9 -35.35 0
      vertex -7 -35.35 0
    endloop
  endfacet
  facet normal 0 1 -0
    outer loop
      vertex -7 -61.35 0
      vertex -9 -61.35 2
      vertex -7 -61.35 2
    endloop
  endfacet
  facet normal 0 1 0
    outer loop
      vertex -9 -61.35 2
      vertex -7 -61.35 0
      vertex -9 -61.35 0
    endloop
  endfacet
  facet normal -1 0 0
    outer loop
      vertex -3 -61.35 0
      vertex -3 -35.35 2
      vertex -3 -35.35 0
    endloop
  endfacet
  facet normal -1 -0 0
    outer loop
      vertex -3 -35.35 2
      vertex -3 -61.35 0
      vertex -3 -61.35 2
    endloop
  endfacet
  facet normal 0 0 -1
    outer loop
      vertex -5 -61.35 2
      vertex -3 -35.35 2
      vertex -3 -61.35 2
    endloop
  endfacet
  facet normal -0 0 -1
    outer loop
      vertex -3 -35.35 2
      vertex -5 -61.35 2
      vertex -5 -35.35 2
    endloop
  endfacet
  facet normal 1 -0 0
    outer loop
      vertex -5 -61.35 2
      vertex -5 -35.35 0
      vertex -5 -35.35 2
    endloop
  endfacet
  facet normal 1 0 0
    outer loop
      vertex -5 -35.35 0
      vertex -5 -61.35 2
      vertex -5 -61.35 0
    endloop
  endfacet
  facet normal 0 -1 0
    outer loop
      vertex -5 -35.35 0
      vertex -3 -35.35 2
      vertex -5 -35.35 2
    endloop
  endfacet
  facet normal 0 -1 -0
    outer loop
      vertex -3 -35.35 2
      vertex -5 -35.35 0
      vertex -3 -35.35 0
    endloop
  endfacet
  facet normal 0 1 -0
    outer loop
      vertex -3 -61.35 0
      vertex -5 -61.35 2
      vertex -3 -61.35 2
    endloop
  endfacet
  facet normal 0 1 0
    outer loop
      vertex -5 -61.35 2
      vertex -3 -61.35 0
      vertex -5 -61.35 0
    endloop
  endfacet
  facet normal -1 0 0
    outer loop
      vertex 1 -61.35 0
      vertex 1 -35.35 2
      vertex 1 -35.35 0
    endloop
  endfacet
  facet normal -1 -0 0
    outer loop
      vertex 1 -35.35 2
      vertex 1 -61.35 0
      vertex 1 -61.35 2
    endloop
  endfacet
  facet normal 0 0 -1
    outer loop
      vertex -1 -61.35 2
      vertex 1 -35.35 2
      vertex 1 -61.35 2
    endloop
  endfacet
  facet normal -0 0 -1
    outer loop
      vertex 1 -35.35 2
      vertex -1 -61.35 2
      vertex -1 -35.35 2
    endloop
  endfacet
  facet normal 1 -0 0
    outer loop
      vertex -1 -61.35 2
      vertex -1 -35.35 0
      vertex -1 -35.35 2
    endloop
  endfacet
  facet normal 1 0 0
    outer loop
      vertex -1 -35.35 0
      vertex -1 -61.35 2
      vertex -1 -61.35 0
    endloop
  endfacet
  facet normal 0 -1 0
    outer loop
      vertex -1 -35.35 0
      vertex 1 -35.35 2
      vertex -1 -35.35 2
    endloop
  endfacet
  facet normal 0 -1 -0
    outer loop
      vertex 1 -35.35 2
      vertex -1 -35.35 0
      vertex 1 -35.35 0
    endloop
  endfacet
  facet normal 0 1 -0
    outer loop
      vertex 1 -61.35 0
      vertex -1 -61.35 2
      vertex 1 -61.35 2
    endloop
  endfacet
  facet normal 0 1 0
    outer loop
      vertex -1 -61.35 2
      vertex 1 -61.35 0
      vertex -1 -61.35 0
    endloop
  endfacet
  facet normal -1 0 0
    outer loop
      vertex 5 -61.35 0
      vertex 5 -35.35 2
      vertex 5 -35.35 0
    endloop
  endfacet
  facet normal -1 -0 0
    outer loop
      vertex 5 -35.35 2
      vertex 5 -61.35 0
      vertex 5 -61.35 2
    endloop
  endfacet
  facet normal 0 0 -1
    outer loop
      vertex 3 -61.35 2
      vertex 5 -35.35 2
      vertex 5 -61.35 2
    endloop
  endfacet
  facet normal -0 0 -1
    outer loop
      vertex 5 -35.35 2
      vertex 3 -61.35 2
      vertex 3 -35.35 2
    endloop
  endfacet
  facet normal 1 -0 0
    outer loop
      vertex 3 -61.35 2
      vertex 3 -35.35 0
      vertex 3 -35.35 2
    endloop
  endfacet
  facet normal 1 0 0
    outer loop
      vertex 3 -35.35 0
      vertex 3 -61.35 2
      vertex 3 -61.35 0
    endloop
  endfacet
  facet normal 0 -1 0
    outer loop
      vertex 3 -35.35 0
      vertex 5 -35.35 2
      vertex 3 -35.35 2
    endloop
  endfacet
  facet normal 0 -1 -0
    outer loop
      vertex 5 -35.35 2
      vertex 3 -35.35 0
      vertex 5 -35.35 0
    endloop
  endfacet
  facet normal 0 1 -0
    outer loop
      vertex 5 -61.35 0
      vertex 3 -61.35 2
      vertex 5 -61.35 2
    endloop
  endfacet
  facet normal 0 1 0
    outer loop
      vertex 3 -61.35 2
      vertex 5 -61.35 0
      vertex 3 -61.35 0
    endloop
  endfacet
  facet normal -1 0 0
    outer loop
      vertex 9 -61.35 0
      vertex 9 -35.35 2
      vertex 9 -35.35 0
    endloop
  endfacet
  facet normal -1 -0 0
    outer loop
      vertex 9 -35.35 2
      vertex 9 -61.35 0
      vertex 9 -61.35 2
    endloop
  endfacet
  facet normal 0 0 -1
    outer loop
      vertex 7 -61.35 2
      vertex 9 -35.35 2
      vertex 9 -61.35 2
    endloop
  endfacet
  facet normal -0 0 -1
    outer loop
      vertex 9 -35.35 2
      vertex 7 -61.35 2
      vertex 7 -35.35 2
    endloop
  endfacet
  facet normal 1 -0 0
    outer loop
      vertex 7 -61.35 2
      vertex 7 -35.35 0
      vertex 7 -35.35 2
    endloop
  endfacet
  facet normal 1 0 0
    outer loop
      vertex 7 -35.35 0
      vertex 7 -61.35 2
      vertex 7 -61.35 0
    endloop
  endfacet
  facet normal 0 -1 0
    outer loop
      vertex 7 -35.35 0
      vertex 9 -35.35 2
      vertex 7 -35.35 2
    endloop
  endfacet
  facet normal 0 -1 -0
    outer loop
      vertex 9 -35.35 2
      vertex 7 -35.35 0
      vertex 9 -35.35 0
    endloop
  endfacet
  facet normal 0 1 -0
    outer loop
      vertex 9 -61.35 0
      vertex 7 -61.35 2
      vertex 9 -61.35 2
    endloop
  endfacet
  facet normal 0 1 0
    outer loop
      vertex 7 -61.35 2
      vertex 9 -61.35 0
      vertex 7 -61.35 0
    endloop
  endfacet
  facet normal -1 0 0
    outer loop
      vertex 13 -61.35 0
      vertex 13 -35.35 2
      vertex 13 -35.35 0
    endloop
  endfacet
  facet normal -1 -0 0
    outer loop
      vertex 13 -35.35 2
      vertex 13 -61.35 0
      vertex 13 -61.35 2
    endloop
  endfacet
  facet normal 0 0 -1
    outer loop
      vertex 11 -61.35 2
      vertex 13 -35.35 2
      vertex 13 -61.35 2
    endloop
  endfacet
  facet normal -0 0 -1
    outer loop
      vertex 13 -35.35 2
      vertex 11 -61.35 2
      vertex 11 -35.35 2
    endloop
  endfacet
  facet normal 1 -0 0
    outer loop
      vertex 11 -61.35 2
      vertex 11 -35.35 0
      vertex 11 -35.35 2
    endloop
  endfacet
  facet normal 1 0 0
    outer loop
      vertex 11 -35.35 0
      vertex 11 -61.35 2
      vertex 11 -61.35 0
    endloop
  endfacet
  facet normal 0 -1 0
    outer loop
      vertex 11 -35.35 0
      vertex 13 -35.35 2
      vertex 11 -35.35 2
    endloop
  endfacet
  facet normal 0 -1 -0
    outer loop
      vertex 13 -35.35 2
      vertex 11 -35.35 0
      vertex 13 -35.35 0
    endloop
  endfacet
  facet normal 0 1 -0
    outer loop
      vertex 13 -61.35 0
      vertex 11 -61.35 2
      vertex 13 -61.35 2
    endloop
  endfacet
  facet normal 0 1 0
    outer loop
      vertex 11 -61.35 2
      vertex 13 -61.35 0
      vertex 11 -61.35 0
    endloop
  endfacet
  facet normal -0.358285 -0.933612 0
    outer loop
      vertex -24.4404 -75.4813 0
      vertex -23.8541 -75.7063 2.5
      vertex -24.4404 -75.4813 2.5
    endloop
  endfacet
  facet normal -0.358285 -0.933612 -0
    outer loop
      vertex -23.8541 -75.7063 2.5
      vertex -24.4404 -75.4813 0
      vertex -23.8541 -75.7063 0
    endloop
  endfacet
  facet normal -0.9877 -0.156363 0
    outer loop
      vertex -27.8689 -71.2475 0
      vertex -27.9671 -70.6272 2.5
      vertex -27.9671 -70.6272 0
    endloop
  endfacet
  facet normal -0.9877 -0.156363 0
    outer loop
      vertex -27.9671 -70.6272 2.5
      vertex -27.8689 -71.2475 0
      vertex -27.8689 -71.2475 2.5
    endloop
  endfacet
  facet normal 0 -1 0
    outer loop
      vertex -22 -76 0
      vertex 22 -76 2.5
      vertex -22 -76 2.5
    endloop
  endfacet
  facet normal 0 -1 -0
    outer loop
      vertex 22 -76 2.5
      vertex -22 -76 0
      vertex 22 -76 0
    endloop
  endfacet
  facet normal -1 0 0
    outer loop
      vertex -28 -70 0
      vertex -28 -20 2.5
      vertex -28 -20 0
    endloop
  endfacet
  facet normal -1 -0 0
    outer loop
      vertex -28 -20 2.5
      vertex -28 -70 0
      vertex -28 -70 2.5
    endloop
  endfacet
  facet normal 0.998627 0.0523833 0
    outer loop
      vertex 28 -20 2.5
      vertex 27.9671 -19.3728 0
      vertex 27.9671 -19.3728 2.5
    endloop
  endfacet
  facet normal 0.998627 0.0523833 0
    outer loop
      vertex 27.9671 -19.3728 0
      vertex 28 -20 2.5
      vertex 28 -20 0
    endloop
  endfacet
  facet normal -0.777189 0.629267 0
    outer loop
      vertex -26.8541 -16.4733 0
      vertex -26.4589 -15.9852 2.5
      vertex -26.4589 -15.9852 0
    endloop
  endfacet
  facet normal -0.777189 0.629267 0
    outer loop
      vertex -26.4589 -15.9852 2.5
      vertex -26.8541 -16.4733 0
      vertex -26.8541 -16.4733 2.5
    endloop
  endfacet
  facet normal -0.707107 0.707107 0
    outer loop
      vertex -26.0148 -15.5411 0
      vertex -26.4589 -15.9852 2.5
      vertex -26.0148 -15.5411 2.5
    endloop
  endfacet
  facet normal -0.707107 0.707107 0
    outer loop
      vertex -26.4589 -15.9852 2.5
      vertex -26.0148 -15.5411 0
      vertex -26.4589 -15.9852 0
    endloop
  endfacet
  facet normal -0.0523833 0.998627 0
    outer loop
      vertex -22 -14 0
      vertex -22.6272 -14.0329 2.5
      vertex -22 -14 2.5
    endloop
  endfacet
  facet normal -0.0523833 0.998627 0
    outer loop
      vertex -22.6272 -14.0329 2.5
      vertex -22 -14 0
      vertex -22.6272 -14.0329 0
    endloop
  endfacet
  facet normal 1 -0 0
    outer loop
      vertex 28 -70 2.5
      vertex 28 -20 0
      vertex 28 -20 2.5
    endloop
  endfacet
  facet normal 1 0 0
    outer loop
      vertex 28 -20 0
      vertex 28 -70 2.5
      vertex 28 -70 0
    endloop
  endfacet
  facet normal 0.707107 0.707107 -0
    outer loop
      vertex 26.4589 -15.9852 0
      vertex 26.0148 -15.5411 2.5
      vertex 26.4589 -15.9852 2.5
    endloop
  endfacet
  facet normal 0.707107 0.707107 0
    outer loop
      vertex 26.0148 -15.5411 2.5
      vertex 26.4589 -15.9852 0
      vertex 26.0148 -15.5411 0
    endloop
  endfacet
  facet normal -0.0523833 -0.998627 0
    outer loop
      vertex -22.6272 -75.9671 0
      vertex -22 -76 2.5
      vertex -22.6272 -75.9671 2.5
    endloop
  endfacet
  facet normal -0.0523833 -0.998627 -0
    outer loop
      vertex -22 -76 2.5
      vertex -22.6272 -75.9671 0
      vertex -22 -76 0
    endloop
  endfacet
  facet normal -0.358285 0.933612 0
    outer loop
      vertex -23.8541 -14.2937 0
      vertex -24.4404 -14.5187 2.5
      vertex -23.8541 -14.2937 2.5
    endloop
  endfacet
  facet normal -0.358285 0.933612 0
    outer loop
      vertex -24.4404 -14.5187 2.5
      vertex -23.8541 -14.2937 0
      vertex -24.4404 -14.5187 0
    endloop
  endfacet
  facet normal 0.258911 0.965901 -0
    outer loop
      vertex 23.8541 -14.2937 0
      vertex 23.2475 -14.1311 2.5
      vertex 23.8541 -14.2937 2.5
    endloop
  endfacet
  facet normal 0.258911 0.965901 0
    outer loop
      vertex 23.2475 -14.1311 2.5
      vertex 23.8541 -14.2937 0
      vertex 23.2475 -14.1311 0
    endloop
  endfacet
  facet normal -0.544703 -0.838629 0
    outer loop
      vertex -25.5267 -74.8541 0
      vertex -25 -75.1962 2.5
      vertex -25.5267 -74.8541 2.5
    endloop
  endfacet
  facet normal -0.544703 -0.838629 -0
    outer loop
      vertex -25 -75.1962 2.5
      vertex -25.5267 -74.8541 0
      vertex -25 -75.1962 0
    endloop
  endfacet
  facet normal 0 1 -0
    outer loop
      vertex 22 -14 0
      vertex -22 -14 2.5
      vertex 22 -14 2.5
    endloop
  endfacet
  facet normal 0 1 0
    outer loop
      vertex -22 -14 2.5
      vertex 22 -14 0
      vertex -22 -14 0
    endloop
  endfacet
  facet normal 0.258911 -0.965901 0
    outer loop
      vertex 23.2475 -75.8689 0
      vertex 23.8541 -75.7063 2.5
      vertex 23.2475 -75.8689 2.5
    endloop
  endfacet
  facet normal 0.258911 -0.965901 0
    outer loop
      vertex 23.8541 -75.7063 2.5
      vertex 23.2475 -75.8689 0
      vertex 23.8541 -75.7063 0
    endloop
  endfacet
  facet normal -0.453952 0.891026 0
    outer loop
      vertex -24.4404 -14.5187 0
      vertex -25 -14.8038 2.5
      vertex -24.4404 -14.5187 2.5
    endloop
  endfacet
  facet normal -0.453952 0.891026 0
    outer loop
      vertex -25 -14.8038 2.5
      vertex -24.4404 -14.5187 0
      vertex -25 -14.8038 0
    endloop
  endfacet
  facet normal -0.453952 -0.891026 0
    outer loop
      vertex -25 -75.1962 0
      vertex -24.4404 -75.4813 2.5
      vertex -25 -75.1962 2.5
    endloop
  endfacet
  facet normal -0.453952 -0.891026 -0
    outer loop
      vertex -24.4404 -75.4813 2.5
      vertex -25 -75.1962 0
      vertex -24.4404 -75.4813 0
    endloop
  endfacet
  facet normal 0.965901 -0.258911 0
    outer loop
      vertex 27.7063 -71.8541 2.5
      vertex 27.8689 -71.2475 0
      vertex 27.8689 -71.2475 2.5
    endloop
  endfacet
  facet normal 0.965901 -0.258911 0
    outer loop
      vertex 27.8689 -71.2475 0
      vertex 27.7063 -71.8541 2.5
      vertex 27.7063 -71.8541 0
    endloop
  endfacet
  facet normal 0.629267 0.777189 -0
    outer loop
      vertex 26.0148 -15.5411 0
      vertex 25.5267 -15.1459 2.5
      vertex 26.0148 -15.5411 2.5
    endloop
  endfacet
  facet normal 0.629267 0.777189 0
    outer loop
      vertex 25.5267 -15.1459 2.5
      vertex 26.0148 -15.5411 0
      vertex 25.5267 -15.1459 0
    endloop
  endfacet
  facet normal 0.156363 -0.9877 0
    outer loop
      vertex 22.6272 -75.9671 0
      vertex 23.2475 -75.8689 2.5
      vertex 22.6272 -75.9671 2.5
    endloop
  endfacet
  facet normal 0.156363 -0.9877 0
    outer loop
      vertex 23.2475 -75.8689 2.5
      vertex 22.6272 -75.9671 0
      vertex 23.2475 -75.8689 0
    endloop
  endfacet
  facet normal -0.156363 0.9877 0
    outer loop
      vertex -22.6272 -14.0329 0
      vertex -23.2475 -14.1311 2.5
      vertex -22.6272 -14.0329 2.5
    endloop
  endfacet
  facet normal -0.156363 0.9877 0
    outer loop
      vertex -23.2475 -14.1311 2.5
      vertex -22.6272 -14.0329 0
      vertex -23.2475 -14.1311 0
    endloop
  endfacet
  facet normal -0.156363 -0.9877 0
    outer loop
      vertex -23.2475 -75.8689 0
      vertex -22.6272 -75.9671 2.5
      vertex -23.2475 -75.8689 2.5
    endloop
  endfacet
  facet normal -0.156363 -0.9877 -0
    outer loop
      vertex -22.6272 -75.9671 2.5
      vertex -23.2475 -75.8689 0
      vertex -22.6272 -75.9671 0
    endloop
  endfacet
  facet normal -0.933612 -0.358285 0
    outer loop
      vertex -27.4813 -72.4404 0
      vertex -27.7063 -71.8541 2.5
      vertex -27.7063 -71.8541 0
    endloop
  endfacet
  facet normal -0.933612 -0.358285 0
    outer loop
      vertex -27.7063 -71.8541 2.5
      vertex -27.4813 -72.4404 0
      vertex -27.4813 -72.4404 2.5
    endloop
  endfacet
  facet normal -0.629267 0.777189 0
    outer loop
      vertex -25.5267 -15.1459 0
      vertex -26.0148 -15.5411 2.5
      vertex -25.5267 -15.1459 2.5
    endloop
  endfacet
  facet normal -0.629267 0.777189 0
    outer loop
      vertex -26.0148 -15.5411 2.5
      vertex -25.5267 -15.1459 0
      vertex -26.0148 -15.5411 0
    endloop
  endfacet
  facet normal -0.998627 0.0523833 0
    outer loop
      vertex -28 -20 0
      vertex -27.9671 -19.3728 2.5
      vertex -27.9671 -19.3728 0
    endloop
  endfacet
  facet normal -0.998627 0.0523833 0
    outer loop
      vertex -27.9671 -19.3728 2.5
      vertex -28 -20 0
      vertex -28 -20 2.5
    endloop
  endfacet
  facet normal -0.933612 0.358285 0
    outer loop
      vertex -27.7063 -18.1459 0
      vertex -27.4813 -17.5596 2.5
      vertex -27.4813 -17.5596 0
    endloop
  endfacet
  facet normal -0.933612 0.358285 0
    outer loop
      vertex -27.4813 -17.5596 2.5
      vertex -27.7063 -18.1459 0
      vertex -27.7063 -18.1459 2.5
    endloop
  endfacet
  facet normal -0.777189 -0.629267 0
    outer loop
      vertex -26.4589 -74.0148 0
      vertex -26.8541 -73.5267 2.5
      vertex -26.8541 -73.5267 0
    endloop
  endfacet
  facet normal -0.777189 -0.629267 0
    outer loop
      vertex -26.8541 -73.5267 2.5
      vertex -26.4589 -74.0148 0
      vertex -26.4589 -74.0148 2.5
    endloop
  endfacet
  facet normal -0.629267 -0.777189 0
    outer loop
      vertex -26.0148 -74.4589 0
      vertex -25.5267 -74.8541 2.5
      vertex -26.0148 -74.4589 2.5
    endloop
  endfacet
  facet normal -0.629267 -0.777189 -0
    outer loop
      vertex -25.5267 -74.8541 2.5
      vertex -26.0148 -74.4589 0
      vertex -25.5267 -74.8541 0
    endloop
  endfacet
  facet normal 0.707107 -0.707107 0
    outer loop
      vertex 26.0148 -74.4589 0
      vertex 26.4589 -74.0148 2.5
      vertex 26.0148 -74.4589 2.5
    endloop
  endfacet
  facet normal 0.707107 -0.707107 0
    outer loop
      vertex 26.4589 -74.0148 2.5
      vertex 26.0148 -74.4589 0
      vertex 26.4589 -74.0148 0
    endloop
  endfacet
  facet normal 0.9877 -0.156363 0
    outer loop
      vertex 27.8689 -71.2475 2.5
      vertex 27.9671 -70.6272 0
      vertex 27.9671 -70.6272 2.5
    endloop
  endfacet
  facet normal 0.9877 -0.156363 0
    outer loop
      vertex 27.9671 -70.6272 0
      vertex 27.8689 -71.2475 2.5
      vertex 27.8689 -71.2475 0
    endloop
  endfacet
  facet normal 0.965901 0.258911 0
    outer loop
      vertex 27.8689 -18.7525 2.5
      vertex 27.7063 -18.1459 0
      vertex 27.7063 -18.1459 2.5
    endloop
  endfacet
  facet normal 0.965901 0.258911 0
    outer loop
      vertex 27.7063 -18.1459 0
      vertex 27.8689 -18.7525 2.5
      vertex 27.8689 -18.7525 0
    endloop
  endfacet
  facet normal 0.453952 0.891026 -0
    outer loop
      vertex 25 -14.8038 0
      vertex 24.4404 -14.5187 2.5
      vertex 25 -14.8038 2.5
    endloop
  endfacet
  facet normal 0.453952 0.891026 0
    outer loop
      vertex 24.4404 -14.5187 2.5
      vertex 25 -14.8038 0
      vertex 24.4404 -14.5187 0
    endloop
  endfacet
  facet normal -0.9877 0.156363 0
    outer loop
      vertex -27.9671 -19.3728 0
      vertex -27.8689 -18.7525 2.5
      vertex -27.8689 -18.7525 0
    endloop
  endfacet
  facet normal -0.9877 0.156363 0
    outer loop
      vertex -27.8689 -18.7525 2.5
      vertex -27.9671 -19.3728 0
      vertex -27.9671 -19.3728 2.5
    endloop
  endfacet
  facet normal -0.258911 -0.965901 0
    outer loop
      vertex -23.8541 -75.7063 0
      vertex -23.2475 -75.8689 2.5
      vertex -23.8541 -75.7063 2.5
    endloop
  endfacet
  facet normal -0.258911 -0.965901 -0
    outer loop
      vertex -23.2475 -75.8689 2.5
      vertex -23.8541 -75.7063 0
      vertex -23.2475 -75.8689 0
    endloop
  endfacet
  facet normal 0.0523833 -0.998627 0
    outer loop
      vertex 22 -76 0
      vertex 22.6272 -75.9671 2.5
      vertex 22 -76 2.5
    endloop
  endfacet
  facet normal 0.0523833 -0.998627 0
    outer loop
      vertex 22.6272 -75.9671 2.5
      vertex 22 -76 0
      vertex 22.6272 -75.9671 0
    endloop
  endfacet
  facet normal 0.629267 -0.777189 0
    outer loop
      vertex 25.5267 -74.8541 0
      vertex 26.0148 -74.4589 2.5
      vertex 25.5267 -74.8541 2.5
    endloop
  endfacet
  facet normal 0.629267 -0.777189 0
    outer loop
      vertex 26.0148 -74.4589 2.5
      vertex 25.5267 -74.8541 0
      vertex 26.0148 -74.4589 0
    endloop
  endfacet
  facet normal -0.838629 0.544703 0
    outer loop
      vertex -27.1962 -17 0
      vertex -26.8541 -16.4733 2.5
      vertex -26.8541 -16.4733 0
    endloop
  endfacet
  facet normal -0.838629 0.544703 0
    outer loop
      vertex -26.8541 -16.4733 2.5
      vertex -27.1962 -17 0
      vertex -27.1962 -17 2.5
    endloop
  endfacet
  facet normal -0.965901 -0.258911 0
    outer loop
      vertex -27.7063 -71.8541 0
      vertex -27.8689 -71.2475 2.5
      vertex -27.8689 -71.2475 0
    endloop
  endfacet
  facet normal -0.965901 -0.258911 0
    outer loop
      vertex -27.8689 -71.2475 2.5
      vertex -27.7063 -71.8541 0
      vertex -27.7063 -71.8541 2.5
    endloop
  endfacet
  facet normal 0.891026 0.453952 0
    outer loop
      vertex 27.4813 -17.5596 2.5
      vertex 27.1962 -17 0
      vertex 27.1962 -17 2.5
    endloop
  endfacet
  facet normal 0.891026 0.453952 0
    outer loop
      vertex 27.1962 -17 0
      vertex 27.4813 -17.5596 2.5
      vertex 27.4813 -17.5596 0
    endloop
  endfacet
  facet normal 0.933612 0.358285 0
    outer loop
      vertex 27.7063 -18.1459 2.5
      vertex 27.4813 -17.5596 0
      vertex 27.4813 -17.5596 2.5
    endloop
  endfacet
  facet normal 0.933612 0.358285 0
    outer loop
      vertex 27.4813 -17.5596 0
      vertex 27.7063 -18.1459 2.5
      vertex 27.7063 -18.1459 0
    endloop
  endfacet
  facet normal -0.965901 0.258911 0
    outer loop
      vertex -27.8689 -18.7525 0
      vertex -27.7063 -18.1459 2.5
      vertex -27.7063 -18.1459 0
    endloop
  endfacet
  facet normal -0.965901 0.258911 0
    outer loop
      vertex -27.7063 -18.1459 2.5
      vertex -27.8689 -18.7525 0
      vertex -27.8689 -18.7525 2.5
    endloop
  endfacet
  facet normal 0.544703 0.838629 -0
    outer loop
      vertex 25.5267 -15.1459 0
      vertex 25 -14.8038 2.5
      vertex 25.5267 -15.1459 2.5
    endloop
  endfacet
  facet normal 0.544703 0.838629 0
    outer loop
      vertex 25 -14.8038 2.5
      vertex 25.5267 -15.1459 0
      vertex 25 -14.8038 0
    endloop
  endfacet
  facet normal 0 0 1
    outer loop
      vertex -18.5278 -28.95 2.5
      vertex 18.5278 -28.95 2.5
      vertex -18.447 -28.7915 2.5
    endloop
  endfacet
  facet normal 0 0 1
    outer loop
      vertex 18.7367 -67.4625 2.5
      vertex -18.3093 -68.4223 2.5
      vertex -18.3 -68.6 2.5
    endloop
  endfacet
  facet normal 0 0 1
    outer loop
      vertex 18.5278 -28.95 2.5
      vertex -18.5278 -28.95 2.5
      vertex 18.6247 -29.0992 2.5
    endloop
  endfacet
  facet normal 0 0 1
    outer loop
      vertex 18.7367 -67.4625 2.5
      vertex -18.3372 -68.2466 2.5
      vertex -18.3093 -68.4223 2.5
    endloop
  endfacet
  facet normal 0 0 1
    outer loop
      vertex -18.6247 -29.0992 2.5
      vertex 18.6247 -29.0992 2.5
      vertex -18.5278 -28.95 2.5
    endloop
  endfacet
  facet normal 0 0 1
    outer loop
      vertex 18.7367 -67.4625 2.5
      vertex -18.3832 -68.0747 2.5
      vertex -18.3372 -68.2466 2.5
    endloop
  endfacet
  facet normal 0 0 1
    outer loop
      vertex 18.6247 -29.0992 2.5
      vertex -18.6247 -29.0992 2.5
      vertex 18.7367 -29.2375 2.5
    endloop
  endfacet
  facet normal 0 0 1
    outer loop
      vertex 18.7367 -67.4625 2.5
      vertex -18.447 -67.9085 2.5
      vertex -18.3832 -68.0747 2.5
    endloop
  endfacet
  facet normal 0 0 1
    outer loop
      vertex -18.7367 -29.2375 2.5
      vertex 18.7367 -29.2375 2.5
      vertex -18.6247 -29.0992 2.5
    endloop
  endfacet
  facet normal 0 0 1
    outer loop
      vertex 18.7367 -67.4625 2.5
      vertex -18.5278 -67.75 2.5
      vertex -18.447 -67.9085 2.5
    endloop
  endfacet
  facet normal 0 0 1
    outer loop
      vertex 18.7367 -29.2375 2.5
      vertex -18.7367 -29.2375 2.5
      vertex 18.7367 -67.4625 2.5
    endloop
  endfacet
  facet normal 0 0 1
    outer loop
      vertex 18.7367 -67.4625 2.5
      vertex -18.6247 -67.6008 2.5
      vertex -18.5278 -67.75 2.5
    endloop
  endfacet
  facet normal 0 0 1
    outer loop
      vertex -18.7367 -67.4625 2.5
      vertex 18.7367 -67.4625 2.5
      vertex -18.7367 -29.2375 2.5
    endloop
  endfacet
  facet normal 0 0 1
    outer loop
      vertex 18.7367 -67.4625 2.5
      vertex -18.7367 -67.4625 2.5
      vertex -18.6247 -67.6008 2.5
    endloop
  endfacet
  facet normal -0 0 1
    outer loop
      vertex -18.8625 -29.3633 2.5
      vertex -18.7367 -67.4625 2.5
      vertex -18.7367 -29.2375 2.5
    endloop
  endfacet
  facet normal 0 0 1
    outer loop
      vertex -18.8625 -29.3633 2.5
      vertex -18.8625 -67.3367 2.5
      vertex -18.7367 -67.4625 2.5
    endloop
  endfacet
  facet normal -0 0 1
    outer loop
      vertex -19.0008 -29.4753 2.5
      vertex -18.8625 -67.3367 2.5
      vertex -18.8625 -29.3633 2.5
    endloop
  endfacet
  facet normal 0 0 1
    outer loop
      vertex -19.0008 -29.4753 2.5
      vertex -19.0008 -67.2247 2.5
      vertex -18.8625 -67.3367 2.5
    endloop
  endfacet
  facet normal -0 0 1
    outer loop
      vertex -19.15 -29.5722 2.5
      vertex -19.0008 -67.2247 2.5
      vertex -19.0008 -29.4753 2.5
    endloop
  endfacet
  facet normal 0 0 1
    outer loop
      vertex -19.15 -29.5722 2.5
      vertex -19.15 -67.1278 2.5
      vertex -19.0008 -67.2247 2.5
    endloop
  endfacet
  facet normal -0 0 1
    outer loop
      vertex -19.3085 -29.653 2.5
      vertex -19.15 -67.1278 2.5
      vertex -19.15 -29.5722 2.5
    endloop
  endfacet
  facet normal 0 0 1
    outer loop
      vertex -19.3085 -29.653 2.5
      vertex -19.3085 -67.047 2.5
      vertex -19.15 -67.1278 2.5
    endloop
  endfacet
  facet normal -0 0 1
    outer loop
      vertex -19.4747 -29.7168 2.5
      vertex -19.3085 -67.047 2.5
      vertex -19.3085 -29.653 2.5
    endloop
  endfacet
  facet normal 0 0 1
    outer loop
      vertex -19.4747 -29.7168 2.5
      vertex -19.4747 -66.9832 2.5
      vertex -19.3085 -67.047 2.5
    endloop
  endfacet
  facet normal -0 0 1
    outer loop
      vertex -19.6465 -29.7628 2.5
      vertex -19.4747 -66.9832 2.5
      vertex -19.4747 -29.7168 2.5
    endloop
  endfacet
  facet normal 0 0 1
    outer loop
      vertex -19.6465 -29.7628 2.5
      vertex -19.6465 -66.9371 2.5
      vertex -19.4747 -66.9832 2.5
    endloop
  endfacet
  facet normal -0 0 1
    outer loop
      vertex -19.8223 -29.7907 2.5
      vertex -19.6465 -66.9371 2.5
      vertex -19.6465 -29.7628 2.5
    endloop
  endfacet
  facet normal 0 0 1
    outer loop
      vertex -19.8223 -29.7907 2.5
      vertex -19.8223 -66.9093 2.5
      vertex -19.6465 -66.9371 2.5
    endloop
  endfacet
  facet normal -0 0 1
    outer loop
      vertex -20 -29.8 2.5
      vertex -19.8223 -66.9093 2.5
      vertex -19.8223 -29.7907 2.5
    endloop
  endfacet
  facet normal 0 0 1
    outer loop
      vertex -20 -29.8 2.5
      vertex -20 -66.9 2.5
      vertex -19.8223 -66.9093 2.5
    endloop
  endfacet
  facet normal 0 0 1
    outer loop
      vertex -20.1777 -29.7907 2.5
      vertex -20 -66.9 2.5
      vertex -20 -29.8 2.5
    endloop
  endfacet
  facet normal 0 0 1
    outer loop
      vertex -20.1777 -29.7907 2.5
      vertex -20.1777 -66.9093 2.5
      vertex -20 -66.9 2.5
    endloop
  endfacet
  facet normal 0 0 1
    outer loop
      vertex -20.3535 -29.7628 2.5
      vertex -20.1777 -66.9093 2.5
      vertex -20.1777 -29.7907 2.5
    endloop
  endfacet
  facet normal 0 0 1
    outer loop
      vertex -20.3535 -29.7628 2.5
      vertex -20.3535 -66.9371 2.5
      vertex -20.1777 -66.9093 2.5
    endloop
  endfacet
  facet normal 0 0 1
    outer loop
      vertex -20.5253 -29.7168 2.5
      vertex -20.3535 -66.9371 2.5
      vertex -20.3535 -29.7628 2.5
    endloop
  endfacet
  facet normal 0 0 1
    outer loop
      vertex -20.5253 -29.7168 2.5
      vertex -20.5253 -66.9832 2.5
      vertex -20.3535 -66.9371 2.5
    endloop
  endfacet
  facet normal 0 0 1
    outer loop
      vertex -20.6915 -29.653 2.5
      vertex -20.5253 -66.9832 2.5
      vertex -20.5253 -29.7168 2.5
    endloop
  endfacet
  facet normal 0 0 1
    outer loop
      vertex -20.6915 -29.653 2.5
      vertex -20.6915 -67.047 2.5
      vertex -20.5253 -66.9832 2.5
    endloop
  endfacet
  facet normal 0 0 1
    outer loop
      vertex -20.85 -29.5722 2.5
      vertex -20.6915 -67.047 2.5
      vertex -20.6915 -29.653 2.5
    endloop
  endfacet
  facet normal 0 0 1
    outer loop
      vertex -20.85 -29.5722 2.5
      vertex -20.85 -67.1278 2.5
      vertex -20.6915 -67.047 2.5
    endloop
  endfacet
  facet normal 0 0 1
    outer loop
      vertex -28 -70 2.5
      vertex -20.85 -29.5722 2.5
      vertex -20.9992 -29.4753 2.5
    endloop
  endfacet
  facet normal 0 0 1
    outer loop
      vertex -20.85 -29.5722 2.5
      vertex -28 -70 2.5
      vertex -20.85 -67.1278 2.5
    endloop
  endfacet
  facet normal 0 0 1
    outer loop
      vertex -28 -70 2.5
      vertex -20.9992 -29.4753 2.5
      vertex -21.1375 -29.3633 2.5
    endloop
  endfacet
  facet normal 0 0 1
    outer loop
      vertex -20.85 -67.1278 2.5
      vertex -28 -70 2.5
      vertex -20.9992 -67.2247 2.5
    endloop
  endfacet
  facet normal 0 0 1
    outer loop
      vertex -28 -70 2.5
      vertex -21.1375 -29.3633 2.5
      vertex -21.2633 -29.2375 2.5
    endloop
  endfacet
  facet normal 0 0 1
    outer loop
      vertex -20.9992 -67.2247 2.5
      vertex -28 -70 2.5
      vertex -21.1375 -67.3367 2.5
    endloop
  endfacet
  facet normal 0 0 1
    outer loop
      vertex -28 -70 2.5
      vertex -21.2633 -29.2375 2.5
      vertex -21.3753 -29.0992 2.5
    endloop
  endfacet
  facet normal 0 0 1
    outer loop
      vertex -21.1375 -67.3367 2.5
      vertex -28 -70 2.5
      vertex -21.2633 -67.4625 2.5
    endloop
  endfacet
  facet normal 0 0 1
    outer loop
      vertex -28 -70 2.5
      vertex -21.3753 -29.0992 2.5
      vertex -21.4722 -28.95 2.5
    endloop
  endfacet
  facet normal 0 0 1
    outer loop
      vertex -21.2633 -67.4625 2.5
      vertex -28 -70 2.5
      vertex -21.3753 -67.6008 2.5
    endloop
  endfacet
  facet normal 0 0 1
    outer loop
      vertex -28 -70 2.5
      vertex -21.4722 -28.95 2.5
      vertex -21.553 -28.7915 2.5
    endloop
  endfacet
  facet normal 0 0 1
    outer loop
      vertex -21.3753 -67.6008 2.5
      vertex -28 -70 2.5
      vertex -21.4722 -67.75 2.5
    endloop
  endfacet
  facet normal 0 0 1
    outer loop
      vertex -28 -20 2.5
      vertex -21.553 -28.7915 2.5
      vertex -21.6168 -28.6253 2.5
    endloop
  endfacet
  facet normal 0 0 1
    outer loop
      vertex -21.4722 -67.75 2.5
      vertex -28 -70 2.5
      vertex -21.553 -67.9085 2.5
    endloop
  endfacet
  facet normal 0 0 1
    outer loop
      vertex -28 -20 2.5
      vertex -21.6168 -28.6253 2.5
      vertex -21.6628 -28.4534 2.5
    endloop
  endfacet
  facet normal 0 0 1
    outer loop
      vertex -21.553 -67.9085 2.5
      vertex -28 -70 2.5
      vertex -21.6168 -68.0747 2.5
    endloop
  endfacet
  facet normal 0 0 1
    outer loop
      vertex -28 -20 2.5
      vertex -21.6628 -28.4534 2.5
      vertex -21.6907 -28.2777 2.5
    endloop
  endfacet
  facet normal 0 0 1
    outer loop
      vertex -21.6168 -68.0747 2.5
      vertex -28 -70 2.5
      vertex -21.6628 -68.2466 2.5
    endloop
  endfacet
  facet normal 0 0 1
    outer loop
      vertex -28 -20 2.5
      vertex -21.6907 -28.2777 2.5
      vertex -21.7 -28.1 2.5
    endloop
  endfacet
  facet normal 0 0 1
    outer loop
      vertex -21.6628 -68.2466 2.5
      vertex -28 -70 2.5
      vertex -21.6907 -68.4223 2.5
    endloop
  endfacet
  facet normal 0 0 1
    outer loop
      vertex 21.6168 -28.6253 2.5
      vertex 28 -20 2.5
      vertex 21.6628 -28.4534 2.5
    endloop
  endfacet
  facet normal 0 0 1
    outer loop
      vertex 28 -70 2.5
      vertex 21.6907 -68.4223 2.5
      vertex 21.7 -68.6 2.5
    endloop
  endfacet
  facet normal 0 0 1
    outer loop
      vertex 21.553 -28.7915 2.5
      vertex 28 -20 2.5
      vertex 21.6168 -28.6253 2.5
    endloop
  endfacet
  facet normal 0 0 1
    outer loop
      vertex 28 -70 2.5
      vertex 21.6628 -68.2466 2.5
      vertex 21.6907 -68.4223 2.5
    endloop
  endfacet
  facet normal 0 0 1
    outer loop
      vertex 28 -20 2.5
      vertex 21.553 -28.7915 2.5
      vertex 28 -70 2.5
    endloop
  endfacet
  facet normal 0 0 1
    outer loop
      vertex 28 -70 2.5
      vertex 21.6168 -68.0747 2.5
      vertex 21.6628 -68.2466 2.5
    endloop
  endfacet
  facet normal -0 0 1
    outer loop
      vertex 21.4722 -28.95 2.5
      vertex 28 -70 2.5
      vertex 21.553 -28.7915 2.5
    endloop
  endfacet
  facet normal 0 0 1
    outer loop
      vertex 28 -70 2.5
      vertex 21.553 -67.9085 2.5
      vertex 21.6168 -68.0747 2.5
    endloop
  endfacet
  facet normal -0 0 1
    outer loop
      vertex 21.3753 -29.0992 2.5
      vertex 28 -70 2.5
      vertex 21.4722 -28.95 2.5
    endloop
  endfacet
  facet normal 0 0 1
    outer loop
      vertex 28 -70 2.5
      vertex 21.4722 -67.75 2.5
      vertex 21.553 -67.9085 2.5
    endloop
  endfacet
  facet normal -0 0 1
    outer loop
      vertex 21.2633 -29.2375 2.5
      vertex 28 -70 2.5
      vertex 21.3753 -29.0992 2.5
    endloop
  endfacet
  facet normal 0 0 1
    outer loop
      vertex 28 -70 2.5
      vertex 21.3753 -67.6008 2.5
      vertex 21.4722 -67.75 2.5
    endloop
  endfacet
  facet normal -0 0 1
    outer loop
      vertex 21.1375 -29.3633 2.5
      vertex 28 -70 2.5
      vertex 21.2633 -29.2375 2.5
    endloop
  endfacet
  facet normal 0 0 1
    outer loop
      vertex 28 -70 2.5
      vertex 21.2633 -67.4625 2.5
      vertex 21.3753 -67.6008 2.5
    endloop
  endfacet
  facet normal -0 0 1
    outer loop
      vertex 20.9992 -29.4753 2.5
      vertex 28 -70 2.5
      vertex 21.1375 -29.3633 2.5
    endloop
  endfacet
  facet normal 0 0 1
    outer loop
      vertex 28 -70 2.5
      vertex 21.1375 -67.3367 2.5
      vertex 21.2633 -67.4625 2.5
    endloop
  endfacet
  facet normal -0 0 1
    outer loop
      vertex 20.85 -29.5722 2.5
      vertex 28 -70 2.5
      vertex 20.9992 -29.4753 2.5
    endloop
  endfacet
  facet normal 0 0 1
    outer loop
      vertex 28 -70 2.5
      vertex 20.9992 -67.2247 2.5
      vertex 21.1375 -67.3367 2.5
    endloop
  endfacet
  facet normal -0 0 1
    outer loop
      vertex 20.85 -67.1278 2.5
      vertex 28 -70 2.5
      vertex 20.85 -29.5722 2.5
    endloop
  endfacet
  facet normal 0 0 1
    outer loop
      vertex 28 -70 2.5
      vertex 20.85 -67.1278 2.5
      vertex 20.9992 -67.2247 2.5
    endloop
  endfacet
  facet normal -0 0 1
    outer loop
      vertex 20.6915 -29.653 2.5
      vertex 20.85 -67.1278 2.5
      vertex 20.85 -29.5722 2.5
    endloop
  endfacet
  facet normal 0 0 1
    outer loop
      vertex 20.6915 -29.653 2.5
      vertex 20.6915 -67.047 2.5
      vertex 20.85 -67.1278 2.5
    endloop
  endfacet
  facet normal -0 0 1
    outer loop
      vertex 20.5253 -29.7168 2.5
      vertex 20.6915 -67.047 2.5
      vertex 20.6915 -29.653 2.5
    endloop
  endfacet
  facet normal 0 0 1
    outer loop
      vertex 20.5253 -29.7168 2.5
      vertex 20.5253 -66.9832 2.5
      vertex 20.6915 -67.047 2.5
    endloop
  endfacet
  facet normal -0 0 1
    outer loop
      vertex 20.3535 -29.7628 2.5
      vertex 20.5253 -66.9832 2.5
      vertex 20.5253 -29.7168 2.5
    endloop
  endfacet
  facet normal 0 0 1
    outer loop
      vertex 20.3535 -29.7628 2.5
      vertex 20.3535 -66.9371 2.5
      vertex 20.5253 -66.9832 2.5
    endloop
  endfacet
  facet normal -0 0 1
    outer loop
      vertex 20.1777 -29.7907 2.5
      vertex 20.3535 -66.9371 2.5
      vertex 20.3535 -29.7628 2.5
    endloop
  endfacet
  facet normal 0 0 1
    outer loop
      vertex 20.1777 -29.7907 2.5
      vertex 20.1777 -66.9093 2.5
      vertex 20.3535 -66.9371 2.5
    endloop
  endfacet
  facet normal -0 0 1
    outer loop
      vertex 20 -29.8 2.5
      vertex 20.1777 -66.9093 2.5
      vertex 20.1777 -29.7907 2.5
    endloop
  endfacet
  facet normal 0 0 1
    outer loop
      vertex 20 -29.8 2.5
      vertex 20 -66.9 2.5
      vertex 20.1777 -66.9093 2.5
    endloop
  endfacet
  facet normal 0 0 1
    outer loop
      vertex 19.8223 -29.7907 2.5
      vertex 20 -66.9 2.5
      vertex 20 -29.8 2.5
    endloop
  endfacet
  facet normal 0 0 1
    outer loop
      vertex 19.8223 -29.7907 2.5
      vertex 19.8223 -66.9093 2.5
      vertex 20 -66.9 2.5
    endloop
  endfacet
  facet normal 0 0 1
    outer loop
      vertex 19.6465 -29.7628 2.5
      vertex 19.8223 -66.9093 2.5
      vertex 19.8223 -29.7907 2.5
    endloop
  endfacet
  facet normal 0 0 1
    outer loop
      vertex 19.6465 -29.7628 2.5
      vertex 19.6465 -66.9371 2.5
      vertex 19.8223 -66.9093 2.5
    endloop
  endfacet
  facet normal 0 0 1
    outer loop
      vertex 19.4747 -29.7168 2.5
      vertex 19.6465 -66.9371 2.5
      vertex 19.6465 -29.7628 2.5
    endloop
  endfacet
  facet normal 0 0 1
    outer loop
      vertex 19.4747 -29.7168 2.5
      vertex 19.4747 -66.9832 2.5
      vertex 19.6465 -66.9371 2.5
    endloop
  endfacet
  facet normal 0 0 1
    outer loop
      vertex 19.3085 -29.653 2.5
      vertex 19.4747 -66.9832 2.5
      vertex 19.4747 -29.7168 2.5
    endloop
  endfacet
  facet normal 0 0 1
    outer loop
      vertex 19.3085 -29.653 2.5
      vertex 19.3085 -67.047 2.5
      vertex 19.4747 -66.9832 2.5
    endloop
  endfacet
  facet normal 0 0 1
    outer loop
      vertex 19.15 -29.5722 2.5
      vertex 19.3085 -67.047 2.5
      vertex 19.3085 -29.653 2.5
    endloop
  endfacet
  facet normal 0 0 1
    outer loop
      vertex 19.15 -29.5722 2.5
      vertex 19.15 -67.1278 2.5
      vertex 19.3085 -67.047 2.5
    endloop
  endfacet
  facet normal 0 0 1
    outer loop
      vertex 19.0008 -29.4753 2.5
      vertex 19.15 -67.1278 2.5
      vertex 19.15 -29.5722 2.5
    endloop
  endfacet
  facet normal 0 0 1
    outer loop
      vertex 19.0008 -29.4753 2.5
      vertex 19.0008 -67.2247 2.5
      vertex 19.15 -67.1278 2.5
    endloop
  endfacet
  facet normal 0 0 1
    outer loop
      vertex 18.8625 -29.3633 2.5
      vertex 19.0008 -67.2247 2.5
      vertex 19.0008 -29.4753 2.5
    endloop
  endfacet
  facet normal 0 0 1
    outer loop
      vertex 18.8625 -29.3633 2.5
      vertex 18.8625 -67.3367 2.5
      vertex 19.0008 -67.2247 2.5
    endloop
  endfacet
  facet normal 0 0 1
    outer loop
      vertex 18.7367 -29.2375 2.5
      vertex 18.8625 -67.3367 2.5
      vertex 18.8625 -29.3633 2.5
    endloop
  endfacet
  facet normal 0 0 1
    outer loop
      vertex 18.7367 -29.2375 2.5
      vertex 18.7367 -67.4625 2.5
      vertex 18.8625 -67.3367 2.5
    endloop
  endfacet
  facet normal 0 0 1
    outer loop
      vertex 18.3832 -28.6253 2.5
      vertex -18.3832 -28.6253 2.5
      vertex 18.447 -28.7915 2.5
    endloop
  endfacet
  facet normal 0 0 1
    outer loop
      vertex -18.447 -28.7915 2.5
      vertex 18.447 -28.7915 2.5
      vertex -18.3832 -28.6253 2.5
    endloop
  endfacet
  facet normal 0 0 1
    outer loop
      vertex -18.3832 -28.6253 2.5
      vertex 18.3832 -28.6253 2.5
      vertex -18.3372 -28.4534 2.5
    endloop
  endfacet
  facet normal 0 0 1
    outer loop
      vertex 18.447 -28.7915 2.5
      vertex -18.447 -28.7915 2.5
      vertex 18.5278 -28.95 2.5
    endloop
  endfacet
  facet normal 0 0 1
    outer loop
      vertex 18.3372 -28.4534 2.5
      vertex -18.3372 -28.4534 2.5
      vertex 18.3832 -28.6253 2.5
    endloop
  endfacet
  facet normal 0 0 1
    outer loop
      vertex 18.7367 -67.4625 2.5
      vertex -18.3 -68.6 2.5
      vertex 18.6247 -67.6008 2.5
    endloop
  endfacet
  facet normal 0 0 1
    outer loop
      vertex -18.3372 -28.4534 2.5
      vertex 18.3372 -28.4534 2.5
      vertex -18.3093 -28.2777 2.5
    endloop
  endfacet
  facet normal 0 0 1
    outer loop
      vertex 18.6247 -67.6008 2.5
      vertex -18.3 -68.6 2.5
      vertex 18.5278 -67.75 2.5
    endloop
  endfacet
  facet normal 0 0 1
    outer loop
      vertex 18.3093 -28.2777 2.5
      vertex -18.3093 -28.2777 2.5
      vertex 18.3372 -28.4534 2.5
    endloop
  endfacet
  facet normal 0 0 1
    outer loop
      vertex 18.5278 -67.75 2.5
      vertex -18.3 -68.6 2.5
      vertex 18.447 -67.9085 2.5
    endloop
  endfacet
  facet normal 0 0 1
    outer loop
      vertex -18.3093 -28.2777 2.5
      vertex 18.3093 -28.2777 2.5
      vertex -18.3 -28.1 2.5
    endloop
  endfacet
  facet normal 0 0 1
    outer loop
      vertex 18.447 -67.9085 2.5
      vertex -18.3 -68.6 2.5
      vertex 18.3832 -68.0747 2.5
    endloop
  endfacet
  facet normal -0 0 1
    outer loop
      vertex -18.3 -28.1 2.5
      vertex 18.3093 -28.2777 2.5
      vertex 18.3 -28.1 2.5
    endloop
  endfacet
  facet normal 0 0 1
    outer loop
      vertex 18.3832 -68.0747 2.5
      vertex -18.3 -68.6 2.5
      vertex 18.3372 -68.2466 2.5
    endloop
  endfacet
  facet normal 0 0 1
    outer loop
      vertex 20.3535 -26.4371 2.5
      vertex 28 -20 2.5
      vertex 27.9671 -19.3728 2.5
    endloop
  endfacet
  facet normal 0 0 1
    outer loop
      vertex 21.6907 -28.2777 2.5
      vertex 28 -20 2.5
      vertex 21.7 -28.1 2.5
    endloop
  endfacet
  facet normal 0 0 1
    outer loop
      vertex 20.3535 -26.4371 2.5
      vertex 27.9671 -19.3728 2.5
      vertex 27.8689 -18.7525 2.5
    endloop
  endfacet
  facet normal 0 0 1
    outer loop
      vertex 21.6628 -28.4534 2.5
      vertex 28 -20 2.5
      vertex 21.6907 -28.2777 2.5
    endloop
  endfacet
  facet normal 0 0 1
    outer loop
      vertex 20.3535 -26.4371 2.5
      vertex 27.8689 -18.7525 2.5
      vertex 27.7063 -18.1459 2.5
    endloop
  endfacet
  facet normal -0 0 1
    outer loop
      vertex 21.6907 -68.7777 2.5
      vertex 28 -70 2.5
      vertex 21.7 -68.6 2.5
    endloop
  endfacet
  facet normal 0 0 1
    outer loop
      vertex 20.3535 -26.4371 2.5
      vertex 27.7063 -18.1459 2.5
      vertex 27.4813 -17.5596 2.5
    endloop
  endfacet
  facet normal -0 0 1
    outer loop
      vertex 21.6628 -68.9535 2.5
      vertex 28 -70 2.5
      vertex 21.6907 -68.7777 2.5
    endloop
  endfacet
  facet normal 0 0 1
    outer loop
      vertex 20.3535 -26.4371 2.5
      vertex 27.4813 -17.5596 2.5
      vertex 27.1962 -17 2.5
    endloop
  endfacet
  facet normal -0 0 1
    outer loop
      vertex 21.6168 -69.1253 2.5
      vertex 28 -70 2.5
      vertex 21.6628 -68.9535 2.5
    endloop
  endfacet
  facet normal 0 0 1
    outer loop
      vertex 20.3535 -26.4371 2.5
      vertex 27.1962 -17 2.5
      vertex 26.8541 -16.4733 2.5
    endloop
  endfacet
  facet normal 0 0 1
    outer loop
      vertex 28 -70 2.5
      vertex 21.6168 -69.1253 2.5
      vertex 27.9671 -70.6272 2.5
    endloop
  endfacet
  facet normal 0 0 1
    outer loop
      vertex 20.3535 -26.4371 2.5
      vertex 26.8541 -16.4733 2.5
      vertex 26.4589 -15.9852 2.5
    endloop
  endfacet
  facet normal 0 0 1
    outer loop
      vertex 27.9671 -70.6272 2.5
      vertex 21.6168 -69.1253 2.5
      vertex 27.8689 -71.2475 2.5
    endloop
  endfacet
  facet normal 0 0 1
    outer loop
      vertex 20.3535 -26.4371 2.5
      vertex 26.4589 -15.9852 2.5
      vertex 26.0148 -15.5411 2.5
    endloop
  endfacet
  facet normal -0 0 1
    outer loop
      vertex 21.553 -69.2915 2.5
      vertex 27.8689 -71.2475 2.5
      vertex 21.6168 -69.1253 2.5
    endloop
  endfacet
  facet normal 0 0 1
    outer loop
      vertex 20.3535 -26.4371 2.5
      vertex 26.0148 -15.5411 2.5
      vertex 25.5267 -15.1459 2.5
    endloop
  endfacet
  facet normal 0 0 1
    outer loop
      vertex 27.8689 -71.2475 2.5
      vertex 21.553 -69.2915 2.5
      vertex 27.7063 -71.8541 2.5
    endloop
  endfacet
  facet normal 0 0 1
    outer loop
      vertex 20.3535 -26.4371 2.5
      vertex 25.5267 -15.1459 2.5
      vertex 25 -14.8038 2.5
    endloop
  endfacet
  facet normal -0 0 1
    outer loop
      vertex 21.4722 -69.45 2.5
      vertex 27.7063 -71.8541 2.5
      vertex 21.553 -69.2915 2.5
    endloop
  endfacet
  facet normal 0 0 1
    outer loop
      vertex 20.3535 -26.4371 2.5
      vertex 25 -14.8038 2.5
      vertex 24.4404 -14.5187 2.5
    endloop
  endfacet
  facet normal 0 0 1
    outer loop
      vertex 27.7063 -71.8541 2.5
      vertex 21.4722 -69.45 2.5
      vertex 27.4813 -72.4404 2.5
    endloop
  endfacet
  facet normal 0 0 1
    outer loop
      vertex 20.3535 -26.4371 2.5
      vertex 24.4404 -14.5187 2.5
      vertex 23.8541 -14.2937 2.5
    endloop
  endfacet
  facet normal 0 0 1
    outer loop
      vertex 27.4813 -72.4404 2.5
      vertex 21.4722 -69.45 2.5
      vertex 27.1962 -73 2.5
    endloop
  endfacet
  facet normal 0 0 1
    outer loop
      vertex 20.3535 -26.4371 2.5
      vertex 23.8541 -14.2937 2.5
      vertex 23.2475 -14.1311 2.5
    endloop
  endfacet
  facet normal -0 0 1
    outer loop
      vertex 21.3753 -69.5992 2.5
      vertex 27.1962 -73 2.5
      vertex 21.4722 -69.45 2.5
    endloop
  endfacet
  facet normal 0 0 1
    outer loop
      vertex 20.3535 -26.4371 2.5
      vertex 23.2475 -14.1311 2.5
      vertex 22.6272 -14.0329 2.5
    endloop
  endfacet
  facet normal 0 0 1
    outer loop
      vertex 27.1962 -73 2.5
      vertex 21.3753 -69.5992 2.5
      vertex 26.8541 -73.5267 2.5
    endloop
  endfacet
  facet normal 0 0 1
    outer loop
      vertex 20.3535 -26.4371 2.5
      vertex 22.6272 -14.0329 2.5
      vertex 22 -14 2.5
    endloop
  endfacet
  facet normal 0 0 1
    outer loop
      vertex 26.8541 -73.5267 2.5
      vertex 21.3753 -69.5992 2.5
      vertex 26.4589 -74.0148 2.5
    endloop
  endfacet
  facet normal -0 0 1
    outer loop
      vertex 21.2633 -69.7375 2.5
      vertex 26.4589 -74.0148 2.5
      vertex 21.3753 -69.5992 2.5
    endloop
  endfacet
  facet normal 0 0 1
    outer loop
      vertex 28 -20 2.5
      vertex 21.6907 -27.9223 2.5
      vertex 21.7 -28.1 2.5
    endloop
  endfacet
  facet normal 0 0 1
    outer loop
      vertex 28 -20 2.5
      vertex 21.6628 -27.7465 2.5
      vertex 21.6907 -27.9223 2.5
    endloop
  endfacet
  facet normal 0 0 1
    outer loop
      vertex 28 -20 2.5
      vertex 21.6168 -27.5747 2.5
      vertex 21.6628 -27.7465 2.5
    endloop
  endfacet
  facet normal 0 0 1
    outer loop
      vertex 28 -20 2.5
      vertex 21.553 -27.4085 2.5
      vertex 21.6168 -27.5747 2.5
    endloop
  endfacet
  facet normal 0 0 1
    outer loop
      vertex 28 -20 2.5
      vertex 21.4722 -27.25 2.5
      vertex 21.553 -27.4085 2.5
    endloop
  endfacet
  facet normal 0 0 1
    outer loop
      vertex 28 -20 2.5
      vertex 21.3753 -27.1008 2.5
      vertex 21.4722 -27.25 2.5
    endloop
  endfacet
  facet normal 0 0 1
    outer loop
      vertex 28 -20 2.5
      vertex 21.2633 -26.9625 2.5
      vertex 21.3753 -27.1008 2.5
    endloop
  endfacet
  facet normal 0 0 1
    outer loop
      vertex 28 -20 2.5
      vertex 21.1375 -26.8367 2.5
      vertex 21.2633 -26.9625 2.5
    endloop
  endfacet
  facet normal 0 0 1
    outer loop
      vertex 28 -20 2.5
      vertex 20.9992 -26.7247 2.5
      vertex 21.1375 -26.8367 2.5
    endloop
  endfacet
  facet normal 0 0 1
    outer loop
      vertex 28 -20 2.5
      vertex 20.85 -26.6278 2.5
      vertex 20.9992 -26.7247 2.5
    endloop
  endfacet
  facet normal 0 0 1
    outer loop
      vertex 28 -20 2.5
      vertex 20.6915 -26.547 2.5
      vertex 20.85 -26.6278 2.5
    endloop
  endfacet
  facet normal 0 0 1
    outer loop
      vertex 28 -20 2.5
      vertex 20.5253 -26.4832 2.5
      vertex 20.6915 -26.547 2.5
    endloop
  endfacet
  facet normal 0 0 1
    outer loop
      vertex 28 -20 2.5
      vertex 20.3535 -26.4371 2.5
      vertex 20.5253 -26.4832 2.5
    endloop
  endfacet
  facet normal 0 0 1
    outer loop
      vertex 22 -14 2.5
      vertex 20.1777 -26.4093 2.5
      vertex 20.3535 -26.4371 2.5
    endloop
  endfacet
  facet normal 0 0 1
    outer loop
      vertex 22 -14 2.5
      vertex 20 -26.4 2.5
      vertex 20.1777 -26.4093 2.5
    endloop
  endfacet
  facet normal 0 0 1
    outer loop
      vertex 22 -14 2.5
      vertex 19.8223 -26.4093 2.5
      vertex 20 -26.4 2.5
    endloop
  endfacet
  facet normal 0 0 1
    outer loop
      vertex 22 -14 2.5
      vertex 19.6465 -26.4371 2.5
      vertex 19.8223 -26.4093 2.5
    endloop
  endfacet
  facet normal 0 0 1
    outer loop
      vertex 22 -14 2.5
      vertex 19.4747 -26.4832 2.5
      vertex 19.6465 -26.4371 2.5
    endloop
  endfacet
  facet normal 0 0 1
    outer loop
      vertex 22 -14 2.5
      vertex 19.3085 -26.547 2.5
      vertex 19.4747 -26.4832 2.5
    endloop
  endfacet
  facet normal 0 0 1
    outer loop
      vertex 22 -14 2.5
      vertex 19.15 -26.6278 2.5
      vertex 19.3085 -26.547 2.5
    endloop
  endfacet
  facet normal 0 0 1
    outer loop
      vertex 22 -14 2.5
      vertex 19.0008 -26.7247 2.5
      vertex 19.15 -26.6278 2.5
    endloop
  endfacet
  facet normal 0 0 1
    outer loop
      vertex 22 -14 2.5
      vertex 18.8625 -26.8367 2.5
      vertex 19.0008 -26.7247 2.5
    endloop
  endfacet
  facet normal 0 0 1
    outer loop
      vertex 22 -14 2.5
      vertex 18.7367 -26.9625 2.5
      vertex 18.8625 -26.8367 2.5
    endloop
  endfacet
  facet normal 0 0 1
    outer loop
      vertex 22 -14 2.5
      vertex 18.6247 -27.1008 2.5
      vertex 18.7367 -26.9625 2.5
    endloop
  endfacet
  facet normal 0 0 1
    outer loop
      vertex 22 -14 2.5
      vertex 18.5278 -27.25 2.5
      vertex 18.6247 -27.1008 2.5
    endloop
  endfacet
  facet normal 0 0 1
    outer loop
      vertex -18.5278 -27.25 2.5
      vertex 18.5278 -27.25 2.5
      vertex 22 -14 2.5
    endloop
  endfacet
  facet normal 0 0 1
    outer loop
      vertex 18.5278 -27.25 2.5
      vertex -18.5278 -27.25 2.5
      vertex 18.447 -27.4085 2.5
    endloop
  endfacet
  facet normal 0 -0 1
    outer loop
      vertex -18.447 -27.4085 2.5
      vertex 18.447 -27.4085 2.5
      vertex -18.5278 -27.25 2.5
    endloop
  endfacet
  facet normal 0 0 1
    outer loop
      vertex 18.3372 -68.2466 2.5
      vertex -18.3 -68.6 2.5
      vertex 18.3093 -68.4223 2.5
    endloop
  endfacet
  facet normal 0 0 1
    outer loop
      vertex 18.3093 -27.9223 2.5
      vertex -18.3 -28.1 2.5
      vertex 18.3 -28.1 2.5
    endloop
  endfacet
  facet normal 0 0 1
    outer loop
      vertex -18.3093 -27.9223 2.5
      vertex 18.3093 -27.9223 2.5
      vertex 18.3372 -27.7465 2.5
    endloop
  endfacet
  facet normal 0 0 1
    outer loop
      vertex 18.447 -27.4085 2.5
      vertex -18.447 -27.4085 2.5
      vertex 18.3832 -27.5747 2.5
    endloop
  endfacet
  facet normal 0 0 1
    outer loop
      vertex 18.3093 -27.9223 2.5
      vertex -18.3093 -27.9223 2.5
      vertex -18.3 -28.1 2.5
    endloop
  endfacet
  facet normal 0 0 1
    outer loop
      vertex 18.3372 -27.7465 2.5
      vertex -18.3372 -27.7465 2.5
      vertex -18.3093 -27.9223 2.5
    endloop
  endfacet
  facet normal 0 0 1
    outer loop
      vertex 18.3372 -27.7465 2.5
      vertex -18.3832 -27.5747 2.5
      vertex -18.3372 -27.7465 2.5
    endloop
  endfacet
  facet normal 0 0 1
    outer loop
      vertex 18.3832 -27.5747 2.5
      vertex -18.3832 -27.5747 2.5
      vertex 18.3372 -27.7465 2.5
    endloop
  endfacet
  facet normal 0 -0 1
    outer loop
      vertex -18.3832 -27.5747 2.5
      vertex 18.3832 -27.5747 2.5
      vertex -18.447 -27.4085 2.5
    endloop
  endfacet
  facet normal 0 0 1
    outer loop
      vertex 22 -14 2.5
      vertex -18.6247 -27.1008 2.5
      vertex -18.5278 -27.25 2.5
    endloop
  endfacet
  facet normal -0 0 1
    outer loop
      vertex -22 -14 2.5
      vertex -18.6247 -27.1008 2.5
      vertex 22 -14 2.5
    endloop
  endfacet
  facet normal 0 0 1
    outer loop
      vertex -18.6247 -27.1008 2.5
      vertex -22 -14 2.5
      vertex -18.7367 -26.9625 2.5
    endloop
  endfacet
  facet normal 0 0 1
    outer loop
      vertex -18.7367 -26.9625 2.5
      vertex -22 -14 2.5
      vertex -18.8625 -26.8367 2.5
    endloop
  endfacet
  facet normal 0 0 1
    outer loop
      vertex -18.8625 -26.8367 2.5
      vertex -22 -14 2.5
      vertex -19.0008 -26.7247 2.5
    endloop
  endfacet
  facet normal 0 0 1
    outer loop
      vertex -19.0008 -26.7247 2.5
      vertex -22 -14 2.5
      vertex -19.15 -26.6278 2.5
    endloop
  endfacet
  facet normal 0 0 1
    outer loop
      vertex -19.15 -26.6278 2.5
      vertex -22 -14 2.5
      vertex -19.3085 -26.547 2.5
    endloop
  endfacet
  facet normal 0 0 1
    outer loop
      vertex -19.3085 -26.547 2.5
      vertex -22 -14 2.5
      vertex -19.4747 -26.4832 2.5
    endloop
  endfacet
  facet normal 0 0 1
    outer loop
      vertex -19.4747 -26.4832 2.5
      vertex -22 -14 2.5
      vertex -19.6465 -26.4371 2.5
    endloop
  endfacet
  facet normal 0 0 1
    outer loop
      vertex -19.6465 -26.4371 2.5
      vertex -22 -14 2.5
      vertex -19.8223 -26.4093 2.5
    endloop
  endfacet
  facet normal 0 0 1
    outer loop
      vertex -19.8223 -26.4093 2.5
      vertex -22 -14 2.5
      vertex -20 -26.4 2.5
    endloop
  endfacet
  facet normal 0 0 1
    outer loop
      vertex -20 -26.4 2.5
      vertex -22 -14 2.5
      vertex -20.1777 -26.4093 2.5
    endloop
  endfacet
  facet normal 0 0 1
    outer loop
      vertex -20.1777 -26.4093 2.5
      vertex -22 -14 2.5
      vertex -20.3535 -26.4371 2.5
    endloop
  endfacet
  facet normal 0 0 1
    outer loop
      vertex -21.6907 -27.9223 2.5
      vertex -28 -20 2.5
      vertex -21.7 -28.1 2.5
    endloop
  endfacet
  facet normal 0 0 1
    outer loop
      vertex -21.6628 -27.7465 2.5
      vertex -28 -20 2.5
      vertex -21.6907 -27.9223 2.5
    endloop
  endfacet
  facet normal 0 0 1
    outer loop
      vertex -21.6168 -27.5747 2.5
      vertex -28 -20 2.5
      vertex -21.6628 -27.7465 2.5
    endloop
  endfacet
  facet normal 0 0 1
    outer loop
      vertex -21.553 -27.4085 2.5
      vertex -28 -20 2.5
      vertex -21.6168 -27.5747 2.5
    endloop
  endfacet
  facet normal 0 0 1
    outer loop
      vertex -21.4722 -27.25 2.5
      vertex -28 -20 2.5
      vertex -21.553 -27.4085 2.5
    endloop
  endfacet
  facet normal 0 0 1
    outer loop
      vertex -21.3753 -27.1008 2.5
      vertex -28 -20 2.5
      vertex -21.4722 -27.25 2.5
    endloop
  endfacet
  facet normal 0 0 1
    outer loop
      vertex -21.2633 -26.9625 2.5
      vertex -28 -20 2.5
      vertex -21.3753 -27.1008 2.5
    endloop
  endfacet
  facet normal 0 0 1
    outer loop
      vertex -21.1375 -26.8367 2.5
      vertex -28 -20 2.5
      vertex -21.2633 -26.9625 2.5
    endloop
  endfacet
  facet normal 0 0 1
    outer loop
      vertex -20.9992 -26.7247 2.5
      vertex -28 -20 2.5
      vertex -21.1375 -26.8367 2.5
    endloop
  endfacet
  facet normal 0 0 1
    outer loop
      vertex -20.85 -26.6278 2.5
      vertex -28 -20 2.5
      vertex -20.9992 -26.7247 2.5
    endloop
  endfacet
  facet normal 0 0 1
    outer loop
      vertex -20.6915 -26.547 2.5
      vertex -28 -20 2.5
      vertex -20.85 -26.6278 2.5
    endloop
  endfacet
  facet normal 0 0 1
    outer loop
      vertex -20.5253 -26.4832 2.5
      vertex -28 -20 2.5
      vertex -20.6915 -26.547 2.5
    endloop
  endfacet
  facet normal 0 0 1
    outer loop
      vertex -20.3535 -26.4371 2.5
      vertex -28 -20 2.5
      vertex -20.5253 -26.4832 2.5
    endloop
  endfacet
  facet normal -0 0 1
    outer loop
      vertex -28 -20 2.5
      vertex -20.3535 -26.4371 2.5
      vertex -22 -14 2.5
    endloop
  endfacet
  facet normal 0 0 1
    outer loop
      vertex 26.4589 -74.0148 2.5
      vertex 21.2633 -69.7375 2.5
      vertex 26.0148 -74.4589 2.5
    endloop
  endfacet
  facet normal 0 0 1
    outer loop
      vertex 26.0148 -74.4589 2.5
      vertex 21.2633 -69.7375 2.5
      vertex 25.5267 -74.8541 2.5
    endloop
  endfacet
  facet normal -0 0 1
    outer loop
      vertex 21.1375 -69.8633 2.5
      vertex 25.5267 -74.8541 2.5
      vertex 21.2633 -69.7375 2.5
    endloop
  endfacet
  facet normal 0 0 1
    outer loop
      vertex 25.5267 -74.8541 2.5
      vertex 21.1375 -69.8633 2.5
      vertex 25 -75.1962 2.5
    endloop
  endfacet
  facet normal 0 0 1
    outer loop
      vertex 25 -75.1962 2.5
      vertex 21.1375 -69.8633 2.5
      vertex 24.4404 -75.4813 2.5
    endloop
  endfacet
  facet normal -0 0 1
    outer loop
      vertex 20.9992 -69.9753 2.5
      vertex 24.4404 -75.4813 2.5
      vertex 21.1375 -69.8633 2.5
    endloop
  endfacet
  facet normal 0 0 1
    outer loop
      vertex 24.4404 -75.4813 2.5
      vertex 20.9992 -69.9753 2.5
      vertex 23.8541 -75.7063 2.5
    endloop
  endfacet
  facet normal 0 0 1
    outer loop
      vertex 23.8541 -75.7063 2.5
      vertex 20.9992 -69.9753 2.5
      vertex 23.2475 -75.8689 2.5
    endloop
  endfacet
  facet normal -0 0 1
    outer loop
      vertex 20.85 -70.0722 2.5
      vertex 23.2475 -75.8689 2.5
      vertex 20.9992 -69.9753 2.5
    endloop
  endfacet
  facet normal 0 0 1
    outer loop
      vertex 23.2475 -75.8689 2.5
      vertex 20.85 -70.0722 2.5
      vertex 22.6272 -75.9671 2.5
    endloop
  endfacet
  facet normal -0 0 1
    outer loop
      vertex 20.6915 -70.153 2.5
      vertex 22.6272 -75.9671 2.5
      vertex 20.85 -70.0722 2.5
    endloop
  endfacet
  facet normal 0 0 1
    outer loop
      vertex 22.6272 -75.9671 2.5
      vertex 20.6915 -70.153 2.5
      vertex 22 -76 2.5
    endloop
  endfacet
  facet normal -0 0 1
    outer loop
      vertex 20.5253 -70.2168 2.5
      vertex 22 -76 2.5
      vertex 20.6915 -70.153 2.5
    endloop
  endfacet
  facet normal -0 0 1
    outer loop
      vertex 20.3535 -70.2628 2.5
      vertex 22 -76 2.5
      vertex 20.5253 -70.2168 2.5
    endloop
  endfacet
  facet normal -0 0 1
    outer loop
      vertex 20.1777 -70.2907 2.5
      vertex 22 -76 2.5
      vertex 20.3535 -70.2628 2.5
    endloop
  endfacet
  facet normal -0 0 1
    outer loop
      vertex 20 -70.3 2.5
      vertex 22 -76 2.5
      vertex 20.1777 -70.2907 2.5
    endloop
  endfacet
  facet normal 0 0 1
    outer loop
      vertex 19.8223 -70.2907 2.5
      vertex 22 -76 2.5
      vertex 20 -70.3 2.5
    endloop
  endfacet
  facet normal 0 0 1
    outer loop
      vertex 19.6465 -70.2628 2.5
      vertex 22 -76 2.5
      vertex 19.8223 -70.2907 2.5
    endloop
  endfacet
  facet normal 0 0 1
    outer loop
      vertex 19.4747 -70.2168 2.5
      vertex 22 -76 2.5
      vertex 19.6465 -70.2628 2.5
    endloop
  endfacet
  facet normal 0 0 1
    outer loop
      vertex 19.3085 -70.153 2.5
      vertex 22 -76 2.5
      vertex 19.4747 -70.2168 2.5
    endloop
  endfacet
  facet normal 0 0 1
    outer loop
      vertex 19.15 -70.0722 2.5
      vertex 22 -76 2.5
      vertex 19.3085 -70.153 2.5
    endloop
  endfacet
  facet normal 0 0 1
    outer loop
      vertex 19.0008 -69.9753 2.5
      vertex 22 -76 2.5
      vertex 19.15 -70.0722 2.5
    endloop
  endfacet
  facet normal 0 0 1
    outer loop
      vertex 18.8625 -69.8633 2.5
      vertex 22 -76 2.5
      vertex 19.0008 -69.9753 2.5
    endloop
  endfacet
  facet normal 0 0 1
    outer loop
      vertex 18.7367 -69.7375 2.5
      vertex 22 -76 2.5
      vertex 18.8625 -69.8633 2.5
    endloop
  endfacet
  facet normal 0 0 1
    outer loop
      vertex 18.6247 -69.5992 2.5
      vertex 22 -76 2.5
      vertex 18.7367 -69.7375 2.5
    endloop
  endfacet
  facet normal 0 0 1
    outer loop
      vertex -18.6247 -69.5992 2.5
      vertex 18.6247 -69.5992 2.5
      vertex 18.5278 -69.45 2.5
    endloop
  endfacet
  facet normal 0 0 1
    outer loop
      vertex 18.3093 -68.4223 2.5
      vertex -18.3 -68.6 2.5
      vertex 18.3 -68.6 2.5
    endloop
  endfacet
  facet normal 0 0 1
    outer loop
      vertex 18.3 -68.6 2.5
      vertex -18.3 -68.6 2.5
      vertex 18.3093 -68.7777 2.5
    endloop
  endfacet
  facet normal 0 0 1
    outer loop
      vertex -18.3093 -68.7777 2.5
      vertex 18.3093 -68.7777 2.5
      vertex -18.3 -68.6 2.5
    endloop
  endfacet
  facet normal 0 0 1
    outer loop
      vertex 18.3093 -68.7777 2.5
      vertex -18.3093 -68.7777 2.5
      vertex 18.3372 -68.9535 2.5
    endloop
  endfacet
  facet normal 0 0 1
    outer loop
      vertex -18.3372 -68.9535 2.5
      vertex 18.3372 -68.9535 2.5
      vertex -18.3093 -68.7777 2.5
    endloop
  endfacet
  facet normal 0 0 1
    outer loop
      vertex 18.3372 -68.9535 2.5
      vertex -18.3372 -68.9535 2.5
      vertex 18.3832 -69.1253 2.5
    endloop
  endfacet
  facet normal 0 0 1
    outer loop
      vertex -18.3832 -69.1253 2.5
      vertex 18.3832 -69.1253 2.5
      vertex -18.3372 -68.9535 2.5
    endloop
  endfacet
  facet normal 0 0 1
    outer loop
      vertex 18.3832 -69.1253 2.5
      vertex -18.3832 -69.1253 2.5
      vertex 18.447 -69.2915 2.5
    endloop
  endfacet
  facet normal 0 0 1
    outer loop
      vertex -18.447 -69.2915 2.5
      vertex 18.447 -69.2915 2.5
      vertex -18.3832 -69.1253 2.5
    endloop
  endfacet
  facet normal 0 0 1
    outer loop
      vertex 18.447 -69.2915 2.5
      vertex -18.447 -69.2915 2.5
      vertex 18.5278 -69.45 2.5
    endloop
  endfacet
  facet normal 0 0 1
    outer loop
      vertex -18.5278 -69.45 2.5
      vertex 18.5278 -69.45 2.5
      vertex -18.447 -69.2915 2.5
    endloop
  endfacet
  facet normal 0 0 1
    outer loop
      vertex -18.6247 -69.5992 2.5
      vertex 18.5278 -69.45 2.5
      vertex -18.5278 -69.45 2.5
    endloop
  endfacet
  facet normal 0 0 1
    outer loop
      vertex 18.6247 -69.5992 2.5
      vertex -18.6247 -69.5992 2.5
      vertex 22 -76 2.5
    endloop
  endfacet
  facet normal 0 0 1
    outer loop
      vertex -22 -76 2.5
      vertex -18.6247 -69.5992 2.5
      vertex -18.7367 -69.7375 2.5
    endloop
  endfacet
  facet normal 0 0 1
    outer loop
      vertex -22 -76 2.5
      vertex -18.7367 -69.7375 2.5
      vertex -18.8625 -69.8633 2.5
    endloop
  endfacet
  facet normal 0 0 1
    outer loop
      vertex -22 -76 2.5
      vertex -18.8625 -69.8633 2.5
      vertex -19.0008 -69.9753 2.5
    endloop
  endfacet
  facet normal 0 0 1
    outer loop
      vertex -22 -76 2.5
      vertex -19.0008 -69.9753 2.5
      vertex -19.15 -70.0722 2.5
    endloop
  endfacet
  facet normal 0 0 1
    outer loop
      vertex -22 -76 2.5
      vertex -19.15 -70.0722 2.5
      vertex -19.3085 -70.153 2.5
    endloop
  endfacet
  facet normal 0 0 1
    outer loop
      vertex -22 -76 2.5
      vertex -19.3085 -70.153 2.5
      vertex -19.4747 -70.2168 2.5
    endloop
  endfacet
  facet normal 0 0 1
    outer loop
      vertex -22 -76 2.5
      vertex -19.4747 -70.2168 2.5
      vertex -19.6465 -70.2628 2.5
    endloop
  endfacet
  facet normal 0 0 1
    outer loop
      vertex -22 -76 2.5
      vertex -19.6465 -70.2628 2.5
      vertex -19.8223 -70.2907 2.5
    endloop
  endfacet
  facet normal 0 0 1
    outer loop
      vertex -22 -76 2.5
      vertex -19.8223 -70.2907 2.5
      vertex -20 -70.3 2.5
    endloop
  endfacet
  facet normal 0 0 1
    outer loop
      vertex -22 -76 2.5
      vertex -20 -70.3 2.5
      vertex -20.1777 -70.2907 2.5
    endloop
  endfacet
  facet normal 0 0 1
    outer loop
      vertex -18.6247 -69.5992 2.5
      vertex -22 -76 2.5
      vertex 22 -76 2.5
    endloop
  endfacet
  facet normal 0 0 1
    outer loop
      vertex -20.3535 -70.2628 2.5
      vertex -22 -76 2.5
      vertex -20.1777 -70.2907 2.5
    endloop
  endfacet
  facet normal 0 0 1
    outer loop
      vertex -20.5253 -70.2168 2.5
      vertex -22 -76 2.5
      vertex -20.3535 -70.2628 2.5
    endloop
  endfacet
  facet normal 0 0 1
    outer loop
      vertex -20.6915 -70.153 2.5
      vertex -22 -76 2.5
      vertex -20.5253 -70.2168 2.5
    endloop
  endfacet
  facet normal 0 0 1
    outer loop
      vertex -22.6272 -75.9671 2.5
      vertex -20.6915 -70.153 2.5
      vertex -20.85 -70.0722 2.5
    endloop
  endfacet
  facet normal 0 0 1
    outer loop
      vertex -23.2475 -75.8689 2.5
      vertex -20.85 -70.0722 2.5
      vertex -20.9992 -69.9753 2.5
    endloop
  endfacet
  facet normal 0 0 1
    outer loop
      vertex -24.4404 -75.4813 2.5
      vertex -20.9992 -69.9753 2.5
      vertex -21.1375 -69.8633 2.5
    endloop
  endfacet
  facet normal 0 0 1
    outer loop
      vertex -25.5267 -74.8541 2.5
      vertex -21.1375 -69.8633 2.5
      vertex -21.2633 -69.7375 2.5
    endloop
  endfacet
  facet normal 0 0 1
    outer loop
      vertex -26.4589 -74.0148 2.5
      vertex -21.2633 -69.7375 2.5
      vertex -21.3753 -69.5992 2.5
    endloop
  endfacet
  facet normal 0 0 1
    outer loop
      vertex -27.1962 -73 2.5
      vertex -21.3753 -69.5992 2.5
      vertex -21.4722 -69.45 2.5
    endloop
  endfacet
  facet normal 0 0 1
    outer loop
      vertex -27.7063 -71.8541 2.5
      vertex -21.4722 -69.45 2.5
      vertex -21.553 -69.2915 2.5
    endloop
  endfacet
  facet normal 0 0 1
    outer loop
      vertex -27.8689 -71.2475 2.5
      vertex -21.553 -69.2915 2.5
      vertex -21.6168 -69.1253 2.5
    endloop
  endfacet
  facet normal 0 0 1
    outer loop
      vertex -28 -70 2.5
      vertex -21.6168 -69.1253 2.5
      vertex -21.6628 -68.9535 2.5
    endloop
  endfacet
  facet normal 0 0 1
    outer loop
      vertex -28 -70 2.5
      vertex -21.6628 -68.9535 2.5
      vertex -21.6907 -68.7777 2.5
    endloop
  endfacet
  facet normal 0 0 1
    outer loop
      vertex -28 -70 2.5
      vertex -21.6907 -68.7777 2.5
      vertex -21.7 -68.6 2.5
    endloop
  endfacet
  facet normal 0 0 1
    outer loop
      vertex -21.553 -28.7915 2.5
      vertex -28 -20 2.5
      vertex -28 -70 2.5
    endloop
  endfacet
  facet normal 0 0 1
    outer loop
      vertex -28 -20 2.5
      vertex -22 -14 2.5
      vertex -22.6272 -14.0329 2.5
    endloop
  endfacet
  facet normal 0 0 1
    outer loop
      vertex -21.6907 -68.4223 2.5
      vertex -28 -70 2.5
      vertex -21.7 -68.6 2.5
    endloop
  endfacet
  facet normal 0 0 1
    outer loop
      vertex -28 -20 2.5
      vertex -22.6272 -14.0329 2.5
      vertex -23.2475 -14.1311 2.5
    endloop
  endfacet
  facet normal 0 0 1
    outer loop
      vertex -21.6168 -69.1253 2.5
      vertex -28 -70 2.5
      vertex -27.9671 -70.6272 2.5
    endloop
  endfacet
  facet normal 0 0 1
    outer loop
      vertex -28 -20 2.5
      vertex -23.2475 -14.1311 2.5
      vertex -23.8541 -14.2937 2.5
    endloop
  endfacet
  facet normal 0 0 1
    outer loop
      vertex -20.6915 -70.153 2.5
      vertex -22.6272 -75.9671 2.5
      vertex -22 -76 2.5
    endloop
  endfacet
  facet normal 0 0 1
    outer loop
      vertex -28 -20 2.5
      vertex -23.8541 -14.2937 2.5
      vertex -24.4404 -14.5187 2.5
    endloop
  endfacet
  facet normal 0 0 1
    outer loop
      vertex -20.85 -70.0722 2.5
      vertex -23.2475 -75.8689 2.5
      vertex -22.6272 -75.9671 2.5
    endloop
  endfacet
  facet normal 0 0 1
    outer loop
      vertex -28 -20 2.5
      vertex -24.4404 -14.5187 2.5
      vertex -25 -14.8038 2.5
    endloop
  endfacet
  facet normal 0 0 1
    outer loop
      vertex -20.9992 -69.9753 2.5
      vertex -23.8541 -75.7063 2.5
      vertex -23.2475 -75.8689 2.5
    endloop
  endfacet
  facet normal 0 0 1
    outer loop
      vertex -28 -20 2.5
      vertex -25 -14.8038 2.5
      vertex -25.5267 -15.1459 2.5
    endloop
  endfacet
  facet normal 0 0 1
    outer loop
      vertex -20.9992 -69.9753 2.5
      vertex -24.4404 -75.4813 2.5
      vertex -23.8541 -75.7063 2.5
    endloop
  endfacet
  facet normal 0 0 1
    outer loop
      vertex -28 -20 2.5
      vertex -25.5267 -15.1459 2.5
      vertex -26.0148 -15.5411 2.5
    endloop
  endfacet
  facet normal 0 0 1
    outer loop
      vertex -21.1375 -69.8633 2.5
      vertex -25 -75.1962 2.5
      vertex -24.4404 -75.4813 2.5
    endloop
  endfacet
  facet normal 0 0 1
    outer loop
      vertex -28 -20 2.5
      vertex -26.0148 -15.5411 2.5
      vertex -26.4589 -15.9852 2.5
    endloop
  endfacet
  facet normal 0 0 1
    outer loop
      vertex -21.1375 -69.8633 2.5
      vertex -25.5267 -74.8541 2.5
      vertex -25 -75.1962 2.5
    endloop
  endfacet
  facet normal 0 0 1
    outer loop
      vertex -28 -20 2.5
      vertex -26.4589 -15.9852 2.5
      vertex -26.8541 -16.4733 2.5
    endloop
  endfacet
  facet normal 0 0 1
    outer loop
      vertex -21.2633 -69.7375 2.5
      vertex -26.0148 -74.4589 2.5
      vertex -25.5267 -74.8541 2.5
    endloop
  endfacet
  facet normal 0 0 1
    outer loop
      vertex -28 -20 2.5
      vertex -26.8541 -16.4733 2.5
      vertex -27.1962 -17 2.5
    endloop
  endfacet
  facet normal 0 0 1
    outer loop
      vertex -21.2633 -69.7375 2.5
      vertex -26.4589 -74.0148 2.5
      vertex -26.0148 -74.4589 2.5
    endloop
  endfacet
  facet normal 0 0 1
    outer loop
      vertex -28 -20 2.5
      vertex -27.1962 -17 2.5
      vertex -27.4813 -17.5596 2.5
    endloop
  endfacet
  facet normal 0 0 1
    outer loop
      vertex -21.3753 -69.5992 2.5
      vertex -26.8541 -73.5267 2.5
      vertex -26.4589 -74.0148 2.5
    endloop
  endfacet
  facet normal 0 0 1
    outer loop
      vertex -28 -20 2.5
      vertex -27.4813 -17.5596 2.5
      vertex -27.7063 -18.1459 2.5
    endloop
  endfacet
  facet normal 0 0 1
    outer loop
      vertex -21.3753 -69.5992 2.5
      vertex -27.1962 -73 2.5
      vertex -26.8541 -73.5267 2.5
    endloop
  endfacet
  facet normal 0 0 1
    outer loop
      vertex -28 -20 2.5
      vertex -27.7063 -18.1459 2.5
      vertex -27.8689 -18.7525 2.5
    endloop
  endfacet
  facet normal 0 0 1
    outer loop
      vertex -21.4722 -69.45 2.5
      vertex -27.4813 -72.4404 2.5
      vertex -27.1962 -73 2.5
    endloop
  endfacet
  facet normal 0 0 1
    outer loop
      vertex -28 -20 2.5
      vertex -27.8689 -18.7525 2.5
      vertex -27.9671 -19.3728 2.5
    endloop
  endfacet
  facet normal 0 0 1
    outer loop
      vertex -21.4722 -69.45 2.5
      vertex -27.7063 -71.8541 2.5
      vertex -27.4813 -72.4404 2.5
    endloop
  endfacet
  facet normal 0 0 1
    outer loop
      vertex -21.553 -69.2915 2.5
      vertex -27.8689 -71.2475 2.5
      vertex -27.7063 -71.8541 2.5
    endloop
  endfacet
  facet normal 0 0 1
    outer loop
      vertex -21.6168 -69.1253 2.5
      vertex -27.9671 -70.6272 2.5
      vertex -27.8689 -71.2475 2.5
    endloop
  endfacet
  facet normal 0.156363 0.9877 -0
    outer loop
      vertex 23.2475 -14.1311 0
      vertex 22.6272 -14.0329 2.5
      vertex 23.2475 -14.1311 2.5
    endloop
  endfacet
  facet normal 0.156363 0.9877 0
    outer loop
      vertex 22.6272 -14.0329 2.5
      vertex 23.2475 -14.1311 0
      vertex 22.6272 -14.0329 0
    endloop
  endfacet
  facet normal 0.358285 0.933612 -0
    outer loop
      vertex 24.4404 -14.5187 0
      vertex 23.8541 -14.2937 2.5
      vertex 24.4404 -14.5187 2.5
    endloop
  endfacet
  facet normal 0.358285 0.933612 0
    outer loop
      vertex 23.8541 -14.2937 2.5
      vertex 24.4404 -14.5187 0
      vertex 23.8541 -14.2937 0
    endloop
  endfacet
  facet normal -0.258911 0.965901 0
    outer loop
      vertex -23.2475 -14.1311 0
      vertex -23.8541 -14.2937 2.5
      vertex -23.2475 -14.1311 2.5
    endloop
  endfacet
  facet normal -0.258911 0.965901 0
    outer loop
      vertex -23.8541 -14.2937 2.5
      vertex -23.2475 -14.1311 0
      vertex -23.8541 -14.2937 0
    endloop
  endfacet
  facet normal -0.998627 -0.0523833 0
    outer loop
      vertex -27.9671 -70.6272 0
      vertex -28 -70 2.5
      vertex -28 -70 0
    endloop
  endfacet
  facet normal -0.998627 -0.0523833 0
    outer loop
      vertex -28 -70 2.5
      vertex -27.9671 -70.6272 0
      vertex -27.9671 -70.6272 2.5
    endloop
  endfacet
  facet normal -0.707107 -0.707107 0
    outer loop
      vertex -26.4589 -74.0148 0
      vertex -26.0148 -74.4589 2.5
      vertex -26.4589 -74.0148 2.5
    endloop
  endfacet
  facet normal -0.707107 -0.707107 -0
    outer loop
      vertex -26.0148 -74.4589 2.5
      vertex -26.4589 -74.0148 0
      vertex -26.0148 -74.4589 0
    endloop
  endfacet
  facet normal 0.777189 -0.629267 0
    outer loop
      vertex 26.4589 -74.0148 2.5
      vertex 26.8541 -73.5267 0
      vertex 26.8541 -73.5267 2.5
    endloop
  endfacet
  facet normal 0.777189 -0.629267 0
    outer loop
      vertex 26.8541 -73.5267 0
      vertex 26.4589 -74.0148 2.5
      vertex 26.4589 -74.0148 0
    endloop
  endfacet
  facet normal -0.544703 0.838629 0
    outer loop
      vertex -25 -14.8038 0
      vertex -25.5267 -15.1459 2.5
      vertex -25 -14.8038 2.5
    endloop
  endfacet
  facet normal -0.544703 0.838629 0
    outer loop
      vertex -25.5267 -15.1459 2.5
      vertex -25 -14.8038 0
      vertex -25.5267 -15.1459 0
    endloop
  endfacet
  facet normal 0.777189 0.629267 0
    outer loop
      vertex 26.8541 -16.4733 2.5
      vertex 26.4589 -15.9852 0
      vertex 26.4589 -15.9852 2.5
    endloop
  endfacet
  facet normal 0.777189 0.629267 0
    outer loop
      vertex 26.4589 -15.9852 0
      vertex 26.8541 -16.4733 2.5
      vertex 26.8541 -16.4733 0
    endloop
  endfacet
  facet normal 0.0523833 0.998627 -0
    outer loop
      vertex 22.6272 -14.0329 0
      vertex 22 -14 2.5
      vertex 22.6272 -14.0329 2.5
    endloop
  endfacet
  facet normal 0.0523833 0.998627 0
    outer loop
      vertex 22 -14 2.5
      vertex 22.6272 -14.0329 0
      vertex 22 -14 0
    endloop
  endfacet
  facet normal 0.838629 0.544703 0
    outer loop
      vertex 27.1962 -17 2.5
      vertex 26.8541 -16.4733 0
      vertex 26.8541 -16.4733 2.5
    endloop
  endfacet
  facet normal 0.838629 0.544703 0
    outer loop
      vertex 26.8541 -16.4733 0
      vertex 27.1962 -17 2.5
      vertex 27.1962 -17 0
    endloop
  endfacet
  facet normal -0.891026 0.453952 0
    outer loop
      vertex -27.4813 -17.5596 0
      vertex -27.1962 -17 2.5
      vertex -27.1962 -17 0
    endloop
  endfacet
  facet normal -0.891026 0.453952 0
    outer loop
      vertex -27.1962 -17 2.5
      vertex -27.4813 -17.5596 0
      vertex -27.4813 -17.5596 2.5
    endloop
  endfacet
  facet normal 0.9877 0.156363 0
    outer loop
      vertex 27.9671 -19.3728 2.5
      vertex 27.8689 -18.7525 0
      vertex 27.8689 -18.7525 2.5
    endloop
  endfacet
  facet normal 0.9877 0.156363 0
    outer loop
      vertex 27.8689 -18.7525 0
      vertex 27.9671 -19.3728 2.5
      vertex 27.9671 -19.3728 0
    endloop
  endfacet
  facet normal -0.891026 -0.453952 0
    outer loop
      vertex -27.1962 -73 0
      vertex -27.4813 -72.4404 2.5
      vertex -27.4813 -72.4404 0
    endloop
  endfacet
  facet normal -0.891026 -0.453952 0
    outer loop
      vertex -27.4813 -72.4404 2.5
      vertex -27.1962 -73 0
      vertex -27.1962 -73 2.5
    endloop
  endfacet
  facet normal -0.838629 -0.544703 0
    outer loop
      vertex -26.8541 -73.5267 0
      vertex -27.1962 -73 2.5
      vertex -27.1962 -73 0
    endloop
  endfacet
  facet normal -0.838629 -0.544703 0
    outer loop
      vertex -27.1962 -73 2.5
      vertex -26.8541 -73.5267 0
      vertex -26.8541 -73.5267 2.5
    endloop
  endfacet
  facet normal 0 0 -1
    outer loop
      vertex -18.3832 -68.0747 0
      vertex -13 -61.35 0
      vertex -18.3372 -68.2466 0
    endloop
  endfacet
  facet normal 0 0 -1
    outer loop
      vertex -13 -35.35 0
      vertex -18.3093 -28.2777 0
      vertex -18.3 -28.1 0
    endloop
  endfacet
  facet normal 0 0 -1
    outer loop
      vertex -18.447 -67.9085 0
      vertex -13 -61.35 0
      vertex -18.3832 -68.0747 0
    endloop
  endfacet
  facet normal 0 0 -1
    outer loop
      vertex -13 -35.35 0
      vertex -18.3372 -28.4534 0
      vertex -18.3093 -28.2777 0
    endloop
  endfacet
  facet normal 0 0 -1
    outer loop
      vertex -18.5278 -67.75 0
      vertex -13 -61.35 0
      vertex -18.447 -67.9085 0
    endloop
  endfacet
  facet normal 0 0 -1
    outer loop
      vertex -13 -35.35 0
      vertex -18.3832 -28.6253 0
      vertex -18.3372 -28.4534 0
    endloop
  endfacet
  facet normal 0 0 -1
    outer loop
      vertex -18.6247 -67.6008 0
      vertex -13 -61.35 0
      vertex -18.5278 -67.75 0
    endloop
  endfacet
  facet normal 0 0 -1
    outer loop
      vertex -13 -35.35 0
      vertex -18.447 -28.7915 0
      vertex -18.3832 -28.6253 0
    endloop
  endfacet
  facet normal 0 0 -1
    outer loop
      vertex -18.7367 -67.4625 0
      vertex -13 -61.35 0
      vertex -18.6247 -67.6008 0
    endloop
  endfacet
  facet normal 0 0 -1
    outer loop
      vertex -13 -35.35 0
      vertex -18.5278 -28.95 0
      vertex -18.447 -28.7915 0
    endloop
  endfacet
  facet normal 0 0 -1
    outer loop
      vertex -18.8625 -67.3367 0
      vertex -13 -61.35 0
      vertex -18.7367 -67.4625 0
    endloop
  endfacet
  facet normal 0 0 -1
    outer loop
      vertex -13 -35.35 0
      vertex -18.6247 -29.0992 0
      vertex -18.5278 -28.95 0
    endloop
  endfacet
  facet normal 0 0 -1
    outer loop
      vertex -19.0008 -67.2247 0
      vertex -13 -61.35 0
      vertex -18.8625 -67.3367 0
    endloop
  endfacet
  facet normal 0 0 -1
    outer loop
      vertex -13 -35.35 0
      vertex -18.7367 -29.2375 0
      vertex -18.6247 -29.0992 0
    endloop
  endfacet
  facet normal 0 0 -1
    outer loop
      vertex -19.15 -67.1278 0
      vertex -13 -61.35 0
      vertex -19.0008 -67.2247 0
    endloop
  endfacet
  facet normal 0 0 -1
    outer loop
      vertex -13 -35.35 0
      vertex -18.8625 -29.3633 0
      vertex -18.7367 -29.2375 0
    endloop
  endfacet
  facet normal 0 0 -1
    outer loop
      vertex -19.3085 -67.047 0
      vertex -13 -61.35 0
      vertex -19.15 -67.1278 0
    endloop
  endfacet
  facet normal 0 0 -1
    outer loop
      vertex -13 -35.35 0
      vertex -19.0008 -29.4753 0
      vertex -18.8625 -29.3633 0
    endloop
  endfacet
  facet normal 0 0 -1
    outer loop
      vertex -19.4747 -66.9832 0
      vertex -13 -61.35 0
      vertex -19.3085 -67.047 0
    endloop
  endfacet
  facet normal 0 0 -1
    outer loop
      vertex -13 -35.35 0
      vertex -19.15 -29.5722 0
      vertex -19.0008 -29.4753 0
    endloop
  endfacet
  facet normal 0 0 -1
    outer loop
      vertex -19.6465 -66.9371 0
      vertex -13 -61.35 0
      vertex -19.4747 -66.9832 0
    endloop
  endfacet
  facet normal 0 0 -1
    outer loop
      vertex -13 -35.35 0
      vertex -19.3085 -29.653 0
      vertex -19.15 -29.5722 0
    endloop
  endfacet
  facet normal 0 0 -1
    outer loop
      vertex -19.8223 -66.9093 0
      vertex -13 -61.35 0
      vertex -19.6465 -66.9371 0
    endloop
  endfacet
  facet normal 0 0 -1
    outer loop
      vertex -13 -35.35 0
      vertex -19.4747 -29.7168 0
      vertex -19.3085 -29.653 0
    endloop
  endfacet
  facet normal 0 0 -1
    outer loop
      vertex -20 -66.9 0
      vertex -13 -61.35 0
      vertex -19.8223 -66.9093 0
    endloop
  endfacet
  facet normal 0 0 -1
    outer loop
      vertex -13 -35.35 0
      vertex -19.6465 -29.7628 0
      vertex -19.4747 -29.7168 0
    endloop
  endfacet
  facet normal 0 0 -1
    outer loop
      vertex -20.1777 -66.9093 0
      vertex -13 -61.35 0
      vertex -20 -66.9 0
    endloop
  endfacet
  facet normal 0 0 -1
    outer loop
      vertex -13 -35.35 0
      vertex -19.8223 -29.7907 0
      vertex -19.6465 -29.7628 0
    endloop
  endfacet
  facet normal 0 0 -1
    outer loop
      vertex -20.3535 -66.9371 0
      vertex -13 -61.35 0
      vertex -20.1777 -66.9093 0
    endloop
  endfacet
  facet normal 0 0 -1
    outer loop
      vertex -13 -35.35 0
      vertex -20 -29.8 0
      vertex -19.8223 -29.7907 0
    endloop
  endfacet
  facet normal 0 0 -1
    outer loop
      vertex -20.5253 -66.9832 0
      vertex -13 -61.35 0
      vertex -20.3535 -66.9371 0
    endloop
  endfacet
  facet normal 0 0 -1
    outer loop
      vertex -13 -35.35 0
      vertex -20.1777 -29.7907 0
      vertex -20 -29.8 0
    endloop
  endfacet
  facet normal 0 0 -1
    outer loop
      vertex -20.6915 -67.047 0
      vertex -13 -61.35 0
      vertex -20.5253 -66.9832 0
    endloop
  endfacet
  facet normal 0 0 -1
    outer loop
      vertex -13 -35.35 0
      vertex -20.3535 -29.7628 0
      vertex -20.1777 -29.7907 0
    endloop
  endfacet
  facet normal -0 0 -1
    outer loop
      vertex -13 -61.35 0
      vertex -20.6915 -67.047 0
      vertex -13 -35.35 0
    endloop
  endfacet
  facet normal 0 0 -1
    outer loop
      vertex -13 -35.35 0
      vertex -20.5253 -29.7168 0
      vertex -20.3535 -29.7628 0
    endloop
  endfacet
  facet normal 0 0 -1
    outer loop
      vertex -20.6915 -29.653 0
      vertex -13 -35.35 0
      vertex -20.6915 -67.047 0
    endloop
  endfacet
  facet normal 0 0 -1
    outer loop
      vertex -13 -35.35 0
      vertex -20.6915 -29.653 0
      vertex -20.5253 -29.7168 0
    endloop
  endfacet
  facet normal 0 0 -1
    outer loop
      vertex -20.85 -67.1278 0
      vertex -20.6915 -29.653 0
      vertex -20.6915 -67.047 0
    endloop
  endfacet
  facet normal 0 0 -1
    outer loop
      vertex -20.85 -67.1278 0
      vertex -20.85 -29.5722 0
      vertex -20.6915 -29.653 0
    endloop
  endfacet
  facet normal 0 0 -1
    outer loop
      vertex -28 -70 0
      vertex -20.85 -67.1278 0
      vertex -20.9992 -67.2247 0
    endloop
  endfacet
  facet normal -0 0 -1
    outer loop
      vertex -20.85 -67.1278 0
      vertex -28 -70 0
      vertex -20.85 -29.5722 0
    endloop
  endfacet
  facet normal 0 0 -1
    outer loop
      vertex -28 -70 0
      vertex -20.9992 -67.2247 0
      vertex -21.1375 -67.3367 0
    endloop
  endfacet
  facet normal -0 0 -1
    outer loop
      vertex -20.85 -29.5722 0
      vertex -28 -70 0
      vertex -20.9992 -29.4753 0
    endloop
  endfacet
  facet normal 0 0 -1
    outer loop
      vertex -28 -70 0
      vertex -21.1375 -67.3367 0
      vertex -21.2633 -67.4625 0
    endloop
  endfacet
  facet normal -0 0 -1
    outer loop
      vertex -20.9992 -29.4753 0
      vertex -28 -70 0
      vertex -21.1375 -29.3633 0
    endloop
  endfacet
  facet normal 0 0 -1
    outer loop
      vertex -28 -70 0
      vertex -21.2633 -67.4625 0
      vertex -21.3753 -67.6008 0
    endloop
  endfacet
  facet normal -0 0 -1
    outer loop
      vertex -21.1375 -29.3633 0
      vertex -28 -70 0
      vertex -21.2633 -29.2375 0
    endloop
  endfacet
  facet normal 0 0 -1
    outer loop
      vertex -28 -70 0
      vertex -21.3753 -67.6008 0
      vertex -21.4722 -67.75 0
    endloop
  endfacet
  facet normal -0 0 -1
    outer loop
      vertex -21.2633 -29.2375 0
      vertex -28 -70 0
      vertex -21.3753 -29.0992 0
    endloop
  endfacet
  facet normal 0 0 -1
    outer loop
      vertex -28 -70 0
      vertex -21.4722 -67.75 0
      vertex -21.553 -67.9085 0
    endloop
  endfacet
  facet normal -0 0 -1
    outer loop
      vertex -21.3753 -29.0992 0
      vertex -28 -70 0
      vertex -21.4722 -28.95 0
    endloop
  endfacet
  facet normal 0 0 -1
    outer loop
      vertex -28 -70 0
      vertex -21.553 -67.9085 0
      vertex -21.6168 -68.0747 0
    endloop
  endfacet
  facet normal -0 0 -1
    outer loop
      vertex -21.4722 -28.95 0
      vertex -28 -70 0
      vertex -21.553 -28.7915 0
    endloop
  endfacet
  facet normal 0 0 -1
    outer loop
      vertex -28 -70 0
      vertex -21.6168 -68.0747 0
      vertex -21.6628 -68.2466 0
    endloop
  endfacet
  facet normal 0 0 -1
    outer loop
      vertex -28 -20 0
      vertex -21.553 -28.7915 0
      vertex -28 -70 0
    endloop
  endfacet
  facet normal 0 0 -1
    outer loop
      vertex -28 -70 0
      vertex -21.6628 -68.2466 0
      vertex -21.6907 -68.4223 0
    endloop
  endfacet
  facet normal 0 0 -1
    outer loop
      vertex -21.553 -28.7915 0
      vertex -28 -20 0
      vertex -21.6168 -28.6253 0
    endloop
  endfacet
  facet normal 0 0 -1
    outer loop
      vertex -28 -70 0
      vertex -21.6907 -68.4223 0
      vertex -21.7 -68.6 0
    endloop
  endfacet
  facet normal 0 0 -1
    outer loop
      vertex -21.6168 -28.6253 0
      vertex -28 -20 0
      vertex -21.6628 -28.4534 0
    endloop
  endfacet
  facet normal 0 0 -1
    outer loop
      vertex 21.6628 -68.2466 0
      vertex 28 -70 0
      vertex 21.6907 -68.4223 0
    endloop
  endfacet
  facet normal 0 0 -1
    outer loop
      vertex 28 -70 0
      vertex 21.6907 -28.2777 0
      vertex 21.7 -28.1 0
    endloop
  endfacet
  facet normal 0 0 -1
    outer loop
      vertex 21.6168 -68.0747 0
      vertex 28 -70 0
      vertex 21.6628 -68.2466 0
    endloop
  endfacet
  facet normal 0 0 -1
    outer loop
      vertex 28 -70 0
      vertex 21.6628 -28.4534 0
      vertex 21.6907 -28.2777 0
    endloop
  endfacet
  facet normal 0 0 -1
    outer loop
      vertex 21.553 -67.9085 0
      vertex 28 -70 0
      vertex 21.6168 -68.0747 0
    endloop
  endfacet
  facet normal 0 0 -1
    outer loop
      vertex 28 -70 0
      vertex 21.6168 -28.6253 0
      vertex 21.6628 -28.4534 0
    endloop
  endfacet
  facet normal 0 0 -1
    outer loop
      vertex 21.4722 -67.75 0
      vertex 28 -70 0
      vertex 21.553 -67.9085 0
    endloop
  endfacet
  facet normal 0 0 -1
    outer loop
      vertex 28 -70 0
      vertex 21.553 -28.7915 0
      vertex 21.6168 -28.6253 0
    endloop
  endfacet
  facet normal 0 0 -1
    outer loop
      vertex 21.3753 -67.6008 0
      vertex 28 -70 0
      vertex 21.4722 -67.75 0
    endloop
  endfacet
  facet normal 0 0 -1
    outer loop
      vertex 28 -70 0
      vertex 21.4722 -28.95 0
      vertex 21.553 -28.7915 0
    endloop
  endfacet
  facet normal 0 0 -1
    outer loop
      vertex 21.2633 -67.4625 0
      vertex 28 -70 0
      vertex 21.3753 -67.6008 0
    endloop
  endfacet
  facet normal 0 0 -1
    outer loop
      vertex 28 -70 0
      vertex 21.3753 -29.0992 0
      vertex 21.4722 -28.95 0
    endloop
  endfacet
  facet normal 0 0 -1
    outer loop
      vertex 21.1375 -67.3367 0
      vertex 28 -70 0
      vertex 21.2633 -67.4625 0
    endloop
  endfacet
  facet normal 0 0 -1
    outer loop
      vertex 28 -70 0
      vertex 21.2633 -29.2375 0
      vertex 21.3753 -29.0992 0
    endloop
  endfacet
  facet normal 0 0 -1
    outer loop
      vertex 20.9992 -67.2247 0
      vertex 28 -70 0
      vertex 21.1375 -67.3367 0
    endloop
  endfacet
  facet normal 0 0 -1
    outer loop
      vertex 28 -70 0
      vertex 21.1375 -29.3633 0
      vertex 21.2633 -29.2375 0
    endloop
  endfacet
  facet normal 0 0 -1
    outer loop
      vertex 20.85 -67.1278 0
      vertex 28 -70 0
      vertex 20.9992 -67.2247 0
    endloop
  endfacet
  facet normal 0 0 -1
    outer loop
      vertex 28 -70 0
      vertex 20.9992 -29.4753 0
      vertex 21.1375 -29.3633 0
    endloop
  endfacet
  facet normal 0 0 -1
    outer loop
      vertex 20.85 -29.5722 0
      vertex 28 -70 0
      vertex 20.85 -67.1278 0
    endloop
  endfacet
  facet normal 0 0 -1
    outer loop
      vertex 28 -70 0
      vertex 20.85 -29.5722 0
      vertex 20.9992 -29.4753 0
    endloop
  endfacet
  facet normal 0 0 -1
    outer loop
      vertex 20.6915 -67.047 0
      vertex 20.85 -29.5722 0
      vertex 20.85 -67.1278 0
    endloop
  endfacet
  facet normal 0 0 -1
    outer loop
      vertex 20.6915 -67.047 0
      vertex 20.6915 -29.653 0
      vertex 20.85 -29.5722 0
    endloop
  endfacet
  facet normal 0 0 -1
    outer loop
      vertex 13 -61.35 0
      vertex 20.6915 -67.047 0
      vertex 20.5253 -66.9832 0
    endloop
  endfacet
  facet normal 0 0 -1
    outer loop
      vertex 20.6915 -67.047 0
      vertex 13 -61.35 0
      vertex 20.6915 -29.653 0
    endloop
  endfacet
  facet normal 0 0 -1
    outer loop
      vertex 13 -61.35 0
      vertex 20.5253 -66.9832 0
      vertex 20.3535 -66.9371 0
    endloop
  endfacet
  facet normal 0 0 -1
    outer loop
      vertex 13 -35.35 0
      vertex 20.6915 -29.653 0
      vertex 13 -61.35 0
    endloop
  endfacet
  facet normal 0 0 -1
    outer loop
      vertex 13 -61.35 0
      vertex 20.3535 -66.9371 0
      vertex 20.1777 -66.9093 0
    endloop
  endfacet
  facet normal 0 0 -1
    outer loop
      vertex 20.6915 -29.653 0
      vertex 13 -35.35 0
      vertex 20.5253 -29.7168 0
    endloop
  endfacet
  facet normal 0 0 -1
    outer loop
      vertex 13 -61.35 0
      vertex 20.1777 -66.9093 0
      vertex 20 -66.9 0
    endloop
  endfacet
  facet normal 0 0 -1
    outer loop
      vertex 20.5253 -29.7168 0
      vertex 13 -35.35 0
      vertex 20.3535 -29.7628 0
    endloop
  endfacet
  facet normal 0 0 -1
    outer loop
      vertex 13 -61.35 0
      vertex 20 -66.9 0
      vertex 19.8223 -66.9093 0
    endloop
  endfacet
  facet normal 0 0 -1
    outer loop
      vertex 20.3535 -29.7628 0
      vertex 13 -35.35 0
      vertex 20.1777 -29.7907 0
    endloop
  endfacet
  facet normal 0 0 -1
    outer loop
      vertex 13 -61.35 0
      vertex 19.8223 -66.9093 0
      vertex 19.6465 -66.9371 0
    endloop
  endfacet
  facet normal 0 0 -1
    outer loop
      vertex 20.1777 -29.7907 0
      vertex 13 -35.35 0
      vertex 20 -29.8 0
    endloop
  endfacet
  facet normal 0 0 -1
    outer loop
      vertex 13 -61.35 0
      vertex 19.6465 -66.9371 0
      vertex 19.4747 -66.9832 0
    endloop
  endfacet
  facet normal -0 0 -1
    outer loop
      vertex 20 -29.8 0
      vertex 13 -35.35 0
      vertex 19.8223 -29.7907 0
    endloop
  endfacet
  facet normal 0 0 -1
    outer loop
      vertex 13 -61.35 0
      vertex 19.4747 -66.9832 0
      vertex 19.3085 -67.047 0
    endloop
  endfacet
  facet normal -0 0 -1
    outer loop
      vertex 19.8223 -29.7907 0
      vertex 13 -35.35 0
      vertex 19.6465 -29.7628 0
    endloop
  endfacet
  facet normal 0 0 -1
    outer loop
      vertex 13 -61.35 0
      vertex 19.3085 -67.047 0
      vertex 19.15 -67.1278 0
    endloop
  endfacet
  facet normal -0 0 -1
    outer loop
      vertex 19.6465 -29.7628 0
      vertex 13 -35.35 0
      vertex 19.4747 -29.7168 0
    endloop
  endfacet
  facet normal 0 0 -1
    outer loop
      vertex 13 -61.35 0
      vertex 19.15 -67.1278 0
      vertex 19.0008 -67.2247 0
    endloop
  endfacet
  facet normal -0 0 -1
    outer loop
      vertex 19.4747 -29.7168 0
      vertex 13 -35.35 0
      vertex 19.3085 -29.653 0
    endloop
  endfacet
  facet normal 0 0 -1
    outer loop
      vertex 13 -61.35 0
      vertex 19.0008 -67.2247 0
      vertex 18.8625 -67.3367 0
    endloop
  endfacet
  facet normal -0 0 -1
    outer loop
      vertex 19.3085 -29.653 0
      vertex 13 -35.35 0
      vertex 19.15 -29.5722 0
    endloop
  endfacet
  facet normal 0 0 -1
    outer loop
      vertex 13 -61.35 0
      vertex 18.8625 -67.3367 0
      vertex 18.7367 -67.4625 0
    endloop
  endfacet
  facet normal -0 0 -1
    outer loop
      vertex 19.15 -29.5722 0
      vertex 13 -35.35 0
      vertex 19.0008 -29.4753 0
    endloop
  endfacet
  facet normal 0 0 -1
    outer loop
      vertex 13 -61.35 0
      vertex 18.7367 -67.4625 0
      vertex 18.6247 -67.6008 0
    endloop
  endfacet
  facet normal -0 0 -1
    outer loop
      vertex 19.0008 -29.4753 0
      vertex 13 -35.35 0
      vertex 18.8625 -29.3633 0
    endloop
  endfacet
  facet normal 0 0 -1
    outer loop
      vertex 13 -61.35 0
      vertex 18.6247 -67.6008 0
      vertex 18.5278 -67.75 0
    endloop
  endfacet
  facet normal -0 0 -1
    outer loop
      vertex 18.8625 -29.3633 0
      vertex 13 -35.35 0
      vertex 18.7367 -29.2375 0
    endloop
  endfacet
  facet normal 0 0 -1
    outer loop
      vertex 13 -61.35 0
      vertex 18.5278 -67.75 0
      vertex 18.447 -67.9085 0
    endloop
  endfacet
  facet normal -0 0 -1
    outer loop
      vertex 18.7367 -29.2375 0
      vertex 13 -35.35 0
      vertex 18.6247 -29.0992 0
    endloop
  endfacet
  facet normal 0 0 -1
    outer loop
      vertex 13 -61.35 0
      vertex 18.447 -67.9085 0
      vertex 18.3832 -68.0747 0
    endloop
  endfacet
  facet normal -0 0 -1
    outer loop
      vertex 18.6247 -29.0992 0
      vertex 13 -35.35 0
      vertex 18.5278 -28.95 0
    endloop
  endfacet
  facet normal 0 0 -1
    outer loop
      vertex 13 -61.35 0
      vertex 18.3832 -68.0747 0
      vertex 18.3372 -68.2466 0
    endloop
  endfacet
  facet normal -0 0 -1
    outer loop
      vertex 18.5278 -28.95 0
      vertex 13 -35.35 0
      vertex 18.447 -28.7915 0
    endloop
  endfacet
  facet normal 0 0 -1
    outer loop
      vertex 13 -61.35 0
      vertex 18.3372 -68.2466 0
      vertex 18.3093 -68.4223 0
    endloop
  endfacet
  facet normal -0 0 -1
    outer loop
      vertex 18.447 -28.7915 0
      vertex 13 -35.35 0
      vertex 18.3832 -28.6253 0
    endloop
  endfacet
  facet normal 0 0 -1
    outer loop
      vertex 11 -61.35 0
      vertex 18.3093 -68.4223 0
      vertex 18.3 -68.6 0
    endloop
  endfacet
  facet normal -0 0 -1
    outer loop
      vertex 18.3832 -28.6253 0
      vertex 13 -35.35 0
      vertex 18.3372 -28.4534 0
    endloop
  endfacet
  facet normal 0 0 -1
    outer loop
      vertex 21.6168 -69.1253 0
      vertex 28 -70 0
      vertex 27.9671 -70.6272 0
    endloop
  endfacet
  facet normal 0 0 -1
    outer loop
      vertex 28 -70 0
      vertex 21.7 -28.1 0
      vertex 28 -20 0
    endloop
  endfacet
  facet normal 0 0 -1
    outer loop
      vertex 21.6168 -69.1253 0
      vertex 27.9671 -70.6272 0
      vertex 27.8689 -71.2475 0
    endloop
  endfacet
  facet normal 0 0 -1
    outer loop
      vertex 21.6907 -27.9223 0
      vertex 28 -20 0
      vertex 21.7 -28.1 0
    endloop
  endfacet
  facet normal 0 0 -1
    outer loop
      vertex 21.553 -69.2915 0
      vertex 27.8689 -71.2475 0
      vertex 27.7063 -71.8541 0
    endloop
  endfacet
  facet normal 0 0 -1
    outer loop
      vertex 21.6628 -27.7465 0
      vertex 28 -20 0
      vertex 21.6907 -27.9223 0
    endloop
  endfacet
  facet normal 0 0 -1
    outer loop
      vertex 21.4722 -69.45 0
      vertex 27.7063 -71.8541 0
      vertex 27.4813 -72.4404 0
    endloop
  endfacet
  facet normal 0 0 -1
    outer loop
      vertex 21.6168 -27.5747 0
      vertex 28 -20 0
      vertex 21.6628 -27.7465 0
    endloop
  endfacet
  facet normal 0 0 -1
    outer loop
      vertex 21.4722 -69.45 0
      vertex 27.4813 -72.4404 0
      vertex 27.1962 -73 0
    endloop
  endfacet
  facet normal 0 0 -1
    outer loop
      vertex 21.553 -27.4085 0
      vertex 28 -20 0
      vertex 21.6168 -27.5747 0
    endloop
  endfacet
  facet normal 0 0 -1
    outer loop
      vertex 21.3753 -69.5992 0
      vertex 27.1962 -73 0
      vertex 26.8541 -73.5267 0
    endloop
  endfacet
  facet normal 0 0 -1
    outer loop
      vertex 21.4722 -27.25 0
      vertex 28 -20 0
      vertex 21.553 -27.4085 0
    endloop
  endfacet
  facet normal 0 0 -1
    outer loop
      vertex 21.3753 -69.5992 0
      vertex 26.8541 -73.5267 0
      vertex 26.4589 -74.0148 0
    endloop
  endfacet
  facet normal 0 0 -1
    outer loop
      vertex 21.3753 -27.1008 0
      vertex 28 -20 0
      vertex 21.4722 -27.25 0
    endloop
  endfacet
  facet normal 0 0 -1
    outer loop
      vertex 21.2633 -69.7375 0
      vertex 26.4589 -74.0148 0
      vertex 26.0148 -74.4589 0
    endloop
  endfacet
  facet normal 0 0 -1
    outer loop
      vertex 21.2633 -26.9625 0
      vertex 28 -20 0
      vertex 21.3753 -27.1008 0
    endloop
  endfacet
  facet normal 0 0 -1
    outer loop
      vertex 21.2633 -69.7375 0
      vertex 26.0148 -74.4589 0
      vertex 25.5267 -74.8541 0
    endloop
  endfacet
  facet normal 0 0 -1
    outer loop
      vertex 21.1375 -26.8367 0
      vertex 28 -20 0
      vertex 21.2633 -26.9625 0
    endloop
  endfacet
  facet normal 0 0 -1
    outer loop
      vertex 21.1375 -69.8633 0
      vertex 25.5267 -74.8541 0
      vertex 25 -75.1962 0
    endloop
  endfacet
  facet normal 0 0 -1
    outer loop
      vertex 20.9992 -26.7247 0
      vertex 28 -20 0
      vertex 21.1375 -26.8367 0
    endloop
  endfacet
  facet normal 0 0 -1
    outer loop
      vertex 21.1375 -69.8633 0
      vertex 25 -75.1962 0
      vertex 24.4404 -75.4813 0
    endloop
  endfacet
  facet normal 0 0 -1
    outer loop
      vertex 20.85 -26.6278 0
      vertex 28 -20 0
      vertex 20.9992 -26.7247 0
    endloop
  endfacet
  facet normal 0 0 -1
    outer loop
      vertex 20.9992 -69.9753 0
      vertex 24.4404 -75.4813 0
      vertex 23.8541 -75.7063 0
    endloop
  endfacet
  facet normal 0 0 -1
    outer loop
      vertex 20.6915 -26.547 0
      vertex 28 -20 0
      vertex 20.85 -26.6278 0
    endloop
  endfacet
  facet normal 0 0 -1
    outer loop
      vertex 20.9992 -69.9753 0
      vertex 23.8541 -75.7063 0
      vertex 23.2475 -75.8689 0
    endloop
  endfacet
  facet normal 0 0 -1
    outer loop
      vertex 20.5253 -26.4832 0
      vertex 28 -20 0
      vertex 20.6915 -26.547 0
    endloop
  endfacet
  facet normal 0 0 -1
    outer loop
      vertex 20.85 -70.0722 0
      vertex 23.2475 -75.8689 0
      vertex 22.6272 -75.9671 0
    endloop
  endfacet
  facet normal 0 0 -1
    outer loop
      vertex 20.3535 -26.4371 0
      vertex 28 -20 0
      vertex 20.5253 -26.4832 0
    endloop
  endfacet
  facet normal 0 0 -1
    outer loop
      vertex 20.6915 -70.153 0
      vertex 22.6272 -75.9671 0
      vertex 22 -76 0
    endloop
  endfacet
  facet normal 0 0 -1
    outer loop
      vertex 21.6907 -68.4223 0
      vertex 28 -70 0
      vertex 21.7 -68.6 0
    endloop
  endfacet
  facet normal -0 0 -1
    outer loop
      vertex 28 -20 0
      vertex 20.3535 -26.4371 0
      vertex 27.9671 -19.3728 0
    endloop
  endfacet
  facet normal 0 0 -1
    outer loop
      vertex 28 -70 0
      vertex 21.6907 -68.7777 0
      vertex 21.7 -68.6 0
    endloop
  endfacet
  facet normal 0 0 -1
    outer loop
      vertex 28 -70 0
      vertex 21.6628 -68.9535 0
      vertex 21.6907 -68.7777 0
    endloop
  endfacet
  facet normal 0 0 -1
    outer loop
      vertex 28 -70 0
      vertex 21.6168 -69.1253 0
      vertex 21.6628 -68.9535 0
    endloop
  endfacet
  facet normal 0 0 -1
    outer loop
      vertex 27.8689 -71.2475 0
      vertex 21.553 -69.2915 0
      vertex 21.6168 -69.1253 0
    endloop
  endfacet
  facet normal 0 0 -1
    outer loop
      vertex 27.7063 -71.8541 0
      vertex 21.4722 -69.45 0
      vertex 21.553 -69.2915 0
    endloop
  endfacet
  facet normal 0 0 -1
    outer loop
      vertex 27.1962 -73 0
      vertex 21.3753 -69.5992 0
      vertex 21.4722 -69.45 0
    endloop
  endfacet
  facet normal 0 0 -1
    outer loop
      vertex 26.4589 -74.0148 0
      vertex 21.2633 -69.7375 0
      vertex 21.3753 -69.5992 0
    endloop
  endfacet
  facet normal 0 0 -1
    outer loop
      vertex 25.5267 -74.8541 0
      vertex 21.1375 -69.8633 0
      vertex 21.2633 -69.7375 0
    endloop
  endfacet
  facet normal 0 0 -1
    outer loop
      vertex 24.4404 -75.4813 0
      vertex 20.9992 -69.9753 0
      vertex 21.1375 -69.8633 0
    endloop
  endfacet
  facet normal 0 0 -1
    outer loop
      vertex 23.2475 -75.8689 0
      vertex 20.85 -70.0722 0
      vertex 20.9992 -69.9753 0
    endloop
  endfacet
  facet normal 0 0 -1
    outer loop
      vertex 22.6272 -75.9671 0
      vertex 20.6915 -70.153 0
      vertex 20.85 -70.0722 0
    endloop
  endfacet
  facet normal 0 0 -1
    outer loop
      vertex 22 -76 0
      vertex 20.5253 -70.2168 0
      vertex 20.6915 -70.153 0
    endloop
  endfacet
  facet normal 0 0 -1
    outer loop
      vertex 22 -76 0
      vertex 20.3535 -70.2628 0
      vertex 20.5253 -70.2168 0
    endloop
  endfacet
  facet normal 0 0 -1
    outer loop
      vertex 22 -76 0
      vertex 20.1777 -70.2907 0
      vertex 20.3535 -70.2628 0
    endloop
  endfacet
  facet normal 0 0 -1
    outer loop
      vertex 22 -76 0
      vertex 20 -70.3 0
      vertex 20.1777 -70.2907 0
    endloop
  endfacet
  facet normal 0 0 -1
    outer loop
      vertex 22 -76 0
      vertex 19.8223 -70.2907 0
      vertex 20 -70.3 0
    endloop
  endfacet
  facet normal 0 0 -1
    outer loop
      vertex 22 -76 0
      vertex 19.6465 -70.2628 0
      vertex 19.8223 -70.2907 0
    endloop
  endfacet
  facet normal 0 0 -1
    outer loop
      vertex 22 -76 0
      vertex 19.4747 -70.2168 0
      vertex 19.6465 -70.2628 0
    endloop
  endfacet
  facet normal 0 0 -1
    outer loop
      vertex 22 -76 0
      vertex 19.3085 -70.153 0
      vertex 19.4747 -70.2168 0
    endloop
  endfacet
  facet normal 0 0 -1
    outer loop
      vertex 22 -76 0
      vertex 19.15 -70.0722 0
      vertex 19.3085 -70.153 0
    endloop
  endfacet
  facet normal 0 0 -1
    outer loop
      vertex 22 -76 0
      vertex 19.0008 -69.9753 0
      vertex 19.15 -70.0722 0
    endloop
  endfacet
  facet normal 0 0 -1
    outer loop
      vertex 22 -76 0
      vertex 18.8625 -69.8633 0
      vertex 19.0008 -69.9753 0
    endloop
  endfacet
  facet normal 0 0 -1
    outer loop
      vertex 22 -76 0
      vertex 18.7367 -69.7375 0
      vertex 18.8625 -69.8633 0
    endloop
  endfacet
  facet normal 0 0 -1
    outer loop
      vertex 22 -76 0
      vertex 18.6247 -69.5992 0
      vertex 18.7367 -69.7375 0
    endloop
  endfacet
  facet normal 0 0 -1
    outer loop
      vertex 3 -61.35 0
      vertex 18.6247 -69.5992 0
      vertex 22 -76 0
    endloop
  endfacet
  facet normal -0 0 -1
    outer loop
      vertex 18.3372 -28.4534 0
      vertex 13 -35.35 0
      vertex 18.3093 -28.2777 0
    endloop
  endfacet
  facet normal 0 0 -1
    outer loop
      vertex 11 -61.35 0
      vertex 18.3 -68.6 0
      vertex 18.3093 -68.7777 0
    endloop
  endfacet
  facet normal 0 0 -1
    outer loop
      vertex 9 -61.35 0
      vertex 18.3093 -68.7777 0
      vertex 18.3372 -68.9535 0
    endloop
  endfacet
  facet normal 0 0 -1
    outer loop
      vertex 9 -61.35 0
      vertex 18.3372 -68.9535 0
      vertex 18.3832 -69.1253 0
    endloop
  endfacet
  facet normal 0 0 -1
    outer loop
      vertex 7 -61.35 0
      vertex 18.3832 -69.1253 0
      vertex 18.447 -69.2915 0
    endloop
  endfacet
  facet normal 0 0 -1
    outer loop
      vertex 5 -61.35 0
      vertex 18.447 -69.2915 0
      vertex 18.5278 -69.45 0
    endloop
  endfacet
  facet normal 0 0 -1
    outer loop
      vertex 18.6247 -69.5992 0
      vertex 3 -61.35 0
      vertex 18.5278 -69.45 0
    endloop
  endfacet
  facet normal 0 0 -1
    outer loop
      vertex 18.3093 -68.4223 0
      vertex 11 -61.35 0
      vertex 13 -61.35 0
    endloop
  endfacet
  facet normal 0 0 -1
    outer loop
      vertex 11 -61.35 0
      vertex 9 -61.35 0
      vertex 11 -35.35 0
    endloop
  endfacet
  facet normal 0 0 -1
    outer loop
      vertex 18.3093 -68.7777 0
      vertex 9 -61.35 0
      vertex 11 -61.35 0
    endloop
  endfacet
  facet normal 0 0 -1
    outer loop
      vertex 18.3832 -69.1253 0
      vertex 7 -61.35 0
      vertex 9 -61.35 0
    endloop
  endfacet
  facet normal 0 0 -1
    outer loop
      vertex 7 -61.35 0
      vertex 5 -61.35 0
      vertex 7 -35.35 0
    endloop
  endfacet
  facet normal 0 0 -1
    outer loop
      vertex 18.447 -69.2915 0
      vertex 5 -61.35 0
      vertex 7 -61.35 0
    endloop
  endfacet
  facet normal 0 0 -1
    outer loop
      vertex 18.5278 -69.45 0
      vertex 3 -61.35 0
      vertex 5 -61.35 0
    endloop
  endfacet
  facet normal 0 0 -1
    outer loop
      vertex 3 -61.35 0
      vertex 1 -61.35 0
      vertex 3 -35.35 0
    endloop
  endfacet
  facet normal 0 0 -1
    outer loop
      vertex 22 -76 0
      vertex 1 -61.35 0
      vertex 3 -61.35 0
    endloop
  endfacet
  facet normal 0 0 -1
    outer loop
      vertex 22 -76 0
      vertex -1 -61.35 0
      vertex 1 -61.35 0
    endloop
  endfacet
  facet normal 0 0 -1
    outer loop
      vertex -1 -61.35 0
      vertex -3 -61.35 0
      vertex -1 -35.35 0
    endloop
  endfacet
  facet normal 0 0 -1
    outer loop
      vertex -22 -76 0
      vertex -1 -61.35 0
      vertex 22 -76 0
    endloop
  endfacet
  facet normal -0 0 -1
    outer loop
      vertex -1 -61.35 0
      vertex -22 -76 0
      vertex -3 -61.35 0
    endloop
  endfacet
  facet normal 0 0 -1
    outer loop
      vertex -5 -61.35 0
      vertex -7 -61.35 0
      vertex -5 -35.35 0
    endloop
  endfacet
  facet normal 0 -0 -1
    outer loop
      vertex -18.6247 -69.5992 0
      vertex -3 -61.35 0
      vertex -22 -76 0
    endloop
  endfacet
  facet normal -0 0 -1
    outer loop
      vertex -3 -61.35 0
      vertex -18.5278 -69.45 0
      vertex -5 -61.35 0
    endloop
  endfacet
  facet normal 0 0 -1
    outer loop
      vertex -9 -61.35 0
      vertex -11 -61.35 0
      vertex -9 -35.35 0
    endloop
  endfacet
  facet normal -0 0 -1
    outer loop
      vertex -5 -61.35 0
      vertex -18.447 -69.2915 0
      vertex -7 -61.35 0
    endloop
  endfacet
  facet normal 0 -0 -1
    outer loop
      vertex -18.3832 -69.1253 0
      vertex -7 -61.35 0
      vertex -18.447 -69.2915 0
    endloop
  endfacet
  facet normal -0 0 -1
    outer loop
      vertex -11 -61.35 0
      vertex -18.3093 -68.4223 0
      vertex -13 -61.35 0
    endloop
  endfacet
  facet normal 0 -0 -1
    outer loop
      vertex -18.3093 -68.7777 0
      vertex -9 -61.35 0
      vertex -18.3372 -68.9535 0
    endloop
  endfacet
  facet normal 0 0 -1
    outer loop
      vertex -18.3093 -68.4223 0
      vertex -11 -61.35 0
      vertex -18.3 -68.6 0
    endloop
  endfacet
  facet normal 0 -0 -1
    outer loop
      vertex -18.3 -68.6 0
      vertex -11 -61.35 0
      vertex -18.3093 -68.7777 0
    endloop
  endfacet
  facet normal -0 0 -1
    outer loop
      vertex -9 -61.35 0
      vertex -18.3093 -68.7777 0
      vertex -11 -61.35 0
    endloop
  endfacet
  facet normal 0 -0 -1
    outer loop
      vertex -18.3372 -68.9535 0
      vertex -9 -61.35 0
      vertex -18.3832 -69.1253 0
    endloop
  endfacet
  facet normal -0 0 -1
    outer loop
      vertex -7 -61.35 0
      vertex -18.3832 -69.1253 0
      vertex -9 -61.35 0
    endloop
  endfacet
  facet normal 0 -0 -1
    outer loop
      vertex -18.447 -69.2915 0
      vertex -5 -61.35 0
      vertex -18.5278 -69.45 0
    endloop
  endfacet
  facet normal 0 -0 -1
    outer loop
      vertex -18.5278 -69.45 0
      vertex -3 -61.35 0
      vertex -18.6247 -69.5992 0
    endloop
  endfacet
  facet normal 0 0 -1
    outer loop
      vertex -18.6247 -69.5992 0
      vertex -22 -76 0
      vertex -18.7367 -69.7375 0
    endloop
  endfacet
  facet normal 0 0 -1
    outer loop
      vertex -18.7367 -69.7375 0
      vertex -22 -76 0
      vertex -18.8625 -69.8633 0
    endloop
  endfacet
  facet normal 0 0 -1
    outer loop
      vertex -18.8625 -69.8633 0
      vertex -22 -76 0
      vertex -19.0008 -69.9753 0
    endloop
  endfacet
  facet normal 0 0 -1
    outer loop
      vertex -19.0008 -69.9753 0
      vertex -22 -76 0
      vertex -19.15 -70.0722 0
    endloop
  endfacet
  facet normal 0 0 -1
    outer loop
      vertex -19.15 -70.0722 0
      vertex -22 -76 0
      vertex -19.3085 -70.153 0
    endloop
  endfacet
  facet normal 0 0 -1
    outer loop
      vertex -19.3085 -70.153 0
      vertex -22 -76 0
      vertex -19.4747 -70.2168 0
    endloop
  endfacet
  facet normal 0 0 -1
    outer loop
      vertex -19.4747 -70.2168 0
      vertex -22 -76 0
      vertex -19.6465 -70.2628 0
    endloop
  endfacet
  facet normal 0 0 -1
    outer loop
      vertex -19.6465 -70.2628 0
      vertex -22 -76 0
      vertex -19.8223 -70.2907 0
    endloop
  endfacet
  facet normal 0 0 -1
    outer loop
      vertex -19.8223 -70.2907 0
      vertex -22 -76 0
      vertex -20 -70.3 0
    endloop
  endfacet
  facet normal 0 0 -1
    outer loop
      vertex -26.4589 -74.0148 0
      vertex -21.2633 -69.7375 0
      vertex -26.0148 -74.4589 0
    endloop
  endfacet
  facet normal 0 0 -1
    outer loop
      vertex -26.0148 -74.4589 0
      vertex -21.2633 -69.7375 0
      vertex -25.5267 -74.8541 0
    endloop
  endfacet
  facet normal -0 0 -1
    outer loop
      vertex -21.1375 -69.8633 0
      vertex -25.5267 -74.8541 0
      vertex -21.2633 -69.7375 0
    endloop
  endfacet
  facet normal 0 0 -1
    outer loop
      vertex -25.5267 -74.8541 0
      vertex -21.1375 -69.8633 0
      vertex -25 -75.1962 0
    endloop
  endfacet
  facet normal 0 0 -1
    outer loop
      vertex -25 -75.1962 0
      vertex -21.1375 -69.8633 0
      vertex -24.4404 -75.4813 0
    endloop
  endfacet
  facet normal -0 0 -1
    outer loop
      vertex -20.9992 -69.9753 0
      vertex -24.4404 -75.4813 0
      vertex -21.1375 -69.8633 0
    endloop
  endfacet
  facet normal 0 0 -1
    outer loop
      vertex -24.4404 -75.4813 0
      vertex -20.9992 -69.9753 0
      vertex -23.8541 -75.7063 0
    endloop
  endfacet
  facet normal 0 0 -1
    outer loop
      vertex -23.8541 -75.7063 0
      vertex -20.9992 -69.9753 0
      vertex -23.2475 -75.8689 0
    endloop
  endfacet
  facet normal -0 0 -1
    outer loop
      vertex -20.85 -70.0722 0
      vertex -23.2475 -75.8689 0
      vertex -20.9992 -69.9753 0
    endloop
  endfacet
  facet normal 0 0 -1
    outer loop
      vertex -23.2475 -75.8689 0
      vertex -20.85 -70.0722 0
      vertex -22.6272 -75.9671 0
    endloop
  endfacet
  facet normal -0 0 -1
    outer loop
      vertex -20.6915 -70.153 0
      vertex -22.6272 -75.9671 0
      vertex -20.85 -70.0722 0
    endloop
  endfacet
  facet normal 0 0 -1
    outer loop
      vertex -22.6272 -75.9671 0
      vertex -20.6915 -70.153 0
      vertex -22 -76 0
    endloop
  endfacet
  facet normal -0 0 -1
    outer loop
      vertex -20.5253 -70.2168 0
      vertex -22 -76 0
      vertex -20.6915 -70.153 0
    endloop
  endfacet
  facet normal -0 0 -1
    outer loop
      vertex -20.3535 -70.2628 0
      vertex -22 -76 0
      vertex -20.5253 -70.2168 0
    endloop
  endfacet
  facet normal -0 0 -1
    outer loop
      vertex -20.1777 -70.2907 0
      vertex -22 -76 0
      vertex -20.3535 -70.2628 0
    endloop
  endfacet
  facet normal -0 0 -1
    outer loop
      vertex -20 -70.3 0
      vertex -22 -76 0
      vertex -20.1777 -70.2907 0
    endloop
  endfacet
  facet normal -0 0 -1
    outer loop
      vertex 27.9671 -19.3728 0
      vertex 20.3535 -26.4371 0
      vertex 27.8689 -18.7525 0
    endloop
  endfacet
  facet normal -0 0 -1
    outer loop
      vertex 27.8689 -18.7525 0
      vertex 20.3535 -26.4371 0
      vertex 27.7063 -18.1459 0
    endloop
  endfacet
  facet normal -0 0 -1
    outer loop
      vertex 27.7063 -18.1459 0
      vertex 20.3535 -26.4371 0
      vertex 27.4813 -17.5596 0
    endloop
  endfacet
  facet normal -0 0 -1
    outer loop
      vertex 27.4813 -17.5596 0
      vertex 20.3535 -26.4371 0
      vertex 27.1962 -17 0
    endloop
  endfacet
  facet normal -0 0 -1
    outer loop
      vertex 27.1962 -17 0
      vertex 20.3535 -26.4371 0
      vertex 26.8541 -16.4733 0
    endloop
  endfacet
  facet normal -0 0 -1
    outer loop
      vertex 26.8541 -16.4733 0
      vertex 20.3535 -26.4371 0
      vertex 26.4589 -15.9852 0
    endloop
  endfacet
  facet normal -0 0 -1
    outer loop
      vertex 26.4589 -15.9852 0
      vertex 20.3535 -26.4371 0
      vertex 26.0148 -15.5411 0
    endloop
  endfacet
  facet normal -0 0 -1
    outer loop
      vertex 26.0148 -15.5411 0
      vertex 20.3535 -26.4371 0
      vertex 25.5267 -15.1459 0
    endloop
  endfacet
  facet normal -0 0 -1
    outer loop
      vertex 25.5267 -15.1459 0
      vertex 20.3535 -26.4371 0
      vertex 25 -14.8038 0
    endloop
  endfacet
  facet normal -0 0 -1
    outer loop
      vertex 25 -14.8038 0
      vertex 20.3535 -26.4371 0
      vertex 24.4404 -14.5187 0
    endloop
  endfacet
  facet normal -0 0 -1
    outer loop
      vertex 24.4404 -14.5187 0
      vertex 20.3535 -26.4371 0
      vertex 23.8541 -14.2937 0
    endloop
  endfacet
  facet normal -0 0 -1
    outer loop
      vertex 23.8541 -14.2937 0
      vertex 20.3535 -26.4371 0
      vertex 23.2475 -14.1311 0
    endloop
  endfacet
  facet normal -0 0 -1
    outer loop
      vertex 23.2475 -14.1311 0
      vertex 20.3535 -26.4371 0
      vertex 22.6272 -14.0329 0
    endloop
  endfacet
  facet normal -0 0 -1
    outer loop
      vertex 22.6272 -14.0329 0
      vertex 20.3535 -26.4371 0
      vertex 22 -14 0
    endloop
  endfacet
  facet normal 0 0 -1
    outer loop
      vertex 20.1777 -26.4093 0
      vertex 22 -14 0
      vertex 20.3535 -26.4371 0
    endloop
  endfacet
  facet normal 0 0 -1
    outer loop
      vertex 20 -26.4 0
      vertex 22 -14 0
      vertex 20.1777 -26.4093 0
    endloop
  endfacet
  facet normal 0 0 -1
    outer loop
      vertex 19.8223 -26.4093 0
      vertex 22 -14 0
      vertex 20 -26.4 0
    endloop
  endfacet
  facet normal 0 0 -1
    outer loop
      vertex 19.6465 -26.4371 0
      vertex 22 -14 0
      vertex 19.8223 -26.4093 0
    endloop
  endfacet
  facet normal 0 0 -1
    outer loop
      vertex 19.4747 -26.4832 0
      vertex 22 -14 0
      vertex 19.6465 -26.4371 0
    endloop
  endfacet
  facet normal 0 0 -1
    outer loop
      vertex 19.3085 -26.547 0
      vertex 22 -14 0
      vertex 19.4747 -26.4832 0
    endloop
  endfacet
  facet normal 0 0 -1
    outer loop
      vertex 19.15 -26.6278 0
      vertex 22 -14 0
      vertex 19.3085 -26.547 0
    endloop
  endfacet
  facet normal 0 0 -1
    outer loop
      vertex 19.0008 -26.7247 0
      vertex 22 -14 0
      vertex 19.15 -26.6278 0
    endloop
  endfacet
  facet normal 0 0 -1
    outer loop
      vertex 18.8625 -26.8367 0
      vertex 22 -14 0
      vertex 19.0008 -26.7247 0
    endloop
  endfacet
  facet normal 0 0 -1
    outer loop
      vertex 18.7367 -26.9625 0
      vertex 22 -14 0
      vertex 18.8625 -26.8367 0
    endloop
  endfacet
  facet normal 0 0 -1
    outer loop
      vertex 18.6247 -27.1008 0
      vertex 22 -14 0
      vertex 18.7367 -26.9625 0
    endloop
  endfacet
  facet normal 0 0 -1
    outer loop
      vertex 3 -35.35 0
      vertex 18.6247 -27.1008 0
      vertex 18.5278 -27.25 0
    endloop
  endfacet
  facet normal 0 0 -1
    outer loop
      vertex 5 -35.35 0
      vertex 18.5278 -27.25 0
      vertex 18.447 -27.4085 0
    endloop
  endfacet
  facet normal 0 0 -1
    outer loop
      vertex 7 -35.35 0
      vertex 18.447 -27.4085 0
      vertex 18.3832 -27.5747 0
    endloop
  endfacet
  facet normal 0 0 -1
    outer loop
      vertex 9 -35.35 0
      vertex 18.3832 -27.5747 0
      vertex 18.3372 -27.7465 0
    endloop
  endfacet
  facet normal 0 0 -1
    outer loop
      vertex 11 -35.35 0
      vertex 18.3093 -28.2777 0
      vertex 13 -35.35 0
    endloop
  endfacet
  facet normal -0 0 -1
    outer loop
      vertex 18.3093 -28.2777 0
      vertex 11 -35.35 0
      vertex 18.3 -28.1 0
    endloop
  endfacet
  facet normal -0 0 -1
    outer loop
      vertex 18.3 -28.1 0
      vertex 11 -35.35 0
      vertex 18.3093 -27.9223 0
    endloop
  endfacet
  facet normal 0 0 -1
    outer loop
      vertex 9 -35.35 0
      vertex 18.3093 -27.9223 0
      vertex 11 -35.35 0
    endloop
  endfacet
  facet normal -0 0 -1
    outer loop
      vertex 18.3093 -27.9223 0
      vertex 9 -35.35 0
      vertex 18.3372 -27.7465 0
    endloop
  endfacet
  facet normal 0 0 -1
    outer loop
      vertex 9 -35.35 0
      vertex 11 -35.35 0
      vertex 9 -61.35 0
    endloop
  endfacet
  facet normal 0 0 -1
    outer loop
      vertex 18.3832 -27.5747 0
      vertex 9 -35.35 0
      vertex 7 -35.35 0
    endloop
  endfacet
  facet normal 0 0 -1
    outer loop
      vertex 18.447 -27.4085 0
      vertex 7 -35.35 0
      vertex 5 -35.35 0
    endloop
  endfacet
  facet normal 0 0 -1
    outer loop
      vertex 5 -35.35 0
      vertex 7 -35.35 0
      vertex 5 -61.35 0
    endloop
  endfacet
  facet normal 0 0 -1
    outer loop
      vertex 18.5278 -27.25 0
      vertex 5 -35.35 0
      vertex 3 -35.35 0
    endloop
  endfacet
  facet normal -0 0 -1
    outer loop
      vertex 18.6247 -27.1008 0
      vertex 3 -35.35 0
      vertex 22 -14 0
    endloop
  endfacet
  facet normal 0 0 -1
    outer loop
      vertex 1 -35.35 0
      vertex 3 -35.35 0
      vertex 1 -61.35 0
    endloop
  endfacet
  facet normal 0 0 -1
    outer loop
      vertex 1 -35.35 0
      vertex 22 -14 0
      vertex 3 -35.35 0
    endloop
  endfacet
  facet normal 0 0 -1
    outer loop
      vertex -1 -35.35 0
      vertex 22 -14 0
      vertex 1 -35.35 0
    endloop
  endfacet
  facet normal 0 0 -1
    outer loop
      vertex -3 -35.35 0
      vertex -1 -35.35 0
      vertex -3 -61.35 0
    endloop
  endfacet
  facet normal 0 0 -1
    outer loop
      vertex -22 -14 0
      vertex -1 -35.35 0
      vertex -3 -35.35 0
    endloop
  endfacet
  facet normal 0 0 -1
    outer loop
      vertex -18.5278 -27.25 0
      vertex -3 -35.35 0
      vertex -5 -35.35 0
    endloop
  endfacet
  facet normal 0 0 -1
    outer loop
      vertex -7 -35.35 0
      vertex -5 -35.35 0
      vertex -7 -61.35 0
    endloop
  endfacet
  facet normal 0 0 -1
    outer loop
      vertex -18.447 -27.4085 0
      vertex -5 -35.35 0
      vertex -7 -35.35 0
    endloop
  endfacet
  facet normal 0 0 -1
    outer loop
      vertex -18.3832 -27.5747 0
      vertex -7 -35.35 0
      vertex -9 -35.35 0
    endloop
  endfacet
  facet normal 0 0 -1
    outer loop
      vertex -11 -35.35 0
      vertex -9 -35.35 0
      vertex -11 -61.35 0
    endloop
  endfacet
  facet normal 0 0 -1
    outer loop
      vertex -18.3093 -27.9223 0
      vertex -9 -35.35 0
      vertex -11 -35.35 0
    endloop
  endfacet
  facet normal 0 0 -1
    outer loop
      vertex -18.3 -28.1 0
      vertex -11 -35.35 0
      vertex -13 -35.35 0
    endloop
  endfacet
  facet normal 0 0 -1
    outer loop
      vertex -18.3372 -68.2466 0
      vertex -13 -61.35 0
      vertex -18.3093 -68.4223 0
    endloop
  endfacet
  facet normal 0 0 -1
    outer loop
      vertex -11 -35.35 0
      vertex -18.3 -28.1 0
      vertex -18.3093 -27.9223 0
    endloop
  endfacet
  facet normal 0 0 -1
    outer loop
      vertex -9 -35.35 0
      vertex -18.3093 -27.9223 0
      vertex -18.3372 -27.7465 0
    endloop
  endfacet
  facet normal 0 0 -1
    outer loop
      vertex -9 -35.35 0
      vertex -18.3372 -27.7465 0
      vertex -18.3832 -27.5747 0
    endloop
  endfacet
  facet normal 0 0 -1
    outer loop
      vertex -7 -35.35 0
      vertex -18.3832 -27.5747 0
      vertex -18.447 -27.4085 0
    endloop
  endfacet
  facet normal 0 0 -1
    outer loop
      vertex -5 -35.35 0
      vertex -18.447 -27.4085 0
      vertex -18.5278 -27.25 0
    endloop
  endfacet
  facet normal 0 0 -1
    outer loop
      vertex -3 -35.35 0
      vertex -18.5278 -27.25 0
      vertex -18.6247 -27.1008 0
    endloop
  endfacet
  facet normal 0 0 -1
    outer loop
      vertex -3 -35.35 0
      vertex -18.6247 -27.1008 0
      vertex -22 -14 0
    endloop
  endfacet
  facet normal 0 0 -1
    outer loop
      vertex -22 -14 0
      vertex -18.6247 -27.1008 0
      vertex -18.7367 -26.9625 0
    endloop
  endfacet
  facet normal 0 0 -1
    outer loop
      vertex -22 -14 0
      vertex -18.7367 -26.9625 0
      vertex -18.8625 -26.8367 0
    endloop
  endfacet
  facet normal 0 0 -1
    outer loop
      vertex -22 -14 0
      vertex -18.8625 -26.8367 0
      vertex -19.0008 -26.7247 0
    endloop
  endfacet
  facet normal 0 0 -1
    outer loop
      vertex -22 -14 0
      vertex -19.0008 -26.7247 0
      vertex -19.15 -26.6278 0
    endloop
  endfacet
  facet normal 0 0 -1
    outer loop
      vertex -22 -14 0
      vertex -19.15 -26.6278 0
      vertex -19.3085 -26.547 0
    endloop
  endfacet
  facet normal 0 0 -1
    outer loop
      vertex -22 -14 0
      vertex -19.3085 -26.547 0
      vertex -19.4747 -26.4832 0
    endloop
  endfacet
  facet normal 0 0 -1
    outer loop
      vertex -22 -14 0
      vertex -19.4747 -26.4832 0
      vertex -19.6465 -26.4371 0
    endloop
  endfacet
  facet normal 0 0 -1
    outer loop
      vertex -22 -14 0
      vertex -19.6465 -26.4371 0
      vertex -19.8223 -26.4093 0
    endloop
  endfacet
  facet normal 0 0 -1
    outer loop
      vertex -22 -14 0
      vertex -19.8223 -26.4093 0
      vertex -20 -26.4 0
    endloop
  endfacet
  facet normal 0 0 -1
    outer loop
      vertex -22 -14 0
      vertex -20 -26.4 0
      vertex -20.1777 -26.4093 0
    endloop
  endfacet
  facet normal 0 0 -1
    outer loop
      vertex -22 -14 0
      vertex -20.1777 -26.4093 0
      vertex -20.3535 -26.4371 0
    endloop
  endfacet
  facet normal 0 0 -1
    outer loop
      vertex -28 -20 0
      vertex -20.3535 -26.4371 0
      vertex -20.5253 -26.4832 0
    endloop
  endfacet
  facet normal 0 0 -1
    outer loop
      vertex -1 -35.35 0
      vertex -22 -14 0
      vertex 22 -14 0
    endloop
  endfacet
  facet normal 0 0 -1
    outer loop
      vertex -28 -20 0
      vertex -20.5253 -26.4832 0
      vertex -20.6915 -26.547 0
    endloop
  endfacet
  facet normal 0 0 -1
    outer loop
      vertex -28 -20 0
      vertex -20.6915 -26.547 0
      vertex -20.85 -26.6278 0
    endloop
  endfacet
  facet normal 0 0 -1
    outer loop
      vertex -28 -20 0
      vertex -20.85 -26.6278 0
      vertex -20.9992 -26.7247 0
    endloop
  endfacet
  facet normal 0 0 -1
    outer loop
      vertex -28 -20 0
      vertex -20.9992 -26.7247 0
      vertex -21.1375 -26.8367 0
    endloop
  endfacet
  facet normal 0 0 -1
    outer loop
      vertex -28 -20 0
      vertex -21.1375 -26.8367 0
      vertex -21.2633 -26.9625 0
    endloop
  endfacet
  facet normal 0 0 -1
    outer loop
      vertex -28 -20 0
      vertex -21.2633 -26.9625 0
      vertex -21.3753 -27.1008 0
    endloop
  endfacet
  facet normal 0 0 -1
    outer loop
      vertex -28 -20 0
      vertex -21.3753 -27.1008 0
      vertex -21.4722 -27.25 0
    endloop
  endfacet
  facet normal 0 0 -1
    outer loop
      vertex -28 -20 0
      vertex -21.4722 -27.25 0
      vertex -21.553 -27.4085 0
    endloop
  endfacet
  facet normal 0 0 -1
    outer loop
      vertex -28 -20 0
      vertex -21.553 -27.4085 0
      vertex -21.6168 -27.5747 0
    endloop
  endfacet
  facet normal 0 0 -1
    outer loop
      vertex -28 -20 0
      vertex -21.6168 -27.5747 0
      vertex -21.6628 -27.7465 0
    endloop
  endfacet
  facet normal 0 0 -1
    outer loop
      vertex -28 -20 0
      vertex -21.6628 -27.7465 0
      vertex -21.6907 -27.9223 0
    endloop
  endfacet
  facet normal 0 0 -1
    outer loop
      vertex -28 -20 0
      vertex -21.6907 -27.9223 0
      vertex -21.7 -28.1 0
    endloop
  endfacet
  facet normal 0 0 -1
    outer loop
      vertex -21.6628 -28.4534 0
      vertex -28 -20 0
      vertex -21.6907 -28.2777 0
    endloop
  endfacet
  facet normal -0 0 -1
    outer loop
      vertex -21.2633 -69.7375 0
      vertex -26.4589 -74.0148 0
      vertex -21.3753 -69.5992 0
    endloop
  endfacet
  facet normal 0 0 -1
    outer loop
      vertex -21.6907 -28.2777 0
      vertex -28 -20 0
      vertex -21.7 -28.1 0
    endloop
  endfacet
  facet normal 0 0 -1
    outer loop
      vertex -26.8541 -73.5267 0
      vertex -21.3753 -69.5992 0
      vertex -26.4589 -74.0148 0
    endloop
  endfacet
  facet normal 0 0 -1
    outer loop
      vertex -20.3535 -26.4371 0
      vertex -28 -20 0
      vertex -22 -14 0
    endloop
  endfacet
  facet normal 0 0 -1
    outer loop
      vertex -27.1962 -73 0
      vertex -21.3753 -69.5992 0
      vertex -26.8541 -73.5267 0
    endloop
  endfacet
  facet normal 0 0 -1
    outer loop
      vertex -22 -14 0
      vertex -28 -20 0
      vertex -22.6272 -14.0329 0
    endloop
  endfacet
  facet normal -0 0 -1
    outer loop
      vertex -21.3753 -69.5992 0
      vertex -27.1962 -73 0
      vertex -21.4722 -69.45 0
    endloop
  endfacet
  facet normal 0 0 -1
    outer loop
      vertex -22.6272 -14.0329 0
      vertex -28 -20 0
      vertex -23.2475 -14.1311 0
    endloop
  endfacet
  facet normal 0 0 -1
    outer loop
      vertex -27.4813 -72.4404 0
      vertex -21.4722 -69.45 0
      vertex -27.1962 -73 0
    endloop
  endfacet
  facet normal 0 0 -1
    outer loop
      vertex -23.2475 -14.1311 0
      vertex -28 -20 0
      vertex -23.8541 -14.2937 0
    endloop
  endfacet
  facet normal 0 0 -1
    outer loop
      vertex -27.7063 -71.8541 0
      vertex -21.4722 -69.45 0
      vertex -27.4813 -72.4404 0
    endloop
  endfacet
  facet normal 0 0 -1
    outer loop
      vertex -23.8541 -14.2937 0
      vertex -28 -20 0
      vertex -24.4404 -14.5187 0
    endloop
  endfacet
  facet normal -0 0 -1
    outer loop
      vertex -21.4722 -69.45 0
      vertex -27.7063 -71.8541 0
      vertex -21.553 -69.2915 0
    endloop
  endfacet
  facet normal 0 0 -1
    outer loop
      vertex -24.4404 -14.5187 0
      vertex -28 -20 0
      vertex -25 -14.8038 0
    endloop
  endfacet
  facet normal 0 0 -1
    outer loop
      vertex -27.8689 -71.2475 0
      vertex -21.553 -69.2915 0
      vertex -27.7063 -71.8541 0
    endloop
  endfacet
  facet normal 0 0 -1
    outer loop
      vertex -25 -14.8038 0
      vertex -28 -20 0
      vertex -25.5267 -15.1459 0
    endloop
  endfacet
  facet normal -0 0 -1
    outer loop
      vertex -21.553 -69.2915 0
      vertex -27.8689 -71.2475 0
      vertex -21.6168 -69.1253 0
    endloop
  endfacet
  facet normal 0 0 -1
    outer loop
      vertex -25.5267 -15.1459 0
      vertex -28 -20 0
      vertex -26.0148 -15.5411 0
    endloop
  endfacet
  facet normal 0 0 -1
    outer loop
      vertex -27.9671 -70.6272 0
      vertex -21.6168 -69.1253 0
      vertex -27.8689 -71.2475 0
    endloop
  endfacet
  facet normal 0 0 -1
    outer loop
      vertex -26.0148 -15.5411 0
      vertex -28 -20 0
      vertex -26.4589 -15.9852 0
    endloop
  endfacet
  facet normal 0 0 -1
    outer loop
      vertex -28 -70 0
      vertex -21.6168 -69.1253 0
      vertex -27.9671 -70.6272 0
    endloop
  endfacet
  facet normal 0 0 -1
    outer loop
      vertex -26.4589 -15.9852 0
      vertex -28 -20 0
      vertex -26.8541 -16.4733 0
    endloop
  endfacet
  facet normal -0 0 -1
    outer loop
      vertex -21.6168 -69.1253 0
      vertex -28 -70 0
      vertex -21.6628 -68.9535 0
    endloop
  endfacet
  facet normal 0 0 -1
    outer loop
      vertex -26.8541 -16.4733 0
      vertex -28 -20 0
      vertex -27.1962 -17 0
    endloop
  endfacet
  facet normal -0 0 -1
    outer loop
      vertex -21.6628 -68.9535 0
      vertex -28 -70 0
      vertex -21.6907 -68.7777 0
    endloop
  endfacet
  facet normal 0 0 -1
    outer loop
      vertex -27.1962 -17 0
      vertex -28 -20 0
      vertex -27.4813 -17.5596 0
    endloop
  endfacet
  facet normal -0 0 -1
    outer loop
      vertex -21.6907 -68.7777 0
      vertex -28 -70 0
      vertex -21.7 -68.6 0
    endloop
  endfacet
  facet normal 0 0 -1
    outer loop
      vertex -27.4813 -17.5596 0
      vertex -28 -20 0
      vertex -27.7063 -18.1459 0
    endloop
  endfacet
  facet normal 0 0 -1
    outer loop
      vertex -27.7063 -18.1459 0
      vertex -28 -20 0
      vertex -27.8689 -18.7525 0
    endloop
  endfacet
  facet normal 0 0 -1
    outer loop
      vertex -27.8689 -18.7525 0
      vertex -28 -20 0
      vertex -27.9671 -19.3728 0
    endloop
  endfacet
  facet normal 0.544703 -0.838629 0
    outer loop
      vertex 25 -75.1962 0
      vertex 25.5267 -74.8541 2.5
      vertex 25 -75.1962 2.5
    endloop
  endfacet
  facet normal 0.544703 -0.838629 0
    outer loop
      vertex 25.5267 -74.8541 2.5
      vertex 25 -75.1962 0
      vertex 25.5267 -74.8541 0
    endloop
  endfacet
  facet normal 0.933612 -0.358285 0
    outer loop
      vertex 27.4813 -72.4404 2.5
      vertex 27.7063 -71.8541 0
      vertex 27.7063 -71.8541 2.5
    endloop
  endfacet
  facet normal 0.933612 -0.358285 0
    outer loop
      vertex 27.7063 -71.8541 0
      vertex 27.4813 -72.4404 2.5
      vertex 27.4813 -72.4404 0
    endloop
  endfacet
  facet normal 0.998627 -0.0523833 0
    outer loop
      vertex 27.9671 -70.6272 2.5
      vertex 28 -70 0
      vertex 28 -70 2.5
    endloop
  endfacet
  facet normal 0.998627 -0.0523833 0
    outer loop
      vertex 28 -70 0
      vertex 27.9671 -70.6272 2.5
      vertex 27.9671 -70.6272 0
    endloop
  endfacet
  facet normal 0.891026 -0.453952 0
    outer loop
      vertex 27.1962 -73 2.5
      vertex 27.4813 -72.4404 0
      vertex 27.4813 -72.4404 2.5
    endloop
  endfacet
  facet normal 0.891026 -0.453952 0
    outer loop
      vertex 27.4813 -72.4404 0
      vertex 27.1962 -73 2.5
      vertex 27.1962 -73 0
    endloop
  endfacet
  facet normal 0.838629 -0.544703 0
    outer loop
      vertex 26.8541 -73.5267 2.5
      vertex 27.1962 -73 0
      vertex 27.1962 -73 2.5
    endloop
  endfacet
  facet normal 0.838629 -0.544703 0
    outer loop
      vertex 27.1962 -73 0
      vertex 26.8541 -73.5267 2.5
      vertex 26.8541 -73.5267 0
    endloop
  endfacet
  facet normal 0.358285 -0.933612 0
    outer loop
      vertex 23.8541 -75.7063 0
      vertex 24.4404 -75.4813 2.5
      vertex 23.8541 -75.7063 2.5
    endloop
  endfacet
  facet normal 0.358285 -0.933612 0
    outer loop
      vertex 24.4404 -75.4813 2.5
      vertex 23.8541 -75.7063 0
      vertex 24.4404 -75.4813 0
    endloop
  endfacet
  facet normal 0.453952 -0.891026 0
    outer loop
      vertex 24.4404 -75.4813 0
      vertex 25 -75.1962 2.5
      vertex 24.4404 -75.4813 2.5
    endloop
  endfacet
  facet normal 0.453952 -0.891026 0
    outer loop
      vertex 25 -75.1962 2.5
      vertex 24.4404 -75.4813 0
      vertex 25 -75.1962 0
    endloop
  endfacet
endsolid OpenSCAD_Model
